person_age,person_income,person_emp_length,loan_amnt,loan_int_rate,loan_percent_income,cb_person_cred_hist_length,cred_hist_to_age_ratio,debt_burden_index,person_home_ownership,loan_intent,cb_person_default_on_file,loan_status
32,36400,2.8,6800,10.96,0.1868,11,0.7857,0.0205,RENT,PERSONAL,N,1
46,21100,3.6,13700,18.94,0.6493,15,0.5357,0.123,RENT,PERSONAL,N,1
39,97800,2.5,32700,15.61,0.3344,7,0.3333,0.0522,RENT,HOMEIMPROVEMENT,N,0
56,53800,,10500,8.8,0.1952,10,0.2632,0.0172,OWN,VENTURE,N,0
41,43000,1.1,9100,12.1,0.2116,2,0.087,0.0256,RENT,DEBTCONSOLIDATION,N,0
33,25300,4.6,9000,13.56,0.3557,6,0.4,0.0482,MORTGAGE,MEDICAL,N,0
49,20000,4.3,18100,18.39,0.905,5,0.1613,0.1664,MORTGAGE,DEBTCONSOLIDATION,N,1
57,100900,,17300,10.32,0.1715,5,0.1282,0.0177,RENT,MEDICAL,N,0
31,65000,2.0,3900,7.89,0.06,7,0.5385,0.0047,OTHER,PERSONAL,N,0
58,45600,0.2,23300,19.4,0.511,6,0.15,0.0991,RENT,EDUCATION,N,0
36,67100,4.5,22700,15.05,0.3383,2,0.1111,0.0509,RENT,DEBTCONSOLIDATION,Y,1
43,95200,1.4,12600,8.59,0.1324,5,0.2,0.0114,MORTGAGE,PERSONAL,N,0
31,96700,1.1,13200,13.3,0.1365,7,0.5385,0.0182,RENT,EDUCATION,N,1
39,155100,3.6,9700,9.22,0.0625,9,0.4286,0.0058,MORTGAGE,MEDICAL,N,0
54,68100,7.5,5100,5.42,0.0749,4,0.1111,0.0041,RENT,PERSONAL,N,0
67,62300,0.4,10400,12.05,0.1669,2,0.0408,0.0201,OWN,MEDICAL,N,0
34,18700,14.2,8000,14.59,0.4278,5,0.3125,0.0624,OWN,EDUCATION,N,0
43,33300,4.3,27400,,0.8228,8,0.32,0.1042,RENT,VENTURE,Y,1
40,34200,5.5,29600,17.87,0.8655,3,0.1364,0.1547,MORTGAGE,PERSONAL,N,1
46,87500,2.3,17900,9.77,0.2046,8,0.2857,0.02,MORTGAGE,MEDICAL,N,0
38,50100,5.7,11400,12.26,0.2275,13,0.65,0.0279,RENT,PERSONAL,N,0
34,56800,15.7,7200,11.15,0.1268,3,0.1875,0.0141,MORTGAGE,EDUCATION,N,0
45,17700,0.4,13900,19.53,0.7853,7,0.2593,0.1534,RENT,VENTURE,Y,1
49,75500,9.1,6900,11.55,0.0914,13,0.4194,0.0106,RENT,DEBTCONSOLIDATION,N,0
62,36700,1.5,8400,14.61,0.2289,6,0.1364,0.0334,RENT,DEBTCONSOLIDATION,N,0
50,22400,1.6,21200,22.72,0.9464,6,0.1875,0.215,OWN,DEBTCONSOLIDATION,Y,1
44,65400,17.4,17500,11.49,0.2676,3,0.1154,0.0307,RENT,MEDICAL,N,0
42,113000,0.1,6500,7.63,0.0575,10,0.4167,0.0044,RENT,MEDICAL,N,0
49,26000,3.7,19200,16.62,0.7385,6,0.1935,0.1227,OWN,EDUCATION,N,1
52,64900,,24000,17.3,0.3698,14,0.4118,0.064,RENT,VENTURE,Y,0
37,12000,,7600,19.79,0.6333,2,0.1053,0.1253,MORTGAGE,PERSONAL,N,1
39,43700,3.3,23900,20.81,0.5469,4,0.1905,0.1138,RENT,DEBTCONSOLIDATION,N,1
45,24000,,17800,18.29,0.7417,2,0.0741,0.1357,MORTGAGE,DEBTCONSOLIDATION,Y,1
40,24300,8.2,8900,,0.3663,11,0.5,0.0464,MORTGAGE,EDUCATION,Y,0
43,18600,6.9,16800,20.93,0.9032,9,0.36,0.189,MORTGAGE,VENTURE,N,1
38,25700,2.5,13000,18.77,0.5058,6,0.3,0.0949,RENT,MEDICAL,Y,0
34,30200,14.9,10800,16.55,0.3576,2,0.125,0.0592,MORTGAGE,VENTURE,Y,0
42,74500,0.1,2000,8.92,0.0268,4,0.1667,0.0024,RENT,PERSONAL,N,0
48,19200,11.3,14300,21.17,0.7448,5,0.1667,0.1577,RENT,DEBTCONSOLIDATION,Y,1
56,28700,2.7,17300,18.25,0.6028,6,0.1579,0.11,MORTGAGE,VENTURE,N,1
36,37000,1.9,16800,17.15,0.4541,8,0.4444,0.0779,MORTGAGE,MEDICAL,N,0
36,74300,0.6,8700,11.11,0.1171,11,0.6111,0.013,RENT,EDUCATION,N,0
43,35000,13.9,12800,16.31,0.3657,7,0.28,0.0596,MORTGAGE,EDUCATION,Y,1
44,41800,1.4,11000,14.3,0.2632,9,0.3462,0.0376,RENT,EDUCATION,N,1
39,68600,5.2,10800,,0.1574,8,0.381,0.0199,RENT,EDUCATION,N,0
29,68300,4.2,21000,10.75,0.3075,11,1.0,0.0331,MORTGAGE,EDUCATION,N,0
63,35400,8.8,16100,16.22,0.4548,3,0.0667,0.0738,MORTGAGE,EDUCATION,N,0
48,33500,0.4,14900,14.28,0.4448,5,0.1667,0.0635,MORTGAGE,HOMEIMPROVEMENT,N,0
55,28900,3.4,10000,15.22,0.346,6,0.1622,0.0527,RENT,VENTURE,N,0
40,36900,16.1,8800,11.72,0.2385,4,0.1818,0.028,MORTGAGE,MEDICAL,N,0
53,58500,3.4,22300,14.64,0.3812,2,0.0571,0.0558,MORTGAGE,EDUCATION,N,0
34,22400,1.4,18800,19.24,0.8393,9,0.5625,0.1615,RENT,EDUCATION,Y,1
29,64000,6.6,15200,12.82,0.2375,7,0.6364,0.0304,OWN,PERSONAL,N,0
52,82200,5.4,24800,11.53,0.3017,6,0.1765,0.0348,MORTGAGE,MEDICAL,N,1
42,153200,8.4,14900,,0.0973,4,0.1667,0.0123,RENT,VENTURE,N,0
70,108000,5.4,13400,8.23,0.1241,6,0.1154,0.0102,RENT,PERSONAL,N,0
36,44200,,11500,14.13,0.2602,7,0.3889,0.0368,RENT,PERSONAL,N,0
40,40700,1.0,20600,20.0,0.5061,3,0.1364,0.1012,MORTGAGE,DEBTCONSOLIDATION,N,0
38,75600,3.6,12900,7.6,0.1706,10,0.5,0.013,OWN,MEDICAL,N,0
36,42000,6.4,12500,12.18,0.2976,3,0.1667,0.0362,RENT,MEDICAL,Y,0
35,37800,6.4,34700,15.93,0.918,6,0.3529,0.1462,RENT,EDUCATION,N,1
43,62400,0.8,17300,11.62,0.2772,4,0.16,0.0322,OWN,PERSONAL,N,0
40,22700,1.2,4900,10.13,0.2159,5,0.2273,0.0219,MORTGAGE,PERSONAL,N,0
39,69800,,29200,15.57,0.4183,9,0.4286,0.0651,MORTGAGE,PERSONAL,N,0
45,74100,2.9,6800,8.52,0.0918,6,0.2222,0.0078,RENT,MEDICAL,Y,0
51,52500,0.9,9900,9.9,0.1886,3,0.0909,0.0187,MORTGAGE,MEDICAL,N,0
49,74700,2.6,9100,9.84,0.1218,4,0.129,0.012,MORTGAGE,MEDICAL,N,0
52,60900,1.3,18800,11.82,0.3087,5,0.1471,0.0365,MORTGAGE,MEDICAL,N,0
62,62800,,3800,7.03,0.0605,5,0.1136,0.0043,MORTGAGE,VENTURE,N,0
38,52200,2.0,28600,13.68,0.5479,6,0.3,0.075,MORTGAGE,MEDICAL,N,1
30,96100,7.3,15300,7.89,0.1592,12,1.0,0.0126,RENT,PERSONAL,N,0
45,135800,2.5,8200,9.66,0.0604,5,0.1852,0.0058,RENT,MEDICAL,N,0
52,51000,7.1,22300,16.43,0.4373,3,0.0882,0.0718,RENT,MEDICAL,N,0
60,88300,2.8,12500,9.88,0.1416,6,0.1429,0.014,OTHER,MEDICAL,N,0
33,32400,15.0,22400,19.21,0.6914,12,0.8,0.1328,MORTGAGE,PERSONAL,N,1
41,62000,0.4,22100,12.91,0.3565,4,0.1739,0.046,MORTGAGE,HOMEIMPROVEMENT,N,0
53,14100,1.2,23300,,1.6525,5,0.1429,0.2092,RENT,MEDICAL,N,1
46,35500,3.9,3100,,0.0873,2,0.0714,0.0111,MORTGAGE,EDUCATION,N,0
36,91100,2.6,20700,9.56,0.2272,8,0.4444,0.0217,RENT,EDUCATION,N,0
47,54600,0.6,27700,15.11,0.5073,5,0.1724,0.0767,RENT,EDUCATION,N,0
49,22300,,11200,17.03,0.5022,5,0.1613,0.0855,RENT,VENTURE,Y,1
37,19100,6.8,10600,17.91,0.555,6,0.3158,0.0994,MORTGAGE,HOMEIMPROVEMENT,N,1
50,56700,4.2,8000,10.45,0.1411,2,0.0625,0.0147,RENT,PERSONAL,N,0
36,60500,10.7,12500,11.26,0.2066,4,0.2222,0.0233,MORTGAGE,PERSONAL,N,0
69,57400,6.0,13000,12.95,0.2265,7,0.1373,0.0293,RENT,EDUCATION,N,0
37,47500,1.6,15800,11.02,0.3326,16,0.8421,0.0367,RENT,DEBTCONSOLIDATION,N,0
42,71100,3.9,24300,14.09,0.3418,6,0.25,0.0482,RENT,VENTURE,N,0
37,32600,7.8,4800,8.18,0.1472,5,0.2632,0.012,RENT,HOMEIMPROVEMENT,N,0
60,47800,10.0,25000,17.07,0.523,12,0.2857,0.0893,MORTGAGE,PERSONAL,Y,1
49,171800,5.0,11200,10.5,0.0652,9,0.2903,0.0068,MORTGAGE,DEBTCONSOLIDATION,Y,0
35,68100,4.7,8800,9.86,0.1292,6,0.3529,0.0127,MORTGAGE,PERSONAL,N,0
29,45000,5.9,12800,12.66,0.2844,4,0.3636,0.036,RENT,VENTURE,Y,1
42,39900,2.3,17000,15.73,0.4261,6,0.25,0.067,RENT,VENTURE,N,0
57,48500,8.5,14400,,0.2969,9,0.2308,0.0376,RENT,DEBTCONSOLIDATION,N,0
45,28800,4.4,5100,11.65,0.1771,4,0.1481,0.0206,RENT,MEDICAL,N,0
43,34400,0.0,20300,14.02,0.5901,15,0.6,0.0827,RENT,VENTURE,Y,1
48,65700,1.4,8300,7.93,0.1263,5,0.1667,0.01,MORTGAGE,EDUCATION,N,0
52,23500,0.8,3400,10.88,0.1447,5,0.1471,0.0157,RENT,EDUCATION,N,0
51,55100,,4600,12.54,0.0835,7,0.2121,0.0105,MORTGAGE,DEBTCONSOLIDATION,N,0
39,72300,0.6,21600,13.24,0.2988,11,0.5238,0.0396,MORTGAGE,MEDICAL,N,0
43,98300,19.3,7300,7.98,0.0743,4,0.16,0.0059,RENT,DEBTCONSOLIDATION,N,0
35,42700,2.6,22100,17.96,0.5176,5,0.2941,0.093,MORTGAGE,EDUCATION,N,1
41,52900,3.7,19000,11.64,0.3592,2,0.087,0.0418,RENT,HOMEIMPROVEMENT,N,0
65,52800,10.8,9100,11.29,0.1723,6,0.1277,0.0195,RENT,EDUCATION,N,0
65,25600,2.7,18000,22.05,0.7031,8,0.1702,0.155,MORTGAGE,VENTURE,Y,1
35,30500,1.1,21900,19.73,0.718,11,0.6471,0.1417,RENT,EDUCATION,N,1
54,37000,3.9,13400,12.65,0.3622,9,0.25,0.0458,RENT,MEDICAL,Y,1
53,101000,11.8,17700,11.43,0.1752,19,0.5429,0.02,RENT,DEBTCONSOLIDATION,N,0
39,53800,10.7,4500,10.28,0.0836,2,0.0952,0.0086,RENT,DEBTCONSOLIDATION,N,0
39,64600,7.5,8600,7.63,0.1331,5,0.2381,0.0102,MORTGAGE,EDUCATION,N,0
39,33500,18.9,14800,,0.4418,2,0.0952,0.0559,RENT,VENTURE,N,1
45,40500,0.8,15500,16.04,0.3827,8,0.2963,0.0614,MORTGAGE,PERSONAL,N,0
46,66000,0.7,26100,17.37,0.3955,6,0.2143,0.0687,MORTGAGE,PERSONAL,N,1
44,22900,1.3,14900,22.53,0.6507,3,0.1154,0.1466,RENT,DEBTCONSOLIDATION,Y,1
45,35800,2.1,23800,19.23,0.6648,3,0.1111,0.1278,RENT,EDUCATION,Y,1
41,34500,2.5,13200,16.2,0.3826,2,0.087,0.062,RENT,DEBTCONSOLIDATION,N,0
60,31000,0.5,13400,16.8,0.4323,9,0.2143,0.0726,MORTGAGE,PERSONAL,N,0
41,37200,9.7,9800,12.33,0.2634,3,0.1304,0.0325,RENT,PERSONAL,N,0
45,88000,,10300,11.36,0.117,6,0.2222,0.0133,RENT,HOMEIMPROVEMENT,Y,1
39,52300,3.9,14300,12.42,0.2734,15,0.7143,0.034,OWN,HOMEIMPROVEMENT,N,1
41,169600,0.2,22200,10.46,0.1309,6,0.2609,0.0137,RENT,MEDICAL,N,0
43,28700,10.9,20200,19.71,0.7038,6,0.24,0.1387,MORTGAGE,DEBTCONSOLIDATION,Y,1
38,83500,18.8,7100,12.64,0.085,8,0.4,0.0107,OWN,DEBTCONSOLIDATION,N,0
39,43300,0.4,14700,11.57,0.3395,6,0.2857,0.0393,RENT,PERSONAL,N,1
30,50500,12.0,16100,13.99,0.3188,5,0.4167,0.0446,RENT,VENTURE,N,0
39,28900,5.6,14200,16.13,0.4913,9,0.4286,0.0792,RENT,EDUCATION,N,1
70,91700,0.6,21700,9.95,0.2366,2,0.0385,0.0235,MORTGAGE,EDUCATION,N,0
52,59500,1.0,9900,14.44,0.1664,8,0.2353,0.024,RENT,DEBTCONSOLIDATION,N,0
51,33400,6.7,12900,15.13,0.3862,4,0.1212,0.0584,MORTGAGE,PERSONAL,N,0
42,33700,0.0,5600,,0.1662,8,0.3333,0.021,RENT,PERSONAL,N,0
45,89800,13.5,25400,14.0,0.2829,2,0.0741,0.0396,MORTGAGE,DEBTCONSOLIDATION,N,0
35,54400,3.1,15000,12.72,0.2757,8,0.4706,0.0351,RENT,PERSONAL,N,1
46,36300,0.3,17900,16.68,0.4931,11,0.3929,0.0822,RENT,PERSONAL,N,0
42,55100,6.6,18500,14.47,0.3358,6,0.25,0.0486,RENT,EDUCATION,N,1
35,108700,8.4,8900,6.67,0.0819,5,0.2941,0.0055,RENT,MEDICAL,N,0
45,40500,27.0,9800,11.95,0.242,7,0.2593,0.0289,MORTGAGE,PERSONAL,N,0
43,38300,16.6,16400,16.41,0.4282,3,0.12,0.0703,MORTGAGE,PERSONAL,N,0
43,76500,2.9,18600,8.45,0.2431,9,0.36,0.0205,RENT,PERSONAL,N,0
29,80800,10.0,10600,10.1,0.1312,11,1.0,0.0133,RENT,VENTURE,N,0
42,73100,0.1,16900,12.65,0.2312,6,0.25,0.0292,RENT,MEDICAL,N,1
59,92800,7.6,12000,15.05,0.1293,6,0.1463,0.0195,RENT,PERSONAL,N,0
42,44100,3.7,23600,18.95,0.5351,8,0.3333,0.1014,RENT,VENTURE,Y,1
41,82900,0.2,14000,9.26,0.1689,8,0.3478,0.0156,OWN,MEDICAL,N,0
40,95600,3.4,10600,10.79,0.1109,4,0.1818,0.012,MORTGAGE,DEBTCONSOLIDATION,N,0
43,85200,3.5,15900,15.11,0.1866,9,0.36,0.0282,RENT,MEDICAL,N,0
61,81600,7.9,3600,7.27,0.0441,4,0.093,0.0032,RENT,EDUCATION,N,0
40,35300,1.7,16300,17.63,0.4618,4,0.1818,0.0814,MORTGAGE,EDUCATION,N,1
37,51400,2.9,17200,14.06,0.3346,9,0.4737,0.047,OWN,MEDICAL,N,0
46,72300,1.0,20000,15.7,0.2766,2,0.0714,0.0434,RENT,MEDICAL,N,1
37,51100,,14700,10.83,0.2877,6,0.3158,0.0312,MORTGAGE,EDUCATION,N,0
55,35800,0.2,20300,22.31,0.567,7,0.1892,0.1265,MORTGAGE,EDUCATION,N,1
37,78700,0.9,13300,7.07,0.169,7,0.3684,0.0119,MORTGAGE,EDUCATION,N,0
55,35300,,12100,16.17,0.3428,4,0.1081,0.0554,MORTGAGE,DEBTCONSOLIDATION,N,1
34,64800,1.7,17100,16.41,0.2639,4,0.25,0.0433,RENT,DEBTCONSOLIDATION,N,1
56,79000,1.5,8100,10.92,0.1025,7,0.1842,0.0112,RENT,DEBTCONSOLIDATION,N,0
70,234900,,4900,6.79,0.0209,8,0.1538,0.0014,MORTGAGE,EDUCATION,N,0
42,38300,1.2,8900,13.92,0.2324,9,0.375,0.0324,OWN,PERSONAL,N,0
33,35200,11.5,8100,13.91,0.2301,5,0.3333,0.032,RENT,VENTURE,N,0
29,67200,,29200,14.56,0.4345,8,0.7273,0.0633,MORTGAGE,PERSONAL,N,0
43,57800,3.3,13100,9.87,0.2266,11,0.44,0.0224,RENT,MEDICAL,N,0
35,128400,2.9,12100,9.91,0.0942,9,0.5294,0.0093,OWN,PERSONAL,N,0
42,54400,,3900,6.96,0.0717,4,0.1667,0.005,MORTGAGE,PERSONAL,N,0
50,39800,1.4,10200,11.76,0.2563,5,0.1562,0.0301,MORTGAGE,MEDICAL,Y,0
34,98600,1.6,24600,6.47,0.2495,8,0.5,0.0161,RENT,PERSONAL,N,0
45,70800,9.3,14400,,0.2034,6,0.2222,0.0258,MORTGAGE,PERSONAL,N,0
41,52800,5.8,13100,11.18,0.2481,8,0.3478,0.0277,MORTGAGE,HOMEIMPROVEMENT,Y,0
38,63900,2.1,1500,8.41,0.0235,7,0.35,0.002,RENT,EDUCATION,N,0
38,81200,4.0,14600,,0.1798,10,0.5,0.0228,MORTGAGE,EDUCATION,N,0
53,15600,1.6,16500,,1.0577,5,0.1429,0.1339,RENT,VENTURE,Y,1
35,78500,3.8,14300,11.15,0.1822,8,0.4706,0.0203,MORTGAGE,EDUCATION,N,0
34,78200,1.5,28300,15.4,0.3619,7,0.4375,0.0557,RENT,EDUCATION,N,0
49,98100,6.9,8100,9.78,0.0826,11,0.3548,0.0081,MORTGAGE,VENTURE,N,0
33,72400,2.8,6900,9.14,0.0953,6,0.4,0.0087,RENT,EDUCATION,N,0
55,65700,1.2,5900,10.19,0.0898,15,0.4054,0.0092,MORTGAGE,EDUCATION,N,0
62,27600,2.7,12200,17.8,0.442,3,0.0682,0.0787,RENT,DEBTCONSOLIDATION,Y,1
39,46500,,20900,15.6,0.4495,9,0.4286,0.0701,RENT,DEBTCONSOLIDATION,N,0
37,126700,3.6,19400,11.22,0.1531,12,0.6316,0.0172,RENT,HOMEIMPROVEMENT,N,0
53,52600,13.0,8700,9.44,0.1654,8,0.2286,0.0156,MORTGAGE,EDUCATION,N,0
45,146700,4.9,7000,11.82,0.0477,10,0.3704,0.0056,MORTGAGE,MEDICAL,N,0
32,98800,1.1,28400,15.53,0.2874,10,0.7143,0.0446,RENT,DEBTCONSOLIDATION,N,0
38,54700,9.2,9000,8.2,0.1645,2,0.1,0.0135,RENT,EDUCATION,N,0
57,53200,,7800,,0.1466,3,0.0769,0.0186,MORTGAGE,PERSONAL,N,0
41,159500,7.2,6200,7.6,0.0389,3,0.1304,0.003,MORTGAGE,VENTURE,N,0
43,25400,17.0,5500,10.89,0.2165,3,0.12,0.0236,MORTGAGE,HOMEIMPROVEMENT,N,0
43,54400,0.0,19000,13.41,0.3493,6,0.24,0.0468,RENT,HOMEIMPROVEMENT,N,0
35,32500,0.2,10900,12.76,0.3354,2,0.1176,0.0428,MORTGAGE,PERSONAL,N,0
70,71400,,6900,9.7,0.0966,2,0.0385,0.0094,RENT,EDUCATION,N,0
29,16400,1.5,22400,18.65,1.3659,7,0.6364,0.2547,RENT,EDUCATION,Y,1
38,60600,,13400,,0.2211,5,0.25,0.028,MORTGAGE,PERSONAL,N,0
47,100800,2.8,28800,12.58,0.2857,7,0.2414,0.0359,RENT,MEDICAL,N,0
37,58800,14.3,9100,13.59,0.1548,3,0.1579,0.021,MORTGAGE,DEBTCONSOLIDATION,N,0
38,19500,8.2,20700,21.4,1.0615,5,0.25,0.2272,RENT,EDUCATION,N,0
46,33500,1.1,14700,16.08,0.4388,4,0.1429,0.0706,RENT,MEDICAL,Y,0
33,26300,3.8,18600,,0.7072,4,0.2667,0.0895,MORTGAGE,DEBTCONSOLIDATION,Y,1
41,117600,0.8,12600,10.18,0.1071,9,0.3913,0.0109,RENT,EDUCATION,N,0
35,142500,6.7,6200,6.8,0.0435,5,0.2941,0.003,RENT,EDUCATION,N,0
39,27000,0.6,10600,17.54,0.3926,8,0.381,0.0689,OWN,VENTURE,N,0
40,90400,3.2,12900,12.75,0.1427,8,0.3636,0.0182,MORTGAGE,DEBTCONSOLIDATION,N,0
46,52700,6.0,8800,10.57,0.167,13,0.4643,0.0177,MORTGAGE,PERSONAL,N,0
52,39100,0.8,13200,15.96,0.3376,10,0.2941,0.0539,OWN,HOMEIMPROVEMENT,N,0
37,60500,1.2,9200,11.08,0.1521,8,0.4211,0.0169,OWN,EDUCATION,N,0
38,102000,3.8,9300,10.51,0.0912,8,0.4,0.0096,RENT,DEBTCONSOLIDATION,N,0
47,38100,0.1,22400,17.7,0.5879,8,0.2759,0.1041,OTHER,PERSONAL,N,0
43,51700,5.5,18200,11.36,0.352,2,0.08,0.04,MORTGAGE,EDUCATION,N,0
46,45700,16.1,8600,10.4,0.1882,4,0.1429,0.0196,MORTGAGE,PERSONAL,N,0
61,62500,0.2,6700,8.99,0.1072,10,0.2326,0.0096,RENT,MEDICAL,N,0
54,61900,1.0,10500,11.19,0.1696,5,0.1389,0.019,RENT,DEBTCONSOLIDATION,N,1
34,34100,2.5,2800,7.89,0.0821,2,0.125,0.0065,MORTGAGE,PERSONAL,N,0
34,69300,3.7,9000,8.23,0.1299,4,0.25,0.0107,MORTGAGE,PERSONAL,N,0
40,41600,6.5,8000,11.79,0.1923,9,0.4091,0.0227,RENT,MEDICAL,N,0
45,44000,11.3,6800,12.37,0.1545,3,0.1111,0.0191,MORTGAGE,DEBTCONSOLIDATION,N,0
37,31000,1.3,8600,,0.2774,6,0.3158,0.0351,MORTGAGE,VENTURE,N,0
38,69000,12.2,26500,12.48,0.3841,10,0.5,0.0479,MORTGAGE,HOMEIMPROVEMENT,N,0
40,29300,9.6,4800,6.53,0.1638,6,0.2727,0.0107,RENT,EDUCATION,N,1
56,43300,,19500,16.24,0.4503,7,0.1842,0.0731,RENT,PERSONAL,N,1
38,34900,0.1,24000,19.05,0.6877,5,0.25,0.131,RENT,VENTURE,N,1
53,160500,,24300,9.52,0.1514,6,0.1714,0.0144,RENT,DEBTCONSOLIDATION,N,0
46,23900,2.1,14600,18.53,0.6109,14,0.5,0.1132,RENT,VENTURE,Y,1
50,47700,19.9,7700,13.42,0.1614,4,0.125,0.0217,RENT,DEBTCONSOLIDATION,N,0
45,42100,0.0,16100,17.18,0.3824,4,0.1481,0.0657,MORTGAGE,EDUCATION,Y,0
43,72500,4.4,25200,17.41,0.3476,2,0.08,0.0605,OWN,HOMEIMPROVEMENT,N,0
48,70500,30.0,29100,14.56,0.4128,9,0.3,0.0601,RENT,EDUCATION,N,0
44,85700,13.9,21800,13.04,0.2544,4,0.1538,0.0332,RENT,EDUCATION,N,0
33,46800,0.5,1900,6.53,0.0406,3,0.2,0.0027,MORTGAGE,PERSONAL,N,0
60,51700,5.8,15100,13.69,0.2921,2,0.0476,0.04,MORTGAGE,VENTURE,N,1
46,52700,0.9,16400,,0.3112,10,0.3571,0.0394,MORTGAGE,HOMEIMPROVEMENT,N,0
57,18300,1.1,21500,21.51,1.1749,7,0.1795,0.2527,MORTGAGE,MEDICAL,Y,1
35,44200,1.5,11100,12.53,0.2511,2,0.1176,0.0315,OWN,EDUCATION,N,0
38,44700,6.2,5600,11.39,0.1253,11,0.55,0.0143,MORTGAGE,DEBTCONSOLIDATION,Y,0
41,34900,5.7,31500,20.63,0.9026,9,0.3913,0.1862,RENT,VENTURE,Y,1
37,60700,8.7,21400,11.59,0.3526,9,0.4737,0.0409,MORTGAGE,DEBTCONSOLIDATION,N,0
64,115600,4.2,14100,10.12,0.122,6,0.1304,0.0123,RENT,PERSONAL,N,0
52,51900,7.3,10300,14.57,0.1985,11,0.3235,0.0289,MORTGAGE,HOMEIMPROVEMENT,N,0
39,115400,0.8,23700,17.88,0.2054,13,0.619,0.0367,RENT,VENTURE,N,0
32,40700,1.3,12100,14.09,0.2973,2,0.1429,0.0419,MORTGAGE,EDUCATION,Y,0
38,72200,13.7,11300,,0.1565,4,0.2,0.0198,RENT,EDUCATION,N,0
36,21900,4.0,8000,16.51,0.3653,6,0.3333,0.0603,MORTGAGE,VENTURE,N,1
41,45500,1.4,15700,16.69,0.3451,3,0.1304,0.0576,OTHER,MEDICAL,N,0
51,89000,15.3,13800,13.09,0.1551,2,0.0606,0.0203,MORTGAGE,MEDICAL,N,0
43,169000,3.1,14700,,0.087,4,0.16,0.011,MORTGAGE,EDUCATION,N,0
46,32800,0.6,22500,19.45,0.686,16,0.5714,0.1334,RENT,DEBTCONSOLIDATION,Y,1
46,38300,6.7,8800,,0.2298,13,0.4643,0.0291,RENT,MEDICAL,N,0
60,61200,1.2,11800,10.43,0.1928,10,0.2381,0.0201,RENT,EDUCATION,Y,0
52,66300,2.2,12600,14.39,0.19,7,0.2059,0.0273,RENT,EDUCATION,N,1
43,22000,3.6,25200,17.84,1.1455,2,0.08,0.2044,RENT,DEBTCONSOLIDATION,Y,1
42,59100,0.8,13500,14.71,0.2284,6,0.25,0.0336,MORTGAGE,MEDICAL,Y,1
40,21100,7.7,4000,13.37,0.1896,7,0.3182,0.0253,RENT,VENTURE,N,0
50,175000,1.2,11200,9.22,0.064,8,0.25,0.0059,RENT,EDUCATION,N,0
37,49100,0.6,14200,14.94,0.2892,5,0.2632,0.0432,MORTGAGE,EDUCATION,N,0
55,70600,9.8,6200,5.42,0.0878,11,0.2973,0.0048,RENT,MEDICAL,N,0
37,50800,2.0,10500,14.76,0.2067,3,0.1579,0.0305,RENT,MEDICAL,N,1
46,55900,3.0,21200,16.53,0.3792,2,0.0714,0.0627,RENT,EDUCATION,N,0
33,98000,15.0,9500,10.76,0.0969,5,0.3333,0.0104,MORTGAGE,EDUCATION,N,0
44,29000,5.5,10800,16.21,0.3724,2,0.0769,0.0604,RENT,MEDICAL,N,0
45,31600,0.2,23100,21.07,0.731,9,0.3333,0.154,MORTGAGE,EDUCATION,N,0
43,15300,3.8,14400,,0.9412,4,0.16,0.1192,MORTGAGE,VENTURE,Y,1
52,47600,7.7,15300,14.56,0.3214,4,0.1176,0.0468,MORTGAGE,EDUCATION,N,1
32,18300,10.8,25500,16.68,1.3934,2,0.1429,0.2324,RENT,PERSONAL,Y,1
44,27300,4.3,3800,11.38,0.1392,2,0.0769,0.0158,RENT,VENTURE,N,1
37,35900,1.6,10400,,0.2897,9,0.4737,0.0367,OWN,DEBTCONSOLIDATION,N,0
43,31800,0.2,9300,15.07,0.2925,6,0.24,0.0441,RENT,VENTURE,N,0
68,36400,15.3,17600,16.8,0.4835,8,0.16,0.0812,MORTGAGE,MEDICAL,N,0
41,69600,0.6,17800,,0.2557,11,0.4783,0.0324,MORTGAGE,EDUCATION,Y,0
37,109000,4.4,13800,11.47,0.1266,2,0.1053,0.0145,RENT,HOMEIMPROVEMENT,N,0
42,20600,0.4,10200,,0.4951,7,0.2917,0.0627,OWN,VENTURE,N,0
45,31000,4.2,16900,,0.5452,17,0.6296,0.069,RENT,VENTURE,Y,1
35,57700,8.4,13900,9.34,0.2409,6,0.3529,0.0225,MORTGAGE,MEDICAL,N,0
34,32800,5.0,24900,21.2,0.7591,6,0.375,0.1609,MORTGAGE,PERSONAL,Y,1
48,250000,14.6,11100,6.47,0.0444,8,0.2667,0.0029,RENT,VENTURE,N,0
55,53900,2.8,20800,16.23,0.3859,6,0.1622,0.0626,MORTGAGE,PERSONAL,N,0
33,49300,8.9,15800,,0.3205,11,0.7333,0.0406,RENT,EDUCATION,N,0
41,61700,4.6,8400,,0.1361,2,0.087,0.0172,MORTGAGE,HOMEIMPROVEMENT,N,0
42,46800,9.3,10500,14.48,0.2244,8,0.3333,0.0325,RENT,EDUCATION,N,0
34,41700,6.0,6600,9.93,0.1583,4,0.25,0.0157,RENT,HOMEIMPROVEMENT,N,0
38,64300,1.8,10000,11.84,0.1555,3,0.15,0.0184,MORTGAGE,EDUCATION,N,0
42,109500,6.7,11400,13.57,0.1041,8,0.3333,0.0141,RENT,DEBTCONSOLIDATION,N,0
51,54700,0.1,13200,16.51,0.2413,4,0.1212,0.0398,MORTGAGE,MEDICAL,N,0
56,57300,0.1,14100,12.04,0.2461,4,0.1053,0.0296,RENT,EDUCATION,N,0
54,20400,7.5,30200,21.28,1.4804,2,0.0556,0.315,RENT,VENTURE,N,1
43,181700,6.2,4700,10.17,0.0259,10,0.4,0.0026,RENT,HOMEIMPROVEMENT,N,0
58,56700,8.4,20000,,0.3527,10,0.25,0.0447,MORTGAGE,DEBTCONSOLIDATION,Y,0
36,64700,0.8,23600,14.17,0.3648,5,0.2778,0.0517,MORTGAGE,PERSONAL,Y,0
41,53000,2.4,7100,11.13,0.134,7,0.3043,0.0149,RENT,VENTURE,N,0
26,18000,2.3,9500,18.64,0.5278,7,0.875,0.0984,RENT,EDUCATION,N,1
45,51800,10.6,29700,17.81,0.5734,5,0.1852,0.1021,RENT,MEDICAL,Y,1
39,59000,4.4,17100,9.91,0.2898,6,0.2857,0.0287,RENT,MEDICAL,N,0
39,145400,0.3,6200,6.89,0.0426,5,0.2381,0.0029,MORTGAGE,VENTURE,N,0
44,60300,5.0,17800,9.35,0.2952,7,0.2692,0.0276,MORTGAGE,PERSONAL,N,0
33,32300,2.0,22100,20.63,0.6842,4,0.2667,0.1412,RENT,EDUCATION,Y,1
38,36400,2.1,7200,10.81,0.1978,3,0.15,0.0214,OWN,VENTURE,N,0
38,36400,,10400,13.15,0.2857,3,0.15,0.0376,MORTGAGE,VENTURE,N,0
37,120700,7.0,23600,11.87,0.1955,10,0.5263,0.0232,MORTGAGE,PERSONAL,N,0
38,79400,1.9,10500,9.37,0.1322,6,0.3,0.0124,RENT,MEDICAL,N,0
37,57800,6.1,20300,12.48,0.3512,7,0.3684,0.0438,RENT,PERSONAL,N,0
50,68900,6.5,24700,14.9,0.3585,12,0.375,0.0534,MORTGAGE,MEDICAL,Y,0
41,68300,3.4,19600,13.18,0.287,11,0.4783,0.0378,MORTGAGE,PERSONAL,N,0
54,64100,3.9,23900,14.75,0.3729,6,0.1667,0.055,RENT,VENTURE,N,0
33,56700,3.9,15500,11.69,0.2734,6,0.4,0.032,RENT,EDUCATION,N,0
34,35300,0.2,18200,16.76,0.5156,16,1.0,0.0864,RENT,DEBTCONSOLIDATION,N,0
61,78900,9.9,8500,,0.1077,9,0.2093,0.0136,RENT,PERSONAL,N,0
47,62300,0.7,2700,7.87,0.0433,7,0.2414,0.0034,MORTGAGE,VENTURE,N,0
44,55000,,16600,14.83,0.3018,5,0.1923,0.0448,MORTGAGE,HOMEIMPROVEMENT,N,0
47,108000,13.7,19200,11.0,0.1778,5,0.1724,0.0196,RENT,DEBTCONSOLIDATION,N,0
38,175300,0.5,8700,9.24,0.0496,4,0.2,0.0046,RENT,PERSONAL,N,0
44,48100,,6000,,0.1247,3,0.1154,0.0158,MORTGAGE,PERSONAL,N,1
32,29800,1.0,16600,19.83,0.557,10,0.7143,0.1105,RENT,PERSONAL,Y,1
42,41800,9.8,13300,12.59,0.3182,4,0.1667,0.0401,MORTGAGE,EDUCATION,N,0
34,53600,1.2,7800,10.32,0.1455,4,0.25,0.015,OWN,PERSONAL,N,0
47,94000,5.9,30400,13.23,0.3234,3,0.1034,0.0428,OWN,HOMEIMPROVEMENT,N,0
38,16700,0.1,19200,19.11,1.1497,11,0.55,0.2197,MORTGAGE,VENTURE,N,1
41,61300,,7100,7.62,0.1158,9,0.3913,0.0088,RENT,EDUCATION,N,0
40,181900,0.7,22200,8.87,0.122,3,0.1364,0.0108,MORTGAGE,MEDICAL,N,0
51,47400,1.6,14400,11.89,0.3038,5,0.1515,0.0361,RENT,EDUCATION,N,0
57,39600,4.0,17700,14.54,0.447,5,0.1282,0.065,MORTGAGE,MEDICAL,N,0
46,50800,2.5,21500,12.92,0.4232,11,0.3929,0.0547,MORTGAGE,MEDICAL,Y,1
40,58400,7.7,31200,16.02,0.5342,4,0.1818,0.0856,MORTGAGE,EDUCATION,N,0
46,132300,6.1,26200,12.35,0.198,6,0.2143,0.0245,RENT,HOMEIMPROVEMENT,N,0
52,50400,6.3,22400,15.09,0.4444,10,0.2941,0.0671,MORTGAGE,MEDICAL,N,1
47,171200,7.8,4300,12.08,0.0251,2,0.069,0.003,RENT,VENTURE,Y,0
36,121100,4.2,12600,6.91,0.104,11,0.6111,0.0072,RENT,HOMEIMPROVEMENT,N,0
39,36600,2.7,5000,13.44,0.1366,4,0.1905,0.0184,RENT,EDUCATION,N,0
36,108100,3.0,9900,12.48,0.0916,6,0.3333,0.0114,MORTGAGE,VENTURE,Y,1
44,20000,26.0,24000,17.09,1.2,11,0.4231,0.2051,MORTGAGE,EDUCATION,Y,1
34,97400,10.1,19300,10.97,0.1982,3,0.1875,0.0217,MORTGAGE,DEBTCONSOLIDATION,Y,0
45,35700,5.3,23400,,0.6555,6,0.2222,0.083,RENT,PERSONAL,Y,1
54,127400,10.2,12000,8.83,0.0942,8,0.2222,0.0083,MORTGAGE,EDUCATION,N,0
28,55600,4.9,8000,7.44,0.1439,7,0.7,0.0107,RENT,VENTURE,N,0
52,84700,1.4,7400,9.13,0.0874,2,0.0588,0.008,MORTGAGE,PERSONAL,N,0
29,36800,11.0,10500,12.76,0.2853,7,0.6364,0.0364,MORTGAGE,PERSONAL,N,0
41,33300,5.6,23300,17.18,0.6997,6,0.2609,0.1202,RENT,EDUCATION,N,1
53,29900,2.5,10300,,0.3445,6,0.1714,0.0436,MORTGAGE,PERSONAL,N,0
32,65000,6.1,18000,15.88,0.2769,5,0.3571,0.044,MORTGAGE,DEBTCONSOLIDATION,N,0
37,86200,7.1,2500,7.42,0.029,5,0.2632,0.0022,MORTGAGE,VENTURE,N,0
50,61400,1.3,5000,6.67,0.0814,5,0.1562,0.0054,MORTGAGE,PERSONAL,N,0
40,17000,0.5,8600,17.84,0.5059,6,0.2727,0.0903,RENT,MEDICAL,Y,0
47,53600,2.7,11000,11.11,0.2052,5,0.1724,0.0228,RENT,PERSONAL,N,0
38,93100,5.1,5800,8.91,0.0623,6,0.3,0.0056,MORTGAGE,EDUCATION,N,0
34,73700,0.8,20200,13.44,0.2741,4,0.25,0.0368,MORTGAGE,MEDICAL,N,0
51,42500,3.1,19500,18.27,0.4588,2,0.0606,0.0838,RENT,EDUCATION,N,0
44,29600,10.7,16700,18.93,0.5642,10,0.3846,0.1068,MORTGAGE,VENTURE,N,1
36,21600,1.7,9500,15.72,0.4398,7,0.3889,0.0691,RENT,HOMEIMPROVEMENT,N,0
41,43800,0.7,8400,15.63,0.1918,12,0.5217,0.03,RENT,MEDICAL,N,0
37,29300,2.2,10900,16.33,0.372,11,0.5789,0.0607,RENT,DEBTCONSOLIDATION,N,1
53,48900,10.9,4400,,0.09,8,0.2286,0.0114,RENT,DEBTCONSOLIDATION,N,0
44,106100,4.5,14000,13.25,0.132,3,0.1154,0.0175,RENT,PERSONAL,N,1
37,29700,5.9,6100,13.37,0.2054,2,0.1053,0.0275,MORTGAGE,MEDICAL,N,0
61,54200,1.4,12300,13.96,0.2269,9,0.2093,0.0317,OTHER,VENTURE,N,0
50,25000,,31000,17.4,1.24,5,0.1562,0.2158,RENT,PERSONAL,N,1
39,66800,1.0,6700,9.23,0.1003,4,0.1905,0.0093,MORTGAGE,EDUCATION,N,0
57,66600,2.7,9600,10.81,0.1441,5,0.1282,0.0156,RENT,MEDICAL,N,0
36,187500,2.3,8000,10.66,0.0427,11,0.6111,0.0046,OWN,PERSONAL,N,0
50,72900,5.2,25500,12.19,0.3498,8,0.25,0.0426,RENT,EDUCATION,N,0
36,59000,3.2,5600,8.58,0.0949,5,0.2778,0.0081,RENT,EDUCATION,N,0
47,104200,1.2,21700,11.81,0.2083,11,0.3793,0.0246,RENT,PERSONAL,N,0
44,47400,11.6,8600,11.92,0.1814,5,0.1923,0.0216,OWN,VENTURE,N,0
25,105100,1.1,12000,8.62,0.1142,6,0.8571,0.0098,RENT,VENTURE,N,0
45,77400,4.6,23100,12.53,0.2984,6,0.2222,0.0374,RENT,EDUCATION,N,0
41,33800,5.6,21700,17.23,0.642,3,0.1304,0.1106,RENT,MEDICAL,N,1
34,70700,1.0,30000,9.07,0.4243,5,0.3125,0.0385,MORTGAGE,MEDICAL,N,0
48,61900,4.4,11200,13.61,0.1809,6,0.2,0.0246,OWN,VENTURE,N,0
49,114700,9.2,8400,6.4,0.0732,4,0.129,0.0047,MORTGAGE,HOMEIMPROVEMENT,N,0
36,35800,2.8,22200,20.31,0.6201,10,0.5556,0.1259,RENT,VENTURE,N,1
48,33600,4.3,7400,10.84,0.2202,3,0.1,0.0239,RENT,HOMEIMPROVEMENT,N,0
39,32000,6.4,12900,,0.4031,5,0.2381,0.051,RENT,MEDICAL,N,0
47,88100,0.9,2900,,0.0329,9,0.3103,0.0042,RENT,DEBTCONSOLIDATION,N,0
52,32100,1.3,16700,16.95,0.5202,7,0.2059,0.0882,MORTGAGE,EDUCATION,N,0
33,31900,1.2,6900,13.68,0.2163,12,0.8,0.0296,RENT,DEBTCONSOLIDATION,N,0
51,31300,1.1,15400,17.74,0.492,3,0.0909,0.0873,MORTGAGE,DEBTCONSOLIDATION,N,0
61,81200,5.0,15400,14.82,0.1897,7,0.1628,0.0281,RENT,EDUCATION,N,0
48,66500,7.0,14400,14.19,0.2165,12,0.4,0.0307,MORTGAGE,DEBTCONSOLIDATION,N,0
41,50100,2.4,22300,15.71,0.4451,9,0.3913,0.0699,RENT,EDUCATION,Y,0
59,22500,1.0,16100,22.4,0.7156,3,0.0732,0.1603,RENT,MEDICAL,Y,1
54,28100,2.0,12600,16.62,0.4484,11,0.3056,0.0745,MORTGAGE,VENTURE,N,1
53,71900,24.1,24300,11.57,0.338,12,0.3429,0.0391,RENT,HOMEIMPROVEMENT,N,0
37,90100,2.0,13100,12.43,0.1454,2,0.1053,0.0181,RENT,DEBTCONSOLIDATION,N,0
37,41200,0.6,22600,21.3,0.5485,5,0.2632,0.1168,MORTGAGE,EDUCATION,Y,1
46,144300,,3900,5.42,0.027,12,0.4286,0.0015,RENT,EDUCATION,N,0
38,61100,3.6,7200,12.15,0.1178,7,0.35,0.0143,RENT,HOMEIMPROVEMENT,N,0
37,34500,0.0,28200,20.91,0.8174,7,0.3684,0.1709,RENT,VENTURE,Y,1
38,21800,16.5,2800,11.04,0.1284,10,0.5,0.0142,RENT,MEDICAL,Y,0
50,35700,3.0,4300,9.22,0.1204,7,0.2188,0.0111,RENT,VENTURE,N,0
43,39400,,19400,19.99,0.4924,12,0.48,0.0984,MORTGAGE,DEBTCONSOLIDATION,Y,0
54,53400,13.0,13300,10.51,0.2491,5,0.1389,0.0262,MORTGAGE,EDUCATION,N,0
55,78900,2.7,13100,9.54,0.166,6,0.1622,0.0158,MORTGAGE,DEBTCONSOLIDATION,N,0
35,88500,,4800,9.73,0.0542,5,0.2941,0.0053,MORTGAGE,EDUCATION,N,0
50,88800,2.7,22800,,0.2568,14,0.4375,0.0325,MORTGAGE,VENTURE,N,0
38,79300,0.6,13000,11.05,0.1639,6,0.3,0.0181,MORTGAGE,EDUCATION,N,0
41,74100,2.1,31500,15.38,0.4251,14,0.6087,0.0654,MORTGAGE,MEDICAL,N,0
33,40200,2.3,12100,13.26,0.301,2,0.1333,0.0399,RENT,VENTURE,N,0
45,46400,3.4,20600,,0.444,10,0.3704,0.0562,RENT,DEBTCONSOLIDATION,N,1
32,16200,2.6,32900,18.01,2.0309,8,0.5714,0.3658,MORTGAGE,EDUCATION,Y,1
55,17500,4.0,10800,20.18,0.6171,6,0.1622,0.1245,RENT,MEDICAL,N,1
33,20100,5.1,15900,19.82,0.791,7,0.4667,0.1568,RENT,HOMEIMPROVEMENT,Y,1
38,40200,1.7,26300,18.87,0.6542,6,0.3,0.1234,RENT,HOMEIMPROVEMENT,Y,1
58,81500,1.4,15300,13.02,0.1877,5,0.125,0.0244,MORTGAGE,EDUCATION,N,0
62,93800,3.8,12600,10.03,0.1343,11,0.25,0.0135,RENT,MEDICAL,N,0
35,110500,1.8,21700,16.23,0.1964,8,0.4706,0.0319,RENT,DEBTCONSOLIDATION,N,0
45,26400,8.0,5300,8.82,0.2008,5,0.1852,0.0177,RENT,EDUCATION,N,0
39,40000,0.0,29200,19.95,0.73,12,0.5714,0.1456,MORTGAGE,VENTURE,N,1
46,47100,28.0,6500,9.94,0.138,8,0.2857,0.0137,MORTGAGE,MEDICAL,N,0
46,67100,3.0,23500,16.62,0.3502,8,0.2857,0.0582,RENT,VENTURE,Y,1
66,34700,6.4,11200,16.75,0.3228,7,0.1458,0.0541,MORTGAGE,PERSONAL,N,0
42,60900,8.6,21800,13.41,0.358,4,0.1667,0.048,RENT,MEDICAL,N,0
55,45700,1.3,12700,13.14,0.2779,2,0.0541,0.0365,MORTGAGE,MEDICAL,N,0
52,24300,0.7,24500,,1.0082,9,0.2647,0.1276,MORTGAGE,VENTURE,N,1
49,71900,6.8,10900,10.52,0.1516,8,0.2581,0.0159,RENT,EDUCATION,N,0
42,200400,5.7,6400,10.32,0.0319,17,0.7083,0.0033,RENT,EDUCATION,N,0
54,38800,0.8,2100,12.17,0.0541,7,0.1944,0.0066,RENT,VENTURE,N,0
42,73900,0.4,5200,9.44,0.0704,7,0.2917,0.0066,RENT,EDUCATION,N,0
61,23400,9.0,24200,17.43,1.0342,5,0.1163,0.1803,RENT,VENTURE,Y,1
47,51400,0.6,23500,17.19,0.4572,8,0.2759,0.0786,RENT,VENTURE,N,1
39,48900,10.2,9500,,0.1943,2,0.0952,0.0246,RENT,DEBTCONSOLIDATION,Y,0
41,55600,1.1,17200,,0.3094,10,0.4348,0.0392,MORTGAGE,DEBTCONSOLIDATION,N,0
39,90600,1.3,28700,13.51,0.3168,2,0.0952,0.0428,RENT,HOMEIMPROVEMENT,Y,1
50,62100,8.3,19200,12.21,0.3092,4,0.125,0.0378,RENT,EDUCATION,N,0
36,92600,8.8,7100,11.34,0.0767,10,0.5556,0.0087,RENT,EDUCATION,N,0
62,127300,2.7,26600,11.51,0.209,6,0.1364,0.0241,RENT,EDUCATION,N,0
43,54700,5.8,6700,10.45,0.1225,4,0.16,0.0128,RENT,HOMEIMPROVEMENT,N,0
48,194600,,16200,10.04,0.0832,8,0.2667,0.0084,OWN,PERSONAL,N,0
49,51700,4.5,10400,10.49,0.2012,7,0.2258,0.0211,MORTGAGE,PERSONAL,N,0
34,65800,2.9,22500,16.51,0.3419,9,0.5625,0.0564,MORTGAGE,VENTURE,N,0
36,56000,6.7,17900,11.36,0.3196,10,0.5556,0.0363,MORTGAGE,MEDICAL,N,0
47,16200,6.2,8600,15.43,0.5309,10,0.3448,0.0819,MORTGAGE,HOMEIMPROVEMENT,N,0
53,84400,3.3,9300,11.66,0.1102,8,0.2286,0.0128,RENT,VENTURE,N,0
35,36400,4.2,13800,16.55,0.3791,6,0.3529,0.0627,RENT,MEDICAL,N,1
39,52200,10.3,10300,14.08,0.1973,6,0.2857,0.0278,RENT,VENTURE,N,0
39,34500,4.1,4400,10.19,0.1275,6,0.2857,0.013,MORTGAGE,PERSONAL,N,0
51,113200,3.9,5000,9.77,0.0442,5,0.1515,0.0043,MORTGAGE,PERSONAL,N,0
44,65800,0.3,11700,11.23,0.1778,7,0.2692,0.02,RENT,VENTURE,N,0
47,30400,2.2,15700,17.97,0.5164,8,0.2759,0.0928,MORTGAGE,PERSONAL,Y,0
47,54500,4.0,20500,13.7,0.3761,6,0.2069,0.0515,MORTGAGE,MEDICAL,N,1
56,43400,1.4,2000,6.94,0.0461,15,0.3947,0.0032,OWN,EDUCATION,N,0
39,44000,6.8,14300,15.15,0.325,5,0.2381,0.0492,MORTGAGE,MEDICAL,N,0
57,121300,6.6,13500,12.65,0.1113,3,0.0769,0.0141,MORTGAGE,VENTURE,N,0
45,38700,0.7,13200,16.46,0.3411,6,0.2222,0.0561,MORTGAGE,DEBTCONSOLIDATION,N,0
49,38400,1.3,9100,11.72,0.237,11,0.3548,0.0278,RENT,EDUCATION,N,1
46,224700,1.4,2700,,0.012,3,0.1071,0.0015,RENT,MEDICAL,N,0
29,43600,1.3,3800,8.66,0.0872,6,0.5455,0.0076,OWN,HOMEIMPROVEMENT,N,0
36,123000,2.6,25400,11.93,0.2065,5,0.2778,0.0246,MORTGAGE,PERSONAL,N,0
53,60400,0.4,13100,13.89,0.2169,6,0.1714,0.0301,RENT,DEBTCONSOLIDATION,N,0
38,49200,0.9,11500,,0.2337,12,0.6,0.0296,RENT,VENTURE,N,0
44,101300,2.4,15000,10.08,0.1481,6,0.2308,0.0149,MORTGAGE,PERSONAL,N,0
51,25900,3.5,19000,16.05,0.7336,7,0.2121,0.1177,MORTGAGE,EDUCATION,N,1
35,29800,6.3,28900,19.76,0.9698,3,0.1765,0.1916,RENT,MEDICAL,N,0
48,30600,6.5,13000,17.08,0.4248,5,0.1667,0.0726,RENT,PERSONAL,Y,1
37,58500,7.3,4600,7.95,0.0786,6,0.3158,0.0062,MORTGAGE,EDUCATION,N,0
39,122900,11.7,6300,5.42,0.0513,6,0.2857,0.0028,MORTGAGE,HOMEIMPROVEMENT,N,0
38,17900,6.9,24700,16.42,1.3799,4,0.2,0.2266,RENT,MEDICAL,Y,1
40,33300,0.0,18700,17.98,0.5616,2,0.0909,0.101,RENT,DEBTCONSOLIDATION,Y,1
49,25800,0.3,18600,19.14,0.7209,9,0.2903,0.138,MORTGAGE,VENTURE,N,1
66,50400,12.9,8800,8.86,0.1746,22,0.4583,0.0155,MORTGAGE,MEDICAL,N,0
52,60500,3.4,5800,7.71,0.0959,7,0.2059,0.0074,MORTGAGE,VENTURE,N,0
43,146800,0.8,8400,8.08,0.0572,3,0.12,0.0046,MORTGAGE,PERSONAL,N,0
31,50100,1.5,16500,,0.3293,11,0.8462,0.0417,RENT,EDUCATION,Y,0
41,250000,0.4,18400,8.76,0.0736,2,0.087,0.0064,MORTGAGE,EDUCATION,N,0
45,43100,0.2,13500,14.16,0.3132,3,0.1111,0.0443,RENT,DEBTCONSOLIDATION,N,0
43,76700,3.6,10300,7.91,0.1343,7,0.28,0.0106,RENT,MEDICAL,N,0
43,88800,3.8,2500,11.77,0.0282,12,0.48,0.0033,MORTGAGE,DEBTCONSOLIDATION,Y,0
39,93700,4.5,9200,10.22,0.0982,4,0.1905,0.01,RENT,EDUCATION,N,0
60,55900,4.5,15400,11.99,0.2755,6,0.1429,0.033,RENT,HOMEIMPROVEMENT,Y,0
56,70800,6.0,11900,13.92,0.1681,4,0.1053,0.0234,RENT,VENTURE,N,1
47,89700,9.5,15700,10.49,0.175,5,0.1724,0.0184,OTHER,PERSONAL,N,0
46,96200,11.0,17200,13.17,0.1788,9,0.3214,0.0235,MORTGAGE,MEDICAL,N,0
52,34800,7.5,13300,15.98,0.3822,5,0.1471,0.0611,RENT,EDUCATION,N,1
33,92100,1.9,6700,10.11,0.0727,2,0.1333,0.0073,RENT,PERSONAL,N,0
34,63100,4.6,13500,10.75,0.2139,5,0.3125,0.023,MORTGAGE,EDUCATION,N,0
64,77300,3.7,28200,15.93,0.3648,2,0.0435,0.0581,RENT,EDUCATION,N,1
45,76400,3.1,10500,10.96,0.1374,6,0.2222,0.0151,MORTGAGE,PERSONAL,N,0
58,33900,0.8,23700,,0.6991,5,0.125,0.0885,RENT,DEBTCONSOLIDATION,N,1
42,41100,2.2,23200,18.37,0.5645,5,0.2083,0.1037,RENT,DEBTCONSOLIDATION,N,1
54,20500,11.0,4600,10.14,0.2244,7,0.1944,0.0228,MORTGAGE,PERSONAL,N,0
41,115700,0.7,21400,9.69,0.185,13,0.5652,0.0179,RENT,EDUCATION,N,0
47,64200,5.2,18500,8.16,0.2882,7,0.2414,0.0235,RENT,EDUCATION,N,0
38,43100,7.7,13300,13.65,0.3086,6,0.3,0.0421,MORTGAGE,PERSONAL,N,0
46,36900,4.9,8800,13.71,0.2385,3,0.1071,0.0327,MORTGAGE,VENTURE,N,0
34,94600,1.2,27100,13.82,0.2865,8,0.5,0.0396,MORTGAGE,VENTURE,Y,0
34,61000,4.1,32800,19.52,0.5377,11,0.6875,0.105,MORTGAGE,VENTURE,Y,1
53,69500,3.5,10600,13.39,0.1525,5,0.1429,0.0204,RENT,DEBTCONSOLIDATION,N,1
50,43700,13.9,11500,11.95,0.2632,2,0.0625,0.0315,RENT,MEDICAL,N,0
64,30700,0.1,20600,19.89,0.671,10,0.2174,0.1335,MORTGAGE,MEDICAL,Y,1
60,56200,2.4,11200,8.85,0.1993,2,0.0476,0.0176,RENT,EDUCATION,N,1
42,134900,0.9,6600,8.55,0.0489,6,0.25,0.0042,RENT,PERSONAL,N,0
44,125600,2.3,11300,12.2,0.09,6,0.2308,0.011,RENT,MEDICAL,N,0
42,32900,20.1,30700,,0.9331,3,0.125,0.1181,MORTGAGE,EDUCATION,N,1
38,137500,,25400,12.59,0.1847,12,0.6,0.0233,RENT,PERSONAL,N,0
49,109400,1.6,23500,11.2,0.2148,8,0.2581,0.0241,RENT,MEDICAL,N,0
42,104100,2.1,4300,6.07,0.0413,6,0.25,0.0025,MORTGAGE,MEDICAL,N,0
32,40400,8.8,19900,15.08,0.4926,5,0.3571,0.0743,RENT,EDUCATION,Y,1
37,26000,13.2,12100,18.87,0.4654,8,0.4211,0.0878,RENT,VENTURE,N,1
35,27100,2.5,16000,20.18,0.5904,8,0.4706,0.1191,OWN,VENTURE,N,1
70,108700,0.7,11200,8.61,0.103,6,0.1154,0.0089,OWN,VENTURE,N,0
43,13500,4.7,17500,18.26,1.2963,7,0.28,0.2367,RENT,DEBTCONSOLIDATION,N,0
39,17800,14.4,23800,19.09,1.3371,3,0.1429,0.2553,RENT,PERSONAL,Y,1
44,35900,2.0,27600,18.9,0.7688,3,0.1154,0.1453,RENT,PERSONAL,N,1
53,41500,2.1,11200,12.67,0.2699,10,0.2857,0.0342,MORTGAGE,VENTURE,N,0
52,75700,9.7,11900,8.57,0.1572,5,0.1471,0.0135,RENT,HOMEIMPROVEMENT,N,0
40,83700,0.2,22400,11.9,0.2676,8,0.3636,0.0318,MORTGAGE,MEDICAL,N,0
45,36700,1.0,7500,13.59,0.2044,9,0.3333,0.0278,RENT,PERSONAL,N,0
40,36500,8.4,19800,15.43,0.5425,5,0.2273,0.0837,RENT,VENTURE,N,1
42,42900,3.7,7100,9.75,0.1655,2,0.0833,0.0161,MORTGAGE,PERSONAL,N,0
44,40900,3.7,11200,15.33,0.2738,16,0.6154,0.042,RENT,DEBTCONSOLIDATION,N,1
39,66400,2.4,29100,15.03,0.4383,4,0.1905,0.0659,MORTGAGE,EDUCATION,N,0
49,62500,0.1,18600,12.31,0.2976,5,0.1613,0.0366,RENT,HOMEIMPROVEMENT,N,1
41,30400,4.0,9900,14.16,0.3257,9,0.3913,0.0461,MORTGAGE,PERSONAL,N,0
39,85400,0.7,11200,9.79,0.1311,3,0.1429,0.0128,RENT,PERSONAL,Y,1
50,43800,2.3,9800,12.74,0.2237,7,0.2188,0.0285,MORTGAGE,VENTURE,N,0
48,40300,1.2,26600,22.73,0.66,3,0.1,0.15,RENT,PERSONAL,N,1
61,47900,5.1,24400,18.79,0.5094,9,0.2093,0.0957,RENT,DEBTCONSOLIDATION,N,1
39,59000,0.8,13700,14.1,0.2322,2,0.0952,0.0327,MORTGAGE,EDUCATION,N,0
52,142100,2.0,17200,10.48,0.121,2,0.0588,0.0127,RENT,HOMEIMPROVEMENT,N,1
59,46900,0.7,20300,15.52,0.4328,6,0.1463,0.0672,RENT,VENTURE,N,0
65,53200,0.4,8800,12.68,0.1654,8,0.1702,0.021,MORTGAGE,EDUCATION,N,0
59,55400,0.6,16000,9.61,0.2888,5,0.122,0.0278,MORTGAGE,VENTURE,N,0
52,53200,2.3,24000,17.13,0.4511,7,0.2059,0.0773,OTHER,VENTURE,N,0
59,89200,1.7,4400,10.53,0.0493,8,0.1951,0.0052,RENT,DEBTCONSOLIDATION,N,0
36,21000,11.6,8200,,0.3905,7,0.3889,0.0494,RENT,VENTURE,N,1
41,33700,3.9,13000,13.14,0.3858,10,0.4348,0.0507,MORTGAGE,EDUCATION,N,0
42,46900,1.2,8600,12.0,0.1834,5,0.2083,0.022,RENT,PERSONAL,N,0
41,94000,9.4,1600,9.33,0.017,3,0.1304,0.0016,RENT,EDUCATION,N,0
32,21300,2.7,16100,17.54,0.7559,3,0.2143,0.1326,MORTGAGE,VENTURE,Y,1
43,63600,3.3,18300,12.44,0.2877,4,0.16,0.0358,RENT,EDUCATION,N,0
41,97700,2.0,18400,10.11,0.1883,7,0.3043,0.019,MORTGAGE,MEDICAL,N,0
61,25100,11.5,33300,19.64,1.3267,6,0.1395,0.2606,RENT,EDUCATION,N,1
36,113800,9.8,18600,12.61,0.1634,3,0.1667,0.0206,RENT,DEBTCONSOLIDATION,N,0
43,32100,1.1,6500,9.23,0.2025,6,0.24,0.0187,RENT,PERSONAL,N,0
39,102900,2.1,9100,12.45,0.0884,8,0.381,0.011,MORTGAGE,VENTURE,N,0
45,41900,3.1,8700,9.43,0.2076,7,0.2593,0.0196,RENT,EDUCATION,N,0
40,53300,5.8,11200,11.79,0.2101,7,0.3182,0.0248,OWN,HOMEIMPROVEMENT,Y,0
45,65300,4.3,19400,14.25,0.2971,2,0.0741,0.0423,RENT,EDUCATION,Y,0
38,19100,19.2,12400,17.07,0.6492,3,0.15,0.1108,RENT,VENTURE,Y,1
33,38900,1.8,22500,18.45,0.5784,3,0.2,0.1067,RENT,PERSONAL,N,0
49,28700,4.5,8500,13.53,0.2962,2,0.0645,0.0401,RENT,DEBTCONSOLIDATION,N,0
40,60100,0.3,3900,6.0,0.0649,4,0.1818,0.0039,MORTGAGE,EDUCATION,N,0
36,39900,0.6,2300,9.22,0.0576,8,0.4444,0.0053,MORTGAGE,EDUCATION,N,0
48,86200,2.5,20300,13.7,0.2355,6,0.2,0.0323,RENT,EDUCATION,N,0
44,84200,9.6,23700,10.98,0.2815,5,0.1923,0.0309,RENT,DEBTCONSOLIDATION,N,0
35,185600,5.3,22800,8.84,0.1228,5,0.2941,0.0109,RENT,MEDICAL,N,0
45,71600,7.5,13600,8.73,0.1899,8,0.2963,0.0166,RENT,EDUCATION,N,0
54,33700,2.8,12300,13.81,0.365,5,0.1389,0.0504,MORTGAGE,EDUCATION,N,0
41,59800,10.5,7300,10.21,0.1221,3,0.1304,0.0125,MORTGAGE,VENTURE,N,0
39,68300,4.6,14500,15.19,0.2123,4,0.1905,0.0322,RENT,DEBTCONSOLIDATION,N,0
59,32200,25.2,7100,11.12,0.2205,3,0.0732,0.0245,RENT,HOMEIMPROVEMENT,N,0
36,23800,8.2,7800,14.24,0.3277,4,0.2222,0.0467,MORTGAGE,HOMEIMPROVEMENT,N,0
36,90700,8.0,17700,10.54,0.1951,12,0.6667,0.0206,OWN,EDUCATION,N,0
50,56500,11.1,12400,11.2,0.2195,13,0.4062,0.0246,MORTGAGE,PERSONAL,Y,0
44,59300,7.4,26000,17.12,0.4384,2,0.0769,0.0751,RENT,VENTURE,Y,1
35,33400,3.2,31500,19.01,0.9431,8,0.4706,0.1793,RENT,EDUCATION,Y,1
39,25500,5.9,14700,16.49,0.5765,7,0.3333,0.0951,MORTGAGE,VENTURE,N,1
50,56600,7.2,16700,12.61,0.2951,11,0.3438,0.0372,RENT,HOMEIMPROVEMENT,Y,1
37,76800,3.8,8900,10.86,0.1159,5,0.2632,0.0126,OWN,DEBTCONSOLIDATION,N,0
36,18600,14.4,20300,17.41,1.0914,2,0.1111,0.19,MORTGAGE,VENTURE,N,0
41,64600,3.5,7700,7.58,0.1192,6,0.2609,0.009,RENT,EDUCATION,N,0
49,48200,9.2,13500,13.52,0.2801,2,0.0645,0.0379,RENT,PERSONAL,N,0
48,51400,6.3,2300,10.46,0.0447,2,0.0667,0.0047,MORTGAGE,VENTURE,N,0
41,66600,0.5,25400,12.77,0.3814,5,0.2174,0.0487,RENT,EDUCATION,Y,1
45,103900,16.3,3400,7.21,0.0327,10,0.3704,0.0024,RENT,MEDICAL,N,0
37,84700,1.5,21300,,0.2515,6,0.3158,0.0318,RENT,DEBTCONSOLIDATION,N,1
47,63300,2.1,14700,10.98,0.2322,10,0.3448,0.0255,MORTGAGE,MEDICAL,N,0
38,25100,3.3,15700,19.72,0.6255,8,0.4,0.1233,MORTGAGE,MEDICAL,Y,1
42,33400,,25700,21.8,0.7695,6,0.25,0.1678,RENT,VENTURE,Y,1
32,119500,5.4,21300,11.19,0.1782,6,0.4286,0.0199,RENT,PERSONAL,N,0
38,55000,1.1,6300,10.33,0.1145,3,0.15,0.0118,MORTGAGE,PERSONAL,N,1
39,61900,16.4,3700,9.74,0.0598,2,0.0952,0.0058,MORTGAGE,VENTURE,N,0
36,37700,5.3,8200,6.46,0.2175,2,0.1111,0.0141,RENT,HOMEIMPROVEMENT,N,0
38,29900,0.5,23400,19.99,0.7826,4,0.2,0.1564,RENT,DEBTCONSOLIDATION,Y,1
44,78500,3.5,12300,8.34,0.1567,4,0.1538,0.0131,MORTGAGE,PERSONAL,N,0
39,93400,7.2,6900,6.79,0.0739,3,0.1429,0.005,RENT,VENTURE,N,0
32,79400,12.4,8700,12.06,0.1096,8,0.5714,0.0132,OWN,PERSONAL,N,0
38,123300,5.4,9800,8.12,0.0795,9,0.45,0.0065,MORTGAGE,PERSONAL,N,0
46,63300,3.7,2200,6.59,0.0348,3,0.1071,0.0023,RENT,MEDICAL,N,0
55,110900,,4400,7.47,0.0397,2,0.0541,0.003,MORTGAGE,EDUCATION,N,0
35,39600,5.0,22000,14.66,0.5556,8,0.4706,0.0815,RENT,MEDICAL,N,1
41,57300,1.3,13100,13.25,0.2286,2,0.087,0.0303,MORTGAGE,EDUCATION,N,0
54,21100,0.4,17400,17.83,0.8246,2,0.0556,0.147,MORTGAGE,EDUCATION,Y,1
49,13100,4.4,9700,18.87,0.7405,4,0.129,0.1397,OWN,EDUCATION,N,1
55,27400,14.1,9000,13.23,0.3285,4,0.1081,0.0435,MORTGAGE,MEDICAL,N,0
46,40600,0.3,15700,16.73,0.3867,10,0.3571,0.0647,RENT,DEBTCONSOLIDATION,Y,1
43,76700,,21200,15.18,0.2764,14,0.56,0.042,OWN,PERSONAL,N,0
41,23200,0.7,26100,18.37,1.125,10,0.4348,0.2067,RENT,HOMEIMPROVEMENT,Y,1
47,33000,18.2,15900,15.2,0.4818,11,0.3793,0.0732,OTHER,DEBTCONSOLIDATION,N,0
37,43100,1.2,9100,9.74,0.2111,5,0.2632,0.0206,RENT,EDUCATION,N,0
43,63500,2.3,13900,,0.2189,6,0.24,0.0277,MORTGAGE,MEDICAL,N,0
49,103200,2.3,9200,10.7,0.0891,9,0.2903,0.0095,RENT,DEBTCONSOLIDATION,N,0
51,52500,,29200,17.22,0.5562,11,0.3333,0.0958,RENT,MEDICAL,N,1
46,61300,2.2,20000,15.59,0.3263,14,0.5,0.0509,RENT,MEDICAL,N,1
57,44300,10.0,7600,13.69,0.1716,2,0.0513,0.0235,RENT,DEBTCONSOLIDATION,N,0
39,31100,0.8,13000,14.54,0.418,5,0.2381,0.0608,MORTGAGE,MEDICAL,N,0
36,41600,0.0,28900,16.05,0.6947,2,0.1111,0.1115,RENT,MEDICAL,N,1
41,31100,1.5,6300,13.12,0.2026,14,0.6087,0.0266,MORTGAGE,DEBTCONSOLIDATION,Y,1
49,100000,0.2,7300,9.57,0.073,9,0.2903,0.007,MORTGAGE,MEDICAL,Y,0
41,48100,10.8,18300,13.75,0.3805,4,0.1739,0.0523,OWN,EDUCATION,N,1
57,52800,2.2,16200,12.15,0.3068,5,0.1282,0.0373,MORTGAGE,EDUCATION,N,0
39,68500,3.4,17200,12.38,0.2511,3,0.1429,0.0311,RENT,PERSONAL,N,0
52,55700,9.2,7500,7.1,0.1346,13,0.3824,0.0096,MORTGAGE,PERSONAL,N,0
68,153800,3.7,22400,10.27,0.1456,11,0.22,0.015,MORTGAGE,VENTURE,N,0
44,144000,7.4,9600,11.66,0.0667,6,0.2308,0.0078,RENT,PERSONAL,N,0
40,65000,9.4,21400,16.27,0.3292,4,0.1818,0.0536,RENT,VENTURE,N,0
40,106600,1.3,12500,9.43,0.1173,9,0.4091,0.0111,MORTGAGE,DEBTCONSOLIDATION,N,0
48,36600,0.1,33500,16.72,0.9153,5,0.1667,0.153,MORTGAGE,PERSONAL,Y,1
40,18100,2.0,20400,18.81,1.1271,7,0.3182,0.212,MORTGAGE,HOMEIMPROVEMENT,N,0
50,66100,10.9,23300,12.26,0.3525,11,0.3438,0.0432,MORTGAGE,EDUCATION,N,0
41,80500,6.3,6900,8.55,0.0857,6,0.2609,0.0073,RENT,EDUCATION,N,0
62,22500,3.8,11400,16.7,0.5067,14,0.3182,0.0846,RENT,MEDICAL,N,1
65,55400,2.2,13100,10.67,0.2365,12,0.2553,0.0252,RENT,MEDICAL,N,0
57,120100,23.6,20800,,0.1732,2,0.0513,0.0219,RENT,PERSONAL,N,0
37,42800,0.3,33100,15.76,0.7734,2,0.1053,0.1219,RENT,EDUCATION,Y,1
47,37900,4.0,21100,19.18,0.5567,13,0.4483,0.1068,RENT,DEBTCONSOLIDATION,Y,1
43,33900,7.2,9600,11.01,0.2832,9,0.36,0.0312,MORTGAGE,VENTURE,N,1
38,125900,2.7,9900,11.01,0.0786,8,0.4,0.0087,MORTGAGE,EDUCATION,N,0
54,125200,,8600,10.44,0.0687,15,0.4167,0.0072,RENT,PERSONAL,N,0
34,81200,1.5,18900,,0.2328,2,0.125,0.0295,RENT,VENTURE,N,0
46,76100,16.7,16300,14.01,0.2142,3,0.1071,0.03,RENT,DEBTCONSOLIDATION,Y,1
50,74300,6.2,25100,12.95,0.3378,7,0.2188,0.0437,MORTGAGE,PERSONAL,N,0
49,25700,,34000,19.21,1.323,2,0.0645,0.2541,MORTGAGE,MEDICAL,Y,0
41,73600,1.9,12400,11.67,0.1685,7,0.3043,0.0197,MORTGAGE,EDUCATION,N,1
45,45800,1.1,12500,11.23,0.2729,8,0.2963,0.0306,RENT,EDUCATION,Y,1
41,41800,0.9,11900,13.38,0.2847,13,0.5652,0.0381,MORTGAGE,EDUCATION,N,0
38,23600,0.9,16600,19.41,0.7034,5,0.25,0.1365,OWN,HOMEIMPROVEMENT,Y,0
37,25200,2.8,23400,22.86,0.9286,13,0.6842,0.2123,MORTGAGE,DEBTCONSOLIDATION,Y,1
31,104000,,27300,9.68,0.2625,13,1.0,0.0254,RENT,HOMEIMPROVEMENT,N,0
46,131300,4.8,9000,9.77,0.0685,2,0.0714,0.0067,MORTGAGE,MEDICAL,N,0
51,98900,10.1,8000,8.92,0.0809,2,0.0606,0.0072,MORTGAGE,EDUCATION,N,0
43,54000,0.9,29900,16.81,0.5537,8,0.32,0.0931,OWN,MEDICAL,Y,0
51,86700,5.1,24300,13.47,0.2803,4,0.1212,0.0378,RENT,DEBTCONSOLIDATION,N,1
39,91500,3.3,10700,10.16,0.1169,16,0.7619,0.0119,RENT,DEBTCONSOLIDATION,N,0
54,56100,0.1,8100,9.55,0.1444,7,0.1944,0.0138,MORTGAGE,DEBTCONSOLIDATION,N,0
42,139300,1.7,5000,9.74,0.0359,6,0.25,0.0035,OWN,DEBTCONSOLIDATION,Y,0
53,36200,,20400,20.87,0.5635,7,0.2,0.1176,RENT,VENTURE,N,1
37,20800,17.9,14900,18.89,0.7163,6,0.3158,0.1353,RENT,EDUCATION,N,1
38,44100,10.9,18300,16.27,0.415,8,0.4,0.0675,OWN,VENTURE,N,1
50,34200,7.7,8700,11.07,0.2544,5,0.1562,0.0282,MORTGAGE,PERSONAL,N,0
68,60700,0.4,10800,11.84,0.1779,15,0.3,0.0211,RENT,EDUCATION,N,0
53,22200,1.8,5000,,0.2252,7,0.2,0.0285,MORTGAGE,DEBTCONSOLIDATION,Y,0
49,40100,6.3,23200,17.62,0.5786,2,0.0645,0.1019,MORTGAGE,VENTURE,Y,1
55,28000,11.2,17500,17.9,0.625,9,0.2432,0.1119,MORTGAGE,MEDICAL,Y,1
53,35200,2.1,16800,16.1,0.4773,2,0.0571,0.0768,RENT,PERSONAL,N,1
33,99400,2.6,20800,,0.2093,7,0.4667,0.0265,MORTGAGE,DEBTCONSOLIDATION,N,0
46,62800,0.8,12400,,0.1975,10,0.3571,0.025,MORTGAGE,PERSONAL,N,0
57,37300,4.3,31000,22.01,0.8311,5,0.1282,0.1829,RENT,HOMEIMPROVEMENT,Y,1
37,60400,2.7,24600,15.38,0.4073,2,0.1053,0.0626,RENT,EDUCATION,Y,1
46,135500,0.7,21200,6.74,0.1565,5,0.1786,0.0105,MORTGAGE,EDUCATION,N,0
40,57000,7.6,19300,13.62,0.3386,9,0.4091,0.0461,RENT,VENTURE,N,0
51,85400,1.2,31100,13.45,0.3642,9,0.2727,0.049,MORTGAGE,VENTURE,N,0
67,87900,0.9,22300,12.83,0.2537,10,0.2041,0.0325,MORTGAGE,MEDICAL,Y,0
42,37000,0.1,20100,19.02,0.5432,5,0.2083,0.1033,RENT,EDUCATION,N,1
59,48000,8.4,11900,14.54,0.2479,2,0.0488,0.036,MORTGAGE,PERSONAL,N,0
47,28600,5.7,15000,16.51,0.5245,5,0.1724,0.0866,MORTGAGE,EDUCATION,Y,1
50,24300,6.2,24800,20.5,1.0206,3,0.0938,0.2092,MORTGAGE,PERSONAL,Y,1
47,79200,5.0,9700,8.62,0.1225,11,0.3793,0.0106,RENT,EDUCATION,N,0
47,46700,5.1,15600,12.49,0.334,4,0.1379,0.0417,MORTGAGE,DEBTCONSOLIDATION,N,0
46,100300,0.1,26900,12.46,0.2682,9,0.3214,0.0334,RENT,EDUCATION,N,0
43,52200,,8000,10.8,0.1533,5,0.2,0.0166,MORTGAGE,VENTURE,N,0
37,72400,,26900,15.23,0.3715,8,0.4211,0.0566,MORTGAGE,VENTURE,N,0
61,43600,5.6,7600,9.4,0.1743,3,0.0698,0.0164,MORTGAGE,MEDICAL,N,0
31,73200,13.0,23400,13.11,0.3197,4,0.3077,0.0419,MORTGAGE,MEDICAL,N,0
59,84600,3.4,33100,11.45,0.3913,9,0.2195,0.0448,MORTGAGE,EDUCATION,N,1
45,54600,8.0,18800,11.12,0.3443,4,0.1481,0.0383,RENT,MEDICAL,N,0
35,104400,,11600,7.49,0.1111,12,0.7059,0.0083,MORTGAGE,EDUCATION,N,0
50,43700,7.9,12000,12.81,0.2746,11,0.3438,0.0352,RENT,VENTURE,N,0
58,96900,1.2,11500,12.14,0.1187,3,0.075,0.0144,RENT,DEBTCONSOLIDATION,N,0
38,41000,6.3,13600,10.45,0.3317,5,0.25,0.0347,MORTGAGE,DEBTCONSOLIDATION,Y,0
46,87500,8.8,14800,8.8,0.1691,9,0.3214,0.0149,OWN,PERSONAL,N,0
70,49900,3.7,18400,13.54,0.3687,8,0.1538,0.0499,MORTGAGE,DEBTCONSOLIDATION,N,0
45,105100,0.9,4800,5.42,0.0457,2,0.0741,0.0025,MORTGAGE,DEBTCONSOLIDATION,N,0
44,36400,0.2,20700,18.96,0.5687,8,0.3077,0.1078,MORTGAGE,EDUCATION,Y,1
60,49700,9.6,25200,16.78,0.507,3,0.0714,0.0851,RENT,EDUCATION,N,0
40,64200,0.4,5000,5.43,0.0779,8,0.3636,0.0042,RENT,PERSONAL,N,0
35,60900,3.0,13600,14.44,0.2233,9,0.5294,0.0322,OTHER,HOMEIMPROVEMENT,N,0
34,52700,1.4,21700,14.78,0.4118,5,0.3125,0.0609,RENT,HOMEIMPROVEMENT,N,1
51,158400,11.8,17800,7.32,0.1124,10,0.303,0.0082,RENT,EDUCATION,N,0
40,17300,0.3,21100,16.76,1.2197,10,0.4545,0.2044,MORTGAGE,MEDICAL,Y,1
42,12000,3.2,12100,21.48,1.0083,7,0.2917,0.2166,MORTGAGE,VENTURE,N,1
50,87300,1.8,18800,,0.2153,5,0.1562,0.0273,RENT,VENTURE,N,0
31,54500,1.4,6600,8.71,0.1211,8,0.6154,0.0105,RENT,PERSONAL,N,0
40,81700,0.4,7700,6.62,0.0942,14,0.6364,0.0062,RENT,VENTURE,N,0
64,54500,10.4,10200,12.88,0.1872,2,0.0435,0.0241,OWN,EDUCATION,N,0
47,62700,23.3,8500,8.14,0.1356,3,0.1034,0.011,OWN,HOMEIMPROVEMENT,N,0
35,36400,7.5,8400,12.97,0.2308,4,0.2353,0.0299,RENT,VENTURE,N,0
51,41300,1.2,10400,14.17,0.2518,7,0.2121,0.0357,RENT,EDUCATION,N,0
42,40900,4.5,20900,15.14,0.511,2,0.0833,0.0774,RENT,EDUCATION,Y,1
35,113000,1.5,17400,,0.154,4,0.2353,0.0195,RENT,EDUCATION,N,0
57,41000,10.6,1700,6.89,0.0415,3,0.0769,0.0029,RENT,MEDICAL,Y,0
54,32000,,1700,12.19,0.0531,5,0.1389,0.0065,MORTGAGE,VENTURE,N,0
47,34700,2.1,19300,18.36,0.5562,3,0.1034,0.1021,MORTGAGE,DEBTCONSOLIDATION,N,0
40,75900,11.6,21800,15.02,0.2872,2,0.0909,0.0431,RENT,MEDICAL,N,0
34,28700,,8900,14.64,0.3101,5,0.3125,0.0454,RENT,MEDICAL,Y,1
54,67500,2.2,11100,9.37,0.1644,7,0.1944,0.0154,RENT,VENTURE,Y,0
48,52100,0.8,7200,12.59,0.1382,8,0.2667,0.0174,RENT,DEBTCONSOLIDATION,N,0
38,123000,3.7,23000,11.92,0.187,7,0.35,0.0223,MORTGAGE,MEDICAL,N,0
42,31600,0.4,10000,13.73,0.3165,10,0.4167,0.0435,MORTGAGE,MEDICAL,N,1
28,23300,3.2,32900,17.14,1.412,9,0.9,0.242,MORTGAGE,VENTURE,Y,1
34,48000,8.9,14700,14.83,0.3062,10,0.625,0.0454,RENT,DEBTCONSOLIDATION,Y,0
39,130700,5.2,28300,14.12,0.2165,2,0.0952,0.0306,RENT,MEDICAL,N,0
45,35100,4.7,5400,12.3,0.1538,11,0.4074,0.0189,MORTGAGE,VENTURE,N,0
31,94400,11.0,18400,,0.1949,4,0.3077,0.0247,MORTGAGE,MEDICAL,N,0
53,49300,3.6,10600,14.53,0.215,3,0.0857,0.0312,MORTGAGE,EDUCATION,N,0
51,58300,11.2,14500,11.92,0.2487,2,0.0606,0.0296,RENT,DEBTCONSOLIDATION,N,1
38,20500,6.2,9100,15.23,0.4439,10,0.5,0.0676,RENT,VENTURE,Y,1
42,23100,1.2,8100,12.85,0.3506,5,0.2083,0.0451,MORTGAGE,MEDICAL,N,0
38,34900,5.3,24100,20.17,0.6905,11,0.55,0.1393,RENT,VENTURE,Y,1
36,59400,1.6,20600,14.52,0.3468,4,0.2222,0.0504,RENT,PERSONAL,Y,1
30,23800,2.5,21500,18.01,0.9034,2,0.1667,0.1627,MORTGAGE,HOMEIMPROVEMENT,Y,1
70,76300,14.0,16600,,0.2176,2,0.0385,0.0275,MORTGAGE,VENTURE,N,0
40,198800,2.3,17700,9.22,0.089,9,0.4091,0.0082,RENT,VENTURE,N,0
48,59900,14.8,11600,,0.1937,6,0.2,0.0245,RENT,VENTURE,N,0
70,57400,3.7,7500,8.7,0.1307,7,0.1346,0.0114,RENT,PERSONAL,N,0
52,73800,1.1,12500,8.5,0.1694,13,0.3824,0.0144,RENT,EDUCATION,N,0
38,48400,3.4,10200,10.97,0.2107,2,0.1,0.0231,RENT,PERSONAL,N,0
60,49300,2.6,24400,17.76,0.4949,8,0.1905,0.0879,MORTGAGE,EDUCATION,Y,1
33,19700,2.5,23000,21.07,1.1675,3,0.2,0.246,MORTGAGE,EDUCATION,N,1
48,95600,6.4,7800,6.41,0.0816,8,0.2667,0.0052,MORTGAGE,VENTURE,N,0
38,37400,5.1,22700,20.24,0.607,5,0.25,0.1229,OTHER,VENTURE,Y,1
45,25500,7.8,4500,8.18,0.1765,4,0.1481,0.0144,OWN,MEDICAL,N,0
39,12000,15.0,7700,17.78,0.6417,2,0.0952,0.1141,RENT,PERSONAL,Y,0
43,74800,15.8,29500,13.76,0.3944,2,0.08,0.0543,MORTGAGE,VENTURE,N,0
47,140800,3.8,10600,6.68,0.0753,2,0.069,0.005,MORTGAGE,EDUCATION,N,0
58,77600,3.6,13000,14.25,0.1675,2,0.05,0.0239,OWN,VENTURE,N,0
48,16700,7.4,17600,18.8,1.0539,2,0.0667,0.1981,RENT,MEDICAL,Y,1
30,77900,8.7,8800,10.0,0.113,4,0.3333,0.0113,RENT,VENTURE,N,0
46,31200,0.6,13000,,0.4167,8,0.2857,0.0528,RENT,PERSONAL,Y,1
32,43100,3.2,25600,18.26,0.594,10,0.7143,0.1085,MORTGAGE,MEDICAL,Y,1
47,51600,5.2,14000,10.47,0.2713,5,0.1724,0.0284,RENT,DEBTCONSOLIDATION,N,0
37,57500,0.3,19000,14.07,0.3304,9,0.4737,0.0465,MORTGAGE,PERSONAL,N,0
38,56000,4.1,28000,19.17,0.5,2,0.1,0.0958,RENT,DEBTCONSOLIDATION,N,0
64,37800,9.9,5500,10.18,0.1455,4,0.087,0.0148,MORTGAGE,EDUCATION,N,0
36,97700,3.7,8700,12.08,0.089,5,0.2778,0.0108,OWN,PERSONAL,N,0
45,141400,3.3,13100,12.05,0.0926,8,0.2963,0.0112,RENT,EDUCATION,N,0
65,89900,1.7,20700,11.38,0.2303,8,0.1702,0.0262,RENT,EDUCATION,N,0
45,43000,3.3,17600,15.53,0.4093,6,0.2222,0.0636,RENT,EDUCATION,Y,1
39,34700,0.0,5500,11.92,0.1585,2,0.0952,0.0189,MORTGAGE,EDUCATION,N,0
43,46600,6.1,18000,16.99,0.3863,4,0.16,0.0656,MORTGAGE,DEBTCONSOLIDATION,N,0
47,234000,5.7,7800,8.65,0.0333,2,0.069,0.0029,MORTGAGE,MEDICAL,N,0
41,123900,0.9,6800,8.24,0.0549,8,0.3478,0.0045,RENT,VENTURE,N,0
41,21900,7.7,18000,22.86,0.8219,2,0.087,0.1879,RENT,DEBTCONSOLIDATION,Y,1
37,74500,6.2,7800,10.37,0.1047,19,1.0,0.0109,MORTGAGE,EDUCATION,N,0
39,48100,4.7,20600,14.36,0.4283,3,0.1429,0.0615,RENT,PERSONAL,N,1
48,82100,6.9,14800,10.55,0.1803,9,0.3,0.019,MORTGAGE,PERSONAL,N,0
36,59300,2.9,18200,12.08,0.3069,7,0.3889,0.0371,RENT,MEDICAL,N,0
38,126100,1.3,14300,8.85,0.1134,2,0.1,0.01,OWN,MEDICAL,N,0
44,54100,5.5,10100,11.03,0.1867,4,0.1538,0.0206,RENT,MEDICAL,N,0
42,86900,9.9,15200,12.05,0.1749,8,0.3333,0.0211,RENT,DEBTCONSOLIDATION,N,0
48,27200,2.2,9700,13.91,0.3566,3,0.1,0.0496,RENT,MEDICAL,N,1
62,45000,0.5,13700,,0.3044,5,0.1136,0.0385,RENT,MEDICAL,N,0
40,90700,9.5,27600,15.4,0.3043,9,0.4091,0.0469,RENT,DEBTCONSOLIDATION,N,0
31,94100,,10500,7.91,0.1116,2,0.1538,0.0088,MORTGAGE,MEDICAL,N,0
38,42100,9.3,28100,20.98,0.6675,4,0.2,0.14,RENT,PERSONAL,N,0
43,19100,1.0,27700,19.21,1.4503,11,0.44,0.2786,MORTGAGE,MEDICAL,Y,0
57,95700,1.5,1600,10.79,0.0167,7,0.1795,0.0018,MORTGAGE,PERSONAL,N,0
49,50900,7.4,23700,17.69,0.4656,8,0.2581,0.0824,RENT,EDUCATION,N,1
59,85500,1.3,10400,12.42,0.1216,15,0.3659,0.0151,MORTGAGE,MEDICAL,N,0
39,27100,2.8,10600,13.77,0.3911,4,0.1905,0.0539,MORTGAGE,DEBTCONSOLIDATION,N,0
53,43600,4.9,18900,12.93,0.4335,2,0.0571,0.0561,RENT,PERSONAL,Y,0
37,59100,7.4,20900,14.76,0.3536,12,0.6316,0.0522,RENT,DEBTCONSOLIDATION,N,0
57,98200,1.9,21300,9.22,0.2169,13,0.3333,0.02,RENT,EDUCATION,N,0
45,61100,0.5,29500,16.42,0.4828,16,0.5926,0.0793,OTHER,PERSONAL,N,0
41,77700,3.0,17900,10.91,0.2304,3,0.1304,0.0251,MORTGAGE,EDUCATION,N,0
46,28700,4.0,25500,20.72,0.8885,9,0.3214,0.1841,MORTGAGE,PERSONAL,Y,1
36,70600,11.9,11400,10.56,0.1615,11,0.6111,0.0171,OWN,EDUCATION,N,0
42,26700,5.3,20600,20.56,0.7715,4,0.1667,0.1586,RENT,VENTURE,N,1
51,76100,1.4,27500,15.03,0.3614,6,0.1818,0.0543,MORTGAGE,MEDICAL,N,0
54,73300,1.3,27200,13.61,0.3711,7,0.1944,0.0505,MORTGAGE,PERSONAL,N,0
51,115400,18.3,25500,13.66,0.221,11,0.3333,0.0302,RENT,PERSONAL,N,0
44,76200,2.8,6200,10.12,0.0814,9,0.3462,0.0082,RENT,MEDICAL,N,0
57,144300,0.3,24600,12.86,0.1705,9,0.2308,0.0219,RENT,VENTURE,N,1
56,79100,3.6,21800,12.67,0.2756,3,0.0789,0.0349,MORTGAGE,PERSONAL,N,0
40,84200,1.8,7300,7.48,0.0867,6,0.2727,0.0065,MORTGAGE,VENTURE,N,0
45,41700,1.1,11700,11.79,0.2806,2,0.0741,0.0331,RENT,EDUCATION,N,0
46,45300,2.8,10400,12.97,0.2296,3,0.1071,0.0298,OWN,DEBTCONSOLIDATION,N,0
34,34900,0.7,17300,15.53,0.4957,9,0.5625,0.077,MORTGAGE,EDUCATION,N,0
55,74400,5.5,13300,14.01,0.1788,14,0.3784,0.025,RENT,DEBTCONSOLIDATION,N,0
42,30700,8.6,24100,20.25,0.785,10,0.4167,0.159,MORTGAGE,PERSONAL,N,1
46,47200,7.6,10900,12.0,0.2309,4,0.1429,0.0277,OWN,PERSONAL,N,0
41,47100,9.9,24900,17.44,0.5287,17,0.7391,0.0922,MORTGAGE,EDUCATION,Y,1
38,101700,1.5,15800,13.1,0.1554,18,0.9,0.0204,MORTGAGE,VENTURE,N,1
60,58400,10.5,14500,12.79,0.2483,6,0.1429,0.0318,RENT,PERSONAL,Y,0
48,39200,8.5,11300,9.77,0.2883,10,0.3333,0.0282,RENT,EDUCATION,N,0
40,27800,0.8,7300,10.58,0.2626,6,0.2727,0.0278,RENT,MEDICAL,N,0
29,20400,4.4,12900,18.63,0.6324,6,0.5455,0.1178,RENT,MEDICAL,N,1
34,30500,9.1,15000,19.56,0.4918,4,0.25,0.0962,RENT,DEBTCONSOLIDATION,Y,1
41,56500,0.7,8800,9.87,0.1558,15,0.6522,0.0154,RENT,DEBTCONSOLIDATION,N,0
44,77100,16.3,6200,12.19,0.0804,2,0.0769,0.0098,RENT,MEDICAL,N,0
57,58400,13.8,16600,15.52,0.2842,5,0.1282,0.0441,MORTGAGE,DEBTCONSOLIDATION,N,0
38,50100,4.5,10800,10.89,0.2156,10,0.5,0.0235,MORTGAGE,PERSONAL,N,0
42,41000,13.9,16000,14.54,0.3902,7,0.2917,0.0567,OWN,EDUCATION,N,0
59,88900,1.0,10300,7.79,0.1159,9,0.2195,0.009,MORTGAGE,MEDICAL,N,0
42,98600,1.5,23700,12.17,0.2404,10,0.4167,0.0293,MORTGAGE,DEBTCONSOLIDATION,N,0
43,36300,5.3,10800,13.56,0.2975,9,0.36,0.0403,MORTGAGE,VENTURE,N,0
59,33800,4.9,5300,11.64,0.1568,4,0.0976,0.0183,RENT,DEBTCONSOLIDATION,N,1
37,50100,1.3,29900,20.23,0.5968,8,0.4211,0.1207,RENT,MEDICAL,Y,1
43,22000,9.9,24600,15.96,1.1182,2,0.08,0.1785,MORTGAGE,EDUCATION,Y,1
47,63600,4.3,23600,13.36,0.3711,15,0.5172,0.0496,RENT,EDUCATION,N,0
60,19500,1.6,9800,16.19,0.5026,5,0.119,0.0814,MORTGAGE,EDUCATION,Y,1
40,70900,,24900,15.67,0.3512,5,0.2273,0.055,MORTGAGE,PERSONAL,N,0
59,34000,5.5,16400,16.23,0.4824,2,0.0488,0.0783,MORTGAGE,EDUCATION,N,1
48,33000,0.6,10600,16.5,0.3212,6,0.2,0.053,RENT,HOMEIMPROVEMENT,N,1
60,113900,1.1,26000,10.56,0.2283,5,0.119,0.0241,RENT,EDUCATION,N,0
42,57600,9.5,17700,14.31,0.3073,2,0.0833,0.044,RENT,DEBTCONSOLIDATION,N,0
35,49800,7.6,25000,17.68,0.502,2,0.1176,0.0888,RENT,EDUCATION,N,1
45,63700,0.2,7800,9.71,0.1224,4,0.1481,0.0119,RENT,PERSONAL,N,1
43,114100,0.6,8300,12.79,0.0727,3,0.12,0.0093,RENT,VENTURE,N,0
39,62800,1.2,18500,12.89,0.2946,2,0.0952,0.038,MORTGAGE,EDUCATION,N,1
39,170600,3.2,10400,8.09,0.061,2,0.0952,0.0049,RENT,MEDICAL,N,0
40,63100,13.4,27400,15.21,0.4342,6,0.2727,0.066,OTHER,HOMEIMPROVEMENT,N,1
31,112400,13.0,24600,11.45,0.2189,9,0.6923,0.0251,MORTGAGE,PERSONAL,N,0
45,46600,5.4,8300,10.18,0.1781,8,0.2963,0.0181,RENT,EDUCATION,N,0
37,53300,3.2,23500,16.2,0.4409,18,0.9474,0.0714,RENT,EDUCATION,N,0
54,115900,0.1,16000,9.32,0.1381,11,0.3056,0.0129,RENT,PERSONAL,N,0
58,149800,1.5,10500,9.19,0.0701,6,0.15,0.0064,RENT,VENTURE,N,0
64,23600,10.8,12900,14.74,0.5466,16,0.3478,0.0806,OWN,HOMEIMPROVEMENT,N,0
55,39600,8.2,32100,20.73,0.8106,2,0.0541,0.168,RENT,HOMEIMPROVEMENT,Y,1
41,35900,0.9,7600,10.46,0.2117,13,0.5652,0.0221,RENT,HOMEIMPROVEMENT,N,0
44,35100,2.0,18600,16.14,0.5299,4,0.1538,0.0855,MORTGAGE,VENTURE,N,1
40,51300,7.2,12400,9.8,0.2417,2,0.0909,0.0237,MORTGAGE,PERSONAL,N,0
38,84300,2.0,11900,12.87,0.1412,12,0.6,0.0182,RENT,VENTURE,N,0
47,49000,3.6,14200,12.64,0.2898,4,0.1379,0.0366,OWN,PERSONAL,N,0
39,24600,0.7,19000,18.05,0.7724,2,0.0952,0.1394,MORTGAGE,EDUCATION,Y,1
39,58100,3.1,27000,18.87,0.4647,3,0.1429,0.0877,RENT,DEBTCONSOLIDATION,N,0
45,42400,0.8,15200,11.93,0.3585,4,0.1481,0.0428,RENT,EDUCATION,N,0
46,29300,4.9,17500,19.86,0.5973,2,0.0714,0.1186,MORTGAGE,PERSONAL,Y,1
37,51900,1.0,20100,15.06,0.3873,6,0.3158,0.0583,RENT,MEDICAL,Y,0
55,238700,11.3,3900,5.42,0.0163,3,0.0811,0.0009,RENT,PERSONAL,Y,0
40,71300,0.5,18200,11.93,0.2553,7,0.3182,0.0305,MORTGAGE,MEDICAL,N,0
39,47400,1.1,21600,,0.4557,13,0.619,0.0577,RENT,EDUCATION,N,1
44,23100,4.2,4100,11.3,0.1775,8,0.3077,0.0201,RENT,PERSONAL,N,0
51,73600,1.9,28900,11.64,0.3927,2,0.0606,0.0457,MORTGAGE,PERSONAL,N,0
50,36100,7.9,17000,14.41,0.4709,6,0.1875,0.0679,MORTGAGE,EDUCATION,Y,1
42,70200,21.0,27300,13.38,0.3889,11,0.4583,0.052,MORTGAGE,PERSONAL,N,0
33,44300,4.0,3800,9.38,0.0858,5,0.3333,0.008,RENT,VENTURE,N,0
38,50500,1.0,15900,11.87,0.3149,5,0.25,0.0374,MORTGAGE,VENTURE,Y,0
57,49200,0.8,14900,10.38,0.3028,6,0.1538,0.0314,MORTGAGE,VENTURE,N,1
33,88900,0.7,30500,15.07,0.3431,2,0.1333,0.0517,MORTGAGE,EDUCATION,N,0
63,135000,13.0,12800,7.17,0.0948,5,0.1111,0.0068,MORTGAGE,EDUCATION,Y,0
43,53500,4.4,30100,17.36,0.5626,3,0.12,0.0977,RENT,HOMEIMPROVEMENT,N,1
41,35400,3.8,18200,18.01,0.5141,8,0.3478,0.0926,RENT,VENTURE,N,0
38,76900,0.8,15100,,0.1964,5,0.25,0.0249,RENT,EDUCATION,N,0
62,27100,2.0,8300,10.44,0.3063,3,0.0682,0.032,RENT,VENTURE,N,1
30,99300,4.5,27200,14.89,0.2739,6,0.5,0.0408,RENT,EDUCATION,N,0
48,25200,2.0,19100,19.33,0.7579,10,0.3333,0.1465,MORTGAGE,EDUCATION,Y,1
42,107200,1.4,5200,9.81,0.0485,2,0.0833,0.0048,RENT,PERSONAL,N,0
66,74900,7.5,17200,10.61,0.2296,5,0.1042,0.0244,MORTGAGE,EDUCATION,N,0
37,48600,8.8,15300,13.27,0.3148,7,0.3684,0.0418,RENT,MEDICAL,N,0
49,177300,7.2,17100,13.02,0.0964,11,0.3548,0.0126,RENT,VENTURE,N,0
46,119600,4.9,6200,11.05,0.0518,2,0.0714,0.0057,RENT,DEBTCONSOLIDATION,N,0
51,46200,2.8,5500,7.57,0.119,5,0.1515,0.009,RENT,MEDICAL,N,0
40,30300,12.8,13600,14.3,0.4488,6,0.2727,0.0642,MORTGAGE,MEDICAL,N,0
31,71100,13.0,16500,9.03,0.2321,7,0.5385,0.021,RENT,VENTURE,N,0
54,20400,36.0,18300,21.44,0.8971,17,0.4722,0.1923,RENT,MEDICAL,N,1
35,84600,9.9,16200,12.38,0.1915,5,0.2941,0.0237,MORTGAGE,VENTURE,N,0
62,25700,0.9,26200,20.44,1.0195,2,0.0455,0.2084,RENT,EDUCATION,Y,1
34,38400,12.1,8800,11.29,0.2292,4,0.25,0.0259,OWN,EDUCATION,N,0
49,35600,1.5,16400,18.08,0.4607,12,0.3871,0.0833,RENT,VENTURE,N,0
51,64200,2.0,13700,9.07,0.2134,8,0.2424,0.0194,MORTGAGE,VENTURE,N,0
43,57000,0.6,16200,11.36,0.2842,4,0.16,0.0323,RENT,DEBTCONSOLIDATION,N,0
43,36100,3.7,31400,18.73,0.8698,2,0.08,0.1629,RENT,VENTURE,Y,1
58,32300,11.2,14800,17.45,0.4582,9,0.225,0.08,MORTGAGE,DEBTCONSOLIDATION,Y,0
56,20200,,14800,19.74,0.7327,3,0.0789,0.1446,OWN,HOMEIMPROVEMENT,Y,1
36,57900,12.7,18500,12.21,0.3195,3,0.1667,0.039,OWN,EDUCATION,N,0
39,53300,13.2,9900,11.97,0.1857,13,0.619,0.0222,RENT,PERSONAL,N,0
55,32500,1.0,11600,14.59,0.3569,14,0.3784,0.0521,MORTGAGE,DEBTCONSOLIDATION,N,0
41,152800,2.1,8400,9.79,0.055,4,0.1739,0.0054,RENT,VENTURE,N,0
37,59300,0.2,12100,,0.204,6,0.3158,0.0258,MORTGAGE,EDUCATION,N,0
31,64700,0.3,12900,13.04,0.1994,3,0.2308,0.026,MORTGAGE,PERSONAL,N,0
56,152300,0.7,12000,5.42,0.0788,4,0.1053,0.0043,RENT,MEDICAL,N,0
37,135300,1.1,24100,7.89,0.1781,4,0.2105,0.0141,RENT,PERSONAL,N,0
52,44600,1.1,17400,14.64,0.3901,9,0.2647,0.0571,MORTGAGE,HOMEIMPROVEMENT,N,0
36,101900,2.4,5000,10.99,0.0491,5,0.2778,0.0054,OWN,VENTURE,N,0
42,68600,3.3,23600,11.32,0.344,12,0.5,0.0389,RENT,PERSONAL,N,0
30,67200,1.7,15900,13.61,0.2366,12,1.0,0.0322,RENT,MEDICAL,N,0
34,34600,5.6,26400,18.8,0.763,11,0.6875,0.1434,RENT,MEDICAL,N,1
56,27000,7.7,23400,21.75,0.8667,11,0.2895,0.1885,RENT,DEBTCONSOLIDATION,Y,1
42,71300,,4200,5.42,0.0589,6,0.25,0.0032,RENT,MEDICAL,Y,0
59,44900,15.7,17700,16.56,0.3942,3,0.0732,0.0653,MORTGAGE,VENTURE,N,1
48,122500,3.1,22400,11.34,0.1829,8,0.2667,0.0207,RENT,EDUCATION,N,0
41,73400,4.5,7800,10.68,0.1063,20,0.8696,0.0114,MORTGAGE,PERSONAL,N,0
34,38900,3.2,25700,17.34,0.6607,6,0.375,0.1146,RENT,HOMEIMPROVEMENT,N,1
40,40000,7.6,1700,10.87,0.0425,5,0.2273,0.0046,RENT,VENTURE,N,0
44,70200,6.2,21500,7.94,0.3063,11,0.4231,0.0243,MORTGAGE,EDUCATION,N,0
58,58700,8.1,9500,10.59,0.1618,6,0.15,0.0171,RENT,EDUCATION,N,0
43,83200,4.0,9200,8.75,0.1106,11,0.44,0.0097,MORTGAGE,PERSONAL,N,0
51,53200,0.2,13100,12.5,0.2462,14,0.4242,0.0308,RENT,MEDICAL,N,0
45,72000,6.4,16400,14.61,0.2278,7,0.2593,0.0333,OWN,EDUCATION,N,0
36,65900,10.2,13900,,0.2109,11,0.6111,0.0267,MORTGAGE,PERSONAL,N,0
51,30900,0.4,6700,11.81,0.2168,17,0.5152,0.0256,RENT,DEBTCONSOLIDATION,N,0
51,250000,1.7,14400,7.79,0.0576,6,0.1818,0.0045,MORTGAGE,VENTURE,N,0
50,55000,3.3,9900,,0.18,11,0.3438,0.0228,RENT,MEDICAL,N,0
46,70300,1.4,28800,16.2,0.4097,7,0.25,0.0664,MORTGAGE,PERSONAL,N,1
53,28500,2.1,8300,13.0,0.2912,8,0.2286,0.0379,RENT,HOMEIMPROVEMENT,N,0
47,57200,5.0,26500,19.02,0.4633,7,0.2414,0.0881,OWN,DEBTCONSOLIDATION,N,1
52,51400,7.6,8600,9.94,0.1673,5,0.1471,0.0166,MORTGAGE,PERSONAL,N,0
54,171700,3.4,17600,10.22,0.1025,8,0.2222,0.0105,MORTGAGE,VENTURE,N,0
58,45400,1.4,24800,,0.5463,10,0.25,0.0692,RENT,EDUCATION,Y,1
45,57300,7.7,13400,10.65,0.2339,5,0.1852,0.0249,RENT,MEDICAL,N,0
42,47700,7.1,11000,14.62,0.2306,6,0.25,0.0337,MORTGAGE,VENTURE,N,0
36,80400,8.1,15300,9.11,0.1903,8,0.4444,0.0173,MORTGAGE,PERSONAL,N,0
42,56800,6.9,13800,10.26,0.243,2,0.0833,0.0249,RENT,EDUCATION,N,0
38,15800,11.8,9400,16.45,0.5949,12,0.6,0.0979,MORTGAGE,MEDICAL,Y,1
34,63600,2.7,28900,17.62,0.4544,8,0.5,0.0801,RENT,EDUCATION,N,0
37,53500,8.2,15500,15.77,0.2897,7,0.3684,0.0457,RENT,DEBTCONSOLIDATION,N,0
28,28500,1.2,29000,,1.0175,8,0.8,0.1288,RENT,VENTURE,N,1
36,93200,5.6,11400,,0.1223,7,0.3889,0.0155,OTHER,MEDICAL,N,0
43,35600,15.0,9000,11.93,0.2528,4,0.16,0.0302,MORTGAGE,PERSONAL,N,0
38,63800,9.1,8500,10.93,0.1332,4,0.2,0.0146,RENT,DEBTCONSOLIDATION,N,0
52,65400,8.6,3300,10.69,0.0505,5,0.1471,0.0054,MORTGAGE,DEBTCONSOLIDATION,N,0
35,94500,12.1,26500,14.01,0.2804,6,0.3529,0.0393,RENT,VENTURE,N,0
37,144700,1.5,21800,7.75,0.1507,5,0.2632,0.0117,RENT,MEDICAL,N,0
43,39500,2.3,14300,16.89,0.362,6,0.24,0.0611,MORTGAGE,MEDICAL,N,0
31,72100,6.0,13700,11.62,0.19,4,0.3077,0.0221,MORTGAGE,PERSONAL,N,0
46,99700,0.4,8400,,0.0843,12,0.4286,0.0107,OWN,PERSONAL,N,0
47,36800,2.4,10900,14.22,0.2962,5,0.1724,0.0421,MORTGAGE,VENTURE,N,0
36,62000,0.7,18100,11.66,0.2919,5,0.2778,0.034,MORTGAGE,EDUCATION,N,0
50,59200,7.4,5300,9.33,0.0895,10,0.3125,0.0084,OWN,HOMEIMPROVEMENT,N,0
49,85200,11.2,30100,12.14,0.3533,7,0.2258,0.0429,RENT,PERSONAL,N,0
36,83000,2.4,12100,7.9,0.1458,8,0.4444,0.0115,RENT,MEDICAL,N,0
58,101300,0.6,8600,12.54,0.0849,6,0.15,0.0106,OWN,DEBTCONSOLIDATION,N,0
38,43500,19.1,8100,11.1,0.1862,11,0.55,0.0207,RENT,MEDICAL,N,0
47,87100,4.7,16400,10.87,0.1883,4,0.1379,0.0205,RENT,MEDICAL,N,0
52,18400,1.0,15500,22.97,0.8424,4,0.1176,0.1935,MORTGAGE,HOMEIMPROVEMENT,Y,1
30,87100,1.0,10200,11.19,0.1171,11,0.9167,0.0131,MORTGAGE,EDUCATION,N,1
50,69000,17.2,11800,12.49,0.171,2,0.0625,0.0214,RENT,VENTURE,N,0
47,128500,,26600,14.03,0.207,10,0.3448,0.029,MORTGAGE,VENTURE,N,0
47,57500,22.3,9000,11.64,0.1565,2,0.069,0.0182,RENT,EDUCATION,Y,0
58,58400,6.5,12900,,0.2209,16,0.4,0.028,RENT,DEBTCONSOLIDATION,Y,1
32,69600,9.5,18100,14.14,0.2601,3,0.2143,0.0368,RENT,MEDICAL,N,0
44,51200,0.4,14200,13.49,0.2773,6,0.2308,0.0374,OWN,PERSONAL,N,0
47,61400,8.9,6500,9.9,0.1059,11,0.3793,0.0105,MORTGAGE,MEDICAL,Y,0
36,18800,0.7,25600,20.06,1.3617,17,0.9444,0.2732,MORTGAGE,EDUCATION,N,1
33,45500,0.7,17000,14.32,0.3736,3,0.2,0.0535,MORTGAGE,VENTURE,N,0
49,85400,5.0,24300,13.34,0.2845,6,0.1935,0.038,MORTGAGE,VENTURE,N,0
70,43800,7.7,17300,14.53,0.395,5,0.0962,0.0574,RENT,HOMEIMPROVEMENT,Y,0
42,43800,4.5,17300,16.58,0.395,5,0.2083,0.0655,RENT,EDUCATION,N,1
55,48600,,18800,13.73,0.3868,8,0.2162,0.0531,MORTGAGE,HOMEIMPROVEMENT,N,0
33,59400,4.1,24100,15.19,0.4057,3,0.2,0.0616,RENT,MEDICAL,N,0
34,29900,0.4,24500,22.21,0.8194,6,0.375,0.182,OWN,MEDICAL,Y,1
46,52800,13.3,12500,13.64,0.2367,6,0.2143,0.0323,MORTGAGE,EDUCATION,N,0
41,120100,9.1,16400,13.79,0.1366,4,0.1739,0.0188,OWN,HOMEIMPROVEMENT,N,0
38,112100,4.4,21900,11.71,0.1954,2,0.1,0.0229,MORTGAGE,MEDICAL,N,0
41,222500,0.7,18800,5.42,0.0845,5,0.2174,0.0046,RENT,MEDICAL,N,0
34,121000,1.3,13000,13.8,0.1074,11,0.6875,0.0148,OWN,DEBTCONSOLIDATION,N,0
51,36800,5.0,21600,15.7,0.587,4,0.1212,0.0922,RENT,DEBTCONSOLIDATION,Y,1
64,16300,2.4,4800,6.87,0.2945,7,0.1522,0.0202,OWN,HOMEIMPROVEMENT,Y,0
47,95600,4.6,19100,,0.1998,7,0.2414,0.0253,RENT,PERSONAL,N,1
42,60000,3.1,11800,11.36,0.1967,4,0.1667,0.0223,RENT,MEDICAL,N,0
26,99700,1.8,18100,12.69,0.1815,5,0.625,0.023,MORTGAGE,DEBTCONSOLIDATION,N,0
31,114800,3.3,6800,9.93,0.0592,4,0.3077,0.0059,RENT,VENTURE,N,0
56,84900,9.9,17800,12.18,0.2097,6,0.1579,0.0255,RENT,EDUCATION,N,0
41,55600,7.2,18200,13.94,0.3273,4,0.1739,0.0456,MORTGAGE,DEBTCONSOLIDATION,Y,1
51,29500,2.1,21200,23.22,0.7186,5,0.1515,0.1669,RENT,EDUCATION,N,1
46,43000,3.5,11900,13.61,0.2767,4,0.1429,0.0377,OWN,MEDICAL,N,0
54,76200,0.4,11500,9.0,0.1509,7,0.1944,0.0136,RENT,PERSONAL,N,0
60,46700,8.4,12000,12.53,0.257,5,0.119,0.0322,OWN,VENTURE,N,0
44,105800,8.0,20100,9.64,0.19,7,0.2692,0.0183,MORTGAGE,DEBTCONSOLIDATION,N,0
44,54500,6.5,17200,14.02,0.3156,9,0.3462,0.0442,RENT,VENTURE,N,0
57,59800,1.1,13300,13.89,0.2224,9,0.2308,0.0309,RENT,VENTURE,N,0
37,52600,6.3,20900,16.19,0.3973,8,0.4211,0.0643,MORTGAGE,MEDICAL,N,0
26,94600,7.4,6200,7.85,0.0655,3,0.375,0.0051,RENT,MEDICAL,N,0
27,49600,,4000,11.93,0.0806,4,0.4444,0.0096,OWN,DEBTCONSOLIDATION,N,0
49,34000,1.3,15900,17.85,0.4676,7,0.2258,0.0835,RENT,MEDICAL,Y,1
54,70000,7.1,30400,13.7,0.4343,3,0.0833,0.0595,MORTGAGE,PERSONAL,N,0
37,103400,1.5,27200,10.65,0.2631,12,0.6316,0.028,MORTGAGE,PERSONAL,N,0
39,57600,0.1,19900,13.19,0.3455,7,0.3333,0.0456,MORTGAGE,DEBTCONSOLIDATION,N,0
48,52500,0.7,8800,13.71,0.1676,7,0.2333,0.023,MORTGAGE,VENTURE,N,0
27,61800,9.0,14900,13.29,0.2411,6,0.6667,0.032,RENT,VENTURE,N,0
33,47300,1.2,9700,,0.2051,3,0.2,0.026,RENT,MEDICAL,N,1
47,76100,17.9,28000,14.12,0.3679,6,0.2069,0.0519,MORTGAGE,MEDICAL,Y,0
56,71400,9.7,7300,13.34,0.1022,12,0.3158,0.0136,RENT,HOMEIMPROVEMENT,N,0
52,12500,18.4,23800,18.7,1.904,2,0.0588,0.356,RENT,MEDICAL,Y,1
43,33100,1.9,31300,20.36,0.9456,5,0.2,0.1925,MORTGAGE,DEBTCONSOLIDATION,Y,1
44,89100,6.3,6200,10.82,0.0696,2,0.0769,0.0075,MORTGAGE,PERSONAL,N,0
35,34900,0.7,23200,18.37,0.6648,6,0.3529,0.1221,MORTGAGE,MEDICAL,N,1
49,45300,12.3,15400,13.51,0.34,15,0.4839,0.0459,RENT,MEDICAL,Y,1
41,90700,2.2,8900,11.32,0.0981,5,0.2174,0.0111,RENT,EDUCATION,N,0
43,51500,15.0,10700,14.27,0.2078,4,0.16,0.0297,RENT,MEDICAL,N,0
54,38400,14.4,19700,17.05,0.513,4,0.1111,0.0875,RENT,EDUCATION,N,0
46,75400,1.4,8600,10.28,0.1141,2,0.0714,0.0117,MORTGAGE,VENTURE,N,0
35,146900,5.6,22500,12.59,0.1532,9,0.5294,0.0193,RENT,PERSONAL,N,0
54,36400,2.6,17800,16.92,0.489,7,0.1944,0.0827,OWN,DEBTCONSOLIDATION,N,0
47,61100,14.9,6900,9.75,0.1129,4,0.1379,0.011,RENT,MEDICAL,N,0
41,22100,6.2,15200,16.9,0.6878,7,0.3043,0.1162,MORTGAGE,HOMEIMPROVEMENT,N,1
37,46200,5.2,24500,17.06,0.5303,5,0.2632,0.0905,RENT,HOMEIMPROVEMENT,Y,0
42,75900,9.2,21500,13.88,0.2833,4,0.1667,0.0393,RENT,PERSONAL,N,0
40,27400,3.8,17100,19.63,0.6241,8,0.3636,0.1225,RENT,PERSONAL,N,1
36,78100,0.2,6300,6.01,0.0807,7,0.3889,0.0049,RENT,PERSONAL,N,1
45,61100,8.0,19800,10.59,0.3241,18,0.6667,0.0343,RENT,VENTURE,N,1
52,75000,0.2,7800,8.58,0.104,6,0.1765,0.0089,MORTGAGE,EDUCATION,N,0
44,81900,7.0,7400,5.98,0.0904,3,0.1154,0.0054,MORTGAGE,EDUCATION,N,0
47,158500,11.3,11200,12.63,0.0707,7,0.2414,0.0089,MORTGAGE,MEDICAL,N,0
39,84500,0.2,14600,10.63,0.1728,4,0.1905,0.0184,MORTGAGE,VENTURE,N,0
34,40600,0.8,9900,12.37,0.2438,3,0.1875,0.0302,RENT,EDUCATION,N,0
38,31200,4.6,8800,16.63,0.2821,3,0.15,0.0469,RENT,VENTURE,N,0
64,49700,7.7,12200,14.49,0.2455,12,0.2609,0.0356,RENT,VENTURE,N,0
52,129900,4.9,17500,11.14,0.1347,4,0.1176,0.015,RENT,EDUCATION,N,0
52,63000,6.3,30600,17.3,0.4857,7,0.2059,0.084,MORTGAGE,HOMEIMPROVEMENT,N,0
54,143200,4.3,25400,9.79,0.1774,7,0.1944,0.0174,RENT,VENTURE,Y,0
43,34900,7.6,11200,12.88,0.3209,9,0.36,0.0413,RENT,MEDICAL,Y,1
43,51100,1.4,9400,11.62,0.184,10,0.4,0.0214,MORTGAGE,MEDICAL,N,0
36,18100,1.7,30300,19.89,1.674,3,0.1667,0.333,RENT,EDUCATION,Y,0
52,57600,3.2,30900,16.34,0.5365,16,0.4706,0.0877,MORTGAGE,HOMEIMPROVEMENT,Y,1
35,32700,17.0,8200,11.27,0.2508,5,0.2941,0.0283,RENT,VENTURE,N,0
60,75400,5.2,5400,8.8,0.0716,6,0.1429,0.0063,MORTGAGE,PERSONAL,N,0
38,24100,,19800,18.99,0.8216,2,0.1,0.156,MORTGAGE,PERSONAL,Y,1
56,54700,2.0,11000,13.6,0.2011,5,0.1316,0.0273,RENT,HOMEIMPROVEMENT,N,0
42,61900,2.2,26000,15.66,0.42,8,0.3333,0.0658,RENT,PERSONAL,N,0
56,65300,2.9,14700,10.98,0.2251,4,0.1053,0.0247,RENT,MEDICAL,N,0
44,27700,4.6,22300,18.24,0.8051,20,0.7692,0.1469,RENT,VENTURE,Y,1
31,38200,5.6,26700,22.42,0.699,5,0.3846,0.1567,OWN,MEDICAL,N,1
41,54200,3.6,19300,15.7,0.3561,2,0.087,0.0559,RENT,HOMEIMPROVEMENT,N,1
41,19300,6.9,4600,11.47,0.2383,4,0.1739,0.0273,MORTGAGE,VENTURE,N,0
43,126400,7.3,32700,11.74,0.2587,7,0.28,0.0304,MORTGAGE,MEDICAL,N,0
44,60400,4.1,9300,7.48,0.154,6,0.2308,0.0115,RENT,PERSONAL,N,0
48,31200,0.5,11900,14.9,0.3814,4,0.1333,0.0568,RENT,MEDICAL,N,0
52,86900,0.5,22100,10.26,0.2543,5,0.1471,0.0261,RENT,DEBTCONSOLIDATION,Y,0
40,36800,8.9,8000,11.14,0.2174,4,0.1818,0.0242,RENT,EDUCATION,N,0
47,42000,0.3,26300,17.3,0.6262,4,0.1379,0.1083,RENT,HOMEIMPROVEMENT,N,1
64,50600,3.0,15800,13.0,0.3123,8,0.1739,0.0406,RENT,EDUCATION,N,1
51,21500,2.0,7800,13.47,0.3628,7,0.2121,0.0489,RENT,MEDICAL,N,1
53,34300,5.2,1900,8.56,0.0554,8,0.2286,0.0047,OWN,EDUCATION,Y,0
40,33100,1.0,25100,18.12,0.7583,7,0.3182,0.1374,OWN,PERSONAL,Y,1
41,26400,4.6,12000,18.25,0.4545,2,0.087,0.0829,MORTGAGE,EDUCATION,Y,1
49,22400,4.5,8600,13.05,0.3839,5,0.1613,0.0501,MORTGAGE,VENTURE,N,1
41,131900,10.5,4500,12.31,0.0341,2,0.087,0.0042,RENT,PERSONAL,N,0
43,54400,,7300,6.75,0.1342,4,0.16,0.0091,RENT,EDUCATION,N,0
46,78300,1.2,18500,11.56,0.2363,9,0.3214,0.0273,RENT,DEBTCONSOLIDATION,N,0
32,80000,0.2,1600,9.7,0.02,2,0.1429,0.0019,RENT,EDUCATION,N,0
58,44300,2.2,2700,7.03,0.0609,5,0.125,0.0043,MORTGAGE,VENTURE,N,0
36,55700,16.9,11400,10.56,0.2047,5,0.2778,0.0216,RENT,HOMEIMPROVEMENT,N,0
55,44400,11.5,4000,9.88,0.0901,13,0.3514,0.0089,MORTGAGE,EDUCATION,N,0
55,117200,4.8,2600,11.44,0.0222,3,0.0811,0.0025,RENT,VENTURE,N,0
50,27400,14.4,21300,14.83,0.7774,4,0.125,0.1153,RENT,EDUCATION,Y,1
38,38900,1.6,7300,11.72,0.1877,8,0.4,0.022,MORTGAGE,PERSONAL,N,0
66,92400,0.6,24600,13.01,0.2662,3,0.0625,0.0346,RENT,VENTURE,N,0
42,35000,6.8,9600,13.5,0.2743,4,0.1667,0.037,OTHER,PERSONAL,N,1
37,59500,3.8,16600,12.52,0.279,5,0.2632,0.0349,RENT,PERSONAL,Y,0
36,36800,0.5,8500,14.16,0.231,3,0.1667,0.0327,RENT,EDUCATION,Y,0
45,87800,1.7,16600,,0.1891,5,0.1852,0.0239,RENT,MEDICAL,Y,0
28,24000,1.4,12200,14.26,0.5083,3,0.3,0.0725,MORTGAGE,EDUCATION,N,0
45,45100,0.4,9700,11.79,0.2151,11,0.4074,0.0254,MORTGAGE,VENTURE,N,0
59,23600,6.3,6100,11.29,0.2585,14,0.3415,0.0292,MORTGAGE,VENTURE,N,0
39,66500,9.2,11200,8.14,0.1684,15,0.7143,0.0137,RENT,MEDICAL,N,0
43,171300,3.0,15800,10.43,0.0922,3,0.12,0.0096,RENT,MEDICAL,N,0
41,40700,0.9,9200,10.56,0.226,8,0.3478,0.0239,RENT,EDUCATION,N,0
52,57000,16.4,25800,17.74,0.4526,6,0.1765,0.0803,RENT,DEBTCONSOLIDATION,N,1
39,74500,1.6,12400,9.71,0.1664,11,0.5238,0.0162,MORTGAGE,HOMEIMPROVEMENT,N,0
70,93600,,3900,6.44,0.0417,3,0.0577,0.0027,MORTGAGE,EDUCATION,N,0
33,111000,3.8,7000,6.72,0.0631,13,0.8667,0.0042,MORTGAGE,MEDICAL,N,0
41,41400,3.1,13500,15.41,0.3261,3,0.1304,0.0503,MORTGAGE,DEBTCONSOLIDATION,N,0
51,87600,1.8,16400,12.64,0.1872,7,0.2121,0.0237,RENT,VENTURE,N,0
38,53900,0.5,3200,7.92,0.0594,10,0.5,0.0047,RENT,EDUCATION,N,0
45,89100,0.9,11100,10.14,0.1246,6,0.2222,0.0126,RENT,HOMEIMPROVEMENT,N,0
51,63900,7.0,17600,13.82,0.2754,11,0.3333,0.0381,MORTGAGE,VENTURE,N,0
40,38000,5.0,14600,16.39,0.3842,2,0.0909,0.063,MORTGAGE,EDUCATION,N,0
40,28500,0.1,22700,20.12,0.7965,8,0.3636,0.1603,MORTGAGE,VENTURE,Y,1
32,120100,0.4,10100,9.2,0.0841,11,0.7857,0.0077,RENT,PERSONAL,N,0
37,62100,3.9,15700,12.42,0.2528,6,0.3158,0.0314,OWN,PERSONAL,N,0
45,64900,6.2,9400,9.29,0.1448,12,0.4444,0.0135,RENT,HOMEIMPROVEMENT,N,0
42,99900,7.7,12700,,0.1271,9,0.375,0.0161,RENT,HOMEIMPROVEMENT,N,0
31,24000,4.2,16100,20.86,0.6708,7,0.5385,0.1399,RENT,EDUCATION,Y,1
43,34100,2.2,23900,18.42,0.7009,12,0.48,0.1291,RENT,DEBTCONSOLIDATION,N,1
59,82300,14.5,13800,11.98,0.1677,12,0.2927,0.0201,RENT,PERSONAL,N,0
37,98700,7.5,9500,10.84,0.0963,9,0.4737,0.0104,MORTGAGE,EDUCATION,N,0
53,64000,4.2,22100,17.09,0.3453,5,0.1429,0.059,MORTGAGE,MEDICAL,N,0
46,88300,12.5,7700,8.27,0.0872,2,0.0714,0.0072,RENT,PERSONAL,N,0
30,29900,10.3,9700,15.33,0.3244,4,0.3333,0.0497,RENT,DEBTCONSOLIDATION,N,1
46,88300,5.8,10100,10.02,0.1144,6,0.2143,0.0115,MORTGAGE,EDUCATION,N,0
46,54700,2.6,11300,10.48,0.2066,2,0.0714,0.0217,MORTGAGE,EDUCATION,N,1
43,97100,8.1,9600,10.22,0.0989,6,0.24,0.0101,RENT,VENTURE,N,0
43,30200,1.8,4900,9.7,0.1623,15,0.6,0.0157,RENT,EDUCATION,N,0
47,27500,1.8,4200,13.57,0.1527,12,0.4138,0.0207,MORTGAGE,VENTURE,N,0
46,75500,9.7,3000,10.36,0.0397,5,0.1786,0.0041,MORTGAGE,MEDICAL,N,0
53,36300,0.9,13100,13.3,0.3609,6,0.1714,0.048,MORTGAGE,VENTURE,Y,0
48,26400,6.1,20000,18.16,0.7576,8,0.2667,0.1376,RENT,PERSONAL,N,1
45,16900,0.1,12800,22.82,0.7574,16,0.5926,0.1728,RENT,VENTURE,Y,1
62,66600,14.8,29800,,0.4474,5,0.1136,0.0566,RENT,VENTURE,N,0
52,31100,0.5,19500,20.17,0.627,3,0.0882,0.1265,RENT,DEBTCONSOLIDATION,N,1
51,29200,10.7,10100,14.13,0.3459,4,0.1212,0.0489,MORTGAGE,PERSONAL,N,0
38,64600,4.1,18600,11.65,0.2879,15,0.75,0.0335,RENT,DEBTCONSOLIDATION,N,0
46,51300,5.8,5300,8.97,0.1033,4,0.1429,0.0093,MORTGAGE,DEBTCONSOLIDATION,N,0
40,63200,8.2,16100,15.08,0.2547,6,0.2727,0.0384,MORTGAGE,EDUCATION,N,0
61,30000,15.5,22000,22.17,0.7333,10,0.2326,0.1626,MORTGAGE,MEDICAL,N,0
39,38800,1.5,8100,14.04,0.2088,10,0.4762,0.0293,RENT,VENTURE,N,0
45,98900,15.8,13400,9.89,0.1355,9,0.3333,0.0134,MORTGAGE,MEDICAL,N,0
47,52000,4.7,4500,12.04,0.0865,7,0.2414,0.0104,OWN,DEBTCONSOLIDATION,N,0
43,122000,3.6,22300,10.67,0.1828,7,0.28,0.0195,RENT,PERSONAL,N,0
38,69100,12.3,26400,14.14,0.3821,9,0.45,0.054,MORTGAGE,PERSONAL,N,0
50,49800,5.4,19400,14.04,0.3896,7,0.2188,0.0547,RENT,MEDICAL,Y,1
31,25100,13.0,23000,17.1,0.9163,12,0.9231,0.1567,MORTGAGE,PERSONAL,Y,1
48,12900,17.9,11300,19.78,0.876,3,0.1,0.1733,RENT,VENTURE,N,1
41,134500,4.2,13100,9.56,0.0974,4,0.1739,0.0093,OWN,EDUCATION,N,0
40,57600,0.2,8200,13.15,0.1424,8,0.3636,0.0187,MORTGAGE,MEDICAL,N,0
41,32900,1.3,26200,19.74,0.7964,11,0.4783,0.1572,MORTGAGE,VENTURE,N,1
31,50200,9.4,12900,,0.257,5,0.3846,0.0325,RENT,PERSONAL,N,0
66,67000,1.1,4700,8.29,0.0701,5,0.1042,0.0058,MORTGAGE,EDUCATION,N,0
51,69100,16.3,11200,10.68,0.1621,4,0.1212,0.0173,RENT,VENTURE,N,0
42,32600,2.5,4200,9.67,0.1288,3,0.125,0.0125,RENT,MEDICAL,N,0
38,36900,16.2,12000,15.59,0.3252,5,0.25,0.0507,RENT,EDUCATION,N,0
46,53200,1.2,11900,5.78,0.2237,2,0.0714,0.0129,MORTGAGE,EDUCATION,N,0
47,30300,0.9,10200,12.78,0.3366,3,0.1034,0.043,MORTGAGE,MEDICAL,Y,1
42,43600,0.6,2100,10.78,0.0482,2,0.0833,0.0052,RENT,HOMEIMPROVEMENT,Y,0
36,68200,2.9,7700,6.77,0.1129,10,0.5556,0.0076,RENT,PERSONAL,N,0
40,27300,5.3,19600,21.72,0.7179,5,0.2273,0.1559,RENT,EDUCATION,N,1
53,35100,3.5,21300,20.03,0.6068,12,0.3429,0.1215,RENT,EDUCATION,N,1
39,23200,2.7,17200,19.0,0.7414,6,0.2857,0.1409,RENT,MEDICAL,Y,1
35,79300,2.6,13200,11.62,0.1665,5,0.2941,0.0193,OTHER,VENTURE,N,0
46,32900,8.0,14200,15.03,0.4316,4,0.1429,0.0649,RENT,PERSONAL,N,0
37,49100,2.8,23500,20.22,0.4786,12,0.6316,0.0968,RENT,DEBTCONSOLIDATION,Y,1
38,88100,0.2,15100,8.5,0.1714,4,0.2,0.0146,MORTGAGE,EDUCATION,N,0
40,65500,2.1,6600,10.34,0.1008,11,0.5,0.0104,RENT,EDUCATION,N,0
39,155600,18.1,13000,,0.0835,5,0.2381,0.0106,RENT,VENTURE,N,0
41,90000,23.0,9800,13.28,0.1089,5,0.2174,0.0145,RENT,DEBTCONSOLIDATION,N,0
44,59600,9.3,16600,11.33,0.2785,3,0.1154,0.0316,MORTGAGE,PERSONAL,N,0
57,50200,1.6,8900,13.63,0.1773,7,0.1795,0.0242,RENT,EDUCATION,N,0
39,77100,5.0,19300,12.22,0.2503,6,0.2857,0.0306,MORTGAGE,PERSONAL,N,0
36,70100,6.0,24400,15.14,0.3481,13,0.7222,0.0527,MORTGAGE,MEDICAL,Y,0
52,87100,4.0,13900,8.69,0.1596,8,0.2353,0.0139,MORTGAGE,VENTURE,N,0
49,62800,3.0,14700,8.6,0.2341,9,0.2903,0.0201,MORTGAGE,PERSONAL,N,0
56,76200,4.9,20500,14.12,0.269,9,0.2368,0.038,RENT,MEDICAL,N,0
31,21900,13.0,23400,19.11,1.0685,8,0.6154,0.2042,OWN,HOMEIMPROVEMENT,Y,1
43,45700,1.4,1900,8.73,0.0416,3,0.12,0.0036,RENT,VENTURE,N,0
37,57900,3.4,21400,17.16,0.3696,4,0.2105,0.0634,RENT,EDUCATION,Y,0
35,110700,10.8,8000,7.98,0.0723,2,0.1176,0.0058,OWN,VENTURE,N,0
40,49400,7.4,7000,12.98,0.1417,4,0.1818,0.0184,MORTGAGE,DEBTCONSOLIDATION,N,0
57,49900,5.3,26400,,0.5291,3,0.0769,0.067,RENT,EDUCATION,Y,1
43,101600,8.1,8000,7.74,0.0787,8,0.32,0.0061,RENT,MEDICAL,N,0
33,132300,0.9,5700,10.5,0.0431,9,0.6,0.0045,OWN,DEBTCONSOLIDATION,N,0
58,101700,4.3,19100,9.86,0.1878,20,0.5,0.0185,RENT,PERSONAL,N,0
34,37900,0.3,21200,21.13,0.5594,6,0.375,0.1182,RENT,DEBTCONSOLIDATION,N,1
37,28600,5.1,14800,13.96,0.5175,5,0.2632,0.0722,MORTGAGE,VENTURE,N,1
51,45200,5.0,14300,15.93,0.3164,6,0.1818,0.0504,RENT,VENTURE,Y,0
54,60000,5.8,25200,9.1,0.42,7,0.1944,0.0382,RENT,EDUCATION,Y,1
56,50500,10.2,6800,12.91,0.1347,13,0.3421,0.0174,RENT,MEDICAL,N,0
38,148400,2.0,10500,5.42,0.0708,7,0.35,0.0038,RENT,VENTURE,N,0
62,42700,0.9,17500,18.51,0.4098,5,0.1136,0.0759,MORTGAGE,DEBTCONSOLIDATION,N,0
38,44900,,17700,13.59,0.3942,2,0.1,0.0536,RENT,HOMEIMPROVEMENT,N,0
59,87500,11.4,8500,12.88,0.0971,8,0.1951,0.0125,RENT,VENTURE,Y,0
51,54700,6.4,11400,12.98,0.2084,19,0.5758,0.0271,RENT,VENTURE,Y,0
33,57800,0.1,14800,15.65,0.2561,5,0.3333,0.0401,RENT,MEDICAL,N,0
38,92800,1.6,11200,9.55,0.1207,3,0.15,0.0115,RENT,PERSONAL,N,0
64,71500,5.3,9900,9.75,0.1385,2,0.0435,0.0135,RENT,MEDICAL,N,0
62,71800,17.5,10400,11.68,0.1448,7,0.1591,0.0169,RENT,PERSONAL,Y,0
45,50300,9.7,8100,8.96,0.161,3,0.1111,0.0144,RENT,EDUCATION,N,0
50,31900,9.5,18400,19.93,0.5768,13,0.4062,0.115,MORTGAGE,EDUCATION,N,0
40,37200,11.8,11600,14.52,0.3118,5,0.2273,0.0453,MORTGAGE,VENTURE,N,0
53,103000,13.3,5300,9.13,0.0515,4,0.1143,0.0047,MORTGAGE,EDUCATION,N,0
37,39700,1.3,8400,12.33,0.2116,3,0.1579,0.0261,RENT,EDUCATION,Y,0
60,72800,18.8,8400,10.75,0.1154,9,0.2143,0.0124,RENT,EDUCATION,N,0
50,41400,7.4,18400,15.97,0.4444,6,0.1875,0.071,RENT,PERSONAL,N,1
56,58200,6.0,11600,7.11,0.1993,7,0.1842,0.0142,MORTGAGE,EDUCATION,N,0
39,56800,10.9,16000,16.07,0.2817,4,0.1905,0.0453,MORTGAGE,VENTURE,N,0
41,47300,1.9,8200,6.95,0.1734,7,0.3043,0.0121,MORTGAGE,EDUCATION,N,0
28,16100,3.7,24300,21.16,1.5093,7,0.7,0.3194,RENT,VENTURE,Y,1
52,51600,1.6,19100,16.98,0.3702,10,0.2941,0.0629,RENT,VENTURE,Y,1
37,69400,11.8,6600,7.32,0.0951,5,0.2632,0.007,RENT,VENTURE,N,0
47,64900,,15900,8.7,0.245,2,0.069,0.0213,RENT,PERSONAL,N,0
45,46700,4.2,15000,11.82,0.3212,5,0.1852,0.038,RENT,MEDICAL,N,0
36,91000,0.9,12800,7.67,0.1407,11,0.6111,0.0108,RENT,EDUCATION,N,0
30,30900,12.0,4100,10.93,0.1327,8,0.6667,0.0145,OWN,PERSONAL,N,0
39,59400,5.7,9600,,0.1616,8,0.381,0.0205,RENT,PERSONAL,N,0
33,25000,1.5,7500,15.45,0.3,5,0.3333,0.0463,RENT,MEDICAL,N,0
29,40200,1.1,21100,,0.5249,5,0.4545,0.0665,RENT,DEBTCONSOLIDATION,Y,1
34,56100,0.6,9100,11.9,0.1622,4,0.25,0.0193,RENT,VENTURE,N,0
56,55000,7.3,11900,,0.2164,4,0.1053,0.0274,MORTGAGE,VENTURE,N,0
47,73300,9.6,9100,10.96,0.1241,6,0.2069,0.0136,RENT,MEDICAL,N,0
56,70400,1.5,6200,9.56,0.0881,8,0.2105,0.0084,MORTGAGE,MEDICAL,N,0
65,72500,0.1,17600,10.0,0.2428,14,0.2979,0.0243,RENT,EDUCATION,N,0
53,77800,16.7,27100,17.18,0.3483,6,0.1714,0.0598,RENT,VENTURE,Y,1
53,89800,2.7,11700,11.12,0.1303,7,0.2,0.0145,MORTGAGE,DEBTCONSOLIDATION,N,0
42,41600,1.1,11600,,0.2788,8,0.3333,0.0353,RENT,PERSONAL,N,0
53,54700,0.6,21900,,0.4004,5,0.1429,0.0507,MORTGAGE,HOMEIMPROVEMENT,N,1
35,66300,17.0,5200,10.34,0.0784,5,0.2941,0.0081,MORTGAGE,EDUCATION,Y,0
37,61200,6.0,12000,12.2,0.1961,5,0.2632,0.0239,RENT,PERSONAL,N,0
45,24100,13.6,11100,16.49,0.4606,5,0.1852,0.076,RENT,MEDICAL,N,0
38,20000,0.3,28800,22.29,1.44,7,0.35,0.321,MORTGAGE,DEBTCONSOLIDATION,Y,1
45,80500,0.9,6600,11.47,0.082,2,0.0741,0.0094,MORTGAGE,DEBTCONSOLIDATION,N,0
54,26200,13.3,5000,11.02,0.1908,2,0.0556,0.021,OWN,EDUCATION,N,0
48,44400,4.7,22500,15.41,0.5068,2,0.0667,0.0781,MORTGAGE,DEBTCONSOLIDATION,N,0
50,36800,0.2,25100,19.35,0.6821,10,0.3125,0.132,RENT,VENTURE,N,1
37,109000,3.7,6200,11.25,0.0569,4,0.2105,0.0064,MORTGAGE,DEBTCONSOLIDATION,N,0
44,131700,8.9,26000,12.42,0.1974,6,0.2308,0.0245,RENT,EDUCATION,N,0
36,30700,4.1,14600,13.29,0.4756,2,0.1111,0.0632,RENT,MEDICAL,Y,1
52,75000,8.9,8600,10.01,0.1147,9,0.2647,0.0115,RENT,EDUCATION,N,0
43,35300,5.7,32000,19.21,0.9065,7,0.28,0.1741,OTHER,MEDICAL,Y,1
44,93700,3.1,10700,5.42,0.1142,6,0.2308,0.0062,RENT,EDUCATION,N,0
31,103900,2.0,23900,13.87,0.23,13,1.0,0.0319,MORTGAGE,DEBTCONSOLIDATION,Y,0
55,55900,3.1,4800,8.65,0.0859,6,0.1622,0.0074,OWN,PERSONAL,N,0
53,96600,3.0,13900,12.56,0.1439,2,0.0571,0.0181,MORTGAGE,PERSONAL,N,0
50,77100,1.1,28600,16.36,0.3709,2,0.0625,0.0607,RENT,MEDICAL,N,0
37,125100,2.2,6100,8.19,0.0488,6,0.3158,0.004,MORTGAGE,EDUCATION,N,0
32,55000,13.4,20900,14.66,0.38,3,0.2143,0.0557,OWN,EDUCATION,N,0
29,26000,3.2,31400,17.69,1.2077,8,0.7273,0.2136,RENT,VENTURE,Y,1
62,77400,17.1,9400,11.33,0.1214,11,0.25,0.0138,RENT,HOMEIMPROVEMENT,N,0
53,51100,0.7,4600,10.87,0.09,7,0.2,0.0098,MORTGAGE,PERSONAL,N,0
50,26400,1.4,16800,16.87,0.6364,3,0.0938,0.1074,MORTGAGE,MEDICAL,N,1
44,77300,5.1,8000,8.07,0.1035,8,0.3077,0.0084,MORTGAGE,MEDICAL,N,0
57,18100,3.1,12400,19.46,0.6851,6,0.1538,0.1333,OWN,DEBTCONSOLIDATION,Y,1
37,20100,3.3,14000,19.32,0.6965,3,0.1579,0.1346,RENT,DEBTCONSOLIDATION,N,1
42,47200,2.1,18900,11.43,0.4004,8,0.3333,0.0458,RENT,EDUCATION,N,0
53,110800,2.1,26700,11.3,0.241,5,0.1429,0.0272,RENT,PERSONAL,N,0
44,79900,,28300,17.31,0.3542,12,0.4615,0.0613,MORTGAGE,EDUCATION,N,0
37,31800,1.0,17800,18.25,0.5597,6,0.3158,0.1021,RENT,PERSONAL,N,1
38,101000,0.6,15300,10.35,0.1515,5,0.25,0.0157,RENT,EDUCATION,N,0
32,16800,5.4,10500,19.77,0.625,5,0.3571,0.1236,RENT,EDUCATION,N,1
52,61400,3.0,20800,13.59,0.3388,2,0.0588,0.046,MORTGAGE,MEDICAL,N,0
42,73600,1.5,20700,,0.2812,5,0.2083,0.0356,RENT,EDUCATION,N,0
50,105400,5.7,13000,13.82,0.1233,4,0.125,0.017,RENT,DEBTCONSOLIDATION,N,0
41,47700,3.7,9200,,0.1929,7,0.3043,0.0244,MORTGAGE,HOMEIMPROVEMENT,N,0
47,37000,8.0,12700,15.21,0.3432,8,0.2759,0.0522,RENT,MEDICAL,N,0
70,22000,4.4,22500,18.38,1.0227,10,0.1923,0.188,RENT,EDUCATION,Y,1
47,86100,5.7,14200,14.02,0.1649,2,0.069,0.0231,MORTGAGE,DEBTCONSOLIDATION,N,0
54,22700,4.5,14300,17.94,0.63,3,0.0833,0.113,MORTGAGE,EDUCATION,Y,1
51,40100,0.1,27500,18.62,0.6858,6,0.1818,0.1277,RENT,MEDICAL,N,0
57,36500,3.0,27400,19.87,0.7507,5,0.1282,0.1492,RENT,PERSONAL,Y,1
56,57100,0.5,23500,16.33,0.4116,2,0.0526,0.0672,RENT,VENTURE,Y,1
55,40400,10.1,19600,19.81,0.4851,5,0.1351,0.0961,RENT,DEBTCONSOLIDATION,Y,1
38,100500,7.9,6400,7.76,0.0637,5,0.25,0.0049,MORTGAGE,HOMEIMPROVEMENT,N,0
43,54200,4.2,21600,14.23,0.3985,3,0.12,0.0567,RENT,HOMEIMPROVEMENT,N,0
41,47300,1.1,21400,15.09,0.4524,3,0.1304,0.0683,RENT,PERSONAL,N,1
33,123500,1.6,15600,8.83,0.1263,7,0.4667,0.0112,RENT,VENTURE,N,0
41,64900,23.0,14000,13.4,0.2157,6,0.2609,0.0289,RENT,DEBTCONSOLIDATION,N,0
54,42200,4.2,8400,7.55,0.1991,6,0.1667,0.015,OWN,PERSONAL,N,0
38,50800,1.2,20600,14.81,0.4055,9,0.45,0.0601,OWN,PERSONAL,N,0
45,68700,21.0,22200,9.29,0.3231,6,0.2222,0.03,MORTGAGE,MEDICAL,N,0
46,46900,6.2,17200,15.49,0.3667,10,0.3571,0.0568,RENT,VENTURE,N,0
46,94900,8.4,12300,8.04,0.1296,10,0.3571,0.0104,MORTGAGE,MEDICAL,N,0
54,91100,7.9,26000,11.9,0.2854,5,0.1389,0.034,MORTGAGE,PERSONAL,Y,0
64,17900,3.1,8200,18.85,0.4581,11,0.2391,0.0864,MORTGAGE,DEBTCONSOLIDATION,N,1
33,61700,4.1,11700,8.48,0.1896,6,0.4,0.0161,RENT,MEDICAL,N,0
51,28500,8.8,8800,14.88,0.3088,5,0.1515,0.0459,RENT,HOMEIMPROVEMENT,Y,1
46,118600,5.8,9100,7.97,0.0767,10,0.3571,0.0061,MORTGAGE,PERSONAL,N,0
58,165300,0.2,8000,8.64,0.0484,2,0.05,0.0042,MORTGAGE,PERSONAL,N,0
57,91000,2.5,14600,8.96,0.1604,5,0.1282,0.0144,RENT,EDUCATION,N,0
46,51600,1.2,14700,12.59,0.2849,3,0.1071,0.0359,MORTGAGE,MEDICAL,N,1
38,50400,1.6,19300,11.47,0.3829,13,0.65,0.0439,MORTGAGE,PERSONAL,N,0
33,58200,2.0,22300,15.58,0.3832,5,0.3333,0.0597,MORTGAGE,DEBTCONSOLIDATION,N,0
38,63700,14.8,14200,14.04,0.2229,12,0.6,0.0313,RENT,VENTURE,N,0
41,47000,8.9,13900,11.36,0.2957,6,0.2609,0.0336,RENT,MEDICAL,N,0
57,35000,11.9,12500,,0.3571,2,0.0513,0.0452,RENT,PERSONAL,N,1
49,58600,0.1,13000,15.26,0.2218,4,0.129,0.0338,MORTGAGE,MEDICAL,N,0
45,22800,0.1,27200,23.22,1.193,12,0.4444,0.277,OTHER,VENTURE,Y,1
31,47900,4.6,22000,12.85,0.4593,7,0.5385,0.059,MORTGAGE,EDUCATION,N,0
42,14300,2.8,13200,17.06,0.9231,6,0.25,0.1575,MORTGAGE,EDUCATION,N,1
42,52400,2.3,22200,14.79,0.4237,4,0.1667,0.0627,MORTGAGE,EDUCATION,N,0
34,30900,1.7,6700,8.8,0.2168,5,0.3125,0.0191,RENT,PERSONAL,N,0
54,41200,2.6,11100,13.23,0.2694,7,0.1944,0.0356,RENT,EDUCATION,N,0
44,51600,7.0,6200,11.33,0.1202,9,0.3462,0.0136,MORTGAGE,PERSONAL,N,0
61,88500,7.5,18900,13.71,0.2136,10,0.2326,0.0293,MORTGAGE,EDUCATION,N,0
52,62700,0.8,14900,12.57,0.2376,4,0.1176,0.0299,RENT,EDUCATION,N,1
31,28900,11.2,26200,18.43,0.9066,8,0.6154,0.1671,MORTGAGE,HOMEIMPROVEMENT,Y,1
35,35700,3.7,18700,15.44,0.5238,10,0.5882,0.0809,OTHER,MEDICAL,N,1
40,23000,0.9,25100,20.65,1.0913,15,0.6818,0.2254,MORTGAGE,EDUCATION,Y,1
38,26300,3.0,10700,15.05,0.4068,13,0.65,0.0612,MORTGAGE,EDUCATION,Y,0
43,24600,2.9,28500,21.8,1.1585,5,0.2,0.2526,RENT,HOMEIMPROVEMENT,Y,1
42,83700,6.4,2700,7.94,0.0323,5,0.2083,0.0026,MORTGAGE,PERSONAL,N,0
58,43800,2.1,5300,9.8,0.121,9,0.225,0.0119,RENT,PERSONAL,N,0
47,48400,27.0,22900,18.36,0.4731,10,0.3448,0.0869,MORTGAGE,PERSONAL,N,0
38,30300,8.0,12600,14.77,0.4158,7,0.35,0.0614,RENT,PERSONAL,N,0
48,75900,9.9,18300,,0.2411,6,0.2,0.0305,RENT,HOMEIMPROVEMENT,N,0
37,19100,0.7,22100,22.2,1.1571,2,0.1053,0.2569,MORTGAGE,VENTURE,Y,1
51,36100,4.2,9500,12.56,0.2632,10,0.303,0.0331,RENT,DEBTCONSOLIDATION,N,1
45,55800,8.0,15700,10.47,0.2814,6,0.2222,0.0295,RENT,EDUCATION,N,0
31,47900,0.2,14900,12.06,0.3111,9,0.6923,0.0375,RENT,MEDICAL,Y,0
49,132000,3.6,7600,9.05,0.0576,3,0.0968,0.0052,RENT,MEDICAL,N,0
46,107500,0.1,9500,7.97,0.0884,11,0.3929,0.007,RENT,VENTURE,N,0
38,32400,7.5,31100,20.28,0.9599,2,0.1,0.1947,RENT,PERSONAL,Y,1
44,68800,4.2,14400,12.63,0.2093,3,0.1154,0.0264,MORTGAGE,MEDICAL,N,0
35,41700,1.2,10500,11.85,0.2518,5,0.2941,0.0298,RENT,MEDICAL,N,0
53,41400,6.8,12000,13.18,0.2899,7,0.2,0.0382,MORTGAGE,MEDICAL,N,0
59,42500,7.4,7000,9.46,0.1647,3,0.0732,0.0156,RENT,VENTURE,N,0
37,54000,0.3,8400,13.2,0.1556,3,0.1579,0.0205,RENT,VENTURE,N,0
45,38800,1.8,7500,10.46,0.1933,6,0.2222,0.0202,MORTGAGE,PERSONAL,N,0
70,89300,2.7,14800,15.66,0.1657,8,0.1538,0.0259,MORTGAGE,DEBTCONSOLIDATION,N,0
53,55600,0.9,19500,16.79,0.3507,6,0.1714,0.0589,MORTGAGE,PERSONAL,N,0
42,100400,3.7,23900,11.93,0.238,8,0.3333,0.0284,OWN,EDUCATION,N,0
38,106700,0.3,21600,11.88,0.2024,2,0.1,0.024,MORTGAGE,MEDICAL,N,0
39,68100,4.2,24300,,0.3568,4,0.1905,0.0452,RENT,EDUCATION,N,0
29,100000,3.6,18700,8.88,0.187,4,0.3636,0.0166,MORTGAGE,EDUCATION,N,0
50,35900,0.2,12100,13.22,0.337,8,0.25,0.0446,RENT,MEDICAL,N,0
37,27800,8.7,22300,19.89,0.8022,8,0.4211,0.1596,RENT,PERSONAL,Y,1
32,74600,2.5,13300,9.19,0.1783,5,0.3571,0.0164,MORTGAGE,MEDICAL,N,1
53,29200,1.7,22600,19.55,0.774,9,0.2571,0.1513,RENT,EDUCATION,Y,1
49,40000,3.6,12900,16.94,0.3225,3,0.0968,0.0546,MORTGAGE,PERSONAL,N,0
49,111200,11.0,8200,9.69,0.0737,5,0.1613,0.0071,MORTGAGE,PERSONAL,N,0
39,39800,9.2,19300,15.85,0.4849,3,0.1429,0.0769,MORTGAGE,EDUCATION,N,0
41,122100,10.1,19900,11.63,0.163,4,0.1739,0.019,RENT,DEBTCONSOLIDATION,N,0
39,96600,1.3,7100,7.81,0.0735,4,0.1905,0.0057,MORTGAGE,MEDICAL,N,0
40,163000,5.7,10900,10.07,0.0669,14,0.6364,0.0067,MORTGAGE,DEBTCONSOLIDATION,Y,0
38,20200,11.4,14500,22.53,0.7178,5,0.25,0.1617,RENT,VENTURE,N,1
70,63300,5.3,19500,12.05,0.3081,2,0.0385,0.0371,MORTGAGE,EDUCATION,N,0
46,18100,11.1,22500,17.8,1.2431,4,0.1429,0.2213,MORTGAGE,EDUCATION,N,1
58,58800,5.6,18300,10.96,0.3112,7,0.175,0.0341,MORTGAGE,EDUCATION,N,1
55,84200,1.0,15600,9.13,0.1853,9,0.2432,0.0169,MORTGAGE,MEDICAL,N,0
44,27400,8.0,10000,14.59,0.365,9,0.3462,0.0533,MORTGAGE,EDUCATION,N,0
39,138600,1.7,10900,12.0,0.0786,5,0.2381,0.0094,MORTGAGE,EDUCATION,N,0
61,87300,14.3,10300,9.63,0.118,3,0.0698,0.0114,RENT,EDUCATION,N,0
49,50900,8.9,11900,11.58,0.2338,12,0.3871,0.0271,MORTGAGE,PERSONAL,N,0
45,70400,0.1,26000,12.09,0.3693,15,0.5556,0.0446,RENT,EDUCATION,N,0
53,35900,0.8,3600,9.52,0.1003,7,0.2,0.0095,RENT,MEDICAL,Y,0
40,64500,5.6,22200,11.71,0.3442,2,0.0909,0.0403,MORTGAGE,MEDICAL,Y,1
47,40200,1.1,17600,11.94,0.4378,6,0.2069,0.0523,MORTGAGE,MEDICAL,N,1
45,68500,0.8,6800,,0.0993,16,0.5926,0.0126,OTHER,VENTURE,N,0
40,52200,4.1,28100,16.64,0.5383,11,0.5,0.0896,RENT,PERSONAL,N,0
39,29600,6.7,23700,20.86,0.8007,2,0.0952,0.167,MORTGAGE,DEBTCONSOLIDATION,N,1
55,58000,3.9,2200,10.8,0.0379,3,0.0811,0.0041,RENT,PERSONAL,N,0
48,54900,0.2,6400,9.69,0.1166,10,0.3333,0.0113,MORTGAGE,MEDICAL,N,0
70,24700,9.4,31700,21.0,1.2834,6,0.1154,0.2695,MORTGAGE,MEDICAL,Y,1
60,112400,0.2,13300,10.39,0.1183,3,0.0714,0.0123,RENT,MEDICAL,N,0
49,61600,0.5,24300,16.9,0.3945,14,0.4516,0.0667,RENT,HOMEIMPROVEMENT,N,0
55,56500,9.5,10800,11.63,0.1912,8,0.2162,0.0222,MORTGAGE,MEDICAL,N,0
39,139500,0.6,21500,8.8,0.1541,13,0.619,0.0136,RENT,MEDICAL,N,0
63,27700,1.5,8700,14.33,0.3141,7,0.1556,0.045,MORTGAGE,VENTURE,N,0
48,42700,2.6,22500,17.33,0.5269,7,0.2333,0.0913,RENT,MEDICAL,Y,1
45,42700,8.7,3000,6.0,0.0703,14,0.5185,0.0042,MORTGAGE,EDUCATION,N,0
54,60500,6.4,12600,11.68,0.2083,11,0.3056,0.0243,MORTGAGE,DEBTCONSOLIDATION,N,0
40,49300,3.6,15000,16.16,0.3043,8,0.3636,0.0492,MORTGAGE,VENTURE,N,0
35,35700,9.6,15200,,0.4258,6,0.3529,0.0539,RENT,EDUCATION,Y,1
37,47300,10.3,12000,13.11,0.2537,7,0.3684,0.0333,MORTGAGE,MEDICAL,N,0
39,49600,10.0,18300,14.44,0.369,6,0.2857,0.0533,RENT,HOMEIMPROVEMENT,N,1
44,20300,8.3,6000,12.0,0.2956,5,0.1923,0.0355,MORTGAGE,MEDICAL,N,0
52,40900,4.9,11500,9.23,0.2812,6,0.1765,0.026,MORTGAGE,MEDICAL,N,0
46,35700,11.4,3500,8.8,0.098,3,0.1071,0.0086,RENT,MEDICAL,N,0
30,25900,5.1,3900,11.1,0.1506,2,0.1667,0.0167,RENT,EDUCATION,N,0
41,24700,9.0,7300,18.26,0.2955,11,0.4783,0.054,RENT,VENTURE,N,0
47,72400,3.5,21400,11.93,0.2956,5,0.1724,0.0353,MORTGAGE,MEDICAL,N,0
66,116900,3.0,6400,6.65,0.0547,5,0.1042,0.0036,RENT,PERSONAL,N,0
43,64000,,12900,11.48,0.2016,6,0.24,0.0231,MORTGAGE,EDUCATION,N,0
50,53700,5.3,30700,19.64,0.5717,3,0.0938,0.1123,MORTGAGE,PERSONAL,N,0
44,44700,1.0,8200,6.53,0.1834,4,0.1538,0.012,MORTGAGE,MEDICAL,N,0
43,73800,3.5,3500,7.87,0.0474,4,0.16,0.0037,RENT,EDUCATION,N,0
42,119000,8.6,6800,9.7,0.0571,2,0.0833,0.0055,MORTGAGE,DEBTCONSOLIDATION,N,0
49,70300,2.2,5200,10.46,0.074,5,0.1613,0.0077,RENT,MEDICAL,N,0
54,70300,3.5,22500,15.68,0.3201,2,0.0556,0.0502,MORTGAGE,EDUCATION,Y,0
39,42000,0.4,9000,14.23,0.2143,2,0.0952,0.0305,MORTGAGE,DEBTCONSOLIDATION,N,0
39,58500,1.3,22400,12.75,0.3829,6,0.2857,0.0488,RENT,VENTURE,N,0
35,212800,3.6,18700,10.38,0.0879,6,0.3529,0.0091,RENT,MEDICAL,N,0
64,36200,4.6,18400,15.99,0.5083,6,0.1304,0.0813,MORTGAGE,DEBTCONSOLIDATION,Y,1
56,55600,5.2,16300,13.88,0.2932,4,0.1053,0.0407,MORTGAGE,EDUCATION,N,0
24,43000,0.1,3400,8.35,0.0791,6,1.0,0.0066,MORTGAGE,MEDICAL,N,0
49,59500,19.5,6900,10.14,0.116,2,0.0645,0.0118,MORTGAGE,VENTURE,N,0
50,46200,4.0,22700,,0.4913,11,0.3438,0.0622,RENT,PERSONAL,N,0
53,124700,4.2,6300,5.42,0.0505,6,0.1714,0.0027,MORTGAGE,MEDICAL,N,1
48,96400,0.0,2400,9.83,0.0249,5,0.1667,0.0024,RENT,EDUCATION,N,0
34,28000,3.7,15900,15.27,0.5679,4,0.25,0.0867,RENT,PERSONAL,Y,1
38,46500,0.6,32900,20.96,0.7075,2,0.1,0.1483,RENT,EDUCATION,N,1
42,73700,0.0,11600,,0.1574,3,0.125,0.0199,MORTGAGE,MEDICAL,N,0
36,26200,3.6,24200,19.21,0.9237,2,0.1111,0.1774,MORTGAGE,EDUCATION,Y,0
37,41400,1.0,20900,19.26,0.5048,13,0.6842,0.0972,RENT,DEBTCONSOLIDATION,Y,1
63,50000,9.1,9200,10.89,0.184,4,0.0889,0.02,MORTGAGE,VENTURE,N,0
58,116000,4.4,13500,10.63,0.1164,16,0.4,0.0124,MORTGAGE,MEDICAL,N,0
32,23000,3.7,10800,16.84,0.4696,3,0.2143,0.0791,MORTGAGE,DEBTCONSOLIDATION,Y,1
40,59200,1.1,8300,7.9,0.1402,2,0.0909,0.0111,RENT,MEDICAL,N,0
62,135500,2.1,7200,9.94,0.0531,8,0.1818,0.0053,RENT,PERSONAL,N,0
51,36900,0.4,3100,10.13,0.084,3,0.0909,0.0085,RENT,MEDICAL,N,0
44,61000,4.8,12000,11.25,0.1967,6,0.2308,0.0221,MORTGAGE,VENTURE,N,0
47,50800,1.3,9000,11.27,0.1772,5,0.1724,0.02,RENT,HOMEIMPROVEMENT,N,0
43,36300,3.5,7000,9.72,0.1928,12,0.48,0.0187,MORTGAGE,EDUCATION,N,0
50,48000,3.9,7300,10.07,0.1521,4,0.125,0.0153,MORTGAGE,EDUCATION,N,0
43,35100,4.2,22900,18.56,0.6524,4,0.16,0.1211,RENT,PERSONAL,Y,1
30,59000,2.7,29300,18.56,0.4966,11,0.9167,0.0922,MORTGAGE,VENTURE,Y,1
48,68700,10.5,7400,7.65,0.1077,2,0.0667,0.0082,MORTGAGE,HOMEIMPROVEMENT,N,0
36,25700,3.1,21300,16.89,0.8288,3,0.1667,0.14,RENT,PERSONAL,N,1
38,68300,20.0,8400,10.09,0.123,8,0.4,0.0124,MORTGAGE,HOMEIMPROVEMENT,N,0
40,38300,1.2,22600,17.07,0.5901,4,0.1818,0.1007,MORTGAGE,PERSONAL,N,1
36,111800,12.8,21800,12.63,0.195,7,0.3889,0.0246,MORTGAGE,PERSONAL,N,0
66,79100,2.0,8300,12.01,0.1049,10,0.2083,0.0126,RENT,DEBTCONSOLIDATION,N,0
41,49300,16.6,8700,12.48,0.1765,5,0.2174,0.022,RENT,HOMEIMPROVEMENT,N,0
44,52400,2.7,25600,19.39,0.4885,6,0.2308,0.0947,RENT,DEBTCONSOLIDATION,Y,1
51,73500,2.1,13200,11.2,0.1796,2,0.0606,0.0201,RENT,PERSONAL,N,0
44,59300,1.8,12900,12.03,0.2175,20,0.7692,0.0262,MORTGAGE,PERSONAL,N,0
54,29800,3.1,19400,19.99,0.651,10,0.2778,0.1301,MORTGAGE,DEBTCONSOLIDATION,Y,1
30,27200,1.2,2800,9.4,0.1029,9,0.75,0.0097,RENT,EDUCATION,N,0
62,46700,18.2,12600,11.5,0.2698,5,0.1136,0.031,RENT,EDUCATION,Y,0
33,59600,0.1,26800,16.32,0.4497,6,0.4,0.0734,RENT,VENTURE,Y,1
36,105400,8.0,23600,,0.2239,6,0.3333,0.0283,RENT,EDUCATION,N,0
28,38200,2.6,10900,16.78,0.2853,2,0.2,0.0479,MORTGAGE,VENTURE,Y,1
46,108200,0.7,12300,9.53,0.1137,4,0.1429,0.0108,RENT,MEDICAL,N,0
61,48100,0.4,8400,9.16,0.1746,11,0.2558,0.016,RENT,VENTURE,N,0
44,35700,8.9,19000,14.86,0.5322,2,0.0769,0.0791,RENT,HOMEIMPROVEMENT,N,0
33,79400,1.2,18900,17.21,0.238,10,0.6667,0.041,RENT,DEBTCONSOLIDATION,N,1
45,102700,4.7,10800,9.41,0.1052,7,0.2593,0.0099,MORTGAGE,PERSONAL,N,0
46,24000,2.1,12300,15.1,0.5125,2,0.0714,0.0774,MORTGAGE,EDUCATION,N,0
35,67500,0.2,25500,14.73,0.3778,5,0.2941,0.0556,RENT,DEBTCONSOLIDATION,N,0
37,69900,7.1,18200,11.86,0.2604,4,0.2105,0.0309,RENT,VENTURE,N,0
32,24600,12.8,20200,16.75,0.8211,7,0.5,0.1375,RENT,HOMEIMPROVEMENT,Y,1
25,181300,2.3,25400,11.24,0.1401,7,1.0,0.0157,RENT,HOMEIMPROVEMENT,N,0
62,42200,1.6,10800,,0.2559,6,0.1364,0.0324,RENT,EDUCATION,N,0
43,125600,1.7,5800,12.22,0.0462,5,0.2,0.0056,OWN,VENTURE,N,0
48,145800,14.5,9300,7.76,0.0638,3,0.1,0.005,RENT,HOMEIMPROVEMENT,N,0
54,29700,13.3,6700,14.61,0.2256,8,0.2222,0.033,RENT,VENTURE,N,0
40,57600,0.0,13000,9.89,0.2257,5,0.2273,0.0223,MORTGAGE,VENTURE,N,0
45,67100,0.7,20500,15.31,0.3055,9,0.3333,0.0468,RENT,DEBTCONSOLIDATION,N,1
54,48900,3.5,4400,7.62,0.09,18,0.5,0.0069,RENT,MEDICAL,N,0
55,57100,6.0,2800,10.43,0.049,9,0.2432,0.0051,RENT,MEDICAL,N,0
50,110400,10.1,21800,10.28,0.1975,6,0.1875,0.0203,RENT,VENTURE,N,1
48,17600,3.8,4500,14.22,0.2557,5,0.1667,0.0364,RENT,DEBTCONSOLIDATION,N,0
44,45700,0.1,11600,10.23,0.2538,5,0.1923,0.026,MORTGAGE,HOMEIMPROVEMENT,N,0
60,16600,0.1,19100,18.15,1.1506,17,0.4048,0.2088,MORTGAGE,MEDICAL,N,1
40,27600,0.9,23300,22.97,0.8442,2,0.0909,0.1939,OWN,DEBTCONSOLIDATION,Y,1
39,18700,6.8,20900,22.05,1.1176,21,1.0,0.2464,RENT,HOMEIMPROVEMENT,Y,1
59,40600,3.2,22700,18.18,0.5591,4,0.0976,0.1016,MORTGAGE,VENTURE,Y,0
29,82800,0.5,22500,12.01,0.2717,8,0.7273,0.0326,MORTGAGE,PERSONAL,N,0
58,21600,0.1,19200,20.29,0.8889,16,0.4,0.1804,OWN,EDUCATION,Y,1
47,25100,7.9,5400,16.43,0.2151,7,0.2414,0.0353,RENT,VENTURE,N,1
50,89800,6.8,20200,12.39,0.2249,5,0.1562,0.0279,RENT,VENTURE,N,1
43,91700,2.0,13100,11.04,0.1429,3,0.12,0.0158,RENT,DEBTCONSOLIDATION,N,0
50,68500,1.7,30400,18.04,0.4438,7,0.2188,0.0801,RENT,HOMEIMPROVEMENT,Y,1
38,104200,3.1,20000,10.81,0.1919,2,0.1,0.0207,MORTGAGE,EDUCATION,N,0
65,36200,1.0,26300,18.2,0.7265,4,0.0851,0.1322,OWN,VENTURE,N,1
40,130000,3.3,19300,8.43,0.1485,6,0.2727,0.0125,MORTGAGE,HOMEIMPROVEMENT,N,0
42,39000,3.7,9900,14.18,0.2538,2,0.0833,0.036,RENT,MEDICAL,Y,0
45,24500,1.0,20800,20.08,0.849,5,0.1852,0.1705,RENT,HOMEIMPROVEMENT,N,1
50,67700,2.3,24900,12.67,0.3678,7,0.2188,0.0466,RENT,PERSONAL,N,0
30,64800,3.1,21000,14.82,0.3241,12,1.0,0.048,MORTGAGE,PERSONAL,N,0
34,50700,2.7,25100,16.27,0.4951,6,0.375,0.0806,OWN,DEBTCONSOLIDATION,N,0
39,15900,5.4,16300,20.08,1.0252,5,0.2381,0.2059,MORTGAGE,PERSONAL,Y,1
32,66200,3.3,28200,12.47,0.426,14,1.0,0.0531,MORTGAGE,PERSONAL,N,0
52,184900,1.4,13600,8.34,0.0736,8,0.2353,0.0061,RENT,PERSONAL,N,0
55,21000,4.8,23500,21.6,1.119,2,0.0541,0.2417,MORTGAGE,VENTURE,Y,1
46,55600,2.8,5600,8.85,0.1007,4,0.1429,0.0089,RENT,DEBTCONSOLIDATION,N,0
40,35800,5.7,20000,18.81,0.5587,6,0.2727,0.1051,RENT,PERSONAL,Y,1
49,29800,2.6,23100,19.62,0.7752,4,0.129,0.1521,MORTGAGE,PERSONAL,N,0
43,71500,7.2,2000,10.4,0.028,6,0.24,0.0029,RENT,DEBTCONSOLIDATION,N,0
40,74600,2.0,11000,10.17,0.1475,5,0.2273,0.015,RENT,PERSONAL,N,0
48,62200,2.3,31800,19.73,0.5113,3,0.1,0.1009,MORTGAGE,MEDICAL,Y,1
42,29300,4.8,7000,12.16,0.2389,3,0.125,0.0291,RENT,EDUCATION,N,0
47,80300,16.2,9700,9.43,0.1208,3,0.1034,0.0114,MORTGAGE,DEBTCONSOLIDATION,N,0
47,46100,15.4,5100,9.62,0.1106,2,0.069,0.0106,MORTGAGE,MEDICAL,N,0
59,49700,8.8,6800,7.59,0.1368,2,0.0488,0.0104,MORTGAGE,PERSONAL,N,0
43,77100,3.3,31200,14.59,0.4047,9,0.36,0.059,MORTGAGE,MEDICAL,N,0
38,73300,6.9,32600,14.72,0.4447,13,0.65,0.0655,RENT,PERSONAL,Y,0
32,52700,6.0,14900,14.58,0.2827,7,0.5,0.0412,RENT,EDUCATION,N,0
44,250000,2.8,24700,9.92,0.0988,6,0.2308,0.0098,MORTGAGE,PERSONAL,N,0
57,69900,4.8,8800,8.59,0.1259,15,0.3846,0.0108,MORTGAGE,HOMEIMPROVEMENT,N,0
64,133700,3.5,4500,5.42,0.0337,7,0.1522,0.0018,RENT,EDUCATION,N,0
37,153700,12.9,10900,10.1,0.0709,4,0.2105,0.0072,RENT,EDUCATION,N,0
44,34800,0.8,10300,14.81,0.296,8,0.3077,0.0438,RENT,EDUCATION,N,0
37,86900,3.9,8900,9.36,0.1024,5,0.2632,0.0096,RENT,MEDICAL,N,0
46,38200,1.9,17100,16.73,0.4476,5,0.1786,0.0749,RENT,VENTURE,Y,1
34,42200,16.0,6600,8.46,0.1564,9,0.5625,0.0132,OWN,EDUCATION,N,0
42,128100,0.4,18200,12.75,0.1421,7,0.2917,0.0181,RENT,MEDICAL,N,0
55,17300,6.5,27200,20.05,1.5723,4,0.1081,0.3152,MORTGAGE,MEDICAL,Y,1
56,38500,1.7,7000,11.95,0.1818,4,0.1053,0.0217,RENT,EDUCATION,Y,1
46,86600,9.4,21500,12.05,0.2483,14,0.5,0.0299,RENT,MEDICAL,N,1
53,31500,1.6,15900,17.8,0.5048,18,0.5143,0.0899,MORTGAGE,DEBTCONSOLIDATION,Y,0
39,39900,0.7,12000,13.63,0.3008,5,0.2381,0.041,OWN,MEDICAL,N,0
38,87100,8.5,10700,10.54,0.1228,8,0.4,0.0129,RENT,VENTURE,N,0
44,37700,3.8,15000,12.84,0.3979,2,0.0769,0.0511,RENT,EDUCATION,N,0
47,41600,1.1,24300,19.35,0.5841,11,0.3793,0.113,MORTGAGE,EDUCATION,Y,1
46,38500,13.9,8800,14.35,0.2286,8,0.2857,0.0328,OWN,EDUCATION,Y,0
35,58100,0.6,6200,9.97,0.1067,5,0.2941,0.0106,RENT,DEBTCONSOLIDATION,N,0
37,48700,0.1,14500,13.91,0.2977,7,0.3684,0.0414,RENT,MEDICAL,N,1
43,71800,22.3,12700,11.85,0.1769,4,0.16,0.021,MORTGAGE,DEBTCONSOLIDATION,N,0
52,92800,9.4,18400,13.1,0.1983,7,0.2059,0.026,RENT,PERSONAL,N,0
44,30700,8.1,4600,8.44,0.1498,9,0.3462,0.0126,RENT,DEBTCONSOLIDATION,N,0
37,27100,3.0,25400,16.53,0.9373,9,0.4737,0.1549,MORTGAGE,MEDICAL,Y,0
52,34400,9.2,22000,15.8,0.6395,3,0.0882,0.101,OWN,MEDICAL,N,1
32,124100,0.7,9100,9.97,0.0733,3,0.2143,0.0073,RENT,MEDICAL,N,0
46,24300,10.7,12500,16.9,0.5144,7,0.25,0.0869,OWN,EDUCATION,N,0
40,59900,0.6,18000,13.6,0.3005,3,0.1364,0.0409,MORTGAGE,PERSONAL,N,0
56,39200,15.8,6900,12.11,0.176,2,0.0526,0.0213,RENT,EDUCATION,N,1
51,51500,3.6,19700,16.25,0.3825,10,0.303,0.0622,MORTGAGE,VENTURE,Y,0
54,125700,2.1,4500,9.45,0.0358,11,0.3056,0.0034,MORTGAGE,MEDICAL,N,0
36,68200,10.6,20300,15.59,0.2977,10,0.5556,0.0464,RENT,VENTURE,N,0
49,55400,3.1,14400,10.41,0.2599,4,0.129,0.0271,RENT,EDUCATION,N,0
47,60100,4.0,9700,10.54,0.1614,7,0.2414,0.017,RENT,HOMEIMPROVEMENT,N,0
39,53100,5.6,18200,14.87,0.3427,11,0.5238,0.051,MORTGAGE,VENTURE,Y,0
45,67600,0.1,10200,,0.1509,2,0.0741,0.0191,RENT,EDUCATION,N,0
49,54300,9.9,7200,12.93,0.1326,5,0.1613,0.0171,OWN,EDUCATION,N,0
65,108700,1.6,7000,10.11,0.0644,11,0.234,0.0065,RENT,VENTURE,N,0
35,43000,3.9,27100,16.52,0.6302,4,0.2353,0.1041,RENT,PERSONAL,Y,1
35,62600,8.5,7700,11.95,0.123,10,0.5882,0.0147,OWN,DEBTCONSOLIDATION,N,0
35,36600,5.5,9400,11.73,0.2568,8,0.4706,0.0301,MORTGAGE,VENTURE,N,0
38,121600,10.7,17700,12.04,0.1456,11,0.55,0.0175,OWN,PERSONAL,N,0
38,84800,2.9,27400,13.52,0.3231,9,0.45,0.0437,RENT,EDUCATION,N,0
40,41200,7.5,17200,,0.4175,11,0.5,0.0529,MORTGAGE,EDUCATION,N,0
56,66300,8.7,13700,12.2,0.2066,4,0.1053,0.0252,MORTGAGE,DEBTCONSOLIDATION,N,0
56,32900,5.8,6600,10.47,0.2006,9,0.2368,0.021,RENT,PERSONAL,N,0
47,22600,1.6,19800,20.51,0.8761,3,0.1034,0.1797,RENT,DEBTCONSOLIDATION,Y,1
43,61800,7.5,16200,10.34,0.2621,4,0.16,0.0271,MORTGAGE,PERSONAL,N,0
59,69800,0.3,12600,13.35,0.1805,13,0.3171,0.0241,MORTGAGE,PERSONAL,Y,0
38,70000,9.0,10600,10.65,0.1514,8,0.4,0.0161,OWN,DEBTCONSOLIDATION,N,0
46,63800,2.9,13100,11.36,0.2053,9,0.3214,0.0233,RENT,HOMEIMPROVEMENT,N,0
33,79100,6.1,8200,8.72,0.1037,6,0.4,0.009,MORTGAGE,MEDICAL,N,0
50,84600,10.3,32200,15.16,0.3806,6,0.1875,0.0577,RENT,EDUCATION,N,0
53,36300,10.1,8700,12.41,0.2397,8,0.2286,0.0297,RENT,EDUCATION,Y,0
48,38700,14.2,20900,17.38,0.5401,11,0.3667,0.0939,MORTGAGE,EDUCATION,Y,1
52,82400,9.1,15100,14.77,0.1833,3,0.0882,0.0271,OTHER,VENTURE,N,0
40,81400,0.0,18900,11.53,0.2322,4,0.1818,0.0268,OTHER,EDUCATION,N,0
46,112500,2.0,17400,11.75,0.1547,4,0.1429,0.0182,MORTGAGE,MEDICAL,N,0
40,62200,3.2,9600,8.7,0.1543,9,0.4091,0.0134,RENT,PERSONAL,N,0
39,112600,8.3,24600,10.06,0.2185,2,0.0952,0.022,RENT,MEDICAL,N,0
52,42200,10.7,8400,10.28,0.1991,2,0.0588,0.0205,RENT,PERSONAL,N,0
34,152000,1.1,9000,12.28,0.0592,8,0.5,0.0073,MORTGAGE,PERSONAL,N,0
38,113600,1.4,12400,9.9,0.1092,7,0.35,0.0108,RENT,EDUCATION,N,0
55,60300,4.3,17400,13.51,0.2886,10,0.2703,0.039,RENT,MEDICAL,N,0
46,26800,,25800,21.47,0.9627,5,0.1786,0.2067,MORTGAGE,DEBTCONSOLIDATION,Y,1
36,80600,0.5,14200,,0.1762,4,0.2222,0.0223,MORTGAGE,MEDICAL,N,0
44,30000,5.1,6100,12.11,0.2033,11,0.4231,0.0246,MORTGAGE,MEDICAL,N,0
40,99000,3.8,19800,11.39,0.2,4,0.1818,0.0228,RENT,DEBTCONSOLIDATION,N,0
36,72000,0.2,21900,14.01,0.3042,3,0.1667,0.0426,MORTGAGE,MEDICAL,N,0
42,55600,12.2,22500,17.9,0.4047,9,0.375,0.0724,RENT,DEBTCONSOLIDATION,N,0
38,37500,11.9,26700,20.91,0.712,10,0.5,0.1489,RENT,VENTURE,Y,1
51,66800,5.1,26000,,0.3892,7,0.2121,0.0493,MORTGAGE,PERSONAL,N,0
51,82800,6.7,27500,14.69,0.3321,8,0.2424,0.0488,OWN,DEBTCONSOLIDATION,N,0
35,35500,4.9,20900,16.94,0.5887,5,0.2941,0.0997,MORTGAGE,VENTURE,Y,1
42,36300,0.8,30900,19.75,0.8512,7,0.2917,0.1681,RENT,EDUCATION,Y,1
45,22600,3.3,17300,18.48,0.7655,8,0.2963,0.1415,MORTGAGE,MEDICAL,Y,1
40,161900,4.8,3800,8.99,0.0235,4,0.1818,0.0021,RENT,EDUCATION,N,0
37,109300,3.3,8000,8.1,0.0732,8,0.4211,0.0059,OWN,PERSONAL,N,0
49,18000,10.8,18500,21.55,1.0278,7,0.2258,0.2215,OWN,VENTURE,Y,1
39,128500,1.0,19900,9.9,0.1549,3,0.1429,0.0153,RENT,VENTURE,N,0
39,55000,15.3,17600,13.06,0.32,5,0.2381,0.0418,RENT,HOMEIMPROVEMENT,N,0
36,55800,7.9,10800,11.65,0.1935,3,0.1667,0.0225,RENT,PERSONAL,N,0
51,75300,1.9,25100,13.79,0.3333,15,0.4545,0.046,MORTGAGE,PERSONAL,N,1
39,64300,2.4,14500,13.64,0.2255,4,0.1905,0.0308,RENT,VENTURE,N,0
34,76500,0.2,9900,8.44,0.1294,3,0.1875,0.0109,MORTGAGE,HOMEIMPROVEMENT,N,0
32,50700,13.3,25800,16.28,0.5089,2,0.1429,0.0828,RENT,EDUCATION,N,1
40,63100,2.2,21100,11.17,0.3344,7,0.3182,0.0374,RENT,PERSONAL,N,0
35,75900,,8600,15.14,0.1133,7,0.4118,0.0172,MORTGAGE,MEDICAL,N,0
66,42100,5.2,20900,15.62,0.4964,5,0.1042,0.0775,RENT,MEDICAL,N,0
52,57500,11.7,8400,11.96,0.1461,6,0.1765,0.0175,MORTGAGE,DEBTCONSOLIDATION,N,0
31,52700,0.2,13800,10.02,0.2619,5,0.3846,0.0262,RENT,EDUCATION,Y,1
57,96100,,14000,12.64,0.1457,2,0.0513,0.0184,RENT,DEBTCONSOLIDATION,N,0
38,68000,0.5,24100,14.98,0.3544,4,0.2,0.0531,MORTGAGE,VENTURE,N,0
34,62000,5.7,22600,,0.3645,5,0.3125,0.0461,MORTGAGE,PERSONAL,N,0
45,56000,1.3,16600,12.94,0.2964,3,0.1111,0.0384,MORTGAGE,VENTURE,N,0
47,61100,0.9,18600,15.55,0.3044,15,0.5172,0.0473,RENT,PERSONAL,Y,1
48,30600,9.8,30000,19.77,0.9804,4,0.1333,0.1938,MORTGAGE,MEDICAL,N,1
48,38800,1.8,15300,15.93,0.3943,6,0.2,0.0628,OWN,HOMEIMPROVEMENT,N,0
25,163500,6.9,16900,11.15,0.1034,7,1.0,0.0115,RENT,PERSONAL,N,0
36,42300,3.7,6100,11.46,0.1442,18,1.0,0.0165,OWN,VENTURE,N,0
52,36600,2.4,13200,12.02,0.3607,7,0.2059,0.0434,MORTGAGE,MEDICAL,Y,0
43,53400,1.3,1900,,0.0356,3,0.12,0.0045,RENT,VENTURE,N,0
40,63800,1.3,32600,17.83,0.511,6,0.2727,0.0911,OWN,PERSONAL,N,0
38,40600,3.5,14400,16.86,0.3547,5,0.25,0.0598,MORTGAGE,DEBTCONSOLIDATION,N,1
32,31500,10.2,18700,20.61,0.5937,8,0.5714,0.1224,MORTGAGE,MEDICAL,N,0
38,51500,6.1,15700,11.01,0.3049,11,0.55,0.0336,MORTGAGE,HOMEIMPROVEMENT,N,0
42,34100,2.6,19200,20.55,0.563,5,0.2083,0.1157,OWN,VENTURE,N,1
44,45900,3.8,13200,9.34,0.2876,5,0.1923,0.0269,RENT,PERSONAL,N,0
43,44700,5.9,13700,12.97,0.3065,16,0.64,0.0398,RENT,MEDICAL,N,0
39,47600,1.2,10300,12.99,0.2164,3,0.1429,0.0281,RENT,EDUCATION,N,0
44,30700,,6000,9.14,0.1954,6,0.2308,0.0179,RENT,DEBTCONSOLIDATION,N,0
47,41200,6.6,29100,19.68,0.7063,9,0.3103,0.139,MORTGAGE,DEBTCONSOLIDATION,N,1
39,49100,1.8,8000,10.18,0.1629,7,0.3333,0.0166,RENT,DEBTCONSOLIDATION,N,1
47,43500,5.9,2800,7.18,0.0644,4,0.1379,0.0046,RENT,PERSONAL,N,0
44,75500,0.2,22200,16.02,0.294,8,0.3077,0.0471,MORTGAGE,EDUCATION,N,0
49,37900,4.5,14900,14.45,0.3931,6,0.1935,0.0568,OWN,DEBTCONSOLIDATION,N,0
40,62100,1.9,9300,11.15,0.1498,8,0.3636,0.0167,RENT,EDUCATION,N,0
41,88300,9.6,16400,10.82,0.1857,5,0.2174,0.0201,OWN,MEDICAL,N,0
39,22800,3.9,28800,23.17,1.2632,12,0.5714,0.2927,RENT,MEDICAL,Y,1
51,52600,5.4,9900,12.96,0.1882,3,0.0909,0.0244,RENT,MEDICAL,N,0
36,49900,5.7,22300,13.34,0.4469,8,0.4444,0.0596,MORTGAGE,EDUCATION,N,0
42,131400,14.3,3500,12.25,0.0266,4,0.1667,0.0033,RENT,VENTURE,N,0
37,82000,4.5,13100,13.31,0.1598,3,0.1579,0.0213,MORTGAGE,DEBTCONSOLIDATION,N,0
45,85600,5.6,17800,12.28,0.2079,3,0.1111,0.0255,MORTGAGE,EDUCATION,N,0
35,68600,6.0,12500,12.96,0.1822,4,0.2353,0.0236,MORTGAGE,VENTURE,N,0
56,55700,3.6,18000,16.23,0.3232,6,0.1579,0.0525,MORTGAGE,VENTURE,N,0
40,74300,1.8,13700,12.63,0.1844,5,0.2273,0.0233,MORTGAGE,VENTURE,Y,0
70,76400,,5600,11.13,0.0733,9,0.1731,0.0082,RENT,DEBTCONSOLIDATION,N,0
46,59400,1.6,15400,11.39,0.2593,7,0.25,0.0295,RENT,EDUCATION,N,0
38,94800,3.0,8800,8.83,0.0928,8,0.4,0.0082,RENT,VENTURE,Y,0
40,30200,2.6,23100,23.22,0.7649,3,0.1364,0.1776,OWN,DEBTCONSOLIDATION,Y,1
58,162200,8.7,9200,11.58,0.0567,6,0.15,0.0066,OWN,MEDICAL,N,0
32,52100,1.2,33600,17.33,0.6449,8,0.5714,0.1118,MORTGAGE,EDUCATION,N,0
43,54200,4.9,24400,15.7,0.4502,6,0.24,0.0707,MORTGAGE,DEBTCONSOLIDATION,N,1
45,92500,2.9,10400,10.09,0.1124,7,0.2593,0.0113,RENT,DEBTCONSOLIDATION,N,0
32,77600,14.0,13400,,0.1727,3,0.2143,0.0219,RENT,EDUCATION,N,1
60,38800,1.3,10800,13.13,0.2784,6,0.1429,0.0366,MORTGAGE,DEBTCONSOLIDATION,N,1
57,52000,7.3,5100,9.19,0.0981,6,0.1538,0.009,RENT,DEBTCONSOLIDATION,Y,0
50,28100,1.3,4900,,0.1744,9,0.2812,0.0221,RENT,PERSONAL,N,0
34,124600,0.8,33100,9.61,0.2657,8,0.5,0.0255,RENT,PERSONAL,N,0
43,52500,19.8,23800,,0.4533,10,0.4,0.0574,RENT,DEBTCONSOLIDATION,N,0
35,32100,17.0,12200,10.02,0.3801,3,0.1765,0.0381,RENT,EDUCATION,N,0
29,67200,10.4,15700,11.58,0.2336,11,1.0,0.0271,MORTGAGE,PERSONAL,N,0
41,64600,0.7,27500,17.3,0.4257,10,0.4348,0.0736,RENT,MEDICAL,N,0
38,75400,0.3,15200,12.42,0.2016,6,0.3,0.025,RENT,EDUCATION,N,0
38,29300,0.1,23700,19.34,0.8089,5,0.25,0.1564,RENT,PERSONAL,Y,1
45,42200,0.0,27800,19.35,0.6588,5,0.1852,0.1275,RENT,DEBTCONSOLIDATION,Y,1
48,29500,2.9,7700,12.58,0.261,16,0.5333,0.0328,RENT,HOMEIMPROVEMENT,N,0
37,250000,8.5,24000,9.41,0.096,6,0.3158,0.009,RENT,EDUCATION,Y,0
41,46200,0.9,8600,9.85,0.1861,6,0.2609,0.0183,RENT,HOMEIMPROVEMENT,N,0
54,50800,0.1,25500,17.47,0.502,3,0.0833,0.0877,RENT,VENTURE,N,0
30,37600,2.7,7200,13.93,0.1915,7,0.5833,0.0267,RENT,MEDICAL,N,0
40,38300,0.7,21600,19.64,0.564,8,0.3636,0.1108,MORTGAGE,MEDICAL,N,1
44,22400,0.3,16700,23.15,0.7455,3,0.1154,0.1726,MORTGAGE,EDUCATION,Y,1
47,54900,2.2,9900,9.68,0.1803,7,0.2414,0.0175,MORTGAGE,DEBTCONSOLIDATION,N,0
35,30000,3.6,14200,12.88,0.4733,3,0.1765,0.061,MORTGAGE,HOMEIMPROVEMENT,Y,0
38,66000,15.2,7400,13.18,0.1121,8,0.4,0.0148,RENT,DEBTCONSOLIDATION,N,0
44,42300,1.5,21800,18.58,0.5154,8,0.3077,0.0958,RENT,EDUCATION,N,1
39,58200,8.1,17200,14.63,0.2955,7,0.3333,0.0432,RENT,MEDICAL,N,0
22,35000,4.0,12000,9.58,0.3429,4,1.0,0.0328,RENT,MEDICAL,N,1
70,47000,0.6,8500,11.78,0.1809,5,0.0962,0.0213,RENT,DEBTCONSOLIDATION,N,0
40,102600,9.4,19900,,0.194,7,0.3182,0.0246,MORTGAGE,PERSONAL,N,0
65,36900,0.2,17400,16.66,0.4715,3,0.0638,0.0786,RENT,VENTURE,N,0
38,54400,4.0,17700,13.8,0.3254,5,0.25,0.0449,MORTGAGE,MEDICAL,N,0
49,83200,1.1,29200,,0.351,2,0.0645,0.0444,OWN,VENTURE,N,0
37,92800,10.1,29700,10.78,0.32,9,0.4737,0.0345,MORTGAGE,PERSONAL,N,0
46,68400,15.7,3900,10.93,0.057,8,0.2857,0.0062,RENT,DEBTCONSOLIDATION,Y,0
37,29000,0.9,20500,,0.7069,8,0.4211,0.0895,MORTGAGE,DEBTCONSOLIDATION,N,1
30,40300,3.2,11900,14.39,0.2953,10,0.8333,0.0425,MORTGAGE,MEDICAL,N,0
41,57500,0.4,4700,10.17,0.0817,2,0.087,0.0083,OTHER,MEDICAL,N,0
49,78200,12.9,11400,12.23,0.1458,16,0.5161,0.0178,MORTGAGE,EDUCATION,N,0
44,19000,21.7,20600,16.72,1.0842,8,0.3077,0.1813,RENT,HOMEIMPROVEMENT,Y,1
44,37500,3.8,5400,10.07,0.144,7,0.2692,0.0145,OWN,MEDICAL,N,0
56,24800,2.6,26000,22.88,1.0484,8,0.2105,0.2399,OTHER,DEBTCONSOLIDATION,Y,1
50,28600,0.8,15100,16.53,0.528,10,0.3125,0.0873,RENT,EDUCATION,N,0
51,145500,0.8,6100,9.03,0.0419,14,0.4242,0.0038,RENT,DEBTCONSOLIDATION,N,0
33,42700,7.1,18100,14.55,0.4239,6,0.4,0.0617,RENT,HOMEIMPROVEMENT,Y,0
56,28100,1.0,15200,18.95,0.5409,4,0.1053,0.1025,MORTGAGE,DEBTCONSOLIDATION,N,0
34,83900,6.8,7900,8.62,0.0942,4,0.25,0.0081,RENT,EDUCATION,N,0
43,73800,5.0,20800,15.48,0.2818,3,0.12,0.0436,MORTGAGE,VENTURE,N,0
44,115600,1.0,16900,9.54,0.1462,9,0.3462,0.0139,RENT,PERSONAL,N,0
39,45000,1.8,14900,12.57,0.3311,5,0.2381,0.0416,RENT,EDUCATION,N,1
53,175600,2.2,24200,10.55,0.1378,11,0.3143,0.0145,RENT,EDUCATION,N,0
42,113600,0.8,10500,10.67,0.0924,4,0.1667,0.0099,MORTGAGE,DEBTCONSOLIDATION,N,0
61,27600,5.6,10600,12.9,0.3841,6,0.1395,0.0495,RENT,HOMEIMPROVEMENT,N,0
50,33100,2.0,6800,12.03,0.2054,7,0.2188,0.0247,MORTGAGE,DEBTCONSOLIDATION,N,0
44,31100,2.2,14600,19.76,0.4695,6,0.2308,0.0928,RENT,EDUCATION,Y,1
43,48600,13.0,19600,15.61,0.4033,8,0.32,0.063,MORTGAGE,VENTURE,Y,0
48,63800,1.6,13600,10.75,0.2132,8,0.2667,0.0229,OWN,PERSONAL,N,0
42,59600,1.2,28800,15.96,0.4832,17,0.7083,0.0771,RENT,EDUCATION,N,0
68,18700,0.4,21800,17.33,1.1658,5,0.1,0.202,MORTGAGE,HOMEIMPROVEMENT,Y,1
40,32800,5.7,13600,16.95,0.4146,3,0.1364,0.0703,OWN,PERSONAL,N,0
44,138600,3.8,17700,13.83,0.1277,4,0.1538,0.0177,RENT,PERSONAL,N,0
56,13500,2.6,16900,18.13,1.2519,9,0.2368,0.227,MORTGAGE,EDUCATION,Y,1
43,33100,2.6,10300,14.93,0.3112,2,0.08,0.0465,RENT,DEBTCONSOLIDATION,Y,1
40,34400,6.2,26300,19.06,0.7645,15,0.6818,0.1457,RENT,MEDICAL,Y,1
40,65900,6.5,13500,13.48,0.2049,7,0.3182,0.0276,MORTGAGE,EDUCATION,N,0
60,18500,0.7,2100,11.57,0.1135,3,0.0714,0.0131,RENT,VENTURE,N,0
34,49000,4.7,7400,7.92,0.151,3,0.1875,0.012,OWN,VENTURE,N,0
57,108700,0.7,6500,,0.0598,6,0.1538,0.0076,RENT,DEBTCONSOLIDATION,N,0
42,53700,2.6,5300,7.93,0.0987,4,0.1667,0.0078,OTHER,EDUCATION,N,0
48,58000,8.2,12500,8.23,0.2155,2,0.0667,0.0177,RENT,VENTURE,N,0
32,79700,7.0,9300,10.35,0.1167,3,0.2143,0.0121,MORTGAGE,PERSONAL,Y,0
29,38200,2.3,8800,12.64,0.2304,8,0.7273,0.0291,MORTGAGE,EDUCATION,N,0
55,49400,1.9,19000,14.49,0.3846,6,0.1622,0.0557,OTHER,VENTURE,Y,0
44,43600,0.8,6900,9.26,0.1583,4,0.1538,0.0147,RENT,EDUCATION,N,0
56,94500,2.5,21500,11.63,0.2275,4,0.1053,0.0265,RENT,EDUCATION,N,0
42,41300,6.3,8300,11.09,0.201,3,0.125,0.0223,RENT,MEDICAL,N,0
38,107100,1.6,12000,,0.112,6,0.3,0.0142,MORTGAGE,DEBTCONSOLIDATION,N,0
44,33800,18.8,3400,10.42,0.1006,3,0.1154,0.0105,MORTGAGE,PERSONAL,N,0
43,149300,4.0,2800,6.57,0.0188,3,0.12,0.0012,OWN,DEBTCONSOLIDATION,N,0
48,99400,,8900,10.6,0.0895,4,0.1333,0.0095,RENT,HOMEIMPROVEMENT,N,0
37,156700,13.9,23700,10.39,0.1512,9,0.4737,0.0157,MORTGAGE,DEBTCONSOLIDATION,N,0
43,22900,1.6,9500,18.04,0.4148,15,0.6,0.0748,OWN,DEBTCONSOLIDATION,N,1
46,39000,,20600,17.88,0.5282,3,0.1071,0.0944,MORTGAGE,PERSONAL,N,0
39,82400,6.2,7100,11.69,0.0862,6,0.2857,0.0101,OWN,DEBTCONSOLIDATION,N,0
60,77000,9.7,20200,9.95,0.2623,7,0.1667,0.0261,MORTGAGE,EDUCATION,N,0
43,23800,1.9,10900,19.08,0.458,5,0.2,0.0874,MORTGAGE,DEBTCONSOLIDATION,Y,0
41,73800,0.4,5200,9.41,0.0705,6,0.2609,0.0066,MORTGAGE,VENTURE,N,0
42,72600,1.3,23000,,0.3168,2,0.0833,0.0401,MORTGAGE,EDUCATION,N,1
45,35900,,11200,13.79,0.312,2,0.0741,0.043,MORTGAGE,PERSONAL,N,0
42,21700,4.7,26800,19.68,1.235,7,0.2917,0.243,OWN,VENTURE,Y,1
43,86800,4.7,7400,8.68,0.0853,8,0.32,0.0074,RENT,EDUCATION,N,0
39,18900,15.6,16800,21.09,0.8889,4,0.1905,0.1875,RENT,MEDICAL,Y,1
63,17900,2.7,6200,14.3,0.3464,4,0.0889,0.0495,MORTGAGE,HOMEIMPROVEMENT,N,1
37,30500,8.4,12400,13.97,0.4066,7,0.3684,0.0568,MORTGAGE,MEDICAL,N,0
42,48200,10.0,21500,20.77,0.4461,5,0.2083,0.0927,RENT,VENTURE,N,1
38,84600,1.4,15700,10.05,0.1856,3,0.15,0.0187,RENT,EDUCATION,N,0
29,79900,1.8,15500,10.73,0.194,11,1.0,0.0208,MORTGAGE,EDUCATION,N,0
42,63900,1.1,9900,,0.1549,5,0.2083,0.0196,RENT,DEBTCONSOLIDATION,N,0
70,40700,3.7,25900,17.79,0.6364,6,0.1154,0.1132,RENT,PERSONAL,Y,1
40,73400,1.3,8200,14.6,0.1117,4,0.1818,0.0163,RENT,DEBTCONSOLIDATION,N,0
48,52700,0.3,11700,,0.222,4,0.1333,0.0281,RENT,DEBTCONSOLIDATION,N,1
43,84800,9.6,27300,14.34,0.3219,7,0.28,0.0462,RENT,VENTURE,N,0
47,68700,2.7,8800,8.69,0.1281,2,0.069,0.0111,RENT,MEDICAL,N,0
55,52200,6.1,11200,11.33,0.2146,5,0.1351,0.0243,MORTGAGE,DEBTCONSOLIDATION,N,0
52,28500,9.2,22200,16.84,0.7789,3,0.0882,0.1312,MORTGAGE,HOMEIMPROVEMENT,N,1
38,62700,5.8,20200,13.5,0.3222,6,0.3,0.0435,RENT,VENTURE,N,0
55,149900,2.5,8200,5.42,0.0547,5,0.1351,0.003,MORTGAGE,MEDICAL,N,0
53,65400,2.7,21100,14.32,0.3226,5,0.1429,0.0462,MORTGAGE,VENTURE,N,0
39,51500,0.4,25900,16.14,0.5029,6,0.2857,0.0812,RENT,DEBTCONSOLIDATION,N,1
42,26300,6.2,11000,14.7,0.4183,6,0.25,0.0615,MORTGAGE,VENTURE,N,0
53,41000,2.2,7000,12.19,0.1707,4,0.1143,0.0208,MORTGAGE,DEBTCONSOLIDATION,N,0
49,28100,1.9,13500,18.09,0.4804,16,0.5161,0.0869,MORTGAGE,VENTURE,N,1
38,60800,0.7,3900,6.75,0.0641,11,0.55,0.0043,MORTGAGE,PERSONAL,N,0
49,70700,0.8,9700,10.37,0.1372,8,0.2581,0.0142,MORTGAGE,EDUCATION,N,0
30,18500,1.3,8600,21.18,0.4649,5,0.4167,0.0985,MORTGAGE,DEBTCONSOLIDATION,Y,1
64,15400,4.1,27900,18.19,1.8117,6,0.1304,0.3295,MORTGAGE,HOMEIMPROVEMENT,N,1
36,150600,0.7,3200,7.43,0.0212,5,0.2778,0.0016,RENT,MEDICAL,N,0
50,157700,0.9,5000,10.14,0.0317,7,0.2188,0.0032,MORTGAGE,DEBTCONSOLIDATION,N,0
38,34400,,17800,17.98,0.5174,3,0.15,0.093,MORTGAGE,VENTURE,Y,1
38,67100,5.6,11100,12.25,0.1654,4,0.2,0.0203,RENT,VENTURE,N,1
34,16700,1.4,16100,21.21,0.9641,7,0.4375,0.2045,MORTGAGE,DEBTCONSOLIDATION,Y,1
50,21100,1.3,5700,14.97,0.2701,9,0.2812,0.0404,RENT,PERSONAL,Y,1
51,30000,2.5,8200,12.33,0.2733,12,0.3636,0.0337,OWN,VENTURE,N,0
32,17400,14.0,14300,20.1,0.8218,4,0.2857,0.1652,RENT,EDUCATION,Y,1
51,43700,4.5,18900,14.57,0.4325,5,0.1515,0.063,RENT,HOMEIMPROVEMENT,Y,1
39,73100,0.1,6400,9.29,0.0876,4,0.1905,0.0081,RENT,PERSONAL,N,0
44,40500,5.5,15100,11.44,0.3728,13,0.5,0.0426,OTHER,EDUCATION,N,0
51,143700,3.6,4800,8.36,0.0334,4,0.1212,0.0028,MORTGAGE,MEDICAL,N,0
36,25800,2.7,14300,12.96,0.5543,5,0.2778,0.0718,OWN,MEDICAL,N,0
33,19500,1.5,14600,17.65,0.7487,6,0.4,0.1321,RENT,EDUCATION,Y,1
40,58600,7.4,6300,,0.1075,2,0.0909,0.0136,RENT,EDUCATION,Y,0
51,69500,8.5,21300,15.02,0.3065,7,0.2121,0.046,MORTGAGE,DEBTCONSOLIDATION,Y,0
42,121200,4.9,26700,11.63,0.2203,12,0.5,0.0256,RENT,EDUCATION,N,0
44,18000,4.1,4700,11.5,0.2611,5,0.1923,0.03,MORTGAGE,EDUCATION,N,0
50,48500,11.2,21700,16.82,0.4474,3,0.0938,0.0753,RENT,HOMEIMPROVEMENT,Y,0
44,70300,1.8,23300,16.17,0.3314,6,0.2308,0.0536,MORTGAGE,VENTURE,N,0
44,26600,2.6,5900,11.33,0.2218,10,0.3846,0.0251,MORTGAGE,DEBTCONSOLIDATION,N,1
37,32400,4.3,26400,22.05,0.8148,4,0.2105,0.1797,RENT,VENTURE,N,0
45,30700,,15600,17.82,0.5081,7,0.2593,0.0905,OWN,VENTURE,N,1
46,66900,4.9,21500,17.35,0.3214,2,0.0714,0.0558,OWN,DEBTCONSOLIDATION,N,0
44,86400,5.0,21000,11.72,0.2431,6,0.2308,0.0285,RENT,PERSONAL,N,0
44,20900,0.5,17000,20.98,0.8134,3,0.1154,0.1707,MORTGAGE,DEBTCONSOLIDATION,Y,1
38,111100,1.5,4500,9.05,0.0405,4,0.2,0.0037,RENT,MEDICAL,N,0
37,59500,1.7,24000,14.33,0.4034,4,0.2105,0.0578,MORTGAGE,PERSONAL,Y,0
65,46700,1.3,26600,19.12,0.5696,4,0.0851,0.1089,RENT,VENTURE,N,1
39,69400,0.1,5100,5.5,0.0735,5,0.2381,0.004,RENT,PERSONAL,N,0
46,63400,0.4,4800,12.24,0.0757,9,0.3214,0.0093,OWN,DEBTCONSOLIDATION,N,0
42,91500,6.6,25600,12.61,0.2798,10,0.4167,0.0353,MORTGAGE,MEDICAL,N,0
36,29500,1.7,27300,17.17,0.9254,6,0.3333,0.1589,RENT,EDUCATION,N,1
44,66900,,13300,15.98,0.1988,7,0.2692,0.0318,MORTGAGE,VENTURE,N,0
34,74100,16.0,8000,9.46,0.108,8,0.5,0.0102,OWN,VENTURE,N,0
43,54100,4.8,24600,14.05,0.4547,3,0.12,0.0639,OWN,HOMEIMPROVEMENT,N,0
45,89600,0.8,12300,11.49,0.1373,6,0.2222,0.0158,MORTGAGE,DEBTCONSOLIDATION,N,0
49,176500,3.8,13700,12.2,0.0776,7,0.2258,0.0095,RENT,MEDICAL,N,0
34,178500,1.1,6000,,0.0336,6,0.375,0.0043,MORTGAGE,HOMEIMPROVEMENT,N,0
57,70600,23.2,3700,8.08,0.0524,5,0.1282,0.0042,MORTGAGE,VENTURE,N,0
55,65900,6.5,14700,11.15,0.2231,4,0.1081,0.0249,MORTGAGE,EDUCATION,N,0
44,78400,4.1,9600,10.67,0.1224,5,0.1923,0.0131,MORTGAGE,EDUCATION,N,0
60,58300,2.9,22900,16.58,0.3928,5,0.119,0.0651,MORTGAGE,DEBTCONSOLIDATION,N,0
53,42700,14.2,13800,,0.3232,3,0.0857,0.0409,MORTGAGE,VENTURE,N,1
43,85400,6.3,5000,6.87,0.0585,3,0.12,0.004,RENT,HOMEIMPROVEMENT,N,0
39,27600,0.0,14800,14.4,0.5362,4,0.1905,0.0772,RENT,HOMEIMPROVEMENT,N,1
51,25300,1.2,24800,18.38,0.9802,3,0.0909,0.1802,MORTGAGE,EDUCATION,N,1
39,36900,1.7,5800,11.26,0.1572,4,0.1905,0.0177,RENT,VENTURE,N,0
45,86500,5.7,17100,12.97,0.1977,2,0.0741,0.0256,OWN,VENTURE,N,0
38,67300,1.1,15200,,0.2259,3,0.15,0.0286,MORTGAGE,VENTURE,N,0
61,32700,0.9,8800,11.57,0.2691,7,0.1628,0.0311,MORTGAGE,PERSONAL,Y,1
45,50600,9.4,11700,14.89,0.2312,3,0.1111,0.0344,MORTGAGE,EDUCATION,N,0
45,31300,10.8,7100,11.99,0.2268,6,0.2222,0.0272,MORTGAGE,EDUCATION,N,0
52,95000,4.0,21200,8.46,0.2232,3,0.0882,0.0189,OWN,EDUCATION,N,0
69,68200,0.1,16900,12.93,0.2478,14,0.2745,0.032,MORTGAGE,VENTURE,N,0
50,55500,2.5,5000,8.71,0.0901,6,0.1875,0.0078,RENT,MEDICAL,N,0
53,61200,6.6,10400,9.79,0.1699,8,0.2286,0.0166,OWN,DEBTCONSOLIDATION,Y,0
34,54800,6.0,5700,10.97,0.104,6,0.375,0.0114,RENT,VENTURE,N,1
55,62700,3.0,10400,10.38,0.1659,8,0.2162,0.0172,MORTGAGE,DEBTCONSOLIDATION,N,0
52,39400,,6500,10.2,0.165,5,0.1471,0.0168,MORTGAGE,EDUCATION,N,0
49,78300,2.2,7400,9.44,0.0945,10,0.3226,0.0089,RENT,MEDICAL,N,0
47,48200,5.6,11200,12.04,0.2324,3,0.1034,0.028,RENT,VENTURE,Y,0
44,121800,1.1,11500,8.61,0.0944,8,0.3077,0.0081,OWN,VENTURE,N,0
29,58500,5.9,9800,14.0,0.1675,11,1.0,0.0235,MORTGAGE,VENTURE,N,0
44,53400,0.3,21300,16.42,0.3989,4,0.1538,0.0655,MORTGAGE,EDUCATION,N,0
53,50900,4.9,17100,15.31,0.336,2,0.0571,0.0514,MORTGAGE,PERSONAL,N,0
44,53700,3.0,10200,,0.1899,2,0.0769,0.024,RENT,MEDICAL,N,0
39,93900,3.4,28900,12.76,0.3078,7,0.3333,0.0393,RENT,MEDICAL,N,0
65,159600,1.0,13500,,0.0846,4,0.0851,0.0107,MORTGAGE,MEDICAL,N,0
38,33300,0.1,12200,,0.3664,9,0.45,0.0464,OWN,DEBTCONSOLIDATION,N,0
55,74400,,30200,15.56,0.4059,2,0.0541,0.0632,MORTGAGE,DEBTCONSOLIDATION,Y,1
35,27900,2.3,15300,18.06,0.5484,11,0.6471,0.099,MORTGAGE,DEBTCONSOLIDATION,Y,1
39,12000,7.9,15800,16.94,1.3167,6,0.2857,0.223,MORTGAGE,MEDICAL,Y,1
47,41800,14.8,13600,,0.3254,3,0.1034,0.0412,MORTGAGE,VENTURE,N,0
37,19500,13.3,16600,21.11,0.8513,11,0.5789,0.1797,MORTGAGE,MEDICAL,N,1
34,29600,5.8,28000,19.14,0.9459,4,0.25,0.181,RENT,EDUCATION,Y,1
54,67800,4.7,6300,10.9,0.0929,5,0.1389,0.0101,RENT,VENTURE,N,0
40,78100,11.6,7700,10.74,0.0986,3,0.1364,0.0106,RENT,HOMEIMPROVEMENT,N,0
36,34700,3.3,21400,19.69,0.6167,12,0.6667,0.1214,RENT,DEBTCONSOLIDATION,Y,1
54,75400,3.8,9200,10.21,0.122,6,0.1667,0.0125,OTHER,PERSONAL,Y,0
53,55500,7.2,14100,12.09,0.2541,3,0.0857,0.0307,OWN,DEBTCONSOLIDATION,N,0
35,27600,3.0,7500,14.41,0.2717,4,0.2353,0.0392,MORTGAGE,EDUCATION,Y,0
41,70600,14.5,13700,9.37,0.1941,7,0.3043,0.0182,MORTGAGE,PERSONAL,N,0
33,35400,0.2,9000,13.86,0.2542,10,0.6667,0.0352,OTHER,VENTURE,N,0
46,24200,4.8,14800,21.62,0.6116,7,0.25,0.1322,RENT,VENTURE,Y,1
46,40400,7.5,16600,15.83,0.4109,3,0.1071,0.065,RENT,EDUCATION,N,1
43,33600,,23900,18.31,0.7113,2,0.08,0.1302,RENT,MEDICAL,N,1
36,49200,4.4,12200,12.84,0.248,2,0.1111,0.0318,MORTGAGE,VENTURE,N,0
40,47200,1.2,10900,10.84,0.2309,8,0.3636,0.025,MORTGAGE,MEDICAL,N,0
44,79000,14.5,28100,14.64,0.3557,4,0.1538,0.0521,RENT,VENTURE,N,1
32,51500,5.4,5100,8.26,0.099,3,0.2143,0.0082,RENT,MEDICAL,N,0
39,51400,5.2,18200,14.18,0.3541,7,0.3333,0.0502,MORTGAGE,MEDICAL,N,0
48,61100,5.7,11200,11.71,0.1833,7,0.2333,0.0215,RENT,EDUCATION,Y,0
39,29400,1.0,24300,17.98,0.8265,3,0.1429,0.1486,OWN,VENTURE,Y,1
39,39500,4.2,17500,8.94,0.443,11,0.5238,0.0396,RENT,HOMEIMPROVEMENT,N,0
54,80400,1.5,15300,10.85,0.1903,6,0.1667,0.0206,RENT,EDUCATION,N,0
49,20100,6.3,18900,19.64,0.9403,5,0.1613,0.1847,MORTGAGE,MEDICAL,Y,1
33,49400,4.3,4000,8.24,0.081,4,0.2667,0.0067,MORTGAGE,VENTURE,Y,0
50,88700,3.6,22800,12.26,0.257,2,0.0625,0.0315,RENT,EDUCATION,N,0
48,69800,0.6,8200,8.01,0.1175,5,0.1667,0.0094,RENT,PERSONAL,N,0
39,40400,9.2,9800,11.94,0.2426,3,0.1429,0.029,MORTGAGE,PERSONAL,N,0
41,55800,18.4,18300,13.47,0.328,6,0.2609,0.0442,MORTGAGE,EDUCATION,N,0
47,78500,14.1,9200,11.26,0.1172,5,0.1724,0.0132,MORTGAGE,MEDICAL,N,0
38,38500,7.7,18700,17.77,0.4857,11,0.55,0.0863,MORTGAGE,PERSONAL,N,1
40,72000,2.9,2800,5.42,0.0389,6,0.2727,0.0021,MORTGAGE,PERSONAL,N,0
66,45000,1.1,16000,13.62,0.3556,6,0.125,0.0484,RENT,EDUCATION,N,0
51,28800,1.6,2800,10.84,0.0972,12,0.3636,0.0105,MORTGAGE,HOMEIMPROVEMENT,N,0
63,40500,4.5,2400,8.95,0.0593,4,0.0889,0.0053,RENT,EDUCATION,N,0
53,38600,6.2,22600,18.51,0.5855,9,0.2571,0.1084,RENT,EDUCATION,N,1
49,24800,7.7,3100,8.8,0.125,9,0.2903,0.011,MORTGAGE,PERSONAL,N,0
45,56800,9.0,20300,16.23,0.3574,6,0.2222,0.058,MORTGAGE,PERSONAL,Y,1
46,61700,2.3,6800,10.43,0.1102,4,0.1429,0.0115,RENT,DEBTCONSOLIDATION,N,0
45,45100,0.7,27700,18.6,0.6142,4,0.1481,0.1142,RENT,VENTURE,N,1
47,76800,0.3,7000,8.81,0.0911,10,0.3448,0.008,RENT,MEDICAL,N,0
54,50500,10.8,9200,11.25,0.1822,7,0.1944,0.0205,MORTGAGE,PERSONAL,N,0
47,28700,3.5,24700,22.99,0.8606,2,0.069,0.1979,RENT,VENTURE,Y,1
45,87100,9.7,16900,13.39,0.194,5,0.1852,0.026,RENT,MEDICAL,N,0
48,38600,10.5,9700,13.72,0.2513,4,0.1333,0.0345,RENT,EDUCATION,N,0
42,26900,10.6,5100,10.02,0.1896,4,0.1667,0.019,MORTGAGE,MEDICAL,N,0
50,60800,10.4,20100,13.93,0.3306,9,0.2812,0.0461,MORTGAGE,MEDICAL,N,0
47,20100,2.9,31000,22.07,1.5423,5,0.1724,0.3404,MORTGAGE,EDUCATION,Y,1
51,25000,1.7,7800,13.8,0.312,5,0.1515,0.0431,RENT,VENTURE,N,0
30,132300,0.0,6700,6.47,0.0506,12,1.0,0.0033,OWN,MEDICAL,N,0
56,37800,3.7,4100,8.56,0.1085,3,0.0789,0.0093,RENT,HOMEIMPROVEMENT,N,0
39,46800,5.6,15100,14.91,0.3226,13,0.619,0.0481,RENT,EDUCATION,N,1
38,250000,3.0,22000,,0.088,4,0.2,0.0111,OWN,DEBTCONSOLIDATION,N,0
38,32800,0.3,12800,15.01,0.3902,8,0.4,0.0586,OWN,VENTURE,N,0
49,134500,1.5,22300,11.07,0.1658,4,0.129,0.0184,MORTGAGE,MEDICAL,N,0
45,81500,9.9,16200,13.56,0.1988,3,0.1111,0.027,RENT,HOMEIMPROVEMENT,N,0
42,45000,5.3,19500,16.33,0.4333,13,0.5417,0.0708,MORTGAGE,PERSONAL,N,0
37,37000,5.9,12500,13.72,0.3378,2,0.1053,0.0463,RENT,DEBTCONSOLIDATION,N,0
43,46400,2.9,16300,12.27,0.3513,2,0.08,0.0431,RENT,VENTURE,N,1
48,43100,5.4,25900,19.73,0.6009,11,0.3667,0.1186,RENT,DEBTCONSOLIDATION,N,0
54,30800,2.6,15200,14.97,0.4935,6,0.1667,0.0739,RENT,EDUCATION,Y,1
41,45000,6.9,12800,11.75,0.2844,11,0.4783,0.0334,MORTGAGE,DEBTCONSOLIDATION,N,0
44,71300,1.9,31100,15.67,0.4362,15,0.5769,0.0684,MORTGAGE,MEDICAL,N,0
44,150800,7.9,8800,9.54,0.0584,7,0.2692,0.0056,RENT,DEBTCONSOLIDATION,N,0
40,36300,1.5,4000,10.94,0.1102,2,0.0909,0.0121,MORTGAGE,DEBTCONSOLIDATION,N,0
40,18800,0.2,10800,17.72,0.5745,13,0.5909,0.1018,MORTGAGE,HOMEIMPROVEMENT,N,1
34,46900,3.5,29700,16.95,0.6333,7,0.4375,0.1073,MORTGAGE,EDUCATION,Y,1
34,78000,9.9,28100,12.06,0.3603,6,0.375,0.0435,RENT,EDUCATION,N,1
43,17000,0.9,8900,21.31,0.5235,5,0.2,0.1116,RENT,MEDICAL,Y,1
46,25100,,11300,14.42,0.4502,6,0.2143,0.0649,MORTGAGE,MEDICAL,N,0
34,35200,4.8,4700,12.79,0.1335,16,1.0,0.0171,MORTGAGE,DEBTCONSOLIDATION,N,0
62,48900,2.8,4800,9.8,0.0982,2,0.0455,0.0096,RENT,VENTURE,N,0
42,47200,7.5,24300,10.75,0.5148,8,0.3333,0.0553,OWN,EDUCATION,N,0
53,49800,,26200,18.77,0.5261,4,0.1143,0.0987,MORTGAGE,VENTURE,Y,1
49,24700,0.9,22800,20.47,0.9231,15,0.4839,0.189,RENT,EDUCATION,Y,1
37,29400,0.8,15100,14.61,0.5136,7,0.3684,0.075,OTHER,EDUCATION,N,0
49,44400,7.8,28000,16.88,0.6306,4,0.129,0.1064,MORTGAGE,EDUCATION,N,1
55,29800,7.9,14400,14.13,0.4832,2,0.0541,0.0683,RENT,MEDICAL,N,0
41,117400,2.5,2700,8.48,0.023,3,0.1304,0.002,RENT,EDUCATION,N,0
29,91700,1.2,21900,,0.2388,11,1.0,0.0302,RENT,VENTURE,N,0
33,59700,6.8,13900,13.72,0.2328,3,0.2,0.0319,RENT,EDUCATION,N,0
48,86300,9.6,19300,,0.2236,3,0.1,0.0283,RENT,PERSONAL,N,0
40,25300,5.4,8100,11.9,0.3202,10,0.4545,0.0381,OWN,EDUCATION,N,0
37,62200,7.9,24500,14.23,0.3939,7,0.3684,0.0561,MORTGAGE,DEBTCONSOLIDATION,N,0
37,86100,1.6,8300,6.98,0.0964,9,0.4737,0.0067,RENT,PERSONAL,N,0
53,36800,2.8,23000,18.6,0.625,12,0.3429,0.1163,MORTGAGE,MEDICAL,Y,0
49,43600,2.5,23400,17.76,0.5367,3,0.0968,0.0953,MORTGAGE,EDUCATION,N,0
41,76300,0.9,16600,12.21,0.2176,7,0.3043,0.0266,RENT,DEBTCONSOLIDATION,Y,1
55,52800,1.1,12700,11.72,0.2405,12,0.3243,0.0282,MORTGAGE,EDUCATION,N,0
42,54300,6.3,14600,14.23,0.2689,2,0.0833,0.0383,MORTGAGE,VENTURE,N,0
41,18200,10.3,12700,18.76,0.6978,4,0.1739,0.1309,OWN,HOMEIMPROVEMENT,Y,1
52,55000,10.5,12200,14.63,0.2218,8,0.2353,0.0324,MORTGAGE,HOMEIMPROVEMENT,N,0
49,82500,7.3,25100,13.17,0.3042,3,0.0968,0.0401,MORTGAGE,MEDICAL,N,1
42,57000,0.1,12800,9.48,0.2246,14,0.5833,0.0213,OWN,HOMEIMPROVEMENT,N,0
32,83900,1.1,10900,,0.1299,6,0.4286,0.0164,RENT,DEBTCONSOLIDATION,N,0
56,22200,11.9,25900,20.93,1.1667,4,0.1053,0.2442,RENT,MEDICAL,Y,1
38,44900,,10900,13.36,0.2428,6,0.3,0.0324,MORTGAGE,EDUCATION,N,0
46,12000,4.1,9900,18.72,0.825,2,0.0714,0.1544,RENT,MEDICAL,Y,1
36,30700,10.5,19400,17.37,0.6319,10,0.5556,0.1098,MORTGAGE,DEBTCONSOLIDATION,N,0
44,26200,6.2,15100,17.29,0.5763,8,0.3077,0.0996,RENT,EDUCATION,Y,1
62,29800,5.4,17700,17.36,0.594,3,0.0682,0.1031,RENT,MEDICAL,N,0
60,71700,5.1,21900,10.33,0.3054,4,0.0952,0.0315,RENT,VENTURE,Y,0
42,38500,11.0,20200,17.07,0.5247,6,0.25,0.0896,RENT,HOMEIMPROVEMENT,N,0
59,114500,2.0,31400,,0.2742,5,0.122,0.0347,OWN,EDUCATION,N,0
48,182100,4.6,27200,11.91,0.1494,6,0.2,0.0178,MORTGAGE,HOMEIMPROVEMENT,N,0
56,128700,7.2,10400,7.94,0.0808,7,0.1842,0.0064,MORTGAGE,VENTURE,N,0
38,80100,1.6,9600,8.86,0.1199,11,0.55,0.0106,MORTGAGE,MEDICAL,N,0
57,31700,5.5,12700,15.05,0.4006,7,0.1795,0.0603,RENT,HOMEIMPROVEMENT,N,0
51,27000,7.1,19900,19.67,0.737,11,0.3333,0.145,RENT,VENTURE,N,1
70,71500,3.1,10600,12.41,0.1483,2,0.0385,0.0184,MORTGAGE,EDUCATION,N,0
36,27200,1.8,16700,19.24,0.614,11,0.6111,0.1181,RENT,VENTURE,Y,1
40,80000,7.6,20900,9.85,0.2612,7,0.3182,0.0257,RENT,EDUCATION,N,0
45,52700,1.3,28000,18.24,0.5313,8,0.2963,0.0969,MORTGAGE,DEBTCONSOLIDATION,N,0
56,81700,1.3,21300,12.69,0.2607,9,0.2368,0.0331,RENT,HOMEIMPROVEMENT,N,0
52,74300,8.4,27000,15.78,0.3634,6,0.1765,0.0573,RENT,DEBTCONSOLIDATION,N,0
46,59000,6.2,9500,14.67,0.161,11,0.3929,0.0236,MORTGAGE,EDUCATION,Y,1
56,21000,6.1,32400,17.94,1.5429,4,0.1053,0.2768,MORTGAGE,EDUCATION,Y,1
33,98000,1.4,18000,8.13,0.1837,10,0.6667,0.0149,RENT,EDUCATION,N,0
42,21600,2.7,22300,19.59,1.0324,20,0.8333,0.2022,MORTGAGE,EDUCATION,N,1
48,106600,0.1,4800,8.0,0.045,16,0.5333,0.0036,OWN,MEDICAL,N,0
38,48100,5.2,24200,18.65,0.5031,4,0.2,0.0938,OWN,VENTURE,N,0
31,104100,10.4,12400,,0.1191,3,0.2308,0.0151,RENT,MEDICAL,N,0
31,58700,2.0,23900,14.75,0.4072,3,0.2308,0.0601,RENT,DEBTCONSOLIDATION,N,0
39,50200,13.2,9300,12.59,0.1853,10,0.4762,0.0233,MORTGAGE,DEBTCONSOLIDATION,N,0
47,56300,0.9,13700,15.72,0.2433,18,0.6207,0.0382,MORTGAGE,VENTURE,N,0
34,44400,3.5,18800,14.69,0.4234,11,0.6875,0.0622,RENT,HOMEIMPROVEMENT,N,0
51,44900,9.3,16400,14.95,0.3653,9,0.2727,0.0546,RENT,MEDICAL,Y,0
57,34000,3.7,16800,19.67,0.4941,12,0.3077,0.0972,RENT,EDUCATION,N,1
40,38700,8.8,15000,17.55,0.3876,10,0.4545,0.068,RENT,HOMEIMPROVEMENT,Y,1
43,62400,3.5,11800,,0.1891,4,0.16,0.0239,RENT,EDUCATION,Y,0
47,42700,2.2,18500,16.17,0.4333,5,0.1724,0.0701,RENT,HOMEIMPROVEMENT,N,0
44,20900,8.2,31300,17.41,1.4976,9,0.3462,0.2607,RENT,MEDICAL,Y,1
48,72000,3.9,27600,10.66,0.3833,5,0.1667,0.0409,OWN,MEDICAL,N,0
47,62700,12.8,10900,8.65,0.1738,6,0.2069,0.015,RENT,VENTURE,N,0
31,106300,0.9,2600,9.86,0.0245,5,0.3846,0.0024,RENT,VENTURE,Y,0
61,78500,6.4,25600,15.89,0.3261,5,0.1163,0.0518,OWN,DEBTCONSOLIDATION,N,0
53,43300,1.7,6500,10.52,0.1501,9,0.2571,0.0158,MORTGAGE,MEDICAL,N,0
49,136400,12.9,14000,8.12,0.1026,9,0.2903,0.0083,MORTGAGE,MEDICAL,N,0
69,34800,0.5,11900,15.66,0.342,10,0.1961,0.0536,RENT,DEBTCONSOLIDATION,N,0
25,48300,7.0,4400,8.48,0.0911,4,0.5714,0.0077,MORTGAGE,PERSONAL,N,0
44,107800,2.2,21100,13.81,0.1957,8,0.3077,0.027,MORTGAGE,EDUCATION,N,0
34,159700,4.4,21400,12.43,0.134,2,0.125,0.0167,MORTGAGE,VENTURE,N,0
44,33500,6.3,18600,16.74,0.5552,3,0.1154,0.0929,RENT,VENTURE,Y,1
44,20800,7.7,3700,6.37,0.1779,7,0.2692,0.0113,MORTGAGE,EDUCATION,N,0
40,75700,2.3,20700,13.5,0.2734,3,0.1364,0.0369,RENT,EDUCATION,N,0
53,19000,7.6,17000,21.66,0.8947,11,0.3143,0.1938,MORTGAGE,EDUCATION,Y,1
41,83800,0.7,23200,11.64,0.2768,6,0.2609,0.0322,MORTGAGE,DEBTCONSOLIDATION,N,0
50,25300,8.8,10900,16.11,0.4308,7,0.2188,0.0694,RENT,EDUCATION,N,0
35,41800,3.1,24700,,0.5909,9,0.5294,0.0748,RENT,VENTURE,Y,0
48,73500,4.2,5700,11.19,0.0776,5,0.1667,0.0087,MORTGAGE,DEBTCONSOLIDATION,N,0
57,119400,6.7,15800,,0.1323,6,0.1538,0.0167,OWN,EDUCATION,N,0
67,72000,0.3,16100,9.66,0.2236,15,0.3061,0.0216,RENT,PERSONAL,N,0
53,68200,16.5,12500,9.56,0.1833,2,0.0571,0.0175,RENT,HOMEIMPROVEMENT,N,0
44,36800,8.6,9300,11.53,0.2527,8,0.3077,0.0291,OWN,VENTURE,N,0
53,30200,0.1,9900,10.44,0.3278,4,0.1143,0.0342,RENT,EDUCATION,N,0
62,169300,,5100,8.66,0.0301,5,0.1136,0.0026,MORTGAGE,VENTURE,N,0
42,27100,6.1,23000,20.39,0.8487,12,0.5,0.173,RENT,VENTURE,N,1
49,32600,2.4,4600,7.01,0.1411,2,0.0645,0.0099,RENT,PERSONAL,N,0
48,18700,3.5,10700,18.44,0.5722,6,0.2,0.1055,MORTGAGE,VENTURE,N,0
38,70600,8.3,19700,11.7,0.279,5,0.25,0.0326,RENT,EDUCATION,N,0
32,21300,2.9,9800,12.86,0.4601,3,0.2143,0.0592,RENT,MEDICAL,Y,1
55,52300,0.7,15600,13.37,0.2983,8,0.2162,0.0399,MORTGAGE,EDUCATION,N,0
37,23200,,8200,14.05,0.3534,4,0.2105,0.0497,OWN,PERSONAL,N,0
38,45100,1.5,17800,17.15,0.3947,6,0.3,0.0677,MORTGAGE,DEBTCONSOLIDATION,Y,1
46,69500,0.9,13100,7.01,0.1885,3,0.1071,0.0132,RENT,PERSONAL,N,0
51,38600,1.1,4300,11.55,0.1114,8,0.2424,0.0129,RENT,EDUCATION,Y,0
63,40500,3.5,5500,12.56,0.1358,16,0.3556,0.0171,MORTGAGE,VENTURE,N,1
37,54900,7.7,25200,11.51,0.459,5,0.2632,0.0528,OWN,MEDICAL,N,0
41,34000,,10000,13.05,0.2941,7,0.3043,0.0384,RENT,PERSONAL,N,1
48,18300,0.7,10000,18.0,0.5464,5,0.1667,0.0984,RENT,VENTURE,N,0
43,36100,7.2,17700,16.74,0.4903,4,0.16,0.0821,RENT,EDUCATION,N,1
41,38500,2.2,15400,17.39,0.4,4,0.1739,0.0696,RENT,VENTURE,Y,0
46,148600,3.0,20900,7.48,0.1406,7,0.25,0.0105,MORTGAGE,VENTURE,N,0
37,75100,5.1,9600,8.28,0.1278,6,0.3158,0.0106,RENT,PERSONAL,N,0
48,68100,1.8,6700,8.91,0.0984,10,0.3333,0.0088,RENT,EDUCATION,N,0
33,86500,0.9,6600,8.0,0.0763,5,0.3333,0.0061,RENT,HOMEIMPROVEMENT,N,0
47,62000,4.3,9600,8.53,0.1548,10,0.3448,0.0132,RENT,HOMEIMPROVEMENT,N,0
36,57100,18.0,14200,14.98,0.2487,9,0.5,0.0373,RENT,EDUCATION,N,0
30,90200,1.4,17500,12.59,0.194,12,1.0,0.0244,RENT,PERSONAL,N,0
46,33000,14.7,23300,20.94,0.7061,5,0.1786,0.1479,RENT,EDUCATION,Y,1
30,22000,1.6,5500,14.1,0.25,11,0.9167,0.0352,RENT,PERSONAL,N,0
62,36500,8.6,11800,15.05,0.3233,3,0.0682,0.0487,OWN,EDUCATION,N,0
36,69600,0.9,2700,11.22,0.0388,15,0.8333,0.0044,MORTGAGE,DEBTCONSOLIDATION,N,0
44,43000,0.3,9800,13.18,0.2279,6,0.2308,0.03,OWN,DEBTCONSOLIDATION,N,0
41,111900,4.8,21500,11.08,0.1921,4,0.1739,0.0213,RENT,EDUCATION,N,0
49,32400,8.1,4700,11.0,0.1451,4,0.129,0.016,RENT,PERSONAL,N,0
46,83600,22.2,11500,10.82,0.1376,6,0.2143,0.0149,RENT,VENTURE,N,0
55,32600,11.3,10600,14.11,0.3252,3,0.0811,0.0459,OWN,MEDICAL,N,0
42,67400,2.3,11300,7.24,0.1677,4,0.1667,0.0121,MORTGAGE,HOMEIMPROVEMENT,N,0
50,40400,0.1,18500,12.75,0.4579,2,0.0625,0.0584,RENT,HOMEIMPROVEMENT,N,0
41,100400,0.1,11000,8.17,0.1096,5,0.2174,0.009,RENT,EDUCATION,Y,0
42,47500,3.5,23100,15.05,0.4863,3,0.125,0.0732,MORTGAGE,EDUCATION,N,0
64,55400,3.1,15300,12.95,0.2762,8,0.1739,0.0358,MORTGAGE,EDUCATION,N,0
60,60700,2.6,20600,10.47,0.3394,7,0.1667,0.0355,MORTGAGE,MEDICAL,Y,0
43,18100,0.5,17900,21.31,0.989,8,0.32,0.2108,MORTGAGE,VENTURE,N,1
44,127000,1.4,25500,12.14,0.2008,9,0.3462,0.0244,RENT,HOMEIMPROVEMENT,N,0
41,53300,2.9,12300,10.3,0.2308,2,0.087,0.0238,MORTGAGE,PERSONAL,N,0
37,48600,15.7,24600,15.91,0.5062,13,0.6842,0.0805,MORTGAGE,MEDICAL,N,0
44,47000,,25400,20.85,0.5404,6,0.2308,0.1127,MORTGAGE,VENTURE,N,1
38,31200,8.8,4000,5.42,0.1282,6,0.3,0.0069,MORTGAGE,PERSONAL,N,0
52,56700,1.0,6100,7.29,0.1076,5,0.1471,0.0078,MORTGAGE,EDUCATION,N,0
44,58700,0.6,10300,9.35,0.1755,5,0.1923,0.0164,RENT,PERSONAL,N,0
45,47700,3.4,24700,15.0,0.5178,2,0.0741,0.0777,MORTGAGE,EDUCATION,N,1
35,157900,13.2,19200,,0.1216,4,0.2353,0.0154,MORTGAGE,DEBTCONSOLIDATION,N,0
48,93100,0.9,2300,7.43,0.0247,3,0.1,0.0018,RENT,MEDICAL,N,0
44,167600,0.2,27100,9.9,0.1617,13,0.5,0.016,OTHER,MEDICAL,N,0
34,65100,2.7,20000,,0.3072,5,0.3125,0.0389,RENT,EDUCATION,N,1
34,70700,2.2,25800,15.44,0.3649,8,0.5,0.0563,RENT,EDUCATION,N,0
42,43400,10.8,12900,14.55,0.2972,4,0.1667,0.0432,RENT,VENTURE,N,1
41,28200,23.0,12100,16.21,0.4291,9,0.3913,0.0696,MORTGAGE,EDUCATION,N,0
51,44500,5.0,18700,14.68,0.4202,2,0.0606,0.0617,RENT,MEDICAL,Y,1
37,22600,0.9,21500,18.84,0.9513,6,0.3158,0.1792,RENT,MEDICAL,Y,1
52,31100,4.1,13900,14.77,0.4469,5,0.1471,0.066,OWN,EDUCATION,N,0
36,47500,0.0,10400,8.4,0.2189,14,0.7778,0.0184,RENT,MEDICAL,N,0
44,77800,11.4,12500,9.33,0.1607,15,0.5769,0.015,RENT,EDUCATION,N,0
48,59400,7.8,13900,11.63,0.234,2,0.0667,0.0272,MORTGAGE,HOMEIMPROVEMENT,N,0
39,78300,0.3,18000,7.03,0.2299,11,0.5238,0.0162,MORTGAGE,EDUCATION,N,0
51,45800,0.9,18100,14.31,0.3952,2,0.0606,0.0566,MORTGAGE,EDUCATION,N,0
49,33100,0.5,27100,19.21,0.8187,3,0.0968,0.1573,MORTGAGE,EDUCATION,Y,1
52,102300,0.3,23600,13.82,0.2307,3,0.0882,0.0319,MORTGAGE,MEDICAL,N,0
52,182100,10.1,16500,13.23,0.0906,5,0.1471,0.012,OTHER,PERSONAL,N,0
42,53200,3.5,6700,11.24,0.1259,7,0.2917,0.0142,RENT,PERSONAL,N,0
58,54800,0.7,10500,14.02,0.1916,2,0.05,0.0269,RENT,EDUCATION,N,0
60,61200,1.9,19400,12.88,0.317,4,0.0952,0.0408,MORTGAGE,EDUCATION,N,0
53,46400,31.9,14700,13.09,0.3168,7,0.2,0.0415,RENT,MEDICAL,N,0
63,68800,7.1,13700,10.28,0.1991,3,0.0667,0.0205,MORTGAGE,MEDICAL,N,0
70,58400,10.9,30700,16.66,0.5257,4,0.0769,0.0876,RENT,VENTURE,N,0
55,112200,0.1,8600,9.4,0.0766,15,0.4054,0.0072,MORTGAGE,EDUCATION,N,0
27,54600,4.7,25200,16.81,0.4615,2,0.2222,0.0776,OWN,DEBTCONSOLIDATION,Y,1
47,33100,2.5,9200,15.06,0.2779,11,0.3793,0.0419,RENT,EDUCATION,Y,1
29,46800,6.3,14100,12.94,0.3013,7,0.6364,0.039,RENT,VENTURE,N,0
54,31300,5.9,11200,15.39,0.3578,3,0.0833,0.0551,RENT,VENTURE,N,1
48,59500,,23400,13.64,0.3933,2,0.0667,0.0536,RENT,EDUCATION,N,1
35,80600,17.0,17500,11.79,0.2171,5,0.2941,0.0256,RENT,PERSONAL,N,0
58,32600,6.6,10100,15.74,0.3098,2,0.05,0.0488,RENT,EDUCATION,N,0
36,94500,0.7,14100,11.03,0.1492,8,0.4444,0.0165,OTHER,VENTURE,N,0
41,20000,,8100,13.79,0.405,8,0.3478,0.0558,OTHER,EDUCATION,Y,0
49,41500,5.4,10200,14.17,0.2458,17,0.5484,0.0348,RENT,PERSONAL,N,0
44,100800,8.7,23800,12.5,0.2361,11,0.4231,0.0295,RENT,EDUCATION,N,0
47,126200,3.6,28700,12.58,0.2274,2,0.069,0.0286,RENT,DEBTCONSOLIDATION,N,0
50,32100,5.4,13600,12.06,0.4237,12,0.375,0.0511,MORTGAGE,PERSONAL,N,1
51,18500,8.2,11100,16.85,0.6,5,0.1515,0.1011,MORTGAGE,MEDICAL,Y,1
61,40500,,9100,11.25,0.2247,8,0.186,0.0253,MORTGAGE,MEDICAL,N,0
65,79400,3.3,21200,13.45,0.267,2,0.0426,0.0359,MORTGAGE,MEDICAL,N,0
40,112100,3.6,6100,10.34,0.0544,2,0.0909,0.0056,MORTGAGE,VENTURE,Y,0
45,19700,10.0,6500,12.41,0.3299,4,0.1481,0.0409,MORTGAGE,EDUCATION,N,0
46,44500,4.2,9200,10.75,0.2067,4,0.1429,0.0222,RENT,EDUCATION,N,0
35,41400,12.5,22300,18.53,0.5386,3,0.1765,0.0998,RENT,PERSONAL,Y,1
37,66700,0.6,16100,11.18,0.2414,11,0.5789,0.027,MORTGAGE,MEDICAL,N,0
35,202100,0.8,15600,11.95,0.0772,7,0.4118,0.0092,MORTGAGE,DEBTCONSOLIDATION,N,0
32,53200,2.4,30500,17.85,0.5733,9,0.6429,0.1023,OTHER,HOMEIMPROVEMENT,N,1
58,124900,,17500,9.69,0.1401,2,0.05,0.0136,RENT,MEDICAL,N,0
35,19300,11.5,19200,19.48,0.9948,12,0.7059,0.1938,RENT,DEBTCONSOLIDATION,Y,1
32,68100,1.2,22300,11.0,0.3275,6,0.4286,0.036,MORTGAGE,MEDICAL,N,0
39,37500,2.0,7500,11.01,0.2,3,0.1429,0.022,RENT,MEDICAL,N,0
40,30500,0.6,15700,21.53,0.5148,2,0.0909,0.1108,RENT,DEBTCONSOLIDATION,N,1
50,41200,16.4,12600,13.06,0.3058,12,0.375,0.0399,RENT,HOMEIMPROVEMENT,Y,0
41,34300,5.2,8500,,0.2478,6,0.2609,0.0314,MORTGAGE,EDUCATION,N,0
70,98900,0.8,21400,11.27,0.2164,2,0.0385,0.0244,RENT,MEDICAL,N,0
37,112200,3.7,30200,10.99,0.2692,2,0.1053,0.0296,MORTGAGE,EDUCATION,N,0
52,34600,1.1,4300,8.74,0.1243,8,0.2353,0.0109,RENT,HOMEIMPROVEMENT,Y,0
37,42900,3.1,15000,,0.3497,9,0.4737,0.0443,RENT,PERSONAL,N,0
66,54400,2.9,3400,9.15,0.0625,6,0.125,0.0057,RENT,EDUCATION,N,0
47,46400,8.2,8600,10.59,0.1853,3,0.1034,0.0196,RENT,VENTURE,Y,0
39,77500,4.1,29800,14.07,0.3845,8,0.381,0.0541,RENT,PERSONAL,N,0
42,87900,1.0,11300,11.59,0.1286,5,0.2083,0.0149,MORTGAGE,EDUCATION,N,0
36,49500,1.5,18200,14.95,0.3677,9,0.5,0.055,RENT,MEDICAL,N,1
42,149100,10.3,17000,9.24,0.114,2,0.0833,0.0105,RENT,EDUCATION,N,0
60,101500,6.1,9400,10.2,0.0926,9,0.2143,0.0094,RENT,EDUCATION,N,0
46,54300,5.1,22200,12.38,0.4088,5,0.1786,0.0506,MORTGAGE,HOMEIMPROVEMENT,N,0
40,63000,0.6,18100,12.79,0.2873,9,0.4091,0.0367,RENT,DEBTCONSOLIDATION,N,0
39,78000,0.8,13700,14.14,0.1756,4,0.1905,0.0248,MORTGAGE,HOMEIMPROVEMENT,N,0
33,63300,0.7,21300,15.0,0.3365,8,0.5333,0.0505,MORTGAGE,HOMEIMPROVEMENT,N,0
43,46300,5.5,16800,13.24,0.3629,7,0.28,0.048,RENT,VENTURE,N,0
60,162400,0.8,30200,10.65,0.186,6,0.1429,0.0198,MORTGAGE,VENTURE,N,0
43,67500,9.8,25500,15.4,0.3778,7,0.28,0.0582,OWN,MEDICAL,N,0
34,31900,0.2,22700,17.89,0.7116,16,1.0,0.1273,RENT,MEDICAL,Y,1
37,116800,10.0,14200,10.29,0.1216,4,0.2105,0.0125,OWN,MEDICAL,N,0
27,17300,0.2,23400,20.91,1.3526,9,1.0,0.2828,RENT,VENTURE,Y,1
31,70800,11.4,8600,12.82,0.1215,6,0.4615,0.0156,RENT,HOMEIMPROVEMENT,N,0
49,41200,6.3,4800,,0.1165,11,0.3548,0.0147,RENT,MEDICAL,N,1
59,73600,14.0,2100,5.42,0.0285,7,0.1707,0.0015,MORTGAGE,VENTURE,N,0
43,106600,5.8,25100,13.54,0.2355,2,0.08,0.0319,RENT,HOMEIMPROVEMENT,N,0
55,36600,3.2,12600,15.38,0.3443,5,0.1351,0.053,RENT,PERSONAL,Y,0
46,50600,10.4,25400,16.02,0.502,8,0.2857,0.0804,OWN,VENTURE,N,0
45,45600,7.3,20300,14.49,0.4452,8,0.2963,0.0645,MORTGAGE,HOMEIMPROVEMENT,N,0
41,52200,1.4,5500,7.08,0.1054,9,0.3913,0.0075,RENT,HOMEIMPROVEMENT,N,0
44,45500,0.7,27900,19.13,0.6132,2,0.0769,0.1173,RENT,EDUCATION,Y,1
63,124000,2.1,23400,13.32,0.1887,2,0.0444,0.0251,RENT,EDUCATION,N,0
63,112500,4.4,8700,9.86,0.0773,5,0.1111,0.0076,RENT,EDUCATION,N,0
44,46800,3.5,6500,11.5,0.1389,7,0.2692,0.016,MORTGAGE,PERSONAL,N,0
43,87400,3.4,9600,10.45,0.1098,2,0.08,0.0115,MORTGAGE,VENTURE,N,0
41,37500,5.1,11200,11.12,0.2987,3,0.1304,0.0332,RENT,MEDICAL,Y,0
49,88200,8.4,12700,11.88,0.144,4,0.129,0.0171,OTHER,DEBTCONSOLIDATION,N,0
58,71500,1.6,11000,14.43,0.1538,5,0.125,0.0222,RENT,VENTURE,N,0
37,52000,2.2,10900,9.01,0.2096,8,0.4211,0.0189,RENT,EDUCATION,N,0
42,40600,3.5,4600,14.05,0.1133,3,0.125,0.0159,RENT,VENTURE,N,0
40,53800,2.0,21500,17.17,0.3996,3,0.1364,0.0686,RENT,HOMEIMPROVEMENT,N,1
38,41900,0.3,14900,16.18,0.3556,8,0.4,0.0575,MORTGAGE,MEDICAL,N,0
51,76300,1.0,18300,13.72,0.2398,8,0.2424,0.0329,RENT,EDUCATION,N,0
44,31800,1.0,13200,15.06,0.4151,10,0.3846,0.0625,RENT,MEDICAL,N,1
45,70400,1.0,9100,6.11,0.1293,5,0.1852,0.0079,MORTGAGE,MEDICAL,N,0
38,48100,2.5,27600,19.9,0.5738,4,0.2,0.1142,MORTGAGE,DEBTCONSOLIDATION,Y,1
51,35400,0.0,20100,17.75,0.5678,16,0.4848,0.1008,MORTGAGE,EDUCATION,N,0
59,48000,0.3,15200,12.15,0.3167,4,0.0976,0.0385,MORTGAGE,PERSONAL,N,0
43,39300,6.7,22400,15.71,0.57,2,0.08,0.0895,RENT,EDUCATION,Y,0
51,59500,16.3,7300,9.99,0.1227,5,0.1515,0.0123,RENT,DEBTCONSOLIDATION,N,0
47,85600,0.7,5000,9.0,0.0584,2,0.069,0.0053,MORTGAGE,EDUCATION,N,0
37,71100,11.4,5700,11.6,0.0802,10,0.5263,0.0093,RENT,MEDICAL,N,0
36,81600,,12700,10.54,0.1556,11,0.6111,0.0164,RENT,EDUCATION,Y,0
34,229700,2.0,7200,8.18,0.0313,9,0.5625,0.0026,RENT,MEDICAL,N,0
30,37300,0.1,17600,14.11,0.4718,2,0.1667,0.0666,MORTGAGE,PERSONAL,N,0
60,53000,28.3,21700,13.61,0.4094,7,0.1667,0.0557,MORTGAGE,PERSONAL,N,0
40,36600,0.8,5800,10.7,0.1585,2,0.0909,0.017,OWN,PERSONAL,N,0
59,49200,0.2,19900,15.56,0.4045,2,0.0488,0.0629,MORTGAGE,MEDICAL,N,1
55,56400,0.9,9500,13.86,0.1684,10,0.2703,0.0233,RENT,EDUCATION,N,0
50,58100,7.5,4400,7.85,0.0757,3,0.0938,0.0059,RENT,EDUCATION,N,0
38,32600,3.0,10600,13.7,0.3252,10,0.5,0.0446,RENT,PERSONAL,N,0
30,155100,2.4,17500,10.63,0.1128,4,0.3333,0.012,MORTGAGE,EDUCATION,N,0
34,65500,4.5,16500,7.84,0.2519,15,0.9375,0.0197,OTHER,PERSONAL,N,0
42,30400,7.7,27800,18.96,0.9145,5,0.2083,0.1734,RENT,MEDICAL,Y,1
37,63800,0.2,4100,5.42,0.0643,3,0.1579,0.0035,RENT,EDUCATION,N,0
35,17500,8.3,18900,19.61,1.08,17,1.0,0.2118,RENT,PERSONAL,N,1
27,120400,9.0,12600,9.33,0.1047,8,0.8889,0.0098,RENT,DEBTCONSOLIDATION,N,0
44,72600,16.4,10700,11.75,0.1474,8,0.3077,0.0173,RENT,VENTURE,N,0
45,111800,5.7,15400,10.44,0.1377,9,0.3333,0.0144,RENT,MEDICAL,N,0
39,63900,9.7,10700,12.08,0.1674,6,0.2857,0.0202,RENT,EDUCATION,N,0
53,71000,4.0,24500,14.98,0.3451,10,0.2857,0.0517,RENT,VENTURE,N,0
48,32100,1.0,8900,13.62,0.2773,5,0.1667,0.0378,RENT,HOMEIMPROVEMENT,Y,0
40,62400,7.4,6500,7.07,0.1042,7,0.3182,0.0074,RENT,EDUCATION,N,0
51,155000,5.1,25700,10.16,0.1658,5,0.1515,0.0168,RENT,EDUCATION,N,0
42,28700,1.4,6900,9.49,0.2404,10,0.4167,0.0228,RENT,EDUCATION,Y,0
31,165400,1.0,8300,,0.0502,12,0.9231,0.0064,RENT,VENTURE,N,0
36,40800,0.5,4000,,0.098,4,0.2222,0.0124,RENT,MEDICAL,Y,0
45,108900,6.6,18500,13.69,0.1699,5,0.1852,0.0233,RENT,MEDICAL,N,0
63,119000,1.1,16000,12.91,0.1345,5,0.1111,0.0174,RENT,VENTURE,N,0
36,83800,7.6,9100,10.45,0.1086,13,0.7222,0.0113,MORTGAGE,EDUCATION,N,0
63,44700,3.2,15000,13.76,0.3356,12,0.2667,0.0462,MORTGAGE,HOMEIMPROVEMENT,N,0
52,53600,4.7,2800,11.24,0.0522,4,0.1176,0.0059,MORTGAGE,VENTURE,Y,0
56,36800,9.3,23800,18.87,0.6467,5,0.1316,0.122,RENT,EDUCATION,N,1
37,45800,4.1,16300,13.89,0.3559,3,0.1579,0.0494,MORTGAGE,PERSONAL,N,1
35,58600,2.3,20000,13.84,0.3413,2,0.1176,0.0472,OTHER,PERSONAL,N,0
51,44800,7.2,11200,12.0,0.25,5,0.1515,0.03,OTHER,EDUCATION,N,1
48,80800,1.0,14000,9.26,0.1733,10,0.3333,0.016,RENT,DEBTCONSOLIDATION,N,0
40,54700,3.6,30900,15.15,0.5649,4,0.1818,0.0856,RENT,HOMEIMPROVEMENT,N,0
53,67700,4.7,7300,9.47,0.1078,7,0.2,0.0102,RENT,HOMEIMPROVEMENT,N,0
54,84500,0.7,23500,14.87,0.2781,3,0.0833,0.0414,OWN,VENTURE,N,1
40,53300,7.7,28700,16.23,0.5385,12,0.5455,0.0874,RENT,PERSONAL,N,1
41,64000,0.3,14800,10.98,0.2312,2,0.087,0.0254,MORTGAGE,HOMEIMPROVEMENT,N,0
44,72500,8.3,20700,10.33,0.2855,2,0.0769,0.0295,MORTGAGE,PERSONAL,N,0
38,36600,0.4,5900,7.56,0.1612,9,0.45,0.0122,RENT,HOMEIMPROVEMENT,N,0
43,61500,11.0,8400,8.2,0.1366,6,0.24,0.0112,RENT,PERSONAL,N,0
45,156000,0.2,15700,11.98,0.1006,7,0.2593,0.0121,OWN,MEDICAL,N,0
45,69200,0.4,16700,13.54,0.2413,3,0.1111,0.0327,RENT,MEDICAL,N,1
38,52500,1.0,23900,12.73,0.4552,4,0.2,0.0579,RENT,MEDICAL,N,1
32,52300,6.7,20600,15.84,0.3939,5,0.3571,0.0624,MORTGAGE,MEDICAL,N,1
37,71000,16.8,20800,10.49,0.293,13,0.6842,0.0307,RENT,PERSONAL,N,0
54,20500,2.6,30700,,1.4976,9,0.25,0.1896,RENT,HOMEIMPROVEMENT,N,1
47,88900,5.0,15600,14.77,0.1755,10,0.3448,0.0259,RENT,EDUCATION,N,0
43,31400,0.6,9200,10.47,0.293,11,0.44,0.0307,MORTGAGE,HOMEIMPROVEMENT,N,0
58,77800,2.3,15400,12.97,0.1979,11,0.275,0.0257,MORTGAGE,VENTURE,N,0
42,39900,1.9,9900,14.77,0.2481,5,0.2083,0.0366,RENT,EDUCATION,N,0
53,57300,,10600,9.65,0.185,2,0.0571,0.0179,RENT,HOMEIMPROVEMENT,N,0
54,245000,0.6,3000,8.85,0.0122,8,0.2222,0.0011,RENT,EDUCATION,Y,0
52,73300,15.4,8100,11.98,0.1105,7,0.2059,0.0132,RENT,DEBTCONSOLIDATION,N,0
33,146600,2.1,29600,12.51,0.2019,7,0.4667,0.0253,MORTGAGE,EDUCATION,N,0
56,35500,0.3,22500,18.31,0.6338,5,0.1316,0.116,RENT,PERSONAL,Y,1
37,86900,0.5,7600,8.14,0.0875,3,0.1579,0.0071,RENT,VENTURE,N,0
44,86500,0.3,19000,10.72,0.2197,7,0.2692,0.0236,RENT,EDUCATION,N,0
54,38500,1.8,16800,17.98,0.4364,7,0.1944,0.0785,RENT,HOMEIMPROVEMENT,N,0
40,46700,,7800,,0.167,10,0.4545,0.0211,RENT,DEBTCONSOLIDATION,N,0
46,27700,3.8,16600,17.48,0.5993,6,0.2143,0.1048,MORTGAGE,MEDICAL,N,1
30,116100,0.3,15600,9.41,0.1344,9,0.75,0.0126,OWN,DEBTCONSOLIDATION,N,0
36,30200,7.6,5700,8.01,0.1887,2,0.1111,0.0151,OTHER,PERSONAL,N,0
43,105200,1.4,21600,12.71,0.2053,4,0.16,0.0261,MORTGAGE,VENTURE,N,0
41,25900,4.9,23900,19.73,0.9228,4,0.1739,0.1821,OWN,MEDICAL,N,1
43,113000,3.9,24300,14.06,0.215,5,0.2,0.0302,MORTGAGE,VENTURE,N,0
36,90800,0.1,18600,9.44,0.2048,6,0.3333,0.0193,MORTGAGE,DEBTCONSOLIDATION,N,0
42,37700,1.4,19200,14.07,0.5093,3,0.125,0.0717,MORTGAGE,MEDICAL,N,0
36,56300,3.9,21800,15.19,0.3872,2,0.1111,0.0588,RENT,PERSONAL,N,0
39,90900,0.8,3400,6.57,0.0374,12,0.5714,0.0025,MORTGAGE,VENTURE,N,0
58,45000,5.5,1500,7.53,0.0333,9,0.225,0.0025,RENT,EDUCATION,N,0
41,85900,2.1,10600,8.45,0.1234,3,0.1304,0.0104,MORTGAGE,EDUCATION,N,0
58,133400,4.7,23100,13.1,0.1732,2,0.05,0.0227,RENT,DEBTCONSOLIDATION,N,0
37,24500,18.6,12600,19.2,0.5143,11,0.5789,0.0987,MORTGAGE,PERSONAL,N,1
32,70600,4.4,11100,11.42,0.1572,5,0.3571,0.018,RENT,EDUCATION,N,0
44,35200,16.8,13100,16.92,0.3722,16,0.6154,0.063,RENT,VENTURE,Y,0
50,72600,6.8,9800,10.11,0.135,10,0.3125,0.0136,RENT,DEBTCONSOLIDATION,N,0
33,47000,,17000,14.96,0.3617,7,0.4667,0.0541,OWN,VENTURE,N,0
37,86600,7.0,7800,6.76,0.0901,4,0.2105,0.0061,RENT,MEDICAL,N,0
56,82400,4.7,14800,11.46,0.1796,5,0.1316,0.0206,MORTGAGE,PERSONAL,N,0
41,75700,1.0,18100,14.39,0.2391,8,0.3478,0.0344,OWN,DEBTCONSOLIDATION,N,0
45,69500,3.9,21300,10.51,0.3065,5,0.1852,0.0322,MORTGAGE,MEDICAL,N,0
45,57500,11.4,7700,8.71,0.1339,3,0.1111,0.0117,MORTGAGE,MEDICAL,N,0
53,148200,3.7,19000,8.15,0.1282,8,0.2286,0.0104,MORTGAGE,EDUCATION,N,0
35,61000,1.8,13800,11.52,0.2262,7,0.4118,0.0261,RENT,VENTURE,N,0
39,44700,1.1,6300,13.32,0.1409,3,0.1429,0.0188,MORTGAGE,VENTURE,N,0
43,25600,2.9,12200,13.91,0.4766,9,0.36,0.0663,RENT,PERSONAL,N,0
50,64100,0.8,13500,10.4,0.2106,9,0.2812,0.0219,RENT,VENTURE,N,0
52,184100,7.0,10400,8.86,0.0565,6,0.1765,0.005,MORTGAGE,MEDICAL,N,0
36,73900,7.0,8100,7.51,0.1096,14,0.7778,0.0082,MORTGAGE,MEDICAL,N,0
37,109200,11.4,13300,8.28,0.1218,9,0.4737,0.0101,MORTGAGE,EDUCATION,N,0
60,96800,22.8,25700,13.51,0.2655,3,0.0714,0.0359,RENT,EDUCATION,N,0
55,60000,5.9,12200,12.4,0.2033,2,0.0541,0.0252,MORTGAGE,DEBTCONSOLIDATION,N,0
46,32300,5.0,22400,20.76,0.6935,4,0.1429,0.144,RENT,EDUCATION,Y,1
37,139300,7.1,12400,9.85,0.089,10,0.5263,0.0088,RENT,VENTURE,N,0
49,80400,2.3,19900,14.3,0.2475,9,0.2903,0.0354,MORTGAGE,VENTURE,N,0
37,38800,10.7,2700,14.48,0.0696,9,0.4737,0.0101,RENT,DEBTCONSOLIDATION,N,0
50,37700,4.4,7900,12.88,0.2095,6,0.1875,0.027,RENT,VENTURE,N,0
36,101200,0.9,13500,10.01,0.1334,8,0.4444,0.0134,RENT,VENTURE,N,0
42,53800,5.2,19400,14.31,0.3606,6,0.25,0.0516,RENT,PERSONAL,N,1
53,60000,8.0,18900,12.8,0.315,22,0.6286,0.0403,RENT,PERSONAL,N,0
36,65600,9.9,14700,7.58,0.2241,6,0.3333,0.017,MORTGAGE,MEDICAL,N,0
46,37000,3.2,20100,19.54,0.5432,4,0.1429,0.1061,MORTGAGE,VENTURE,N,0
40,81800,3.1,19700,11.47,0.2408,5,0.2273,0.0276,RENT,VENTURE,N,0
43,50000,4.1,15700,14.6,0.314,9,0.36,0.0458,MORTGAGE,HOMEIMPROVEMENT,N,0
37,39100,2.1,10400,,0.266,8,0.4211,0.0337,MORTGAGE,PERSONAL,N,1
36,39300,1.6,24100,17.33,0.6132,7,0.3889,0.1063,MORTGAGE,EDUCATION,N,0
36,50100,18.0,23400,14.5,0.4671,3,0.1667,0.0677,MORTGAGE,VENTURE,N,0
48,108600,8.1,6900,7.55,0.0635,6,0.2,0.0048,RENT,MEDICAL,N,0
47,31400,13.3,16900,17.04,0.5382,10,0.3448,0.0917,MORTGAGE,DEBTCONSOLIDATION,Y,1
34,51900,0.1,16300,,0.3141,5,0.3125,0.0398,RENT,HOMEIMPROVEMENT,N,1
39,42900,17.5,5100,11.87,0.1189,5,0.2381,0.0141,RENT,PERSONAL,N,0
44,44100,2.6,20800,18.96,0.4717,2,0.0769,0.0894,RENT,EDUCATION,N,0
57,110700,6.4,5200,9.38,0.047,13,0.3333,0.0044,MORTGAGE,PERSONAL,N,0
65,66700,5.2,15700,12.39,0.2354,8,0.1702,0.0292,OWN,PERSONAL,N,0
31,42500,3.7,25200,19.32,0.5929,13,1.0,0.1145,RENT,EDUCATION,Y,1
40,29600,6.3,13900,17.13,0.4696,6,0.2727,0.0804,RENT,PERSONAL,Y,1
46,47300,6.8,4400,11.84,0.093,7,0.25,0.011,RENT,PERSONAL,Y,0
50,59200,1.1,18800,14.83,0.3176,4,0.125,0.0471,RENT,MEDICAL,Y,1
36,67300,0.8,25200,14.62,0.3744,2,0.1111,0.0547,MORTGAGE,HOMEIMPROVEMENT,N,0
58,47600,,3200,9.36,0.0672,9,0.225,0.0063,RENT,MEDICAL,N,0
42,77600,15.8,25600,13.47,0.3299,2,0.0833,0.0444,MORTGAGE,PERSONAL,N,0
42,58200,3.3,10300,13.42,0.177,2,0.0833,0.0238,RENT,MEDICAL,N,0
42,166500,1.9,8800,5.73,0.0529,5,0.2083,0.003,MORTGAGE,MEDICAL,N,0
36,30200,0.7,7800,11.85,0.2583,5,0.2778,0.0306,MORTGAGE,DEBTCONSOLIDATION,N,0
39,37800,0.4,12800,10.32,0.3386,8,0.381,0.0349,RENT,EDUCATION,N,0
32,22100,7.7,13700,18.52,0.6199,3,0.2143,0.1148,OTHER,DEBTCONSOLIDATION,Y,1
39,23400,1.5,5900,,0.2521,5,0.2381,0.0319,OWN,VENTURE,N,0
36,64100,0.3,3600,9.71,0.0562,2,0.1111,0.0055,RENT,EDUCATION,N,0
35,33000,2.1,11100,12.86,0.3364,14,0.8235,0.0433,MORTGAGE,MEDICAL,Y,1
59,52600,5.4,8600,12.29,0.1635,8,0.1951,0.0201,RENT,VENTURE,N,0
52,45000,0.8,8800,10.95,0.1956,12,0.3529,0.0214,MORTGAGE,MEDICAL,N,1
61,61800,7.0,8200,9.26,0.1327,6,0.1395,0.0123,RENT,MEDICAL,N,0
67,53100,11.9,27400,15.99,0.516,2,0.0408,0.0825,RENT,EDUCATION,N,1
65,65800,1.3,18000,12.55,0.2736,8,0.1702,0.0343,RENT,EDUCATION,N,1
43,69700,1.1,3200,11.8,0.0459,8,0.32,0.0054,RENT,MEDICAL,N,0
55,17700,6.0,18600,19.83,1.0508,6,0.1622,0.2084,RENT,EDUCATION,Y,1
42,35600,0.9,17000,14.64,0.4775,3,0.125,0.0699,RENT,EDUCATION,Y,1
40,50400,0.5,4200,7.13,0.0833,3,0.1364,0.0059,RENT,EDUCATION,N,0
40,110200,,13400,10.9,0.1216,4,0.1818,0.0133,RENT,VENTURE,N,0
38,145700,4.5,7000,5.42,0.048,8,0.4,0.0026,MORTGAGE,VENTURE,N,0
51,57300,0.4,28000,17.09,0.4887,7,0.2121,0.0835,MORTGAGE,PERSONAL,N,0
34,80300,0.0,18500,13.14,0.2304,13,0.8125,0.0303,RENT,VENTURE,N,0
46,13200,6.2,5100,13.78,0.3864,12,0.4286,0.0532,RENT,VENTURE,N,1
55,32600,2.5,15700,15.78,0.4816,5,0.1351,0.076,MORTGAGE,EDUCATION,N,0
52,100100,1.4,16100,12.56,0.1608,5,0.1471,0.0202,OWN,PERSONAL,N,0
49,64700,2.1,22900,14.25,0.3539,2,0.0645,0.0504,RENT,MEDICAL,Y,1
40,55200,1.4,19400,13.89,0.3514,3,0.1364,0.0488,OWN,EDUCATION,N,0
70,79800,6.8,5800,8.45,0.0727,3,0.0577,0.0061,MORTGAGE,MEDICAL,N,0
35,29900,5.2,23100,18.31,0.7726,4,0.2353,0.1415,MORTGAGE,VENTURE,N,1
58,109000,10.0,11200,11.75,0.1028,6,0.15,0.0121,RENT,PERSONAL,N,0
35,65600,1.0,9700,8.95,0.1479,2,0.1176,0.0132,MORTGAGE,HOMEIMPROVEMENT,N,0
50,23900,3.7,25100,21.81,1.0502,6,0.1875,0.229,RENT,MEDICAL,Y,1
42,68400,2.4,8200,9.78,0.1199,2,0.0833,0.0117,RENT,MEDICAL,N,0
32,55800,12.0,16100,11.98,0.2885,2,0.1429,0.0346,MORTGAGE,PERSONAL,N,0
51,44100,4.5,16000,13.39,0.3628,11,0.3333,0.0486,RENT,MEDICAL,N,1
34,92300,0.8,9600,12.61,0.104,12,0.75,0.0131,OWN,PERSONAL,N,0
39,23200,2.8,21600,17.73,0.931,5,0.2381,0.1651,RENT,EDUCATION,Y,1
36,75700,3.5,20800,12.8,0.2748,12,0.6667,0.0352,RENT,HOMEIMPROVEMENT,Y,1
51,48500,3.0,20400,14.94,0.4206,7,0.2121,0.0628,RENT,PERSONAL,N,1
37,34300,3.9,13900,14.12,0.4052,5,0.2632,0.0572,RENT,PERSONAL,N,0
58,42200,0.0,9800,14.08,0.2322,9,0.225,0.0327,MORTGAGE,VENTURE,N,0
54,47600,9.1,15400,15.44,0.3235,6,0.1667,0.0499,MORTGAGE,EDUCATION,N,0
45,32800,0.8,17300,15.7,0.5274,3,0.1111,0.0828,MORTGAGE,MEDICAL,Y,0
50,51300,0.4,8700,10.75,0.1696,3,0.0938,0.0182,RENT,EDUCATION,Y,0
70,80400,8.2,32200,14.42,0.4005,5,0.0962,0.0578,RENT,EDUCATION,N,0
57,53800,7.0,27900,15.63,0.5186,9,0.2308,0.0811,RENT,MEDICAL,Y,1
46,28700,2.9,22000,18.26,0.7666,3,0.1071,0.14,OWN,MEDICAL,Y,1
57,180900,4.9,31700,6.71,0.1752,5,0.1282,0.0118,RENT,EDUCATION,N,0
50,40400,1.3,12300,15.88,0.3045,5,0.1562,0.0484,RENT,MEDICAL,N,1
32,44700,4.6,10900,11.42,0.2438,3,0.2143,0.0278,RENT,PERSONAL,Y,1
52,98500,1.7,9700,11.26,0.0985,9,0.2647,0.0111,RENT,PERSONAL,N,0
35,16400,5.1,27500,16.6,1.6768,8,0.4706,0.2783,RENT,VENTURE,Y,1
41,41900,0.6,20900,19.27,0.4988,7,0.3043,0.0961,MORTGAGE,PERSONAL,N,1
30,68000,8.4,11100,8.8,0.1632,8,0.6667,0.0144,MORTGAGE,PERSONAL,N,0
44,35200,2.0,5500,12.8,0.1562,6,0.2308,0.02,MORTGAGE,VENTURE,Y,0
42,31200,1.4,3300,10.05,0.1058,5,0.2083,0.0106,OWN,EDUCATION,N,0
29,75200,6.4,26800,16.04,0.3564,4,0.3636,0.0572,MORTGAGE,VENTURE,N,0
44,71000,17.0,10300,7.22,0.1451,3,0.1154,0.0105,RENT,PERSONAL,N,0
55,55300,2.0,6400,11.28,0.1157,6,0.1622,0.0131,RENT,EDUCATION,N,0
60,45700,1.2,28000,20.81,0.6127,4,0.0952,0.1275,RENT,EDUCATION,N,1
42,92500,0.1,12900,8.56,0.1395,2,0.0833,0.0119,MORTGAGE,EDUCATION,N,0
35,68200,3.6,12200,10.02,0.1789,17,1.0,0.0179,MORTGAGE,MEDICAL,N,0
33,52300,2.5,17100,11.35,0.327,5,0.3333,0.0371,RENT,DEBTCONSOLIDATION,N,1
31,42900,5.5,8900,10.01,0.2075,7,0.5385,0.0208,RENT,EDUCATION,N,0
44,122700,1.5,16100,13.34,0.1312,6,0.2308,0.0175,RENT,VENTURE,N,0
45,49800,,15200,11.95,0.3052,5,0.1852,0.0365,RENT,PERSONAL,Y,1
43,56300,5.1,1300,8.44,0.0231,4,0.16,0.0019,MORTGAGE,VENTURE,N,0
56,115300,12.7,14700,11.38,0.1275,14,0.3684,0.0145,RENT,EDUCATION,N,0
32,44600,3.2,5700,14.77,0.1278,10,0.7143,0.0189,RENT,VENTURE,N,0
70,17800,0.8,10800,14.92,0.6067,7,0.1346,0.0905,RENT,EDUCATION,Y,1
44,29200,3.7,20300,19.81,0.6952,7,0.2692,0.1377,RENT,EDUCATION,Y,1
46,62000,1.2,10100,12.82,0.1629,8,0.2857,0.0209,MORTGAGE,PERSONAL,N,0
41,60400,8.8,14100,10.1,0.2334,13,0.5652,0.0236,RENT,MEDICAL,N,0
37,34100,3.4,15600,16.2,0.4575,8,0.4211,0.0741,MORTGAGE,EDUCATION,N,1
60,69200,6.3,19800,11.86,0.2861,4,0.0952,0.0339,RENT,VENTURE,N,0
37,61600,2.6,27500,14.92,0.4464,10,0.5263,0.0666,RENT,EDUCATION,N,0
46,53600,1.1,7700,9.49,0.1437,7,0.25,0.0136,RENT,EDUCATION,N,0
58,44100,1.8,11000,9.87,0.2494,3,0.075,0.0246,RENT,MEDICAL,N,0
51,115600,6.0,11800,11.1,0.1021,5,0.1515,0.0113,RENT,PERSONAL,N,0
53,65300,1.3,5800,7.24,0.0888,11,0.3143,0.0064,OWN,PERSONAL,N,0
51,40400,8.1,9400,12.88,0.2327,9,0.2727,0.03,RENT,VENTURE,N,0
42,47200,13.6,23600,14.83,0.5,4,0.1667,0.0741,RENT,MEDICAL,N,1
56,41000,0.0,26900,17.47,0.6561,4,0.1053,0.1146,RENT,HOMEIMPROVEMENT,N,1
47,64700,14.9,7300,13.24,0.1128,4,0.1379,0.0149,MORTGAGE,VENTURE,N,0
64,38400,44.3,9500,15.18,0.2474,8,0.1739,0.0376,RENT,MEDICAL,N,0
32,118500,11.0,29600,9.97,0.2498,10,0.7143,0.0249,MORTGAGE,EDUCATION,N,0
37,55900,11.4,9700,12.74,0.1735,2,0.1053,0.0221,MORTGAGE,PERSONAL,N,0
37,20900,3.3,11900,15.14,0.5694,7,0.3684,0.0862,RENT,MEDICAL,Y,0
70,34000,7.8,3300,7.42,0.0971,5,0.0962,0.0072,RENT,EDUCATION,N,0
40,42100,0.1,17700,16.59,0.4204,11,0.5,0.0697,MORTGAGE,MEDICAL,Y,0
50,43100,,5600,8.67,0.1299,3,0.0938,0.0113,MORTGAGE,MEDICAL,N,0
40,75500,1.3,9500,10.29,0.1258,2,0.0909,0.0129,MORTGAGE,EDUCATION,N,0
30,51700,8.6,15000,12.8,0.2901,11,0.9167,0.0371,MORTGAGE,EDUCATION,N,0
35,157800,7.8,25300,11.3,0.1603,7,0.4118,0.0181,MORTGAGE,MEDICAL,N,0
36,43600,0.8,22100,15.41,0.5069,9,0.5,0.0781,MORTGAGE,PERSONAL,N,0
50,35000,,5100,9.45,0.1457,14,0.4375,0.0138,MORTGAGE,EDUCATION,N,0
66,59100,4.6,6300,12.51,0.1066,13,0.2708,0.0133,MORTGAGE,DEBTCONSOLIDATION,N,0
37,48900,1.2,6100,7.83,0.1247,7,0.3684,0.0098,RENT,DEBTCONSOLIDATION,N,0
38,88800,4.9,11400,12.08,0.1284,20,1.0,0.0155,RENT,VENTURE,N,0
31,48900,1.6,3100,9.71,0.0634,12,0.9231,0.0062,RENT,DEBTCONSOLIDATION,N,0
60,56700,5.8,19500,13.86,0.3439,5,0.119,0.0477,MORTGAGE,VENTURE,N,0
39,31600,2.5,11200,12.17,0.3544,8,0.381,0.0431,RENT,HOMEIMPROVEMENT,N,1
44,102100,0.1,14400,9.11,0.141,5,0.1923,0.0128,RENT,MEDICAL,N,0
43,50600,0.8,13400,10.64,0.2648,6,0.24,0.0282,RENT,HOMEIMPROVEMENT,N,0
51,27500,4.3,4300,6.6,0.1564,5,0.1515,0.0103,RENT,MEDICAL,N,0
52,85300,7.1,13900,6.77,0.163,3,0.0882,0.011,MORTGAGE,EDUCATION,N,0
44,80700,0.2,15500,12.48,0.1921,6,0.2308,0.024,RENT,HOMEIMPROVEMENT,N,0
47,125000,0.5,29000,13.24,0.232,8,0.2759,0.0307,MORTGAGE,VENTURE,N,0
45,138100,0.5,16400,10.86,0.1188,2,0.0741,0.0129,OTHER,PERSONAL,N,0
34,50700,4.0,9600,9.12,0.1893,7,0.4375,0.0173,OWN,MEDICAL,N,0
46,63900,2.0,14300,11.82,0.2238,3,0.1071,0.0265,RENT,EDUCATION,N,0
37,17600,4.9,12500,23.22,0.7102,16,0.8421,0.1649,OWN,VENTURE,N,1
68,29400,9.3,16400,18.15,0.5578,9,0.18,0.1012,RENT,EDUCATION,N,1
29,53400,2.6,20900,,0.3914,7,0.6364,0.0496,RENT,VENTURE,N,0
49,20900,5.5,12500,18.78,0.5981,5,0.1613,0.1123,MORTGAGE,VENTURE,N,0
44,91800,1.5,22800,12.09,0.2484,4,0.1538,0.03,RENT,PERSONAL,N,0
43,36100,3.6,21300,21.44,0.59,10,0.4,0.1265,MORTGAGE,EDUCATION,Y,1
46,51600,4.7,19300,13.14,0.374,2,0.0714,0.0491,RENT,PERSONAL,Y,0
43,143000,11.3,11000,9.46,0.0769,11,0.44,0.0073,RENT,VENTURE,N,0
43,42900,25.0,13600,14.37,0.317,14,0.56,0.0456,RENT,VENTURE,N,0
35,56600,9.6,13900,10.35,0.2456,6,0.3529,0.0254,RENT,MEDICAL,N,0
42,58700,5.8,17600,13.18,0.2998,4,0.1667,0.0395,MORTGAGE,MEDICAL,N,0
34,14100,3.6,18300,18.42,1.2979,2,0.125,0.2391,MORTGAGE,VENTURE,N,1
43,62100,23.6,13300,11.24,0.2142,14,0.56,0.0241,MORTGAGE,VENTURE,Y,0
60,39100,4.5,9800,8.46,0.2506,5,0.119,0.0212,MORTGAGE,EDUCATION,N,0
56,38400,0.6,10700,13.13,0.2786,7,0.1842,0.0366,MORTGAGE,DEBTCONSOLIDATION,N,0
51,79500,15.2,7900,,0.0994,2,0.0606,0.0126,RENT,EDUCATION,N,0
39,77500,8.1,23300,13.53,0.3006,9,0.4286,0.0407,MORTGAGE,MEDICAL,N,0
36,30700,10.7,11200,11.66,0.3648,4,0.2222,0.0425,RENT,EDUCATION,N,0
39,68000,4.3,11100,14.72,0.1632,7,0.3333,0.024,MORTGAGE,DEBTCONSOLIDATION,N,0
35,112000,,15700,10.35,0.1402,8,0.4706,0.0145,RENT,MEDICAL,N,0
45,48300,1.2,28900,22.1,0.5983,2,0.0741,0.1322,RENT,DEBTCONSOLIDATION,N,1
45,60800,1.3,20700,10.81,0.3405,4,0.1481,0.0368,RENT,VENTURE,N,0
36,38400,2.1,8700,14.14,0.2266,18,1.0,0.032,OWN,EDUCATION,N,0
33,86000,2.3,23300,15.23,0.2709,13,0.8667,0.0413,RENT,DEBTCONSOLIDATION,N,0
44,54500,12.8,16800,8.18,0.3083,13,0.5,0.0252,RENT,EDUCATION,N,0
47,91500,1.4,22400,11.88,0.2448,5,0.1724,0.0291,RENT,VENTURE,N,0
47,37300,3.7,5500,13.11,0.1475,5,0.1724,0.0193,MORTGAGE,DEBTCONSOLIDATION,N,0
33,72600,5.9,19600,12.58,0.27,11,0.7333,0.034,MORTGAGE,HOMEIMPROVEMENT,N,0
35,106300,0.0,5300,9.86,0.0499,3,0.1765,0.0049,RENT,VENTURE,N,0
40,37700,3.6,3000,7.79,0.0796,6,0.2727,0.0062,RENT,MEDICAL,N,1
36,76400,0.2,8600,9.76,0.1126,2,0.1111,0.011,RENT,VENTURE,N,0
47,43900,5.2,18900,14.82,0.4305,8,0.2759,0.0638,MORTGAGE,EDUCATION,N,1
46,53800,5.9,25600,18.72,0.4758,7,0.25,0.0891,MORTGAGE,EDUCATION,N,0
40,48100,2.5,7400,14.04,0.1538,6,0.2727,0.0216,OWN,EDUCATION,N,0
48,92600,2.3,17300,9.79,0.1868,13,0.4333,0.0183,RENT,VENTURE,N,0
34,30400,1.7,20200,21.41,0.6645,3,0.1875,0.1423,MORTGAGE,DEBTCONSOLIDATION,N,0
47,55600,2.0,19900,15.22,0.3579,8,0.2759,0.0545,RENT,EDUCATION,N,0
49,25600,11.9,12300,12.94,0.4805,8,0.2581,0.0622,MORTGAGE,MEDICAL,N,0
44,88000,1.0,21200,13.22,0.2409,8,0.3077,0.0318,RENT,MEDICAL,N,0
45,30000,1.1,21100,18.41,0.7033,9,0.3333,0.1295,RENT,HOMEIMPROVEMENT,Y,1
64,52200,0.7,9300,9.65,0.1782,14,0.3043,0.0172,RENT,EDUCATION,N,0
40,51700,1.3,9400,7.98,0.1818,6,0.2727,0.0145,OWN,EDUCATION,N,0
49,76200,1.1,14900,11.67,0.1955,5,0.1613,0.0228,RENT,PERSONAL,Y,1
49,153500,5.5,23100,9.87,0.1505,7,0.2258,0.0149,RENT,EDUCATION,N,0
52,91700,10.4,12300,11.94,0.1341,2,0.0588,0.016,MORTGAGE,DEBTCONSOLIDATION,N,0
45,48800,10.2,14700,12.75,0.3012,4,0.1481,0.0384,MORTGAGE,HOMEIMPROVEMENT,N,0
48,45700,5.1,5100,5.42,0.1116,7,0.2333,0.006,RENT,PERSONAL,N,0
39,80900,4.9,10300,11.38,0.1273,2,0.0952,0.0145,RENT,MEDICAL,N,0
40,85900,6.4,6400,11.11,0.0745,8,0.3636,0.0083,RENT,PERSONAL,N,0
44,99800,1.3,3400,10.83,0.0341,2,0.0769,0.0037,MORTGAGE,MEDICAL,N,0
40,113700,4.4,14200,7.9,0.1249,3,0.1364,0.0099,RENT,PERSONAL,N,0
40,55100,0.7,5000,8.77,0.0907,8,0.3636,0.008,MORTGAGE,DEBTCONSOLIDATION,N,0
58,56800,4.7,26700,,0.4701,7,0.175,0.0595,RENT,EDUCATION,N,0
39,67400,1.4,27000,13.39,0.4006,12,0.5714,0.0536,OWN,VENTURE,N,1
39,142900,2.9,27800,10.33,0.1945,4,0.1905,0.0201,RENT,EDUCATION,N,0
42,53400,1.0,26400,18.26,0.4944,16,0.6667,0.0903,MORTGAGE,EDUCATION,Y,0
37,43900,4.7,5600,10.1,0.1276,10,0.5263,0.0129,MORTGAGE,DEBTCONSOLIDATION,N,0
34,43800,7.0,6200,9.87,0.1416,8,0.5,0.014,RENT,MEDICAL,N,0
56,37400,4.9,14800,13.55,0.3957,4,0.1053,0.0536,RENT,PERSONAL,Y,1
50,19800,0.5,12400,20.27,0.6263,8,0.25,0.127,RENT,MEDICAL,Y,1
44,130700,3.1,33100,12.44,0.2533,3,0.1154,0.0315,RENT,PERSONAL,N,0
38,46000,0.2,6900,11.14,0.15,4,0.2,0.0167,RENT,EDUCATION,N,0
49,102800,14.3,7900,9.0,0.0768,6,0.1935,0.0069,RENT,DEBTCONSOLIDATION,N,0
58,35000,2.3,11400,11.94,0.3257,8,0.2,0.0389,RENT,PERSONAL,N,0
30,34200,4.1,24500,17.65,0.7164,4,0.3333,0.1264,OWN,EDUCATION,N,1
36,42800,2.5,24100,15.98,0.5631,5,0.2778,0.09,RENT,HOMEIMPROVEMENT,N,1
36,73500,12.8,17200,10.3,0.234,6,0.3333,0.0241,MORTGAGE,PERSONAL,N,0
58,63700,5.0,6900,7.91,0.1083,4,0.1,0.0086,RENT,HOMEIMPROVEMENT,N,0
52,26000,4.3,31700,22.85,1.2192,8,0.2353,0.2786,MORTGAGE,PERSONAL,N,1
26,31700,4.9,10700,13.56,0.3375,2,0.25,0.0458,RENT,VENTURE,N,0
36,49800,2.4,8300,11.9,0.1667,8,0.4444,0.0198,MORTGAGE,MEDICAL,N,0
45,27600,3.8,15600,17.6,0.5652,11,0.4074,0.0995,OTHER,PERSONAL,Y,1
70,57700,4.2,11600,10.4,0.201,11,0.2115,0.0209,RENT,MEDICAL,N,0
32,43600,8.2,19400,14.34,0.445,9,0.6429,0.0638,MORTGAGE,HOMEIMPROVEMENT,N,0
47,85500,4.1,7500,10.47,0.0877,8,0.2759,0.0092,RENT,MEDICAL,N,0
45,87800,0.2,11200,8.98,0.1276,4,0.1481,0.0115,MORTGAGE,MEDICAL,N,0
47,51300,1.3,17700,11.59,0.345,12,0.4138,0.04,MORTGAGE,EDUCATION,N,0
39,73900,14.0,5700,5.42,0.0771,6,0.2857,0.0042,RENT,EDUCATION,N,0
43,194200,15.1,23700,12.23,0.122,8,0.32,0.0149,MORTGAGE,MEDICAL,N,0
45,28300,0.0,8100,11.22,0.2862,3,0.1111,0.0321,RENT,PERSONAL,N,0
48,59700,9.7,14900,13.81,0.2496,6,0.2,0.0345,MORTGAGE,DEBTCONSOLIDATION,N,0
62,33500,3.8,21600,19.8,0.6448,3,0.0682,0.1277,OWN,EDUCATION,Y,1
49,55400,5.8,5200,9.31,0.0939,4,0.129,0.0087,MORTGAGE,HOMEIMPROVEMENT,N,0
39,52700,,19800,15.53,0.3757,5,0.2381,0.0583,RENT,DEBTCONSOLIDATION,N,0
30,29600,8.6,19900,16.01,0.6723,3,0.25,0.1076,MORTGAGE,EDUCATION,Y,0
24,26700,0.1,17100,19.99,0.6404,6,1.0,0.128,MORTGAGE,MEDICAL,N,1
43,28500,2.6,8200,10.02,0.2877,5,0.2,0.0288,RENT,MEDICAL,Y,1
48,26900,1.2,8700,15.9,0.3234,6,0.2,0.0514,OWN,VENTURE,N,0
37,19900,1.0,15500,22.32,0.7789,2,0.1053,0.1739,RENT,VENTURE,N,1
51,40400,1.3,12900,13.07,0.3193,7,0.2121,0.0417,MORTGAGE,EDUCATION,N,0
52,52700,6.1,16200,12.56,0.3074,4,0.1176,0.0386,RENT,VENTURE,N,0
37,31900,15.8,19500,16.93,0.6113,10,0.5263,0.1035,RENT,EDUCATION,N,1
48,55700,1.8,31500,17.35,0.5655,9,0.3,0.0981,MORTGAGE,VENTURE,Y,1
46,62000,1.4,20600,14.97,0.3323,5,0.1786,0.0497,RENT,HOMEIMPROVEMENT,Y,1
40,45700,3.6,18000,18.46,0.3939,9,0.4091,0.0727,RENT,HOMEIMPROVEMENT,N,1
52,46200,10.4,19000,13.26,0.4113,6,0.1765,0.0545,RENT,PERSONAL,N,0
48,57700,6.0,12100,11.44,0.2097,9,0.3,0.024,RENT,VENTURE,N,0
50,52800,2.0,19100,12.2,0.3617,17,0.5312,0.0441,RENT,EDUCATION,N,0
38,35000,1.0,11300,13.57,0.3229,5,0.25,0.0438,MORTGAGE,VENTURE,N,0
50,48900,11.2,1200,,0.0245,10,0.3125,0.0031,RENT,PERSONAL,N,0
45,79800,1.3,23300,9.86,0.292,8,0.2963,0.0288,OWN,MEDICAL,N,0
36,72200,4.8,25500,15.02,0.3532,4,0.2222,0.0531,MORTGAGE,PERSONAL,N,0
42,250000,5.3,19100,8.18,0.0764,8,0.3333,0.0062,RENT,VENTURE,N,0
33,32400,,17000,15.05,0.5247,13,0.8667,0.079,RENT,PERSONAL,N,1
51,97500,9.5,19100,10.54,0.1959,4,0.1212,0.0206,MORTGAGE,EDUCATION,N,0
70,56900,,27100,14.85,0.4763,4,0.0769,0.0707,MORTGAGE,HOMEIMPROVEMENT,N,0
44,65500,3.7,19700,12.42,0.3008,7,0.2692,0.0374,RENT,VENTURE,Y,1
60,66200,1.5,28300,16.77,0.4275,9,0.2143,0.0717,RENT,VENTURE,Y,1
54,30400,7.5,12500,15.27,0.4112,11,0.3056,0.0628,RENT,PERSONAL,Y,1
55,35800,13.3,20500,16.26,0.5726,7,0.1892,0.0931,OWN,MEDICAL,Y,0
42,69600,0.4,17400,11.34,0.25,6,0.25,0.0284,RENT,PERSONAL,N,0
46,61400,0.2,11700,9.58,0.1906,18,0.6429,0.0183,OWN,MEDICAL,N,0
51,61300,15.9,10400,7.75,0.1697,10,0.303,0.0132,RENT,HOMEIMPROVEMENT,N,0
44,88800,4.2,19200,10.88,0.2162,5,0.1923,0.0235,MORTGAGE,PERSONAL,N,0
54,47500,2.1,4200,11.97,0.0884,9,0.25,0.0106,RENT,VENTURE,N,0
30,25300,5.2,7400,13.57,0.2925,8,0.6667,0.0397,OWN,DEBTCONSOLIDATION,N,0
45,96900,8.3,10800,12.81,0.1115,3,0.1111,0.0143,RENT,EDUCATION,N,0
55,26800,0.4,10000,13.76,0.3731,7,0.1892,0.0513,RENT,PERSONAL,Y,1
42,144700,13.6,9200,11.13,0.0636,6,0.25,0.0071,RENT,DEBTCONSOLIDATION,N,0
33,16800,5.4,11300,19.74,0.6726,9,0.6,0.1328,RENT,HOMEIMPROVEMENT,Y,0
59,76800,1.2,11300,9.21,0.1471,5,0.122,0.0135,MORTGAGE,EDUCATION,N,0
43,54900,,20200,15.62,0.3679,3,0.12,0.0575,RENT,DEBTCONSOLIDATION,N,0
38,24300,0.9,22000,19.51,0.9053,3,0.15,0.1766,RENT,VENTURE,Y,1
36,50500,18.0,31300,19.13,0.6198,7,0.3889,0.1186,MORTGAGE,PERSONAL,N,1
32,62800,1.7,12900,12.18,0.2054,6,0.4286,0.025,RENT,MEDICAL,N,0
45,100100,8.1,14800,11.09,0.1479,7,0.2593,0.0164,MORTGAGE,HOMEIMPROVEMENT,N,0
34,63400,3.4,11300,10.95,0.1782,6,0.375,0.0195,RENT,MEDICAL,N,0
38,20600,1.8,19400,19.87,0.9417,4,0.2,0.1871,MORTGAGE,MEDICAL,Y,1
37,41400,0.3,4200,7.97,0.1014,4,0.2105,0.0081,MORTGAGE,EDUCATION,N,0
49,50100,4.7,9100,8.03,0.1816,10,0.3226,0.0146,MORTGAGE,MEDICAL,N,0
70,50900,9.1,33400,18.52,0.6562,13,0.25,0.1215,OTHER,MEDICAL,N,1
39,53800,21.0,11100,10.49,0.2063,8,0.381,0.0216,MORTGAGE,EDUCATION,N,0
35,31400,1.2,6300,11.67,0.2006,6,0.3529,0.0234,MORTGAGE,DEBTCONSOLIDATION,N,0
39,59700,3.9,6100,8.54,0.1022,4,0.1905,0.0087,MORTGAGE,VENTURE,N,0
43,35200,4.1,10800,13.3,0.3068,7,0.28,0.0408,MORTGAGE,MEDICAL,N,0
42,25900,7.3,15900,18.61,0.6139,17,0.7083,0.1142,RENT,EDUCATION,N,1
35,34400,1.4,10400,14.37,0.3023,8,0.4706,0.0434,RENT,VENTURE,Y,0
58,95700,19.0,8900,8.22,0.093,11,0.275,0.0076,MORTGAGE,EDUCATION,N,0
44,35600,6.2,5600,13.51,0.1573,2,0.0769,0.0213,RENT,VENTURE,Y,1
32,41100,4.2,11100,9.99,0.2701,7,0.5,0.027,MORTGAGE,PERSONAL,Y,1
50,43600,,15400,15.68,0.3532,5,0.1562,0.0554,RENT,MEDICAL,N,1
31,45800,10.9,9900,11.6,0.2162,9,0.6923,0.0251,MORTGAGE,VENTURE,N,0
56,98100,2.6,14300,7.93,0.1458,5,0.1316,0.0116,OWN,EDUCATION,N,0
39,36700,13.3,21200,18.03,0.5777,5,0.2381,0.1042,OWN,PERSONAL,N,1
41,83100,13.3,31200,14.4,0.3755,5,0.2174,0.0541,MORTGAGE,MEDICAL,Y,0
45,89800,0.4,18800,,0.2094,5,0.1852,0.0265,RENT,VENTURE,N,0
36,45300,0.8,26900,18.83,0.5938,7,0.3889,0.1118,RENT,EDUCATION,Y,1
39,39000,8.7,22800,17.49,0.5846,6,0.2857,0.1022,MORTGAGE,VENTURE,N,0
48,96100,2.0,13900,10.16,0.1446,6,0.2,0.0147,MORTGAGE,VENTURE,N,0
40,114200,4.3,19100,11.27,0.1673,6,0.2727,0.0189,RENT,MEDICAL,N,0
39,21300,6.0,10500,19.8,0.493,2,0.0952,0.0976,MORTGAGE,VENTURE,N,1
42,88800,1.8,17300,12.36,0.1948,9,0.375,0.0241,RENT,HOMEIMPROVEMENT,N,0
44,64800,6.5,12600,11.59,0.1944,9,0.3462,0.0225,RENT,MEDICAL,Y,0
48,56400,1.5,18200,11.37,0.3227,3,0.1,0.0367,RENT,HOMEIMPROVEMENT,Y,0
65,52900,7.8,22000,15.75,0.4159,4,0.0851,0.0655,MORTGAGE,HOMEIMPROVEMENT,N,1
49,41400,4.3,11300,12.01,0.2729,7,0.2258,0.0328,MORTGAGE,DEBTCONSOLIDATION,N,0
59,133400,8.4,16900,10.51,0.1267,5,0.122,0.0133,RENT,EDUCATION,N,0
55,83500,2.5,19400,,0.2323,2,0.0541,0.0294,OTHER,VENTURE,N,0
51,76800,9.2,21600,,0.2812,9,0.2727,0.0356,MORTGAGE,DEBTCONSOLIDATION,N,0
59,59800,3.9,16500,11.75,0.2759,10,0.2439,0.0324,OTHER,VENTURE,N,0
43,82200,2.1,25000,14.01,0.3041,7,0.28,0.0426,MORTGAGE,DEBTCONSOLIDATION,N,0
44,25100,0.4,9300,16.65,0.3705,7,0.2692,0.0617,RENT,EDUCATION,N,1
43,26100,22.9,21400,20.41,0.8199,9,0.36,0.1673,MORTGAGE,DEBTCONSOLIDATION,Y,1
36,44000,3.5,10800,14.58,0.2455,3,0.1667,0.0358,RENT,MEDICAL,Y,0
50,40400,2.9,11800,11.91,0.2921,4,0.125,0.0348,MORTGAGE,MEDICAL,N,0
37,17700,0.6,8600,17.96,0.4859,8,0.4211,0.0873,RENT,DEBTCONSOLIDATION,Y,1
54,148800,1.1,8400,8.43,0.0565,5,0.1389,0.0048,RENT,PERSONAL,N,0
44,70200,,25400,14.82,0.3618,3,0.1154,0.0536,RENT,EDUCATION,N,0
33,28100,1.5,7500,13.94,0.2669,12,0.8,0.0372,RENT,DEBTCONSOLIDATION,N,1
55,92600,6.5,30400,18.53,0.3283,9,0.2432,0.0608,RENT,VENTURE,N,0
48,93800,2.7,5000,8.1,0.0533,4,0.1333,0.0043,RENT,MEDICAL,N,0
54,23100,1.2,26300,20.07,1.1385,9,0.25,0.2285,RENT,PERSONAL,Y,1
44,44400,4.3,10800,11.63,0.2432,16,0.6154,0.0283,RENT,PERSONAL,N,0
56,69300,3.0,18100,11.79,0.2612,9,0.2368,0.0308,MORTGAGE,VENTURE,N,0
40,45100,1.9,5100,8.1,0.1131,6,0.2727,0.0092,OTHER,HOMEIMPROVEMENT,N,0
46,43000,0.6,12500,9.82,0.2907,3,0.1071,0.0285,RENT,VENTURE,N,1
45,39100,8.3,13700,14.69,0.3504,5,0.1852,0.0515,RENT,VENTURE,N,0
43,136500,,30800,,0.2256,2,0.08,0.0286,MORTGAGE,PERSONAL,N,0
45,82800,0.4,17600,11.11,0.2126,10,0.3704,0.0236,MORTGAGE,HOMEIMPROVEMENT,N,0
41,48600,1.2,13400,12.37,0.2757,7,0.3043,0.0341,MORTGAGE,VENTURE,Y,0
44,55300,2.8,9700,8.52,0.1754,5,0.1923,0.0149,MORTGAGE,PERSONAL,N,0
49,48000,3.9,7300,9.76,0.1521,4,0.129,0.0148,RENT,MEDICAL,N,0
53,112700,0.7,9200,6.5,0.0816,3,0.0857,0.0053,RENT,EDUCATION,N,0
41,50400,18.7,16100,16.93,0.3194,4,0.1739,0.0541,MORTGAGE,DEBTCONSOLIDATION,Y,1
32,25700,12.7,17500,19.69,0.6809,6,0.4286,0.1341,RENT,MEDICAL,Y,1
35,50700,9.8,2800,11.88,0.0552,5,0.2941,0.0066,RENT,VENTURE,N,0
56,53800,2.4,12700,14.68,0.2361,3,0.0789,0.0347,RENT,MEDICAL,Y,0
34,132700,11.6,24200,13.57,0.1824,3,0.1875,0.0248,OWN,EDUCATION,N,0
43,76100,7.3,8200,7.92,0.1078,3,0.12,0.0085,RENT,PERSONAL,N,0
41,60000,9.6,11300,8.62,0.1883,5,0.2174,0.0162,RENT,PERSONAL,N,0
50,60900,0.7,7200,10.7,0.1182,7,0.2188,0.0126,RENT,PERSONAL,N,0
47,29700,0.1,18700,18.21,0.6296,5,0.1724,0.1147,MORTGAGE,PERSONAL,N,1
37,78200,0.5,10400,9.37,0.133,4,0.2105,0.0125,MORTGAGE,PERSONAL,N,0
44,58200,20.7,11300,9.99,0.1942,2,0.0769,0.0194,MORTGAGE,EDUCATION,N,0
57,93600,7.4,9700,11.0,0.1036,8,0.2051,0.0114,RENT,VENTURE,Y,0
49,36100,7.1,8700,,0.241,15,0.4839,0.0305,OWN,EDUCATION,N,0
43,23900,1.6,10900,17.44,0.4561,10,0.4,0.0795,RENT,HOMEIMPROVEMENT,N,0
43,117400,3.5,10000,9.33,0.0852,5,0.2,0.0079,MORTGAGE,VENTURE,N,0
42,30100,2.2,10000,15.14,0.3322,7,0.2917,0.0503,RENT,EDUCATION,N,0
38,135300,11.5,8200,6.57,0.0606,13,0.65,0.004,MORTGAGE,PERSONAL,N,0
46,44300,1.5,26000,,0.5869,4,0.1429,0.0743,MORTGAGE,PERSONAL,Y,1
38,65800,0.3,13600,11.12,0.2067,3,0.15,0.023,MORTGAGE,PERSONAL,N,0
35,55300,13.8,7600,12.78,0.1374,5,0.2941,0.0176,MORTGAGE,MEDICAL,N,1
35,32500,4.9,13200,17.28,0.4062,5,0.2941,0.0702,RENT,EDUCATION,N,0
61,146100,3.1,15600,10.25,0.1068,3,0.0698,0.0109,MORTGAGE,VENTURE,N,0
44,52200,1.8,23600,,0.4521,2,0.0769,0.0572,MORTGAGE,MEDICAL,N,0
38,37600,4.0,14600,15.88,0.3883,5,0.25,0.0617,MORTGAGE,EDUCATION,N,0
36,100900,6.3,19900,11.37,0.1972,8,0.4444,0.0224,RENT,EDUCATION,N,0
41,44800,1.7,9900,10.45,0.221,11,0.4783,0.0231,RENT,HOMEIMPROVEMENT,N,1
44,57600,1.3,9300,9.99,0.1615,9,0.3462,0.0161,RENT,EDUCATION,N,0
42,69900,2.5,11000,11.56,0.1574,3,0.125,0.0182,MORTGAGE,VENTURE,N,0
49,116400,3.2,12700,10.75,0.1091,6,0.1935,0.0117,RENT,DEBTCONSOLIDATION,N,0
53,40200,1.2,26300,16.75,0.6542,4,0.1143,0.1096,RENT,VENTURE,Y,1
53,140500,0.9,25400,13.03,0.1808,10,0.2857,0.0236,RENT,MEDICAL,N,0
45,61800,,8800,11.64,0.1424,7,0.2593,0.0166,MORTGAGE,DEBTCONSOLIDATION,Y,0
37,37800,8.7,14500,17.2,0.3836,2,0.1053,0.066,MORTGAGE,MEDICAL,N,0
40,128800,10.0,10500,14.12,0.0815,4,0.1818,0.0115,MORTGAGE,VENTURE,N,0
37,30500,3.9,7300,12.34,0.2393,4,0.2105,0.0295,MORTGAGE,VENTURE,N,0
42,43000,3.4,10900,11.33,0.2535,8,0.3333,0.0287,MORTGAGE,MEDICAL,N,0
50,31800,0.4,13500,12.67,0.4245,14,0.4375,0.0538,MORTGAGE,EDUCATION,N,0
56,111200,2.0,11300,11.08,0.1016,7,0.1842,0.0113,RENT,DEBTCONSOLIDATION,N,0
28,28900,10.0,2000,10.25,0.0692,8,0.8,0.0071,MORTGAGE,DEBTCONSOLIDATION,Y,0
59,26600,2.0,20200,,0.7594,9,0.2195,0.0961,MORTGAGE,PERSONAL,N,0
43,65600,1.1,6100,,0.093,8,0.32,0.0118,RENT,EDUCATION,N,0
56,65700,1.0,2700,11.68,0.0411,5,0.1316,0.0048,RENT,DEBTCONSOLIDATION,N,1
46,150200,0.9,11100,10.32,0.0739,3,0.1071,0.0076,OWN,DEBTCONSOLIDATION,N,0
44,52700,14.7,11100,11.2,0.2106,4,0.1538,0.0236,RENT,VENTURE,N,0
47,83800,12.6,13400,10.42,0.1599,5,0.1724,0.0167,OWN,DEBTCONSOLIDATION,N,0
51,36400,1.9,14600,,0.4011,10,0.303,0.0508,OWN,HOMEIMPROVEMENT,N,0
60,74500,4.4,20100,13.64,0.2698,5,0.119,0.0368,OWN,EDUCATION,N,0
50,181100,6.0,19100,12.22,0.1055,14,0.4375,0.0129,MORTGAGE,HOMEIMPROVEMENT,N,0
28,72100,2.8,13100,11.83,0.1817,7,0.7,0.0215,RENT,PERSONAL,N,0
50,85800,3.7,8600,9.84,0.1002,4,0.125,0.0099,RENT,PERSONAL,N,0
38,78000,0.2,5400,10.59,0.0692,5,0.25,0.0073,RENT,VENTURE,N,0
34,56200,7.0,12400,15.65,0.2206,7,0.4375,0.0345,MORTGAGE,VENTURE,N,0
64,50300,13.0,11700,13.07,0.2326,2,0.0435,0.0304,RENT,DEBTCONSOLIDATION,N,0
39,47900,5.5,23300,17.2,0.4864,4,0.1905,0.0837,MORTGAGE,VENTURE,N,0
43,88800,11.6,15600,13.49,0.1757,3,0.12,0.0237,OTHER,EDUCATION,N,0
54,90000,1.3,9600,10.4,0.1067,11,0.3056,0.0111,RENT,EDUCATION,Y,1
54,32200,12.1,24700,17.58,0.7671,16,0.4444,0.1349,MORTGAGE,MEDICAL,N,1
49,81400,9.2,7300,8.5,0.0897,6,0.1935,0.0076,MORTGAGE,DEBTCONSOLIDATION,N,0
42,69000,11.7,23000,13.58,0.3333,5,0.2083,0.0453,RENT,EDUCATION,N,0
50,72900,4.5,2600,,0.0357,3,0.0938,0.0045,MORTGAGE,DEBTCONSOLIDATION,N,0
37,53300,19.0,16300,13.72,0.3058,8,0.4211,0.042,RENT,HOMEIMPROVEMENT,N,1
37,59900,10.5,27500,16.0,0.4591,2,0.1053,0.0735,RENT,VENTURE,N,1
49,29200,0.7,7600,13.81,0.2603,4,0.129,0.0359,RENT,EDUCATION,N,0
40,31500,2.7,23100,19.47,0.7333,5,0.2273,0.1428,MORTGAGE,MEDICAL,N,1
35,56800,1.7,11100,11.27,0.1954,2,0.1176,0.022,RENT,MEDICAL,N,0
28,47100,8.1,18100,16.4,0.3843,6,0.6,0.063,MORTGAGE,MEDICAL,Y,1
35,47400,0.4,17800,,0.3755,9,0.5294,0.0475,MORTGAGE,EDUCATION,N,0
49,70900,9.4,11800,12.51,0.1664,9,0.2903,0.0208,MORTGAGE,VENTURE,N,0
36,36900,5.5,4700,10.72,0.1274,10,0.5556,0.0137,RENT,DEBTCONSOLIDATION,N,0
41,33500,0.8,10200,12.06,0.3045,10,0.4348,0.0367,MORTGAGE,DEBTCONSOLIDATION,N,0
42,93800,3.8,14300,13.08,0.1525,5,0.2083,0.0199,OWN,VENTURE,N,0
41,93700,4.9,8300,10.37,0.0886,5,0.2174,0.0092,MORTGAGE,MEDICAL,N,0
57,25900,12.5,30900,17.94,1.1931,4,0.1026,0.214,RENT,EDUCATION,N,1
43,69800,1.5,21700,9.81,0.3109,4,0.16,0.0305,MORTGAGE,PERSONAL,N,0
67,43200,0.1,33500,17.74,0.7755,3,0.0612,0.1376,RENT,MEDICAL,Y,1
36,155400,3.1,10800,11.78,0.0695,4,0.2222,0.0082,RENT,VENTURE,N,0
51,42000,7.4,9800,14.94,0.2333,7,0.2121,0.0349,RENT,DEBTCONSOLIDATION,N,0
38,103900,9.0,7600,8.8,0.0731,3,0.15,0.0064,OWN,HOMEIMPROVEMENT,N,0
49,35300,1.2,20500,16.32,0.5807,6,0.1935,0.0948,MORTGAGE,EDUCATION,N,1
49,31400,3.0,7400,12.49,0.2357,8,0.2581,0.0294,RENT,VENTURE,N,0
27,110100,4.0,13400,10.37,0.1217,6,0.6667,0.0126,RENT,EDUCATION,N,0
42,32800,3.9,21900,17.47,0.6677,7,0.2917,0.1166,RENT,EDUCATION,N,1
35,42500,0.5,31100,19.6,0.7318,10,0.5882,0.1434,RENT,MEDICAL,Y,1
37,42100,8.2,6300,10.73,0.1496,8,0.4211,0.0161,RENT,VENTURE,N,0
39,128600,10.7,18100,,0.1407,2,0.0952,0.0178,RENT,PERSONAL,N,0
32,68000,5.5,14400,11.36,0.2118,5,0.3571,0.0241,RENT,HOMEIMPROVEMENT,N,0
31,84600,8.4,4400,5.42,0.052,3,0.2308,0.0028,RENT,MEDICAL,N,0
52,35600,1.2,26500,19.15,0.7444,2,0.0588,0.1426,RENT,EDUCATION,Y,1
32,31700,6.4,19800,20.25,0.6246,4,0.2857,0.1265,MORTGAGE,VENTURE,Y,1
33,41000,1.4,12300,11.08,0.3,5,0.3333,0.0332,MORTGAGE,MEDICAL,N,0
62,105500,6.6,9800,9.97,0.0929,11,0.25,0.0093,RENT,HOMEIMPROVEMENT,N,0
53,106200,1.2,18000,10.75,0.1695,2,0.0571,0.0182,RENT,MEDICAL,N,0
31,46400,13.0,6800,10.7,0.1466,3,0.2308,0.0157,MORTGAGE,VENTURE,N,0
44,80600,0.2,15300,11.08,0.1898,4,0.1538,0.021,MORTGAGE,VENTURE,N,0
51,79800,5.0,4400,5.62,0.0551,3,0.0909,0.0031,MORTGAGE,EDUCATION,N,0
64,31900,0.4,10900,11.76,0.3417,7,0.1522,0.0402,MORTGAGE,MEDICAL,N,1
42,42800,0.3,10100,10.39,0.236,6,0.25,0.0245,RENT,EDUCATION,N,0
28,21700,10.0,12500,20.74,0.576,8,0.8,0.1195,OTHER,VENTURE,Y,1
47,82900,4.0,16400,12.32,0.1978,9,0.3103,0.0244,RENT,MEDICAL,N,0
51,15100,25.6,18500,19.24,1.2252,3,0.0909,0.2357,MORTGAGE,EDUCATION,Y,1
48,15500,1.8,15700,20.28,1.0129,9,0.3,0.2054,RENT,MEDICAL,N,1
37,64100,1.1,11000,,0.1716,8,0.4211,0.0217,MORTGAGE,MEDICAL,N,0
36,15500,1.9,9300,21.01,0.6,5,0.2778,0.1261,MORTGAGE,PERSONAL,Y,1
53,110600,3.8,18000,7.91,0.1627,5,0.1429,0.0129,RENT,EDUCATION,N,0
41,93700,2.1,10800,6.56,0.1153,8,0.3478,0.0076,OWN,MEDICAL,N,0
40,134900,1.4,8100,7.67,0.06,9,0.4091,0.0046,MORTGAGE,DEBTCONSOLIDATION,N,0
47,164500,0.3,11200,7.63,0.0681,8,0.2759,0.0052,MORTGAGE,HOMEIMPROVEMENT,N,0
33,73900,0.1,27800,13.31,0.3762,4,0.2667,0.0501,RENT,PERSONAL,N,0
53,59400,1.4,5700,10.06,0.096,6,0.1714,0.0097,RENT,PERSONAL,N,0
51,46800,6.6,13900,13.37,0.297,8,0.2424,0.0397,RENT,MEDICAL,N,1
51,90500,4.2,13100,11.11,0.1448,8,0.2424,0.0161,RENT,DEBTCONSOLIDATION,N,0
40,24700,1.7,17800,22.9,0.7206,6,0.2727,0.165,RENT,VENTURE,Y,1
38,20700,3.7,10300,20.17,0.4976,4,0.2,0.1004,MORTGAGE,EDUCATION,Y,1
43,125000,19.6,7800,7.06,0.0624,3,0.12,0.0044,RENT,EDUCATION,N,0
50,50100,7.4,13200,12.85,0.2635,7,0.2188,0.0339,RENT,VENTURE,N,0
54,105900,0.2,29000,13.53,0.2738,7,0.1944,0.037,RENT,MEDICAL,N,0
60,141700,8.1,21200,9.53,0.1496,3,0.0714,0.0143,MORTGAGE,MEDICAL,N,0
37,49700,0.6,9300,9.33,0.1871,8,0.4211,0.0175,MORTGAGE,MEDICAL,N,0
45,84100,2.0,20900,10.51,0.2485,4,0.1481,0.0261,OWN,EDUCATION,Y,0
36,69200,0.2,3500,10.42,0.0506,8,0.4444,0.0053,RENT,DEBTCONSOLIDATION,N,0
51,114600,8.8,6400,6.73,0.0558,21,0.6364,0.0038,RENT,MEDICAL,N,0
32,38700,10.2,17000,16.2,0.4393,14,1.0,0.0712,MORTGAGE,VENTURE,Y,1
57,30800,5.5,11500,14.19,0.3734,2,0.0513,0.053,MORTGAGE,PERSONAL,Y,1
68,17900,5.6,24100,20.88,1.3464,4,0.08,0.2811,RENT,EDUCATION,Y,1
39,61500,1.0,18200,11.77,0.2959,10,0.4762,0.0348,RENT,HOMEIMPROVEMENT,N,0
55,50800,5.4,15200,15.47,0.2992,6,0.1622,0.0463,RENT,DEBTCONSOLIDATION,N,1
52,90000,5.3,13900,10.38,0.1544,2,0.0588,0.016,RENT,EDUCATION,N,0
69,43200,1.7,10100,8.51,0.2338,2,0.0392,0.0199,MORTGAGE,EDUCATION,N,0
61,29800,0.0,21600,19.73,0.7248,10,0.2326,0.143,RENT,MEDICAL,N,1
46,56500,12.5,9200,12.96,0.1628,7,0.25,0.0211,MORTGAGE,PERSONAL,N,0
37,20200,4.6,16000,18.58,0.7921,7,0.3684,0.1472,RENT,EDUCATION,Y,1
38,54700,2.6,13500,9.66,0.2468,2,0.1,0.0238,OWN,DEBTCONSOLIDATION,N,0
39,12800,8.6,8000,17.13,0.625,4,0.1905,0.1071,RENT,DEBTCONSOLIDATION,N,0
32,17700,0.5,9000,15.12,0.5085,14,1.0,0.0769,RENT,MEDICAL,Y,1
26,60100,1.2,10000,13.66,0.1664,4,0.5,0.0227,RENT,EDUCATION,N,0
52,48400,,18100,12.35,0.374,11,0.3235,0.0462,RENT,EDUCATION,N,0
42,35400,3.7,21200,18.74,0.5989,10,0.4167,0.1122,RENT,MEDICAL,Y,1
56,109700,0.3,21900,10.54,0.1996,3,0.0789,0.021,RENT,VENTURE,N,0
40,66100,,26900,15.95,0.407,2,0.0909,0.0649,RENT,HOMEIMPROVEMENT,Y,1
50,220600,9.5,15200,12.26,0.0689,4,0.125,0.0084,MORTGAGE,EDUCATION,N,0
50,34700,11.3,15200,18.92,0.438,8,0.25,0.0829,MORTGAGE,EDUCATION,Y,1
57,62600,2.9,19100,13.93,0.3051,10,0.2564,0.0425,MORTGAGE,EDUCATION,N,0
33,15800,3.5,13000,14.16,0.8228,3,0.2,0.1165,MORTGAGE,MEDICAL,N,1
34,115800,5.5,5300,8.92,0.0458,4,0.25,0.0041,OWN,EDUCATION,N,0
32,40800,4.6,8600,12.73,0.2108,4,0.2857,0.0268,MORTGAGE,PERSONAL,N,0
36,91700,7.4,13200,8.98,0.1439,3,0.1667,0.0129,MORTGAGE,MEDICAL,Y,0
66,15900,4.1,5200,13.5,0.327,7,0.1458,0.0441,MORTGAGE,PERSONAL,N,0
41,29900,9.3,7000,11.99,0.2341,7,0.3043,0.0281,RENT,PERSONAL,Y,0
44,55500,9.5,10200,9.1,0.1838,21,0.8077,0.0167,OWN,EDUCATION,N,0
36,104700,5.5,29300,14.43,0.2798,10,0.5556,0.0404,MORTGAGE,HOMEIMPROVEMENT,N,0
52,16700,1.2,23100,22.09,1.3832,6,0.1765,0.3055,RENT,DEBTCONSOLIDATION,Y,1
38,47500,19.5,13900,14.36,0.2926,11,0.55,0.042,MORTGAGE,VENTURE,N,1
37,39300,4.3,6200,11.19,0.1578,9,0.4737,0.0177,MORTGAGE,MEDICAL,N,0
40,42900,11.6,16000,11.88,0.373,2,0.0909,0.0443,OTHER,HOMEIMPROVEMENT,N,0
42,42200,6.1,11400,12.61,0.2701,3,0.125,0.0341,MORTGAGE,DEBTCONSOLIDATION,N,0
49,69000,3.3,12700,8.86,0.1841,2,0.0645,0.0163,MORTGAGE,EDUCATION,N,0
58,33100,10.6,11300,18.73,0.3414,8,0.2,0.0639,OWN,VENTURE,N,0
45,67600,8.9,13800,9.96,0.2041,7,0.2593,0.0203,MORTGAGE,EDUCATION,N,0
39,54000,12.2,6700,5.78,0.1241,3,0.1429,0.0072,RENT,PERSONAL,N,0
61,170900,6.6,8800,6.08,0.0515,5,0.1163,0.0031,RENT,EDUCATION,N,0
36,52900,14.7,14200,8.32,0.2684,2,0.1111,0.0223,MORTGAGE,MEDICAL,N,0
32,33000,5.8,15900,15.98,0.4818,2,0.1429,0.077,RENT,EDUCATION,N,1
41,56900,6.1,15700,15.75,0.2759,8,0.3478,0.0435,RENT,EDUCATION,Y,0
49,22600,0.6,10400,14.88,0.4602,5,0.1613,0.0685,OWN,PERSONAL,N,0
43,15400,2.0,11100,22.44,0.7208,4,0.16,0.1617,MORTGAGE,EDUCATION,Y,1
50,93200,1.2,16100,11.28,0.1727,5,0.1562,0.0195,MORTGAGE,HOMEIMPROVEMENT,N,0
63,23600,3.9,12700,15.27,0.5381,3,0.0667,0.0822,MORTGAGE,VENTURE,N,1
40,33100,,6200,11.18,0.1873,2,0.0909,0.0209,RENT,VENTURE,N,0
45,37200,0.3,20200,15.62,0.543,14,0.5185,0.0848,OWN,EDUCATION,N,0
38,55600,5.2,8100,11.9,0.1457,4,0.2,0.0173,MORTGAGE,PERSONAL,N,0
46,36500,3.6,18300,19.81,0.5014,7,0.25,0.0993,MORTGAGE,DEBTCONSOLIDATION,Y,1
38,28900,0.3,7800,14.23,0.2699,11,0.55,0.0384,RENT,PERSONAL,N,0
43,117300,3.0,6300,7.49,0.0537,6,0.24,0.004,RENT,VENTURE,N,0
55,73900,9.5,8900,12.77,0.1204,4,0.1081,0.0154,RENT,DEBTCONSOLIDATION,N,1
39,50500,,15300,11.5,0.303,6,0.2857,0.0348,RENT,EDUCATION,Y,0
49,39000,6.5,12900,16.54,0.3308,8,0.2581,0.0547,MORTGAGE,PERSONAL,N,0
41,109800,,4200,8.2,0.0383,7,0.3043,0.0031,MORTGAGE,VENTURE,N,0
55,26300,20.3,20100,19.09,0.7643,7,0.1892,0.1459,RENT,VENTURE,Y,1
49,62300,3.7,13200,10.41,0.2119,9,0.2903,0.0221,RENT,VENTURE,N,0
48,54500,1.1,9300,8.85,0.1706,7,0.2333,0.0151,RENT,HOMEIMPROVEMENT,N,0
35,54700,2.1,15300,14.73,0.2797,7,0.4118,0.0412,RENT,DEBTCONSOLIDATION,N,0
39,84700,3.8,20100,12.23,0.2373,10,0.4762,0.029,RENT,MEDICAL,N,0
33,40100,1.7,22400,19.3,0.5586,11,0.7333,0.1078,RENT,PERSONAL,Y,1
45,20300,2.4,23300,19.67,1.1478,9,0.3333,0.2258,OWN,HOMEIMPROVEMENT,Y,1
47,23300,17.0,15100,20.98,0.6481,3,0.1034,0.136,RENT,DEBTCONSOLIDATION,Y,0
34,45000,,28000,19.22,0.6222,7,0.4375,0.1196,RENT,MEDICAL,Y,1
52,55600,16.5,15800,14.06,0.2842,19,0.5588,0.04,MORTGAGE,PERSONAL,N,0
42,59100,6.5,28500,17.47,0.4822,4,0.1667,0.0842,RENT,EDUCATION,N,1
42,64000,20.4,23500,15.18,0.3672,7,0.2917,0.0557,RENT,EDUCATION,N,1
44,25700,0.2,16800,17.17,0.6537,7,0.2692,0.1122,RENT,PERSONAL,N,1
63,143200,13.0,3500,11.26,0.0244,6,0.1333,0.0027,RENT,PERSONAL,N,0
46,19500,7.2,9200,14.92,0.4718,6,0.2143,0.0704,MORTGAGE,VENTURE,N,1
48,122300,,13400,7.8,0.1096,3,0.1,0.0085,MORTGAGE,PERSONAL,N,0
37,61300,1.9,9700,12.02,0.1582,6,0.3158,0.019,RENT,PERSONAL,N,0
35,38900,4.5,15200,15.56,0.3907,12,0.7059,0.0608,MORTGAGE,EDUCATION,N,1
54,61400,4.9,10400,11.15,0.1694,9,0.25,0.0189,RENT,VENTURE,N,0
52,79900,3.3,12200,11.3,0.1527,10,0.2941,0.0173,MORTGAGE,PERSONAL,N,0
64,56900,0.5,21400,15.86,0.3761,6,0.1304,0.0596,MORTGAGE,PERSONAL,Y,1
60,91700,1.6,7900,12.94,0.0862,5,0.119,0.0112,MORTGAGE,EDUCATION,N,0
53,60400,10.2,10900,11.33,0.1805,3,0.0857,0.0205,RENT,HOMEIMPROVEMENT,N,0
41,82500,5.0,5400,9.68,0.0655,9,0.3913,0.0063,MORTGAGE,DEBTCONSOLIDATION,N,0
47,23400,0.9,9000,17.33,0.3846,7,0.2414,0.0667,MORTGAGE,VENTURE,N,0
31,33200,1.4,14000,14.93,0.4217,2,0.1538,0.063,MORTGAGE,EDUCATION,N,0
50,48700,11.7,25600,15.31,0.5257,5,0.1562,0.0805,MORTGAGE,VENTURE,Y,1
52,66300,3.9,26500,15.11,0.3997,7,0.2059,0.0604,MORTGAGE,PERSONAL,N,0
46,12200,5.0,20800,20.69,1.7049,9,0.3214,0.3527,RENT,PERSONAL,Y,1
26,48800,8.0,13100,13.98,0.2684,6,0.75,0.0375,MORTGAGE,HOMEIMPROVEMENT,N,0
43,100100,1.3,3900,8.45,0.039,10,0.4,0.0033,RENT,EDUCATION,N,0
50,66100,4.6,6800,8.5,0.1029,4,0.125,0.0087,RENT,EDUCATION,N,0
42,122700,0.8,14600,8.27,0.119,8,0.3333,0.0098,RENT,MEDICAL,N,0
35,162700,5.2,15400,10.82,0.0947,5,0.2941,0.0102,MORTGAGE,EDUCATION,N,0
49,88200,2.4,18600,11.89,0.2109,3,0.0968,0.0251,RENT,VENTURE,N,0
50,22000,4.7,16900,17.11,0.7682,6,0.1875,0.1314,MORTGAGE,MEDICAL,N,1
38,45500,2.1,15000,14.49,0.3297,2,0.1,0.0478,MORTGAGE,HOMEIMPROVEMENT,N,0
39,58300,,17600,10.78,0.3019,3,0.1429,0.0325,OWN,MEDICAL,N,0
35,65100,4.4,15100,12.04,0.232,8,0.4706,0.0279,MORTGAGE,EDUCATION,N,0
32,33700,5.0,9300,14.97,0.276,5,0.3571,0.0413,RENT,VENTURE,N,1
43,45700,7.6,11300,14.21,0.2473,9,0.36,0.0351,MORTGAGE,DEBTCONSOLIDATION,N,0
43,40200,5.3,23700,16.46,0.5896,2,0.08,0.097,MORTGAGE,DEBTCONSOLIDATION,Y,1
39,34800,2.2,7300,12.85,0.2098,4,0.1905,0.027,RENT,PERSONAL,N,0
35,33900,6.1,13100,12.73,0.3864,5,0.2941,0.0492,MORTGAGE,PERSONAL,Y,1
37,49500,3.4,24300,16.22,0.4909,9,0.4737,0.0796,OTHER,PERSONAL,Y,1
39,35400,11.5,31400,,0.887,4,0.1905,0.1123,RENT,PERSONAL,Y,1
39,61800,5.2,10700,10.74,0.1731,3,0.1429,0.0186,RENT,DEBTCONSOLIDATION,N,0
43,127100,17.3,28500,11.5,0.2242,2,0.08,0.0258,MORTGAGE,EDUCATION,N,0
49,127000,6.3,13300,,0.1047,3,0.0968,0.0133,RENT,DEBTCONSOLIDATION,N,0
49,44800,2.1,10700,11.48,0.2388,5,0.1613,0.0274,MORTGAGE,PERSONAL,N,0
56,33500,17.0,8700,13.82,0.2597,7,0.1842,0.0359,MORTGAGE,VENTURE,N,0
34,45600,8.5,7500,10.98,0.1645,4,0.25,0.0181,RENT,PERSONAL,N,0
44,54500,0.4,29200,18.25,0.5358,7,0.2692,0.0978,RENT,HOMEIMPROVEMENT,Y,1
33,45700,4.1,8700,12.25,0.1904,6,0.4,0.0233,MORTGAGE,MEDICAL,N,0
55,177800,1.3,19400,11.92,0.1091,5,0.1351,0.013,MORTGAGE,DEBTCONSOLIDATION,N,0
48,45400,4.6,13800,16.83,0.304,13,0.4333,0.0512,MORTGAGE,VENTURE,N,0
38,28800,7.1,8500,12.47,0.2951,10,0.5,0.0368,OWN,HOMEIMPROVEMENT,N,0
36,47100,4.3,20200,13.78,0.4289,6,0.3333,0.0591,MORTGAGE,EDUCATION,Y,0
29,43400,11.0,18800,17.54,0.4332,3,0.2727,0.076,OWN,MEDICAL,N,0
59,44000,9.1,16500,15.19,0.375,4,0.0976,0.057,RENT,EDUCATION,Y,1
42,31000,0.5,8500,14.23,0.2742,10,0.4167,0.039,OWN,VENTURE,N,0
41,130600,0.8,23000,13.79,0.1761,10,0.4348,0.0243,OTHER,HOMEIMPROVEMENT,N,0
35,53800,4.0,13400,11.99,0.2491,2,0.1176,0.0299,RENT,MEDICAL,N,0
54,145000,0.6,19800,9.62,0.1366,9,0.25,0.0131,RENT,EDUCATION,N,0
47,42000,5.6,4900,12.14,0.1167,17,0.5862,0.0142,OWN,EDUCATION,N,1
52,71200,4.9,21900,16.22,0.3076,13,0.3824,0.0499,MORTGAGE,VENTURE,N,0
39,190000,0.2,11200,6.8,0.0589,8,0.381,0.004,MORTGAGE,PERSONAL,N,0
35,33500,,9100,13.17,0.2716,10,0.5882,0.0358,MORTGAGE,PERSONAL,N,0
29,69800,5.9,9400,12.14,0.1347,5,0.4545,0.0164,RENT,PERSONAL,N,0
33,36800,8.5,25700,23.2,0.6984,5,0.3333,0.162,RENT,VENTURE,Y,1
38,77000,9.6,7700,10.92,0.1,2,0.1,0.0109,RENT,EDUCATION,N,0
40,81600,8.6,6600,8.77,0.0809,7,0.3182,0.0071,MORTGAGE,MEDICAL,N,0
42,40800,6.3,10600,14.95,0.2598,4,0.1667,0.0388,MORTGAGE,EDUCATION,N,0
44,77500,9.3,10900,10.69,0.1406,8,0.3077,0.015,RENT,PERSONAL,N,0
32,48100,14.0,13300,9.95,0.2765,10,0.7143,0.0275,RENT,HOMEIMPROVEMENT,N,0
45,96800,8.1,12500,14.31,0.1291,4,0.1481,0.0185,RENT,DEBTCONSOLIDATION,Y,0
48,44300,20.7,7300,11.8,0.1648,5,0.1667,0.0194,RENT,PERSONAL,N,0
35,51000,8.6,17500,12.42,0.3431,4,0.2353,0.0426,MORTGAGE,PERSONAL,N,0
63,94100,2.9,26600,,0.2827,4,0.0889,0.0358,MORTGAGE,EDUCATION,N,0
29,79100,1.6,7300,9.96,0.0923,3,0.2727,0.0092,RENT,MEDICAL,N,0
45,69700,3.6,13100,13.18,0.1879,10,0.3704,0.0248,MORTGAGE,DEBTCONSOLIDATION,N,0
35,28100,12.7,19900,22.11,0.7082,7,0.4118,0.1566,MORTGAGE,PERSONAL,Y,1
50,24100,1.8,8800,12.78,0.3651,6,0.1875,0.0467,RENT,MEDICAL,N,0
38,30300,4.1,11400,,0.3762,8,0.4,0.0476,MORTGAGE,PERSONAL,N,0
36,63600,7.3,14400,14.25,0.2264,7,0.3889,0.0323,RENT,PERSONAL,N,1
40,35600,3.8,29800,19.7,0.8371,11,0.5,0.1649,MORTGAGE,EDUCATION,Y,0
33,51100,0.3,15600,12.46,0.3053,4,0.2667,0.038,MORTGAGE,DEBTCONSOLIDATION,N,0
46,51100,8.3,14600,12.76,0.2857,15,0.5357,0.0365,RENT,MEDICAL,N,0
42,42500,2.1,12200,13.52,0.2871,5,0.2083,0.0388,RENT,DEBTCONSOLIDATION,N,0
44,151400,0.3,26400,12.23,0.1744,8,0.3077,0.0213,RENT,VENTURE,N,0
40,79600,10.7,8600,,0.108,8,0.3636,0.0137,RENT,VENTURE,N,0
66,22900,7.9,13300,19.84,0.5808,8,0.1667,0.1152,RENT,PERSONAL,Y,1
46,54900,0.5,13600,12.34,0.2477,5,0.1786,0.0306,MORTGAGE,DEBTCONSOLIDATION,N,0
62,65100,31.8,17200,14.65,0.2642,6,0.1364,0.0387,MORTGAGE,VENTURE,Y,0
40,34500,0.3,14100,,0.4087,4,0.1818,0.0517,RENT,MEDICAL,N,1
38,56500,6.1,9000,10.61,0.1593,11,0.55,0.0169,MORTGAGE,HOMEIMPROVEMENT,N,0
43,87200,5.9,10900,9.99,0.125,9,0.36,0.0125,MORTGAGE,HOMEIMPROVEMENT,N,0
36,117100,3.2,7800,8.11,0.0666,2,0.1111,0.0054,RENT,PERSONAL,N,0
51,48300,0.6,18300,11.72,0.3789,10,0.303,0.0444,MORTGAGE,MEDICAL,N,0
49,67000,1.5,9900,7.72,0.1478,5,0.1613,0.0114,RENT,EDUCATION,N,0
39,147200,4.0,9000,8.91,0.0611,4,0.1905,0.0054,RENT,EDUCATION,N,0
52,38300,4.3,28000,18.09,0.7311,5,0.1471,0.1323,RENT,VENTURE,Y,1
45,48800,0.9,14100,15.83,0.2889,8,0.2963,0.0457,RENT,VENTURE,N,0
42,146100,5.9,22600,14.38,0.1547,5,0.2083,0.0222,MORTGAGE,VENTURE,N,0
42,94100,1.8,17900,,0.1902,4,0.1667,0.0241,RENT,EDUCATION,N,0
39,35800,0.8,13300,12.68,0.3715,5,0.2381,0.0471,RENT,PERSONAL,N,1
55,59300,8.7,11000,9.53,0.1855,7,0.1892,0.0177,RENT,VENTURE,N,0
44,126500,7.8,5200,12.61,0.0411,9,0.3462,0.0052,RENT,EDUCATION,N,0
47,41300,6.8,10400,10.96,0.2518,7,0.2414,0.0276,MORTGAGE,HOMEIMPROVEMENT,N,0
53,51400,1.9,27800,20.59,0.5409,2,0.0571,0.1114,RENT,VENTURE,Y,1
44,29800,3.8,17200,,0.5772,11,0.4231,0.0731,OWN,EDUCATION,N,1
50,36100,0.2,12400,16.15,0.3435,9,0.2812,0.0555,MORTGAGE,VENTURE,N,0
32,73700,0.1,10800,,0.1465,6,0.4286,0.0185,OWN,VENTURE,N,0
49,55500,2.0,24200,16.26,0.436,2,0.0645,0.0709,MORTGAGE,HOMEIMPROVEMENT,N,0
47,72900,,16600,11.46,0.2277,3,0.1034,0.0261,RENT,HOMEIMPROVEMENT,N,1
40,75000,20.8,32000,16.01,0.4267,6,0.2727,0.0683,MORTGAGE,MEDICAL,Y,1
58,37300,2.9,12900,12.58,0.3458,5,0.125,0.0435,RENT,EDUCATION,N,0
44,53400,13.1,3400,8.16,0.0637,9,0.3462,0.0052,RENT,PERSONAL,N,0
51,45500,5.2,6300,9.52,0.1385,12,0.3636,0.0132,OWN,DEBTCONSOLIDATION,N,0
36,88000,16.0,16300,,0.1852,4,0.2222,0.0234,RENT,EDUCATION,N,0
38,62200,6.4,27200,14.79,0.4373,2,0.1,0.0647,MORTGAGE,PERSONAL,N,0
38,44600,10.3,28900,21.78,0.648,3,0.15,0.1411,MORTGAGE,VENTURE,Y,0
37,39500,1.3,18000,14.05,0.4557,6,0.3158,0.064,MORTGAGE,EDUCATION,N,1
44,43600,2.3,7300,13.63,0.1674,6,0.2308,0.0228,MORTGAGE,VENTURE,N,1
35,48100,7.4,19300,17.49,0.4012,9,0.5294,0.0702,RENT,DEBTCONSOLIDATION,Y,0
39,51900,0.6,19600,17.92,0.3776,2,0.0952,0.0677,MORTGAGE,DEBTCONSOLIDATION,N,0
40,37800,1.5,8900,12.17,0.2354,17,0.7727,0.0286,RENT,HOMEIMPROVEMENT,N,0
31,61800,2.0,26500,13.75,0.4288,9,0.6923,0.059,MORTGAGE,EDUCATION,N,0
35,39500,4.9,30900,20.54,0.7823,5,0.2941,0.1607,RENT,HOMEIMPROVEMENT,Y,1
42,94700,11.6,19900,8.01,0.2101,7,0.2917,0.0168,OWN,HOMEIMPROVEMENT,N,0
58,66300,5.5,14800,12.41,0.2232,8,0.2,0.0277,RENT,VENTURE,N,0
39,85700,1.4,8900,9.23,0.1039,7,0.3333,0.0096,RENT,EDUCATION,N,0
53,57800,4.6,9400,10.08,0.1626,5,0.1429,0.0164,MORTGAGE,EDUCATION,N,1
70,21900,1.3,8900,13.44,0.4064,7,0.1346,0.0546,RENT,VENTURE,Y,1
51,49400,0.3,15500,13.97,0.3138,3,0.0909,0.0438,MORTGAGE,PERSONAL,N,0
44,64100,5.0,13500,10.89,0.2106,8,0.3077,0.0229,MORTGAGE,MEDICAL,N,0
56,53300,0.3,25600,16.88,0.4803,2,0.0526,0.0811,OWN,EDUCATION,Y,0
59,33600,5.0,4400,9.57,0.131,10,0.2439,0.0125,OTHER,EDUCATION,N,0
35,55300,4.8,8700,12.08,0.1573,17,1.0,0.019,RENT,HOMEIMPROVEMENT,N,0
49,36600,,3800,9.69,0.1038,6,0.1935,0.0101,RENT,VENTURE,N,0
50,86800,2.8,17400,14.57,0.2005,7,0.2188,0.0292,MORTGAGE,DEBTCONSOLIDATION,N,0
35,116800,11.1,22800,14.25,0.1952,7,0.4118,0.0278,MORTGAGE,VENTURE,N,0
45,47800,6.2,15900,16.29,0.3326,10,0.3704,0.0542,OWN,VENTURE,N,0
32,32300,14.0,7500,12.74,0.2322,3,0.2143,0.0296,RENT,PERSONAL,N,0
45,134700,3.7,20600,12.14,0.1529,3,0.1111,0.0186,MORTGAGE,PERSONAL,N,0
41,243800,3.9,18200,8.96,0.0747,2,0.087,0.0067,RENT,EDUCATION,N,0
48,73700,1.4,28900,14.67,0.3921,3,0.1,0.0575,MORTGAGE,PERSONAL,N,0
48,106600,8.9,14200,12.2,0.1332,9,0.3,0.0163,RENT,HOMEIMPROVEMENT,N,0
45,54500,3.0,25900,14.74,0.4752,8,0.2963,0.07,MORTGAGE,PERSONAL,N,0
44,31600,2.5,16300,17.67,0.5158,6,0.2308,0.0911,MORTGAGE,HOMEIMPROVEMENT,N,1
50,28300,10.6,33100,23.22,1.1696,8,0.25,0.2716,MORTGAGE,PERSONAL,Y,1
45,74300,0.4,11500,10.07,0.1548,6,0.2222,0.0156,OTHER,EDUCATION,N,0
50,61900,1.0,10400,12.44,0.168,9,0.2812,0.0209,MORTGAGE,MEDICAL,N,1
44,92200,,23500,12.94,0.2549,8,0.3077,0.033,RENT,PERSONAL,N,0
37,70800,10.6,9100,9.44,0.1285,3,0.1579,0.0121,MORTGAGE,EDUCATION,N,0
58,126800,3.8,9400,10.17,0.0741,5,0.125,0.0075,MORTGAGE,PERSONAL,N,0
69,50900,4.8,13000,14.33,0.2554,14,0.2745,0.0366,RENT,VENTURE,N,0
37,57200,8.6,12300,13.51,0.215,10,0.5263,0.029,MORTGAGE,PERSONAL,N,0
70,26700,1.1,29300,17.17,1.0974,4,0.0769,0.1884,RENT,PERSONAL,N,1
49,64900,8.9,8400,9.12,0.1294,8,0.2581,0.0118,RENT,MEDICAL,N,0
39,59300,0.2,12100,,0.204,9,0.4286,0.0258,OWN,DEBTCONSOLIDATION,N,0
49,127500,14.4,24700,11.57,0.1937,8,0.2581,0.0224,RENT,EDUCATION,N,0
48,49300,3.9,13800,14.35,0.2799,12,0.4,0.0402,MORTGAGE,EDUCATION,N,0
43,34000,0.5,17900,15.87,0.5265,6,0.24,0.0836,RENT,EDUCATION,N,1
35,26900,6.6,11600,16.89,0.4312,3,0.1765,0.0728,RENT,PERSONAL,N,1
42,55700,12.4,5800,9.34,0.1041,2,0.0833,0.0097,RENT,MEDICAL,N,0
47,66800,2.6,4100,10.51,0.0614,16,0.5517,0.0065,RENT,PERSONAL,N,0
35,39400,3.7,22800,19.7,0.5787,2,0.1176,0.114,RENT,MEDICAL,Y,0
49,29300,,14500,16.15,0.4949,5,0.1613,0.0799,MORTGAGE,DEBTCONSOLIDATION,N,1
46,149900,12.8,18100,8.18,0.1207,3,0.1071,0.0099,RENT,HOMEIMPROVEMENT,N,0
56,99100,0.7,7500,9.29,0.0757,2,0.0526,0.007,MORTGAGE,EDUCATION,N,0
47,24500,1.1,10600,14.9,0.4327,6,0.2069,0.0645,RENT,PERSONAL,Y,1
41,62200,6.2,4000,11.08,0.0643,2,0.087,0.0071,RENT,EDUCATION,N,0
47,121500,5.3,27400,11.76,0.2255,6,0.2069,0.0265,RENT,PERSONAL,N,0
58,40600,5.1,10200,,0.2512,10,0.25,0.0318,RENT,EDUCATION,N,0
49,64100,0.5,15200,12.91,0.2371,6,0.1935,0.0306,RENT,VENTURE,N,0
58,31200,3.0,2500,7.41,0.0801,5,0.125,0.0059,RENT,VENTURE,N,0
35,39800,10.2,13200,,0.3317,9,0.5294,0.042,MORTGAGE,MEDICAL,N,0
40,73200,2.5,6800,6.2,0.0929,5,0.2273,0.0058,RENT,EDUCATION,N,0
47,69300,8.8,22300,,0.3218,2,0.069,0.0407,MORTGAGE,PERSONAL,N,0
55,38100,18.9,9700,11.36,0.2546,8,0.2162,0.0289,RENT,HOMEIMPROVEMENT,N,0
53,96900,9.5,15300,8.29,0.1579,3,0.0857,0.0131,MORTGAGE,EDUCATION,N,0
63,24800,3.2,25100,21.23,1.0121,8,0.1778,0.2149,RENT,EDUCATION,N,0
39,39200,7.5,11500,9.99,0.2934,17,0.8095,0.0293,MORTGAGE,EDUCATION,N,0
51,86500,5.5,27200,13.21,0.3145,9,0.2727,0.0415,RENT,VENTURE,N,0
59,66000,1.6,17700,13.51,0.2682,6,0.1463,0.0362,RENT,MEDICAL,N,0
46,63000,0.7,20200,13.84,0.3206,4,0.1429,0.0444,RENT,PERSONAL,Y,1
45,25500,2.2,10400,11.91,0.4078,10,0.3704,0.0486,RENT,MEDICAL,N,1
42,36900,5.2,4100,8.56,0.1111,5,0.2083,0.0095,MORTGAGE,EDUCATION,N,0
57,21100,,19800,19.69,0.9384,6,0.1538,0.1848,MORTGAGE,MEDICAL,N,1
48,56400,1.0,3900,10.91,0.0691,2,0.0667,0.0075,RENT,MEDICAL,N,0
39,48200,1.3,8900,9.82,0.1846,5,0.2381,0.0181,RENT,EDUCATION,N,0
49,43800,16.1,7400,12.24,0.1689,2,0.0645,0.0207,RENT,EDUCATION,N,0
47,62100,3.8,8800,8.88,0.1417,5,0.1724,0.0126,MORTGAGE,VENTURE,N,0
49,96100,0.2,15400,9.82,0.1602,10,0.3226,0.0157,MORTGAGE,MEDICAL,N,0
43,49700,6.2,11800,11.97,0.2374,2,0.08,0.0284,RENT,EDUCATION,N,0
37,36000,1.6,14900,15.33,0.4139,4,0.2105,0.0635,OWN,VENTURE,Y,0
29,63300,11.0,22900,17.84,0.3618,6,0.5455,0.0645,RENT,PERSONAL,N,1
48,31200,8.5,10300,12.55,0.3301,5,0.1667,0.0414,RENT,HOMEIMPROVEMENT,N,0
70,103000,3.4,10900,10.58,0.1058,2,0.0385,0.0112,MORTGAGE,EDUCATION,N,0
44,57400,1.1,20900,14.5,0.3641,21,0.8077,0.0528,RENT,HOMEIMPROVEMENT,N,0
44,63500,12.0,17400,13.85,0.274,7,0.2692,0.0379,RENT,MEDICAL,N,0
45,30700,3.0,15600,17.12,0.5081,9,0.3333,0.087,RENT,HOMEIMPROVEMENT,N,1
39,68500,0.2,4700,7.72,0.0686,4,0.1905,0.0053,MORTGAGE,PERSONAL,N,0
53,49900,2.8,23700,16.25,0.4749,14,0.4,0.0772,RENT,HOMEIMPROVEMENT,N,0
34,44500,5.0,13100,12.25,0.2944,8,0.5,0.0361,MORTGAGE,MEDICAL,N,0
28,135500,5.0,18300,14.38,0.1351,10,1.0,0.0194,MORTGAGE,VENTURE,N,0
66,40500,5.5,23300,20.76,0.5753,6,0.125,0.1194,MORTGAGE,HOMEIMPROVEMENT,Y,1
36,129000,1.3,4800,12.15,0.0372,2,0.1111,0.0045,MORTGAGE,DEBTCONSOLIDATION,N,0
37,22700,4.5,21800,19.26,0.9604,2,0.1053,0.185,MORTGAGE,MEDICAL,Y,1
32,18300,7.1,17000,20.99,0.929,10,0.7143,0.195,MORTGAGE,DEBTCONSOLIDATION,Y,1
42,70200,0.4,15200,11.04,0.2165,8,0.3333,0.0239,MORTGAGE,EDUCATION,N,0
37,39400,1.2,12400,11.49,0.3147,3,0.1579,0.0362,MORTGAGE,HOMEIMPROVEMENT,N,1
66,44200,5.1,9600,,0.2172,6,0.125,0.0275,RENT,MEDICAL,Y,1
39,41500,1.2,30300,16.0,0.7301,6,0.2857,0.1168,RENT,PERSONAL,N,1
62,51900,12.3,6100,,0.1175,3,0.0682,0.0149,MORTGAGE,DEBTCONSOLIDATION,N,0
45,112500,7.9,23800,8.86,0.2116,3,0.1111,0.0187,RENT,EDUCATION,Y,0
70,74200,14.5,19300,11.94,0.2601,9,0.1731,0.0311,RENT,VENTURE,N,0
39,31500,0.3,6700,10.31,0.2127,5,0.2381,0.0219,MORTGAGE,DEBTCONSOLIDATION,N,0
31,59100,5.5,2100,5.42,0.0355,5,0.3846,0.0019,MORTGAGE,PERSONAL,N,0
59,38400,0.6,19700,18.22,0.513,3,0.0732,0.0935,RENT,EDUCATION,N,0
43,63200,3.0,25500,19.79,0.4035,12,0.48,0.0799,RENT,MEDICAL,Y,1
36,50100,14.1,27200,18.99,0.5429,18,1.0,0.1031,MORTGAGE,PERSONAL,Y,1
50,62600,1.0,4300,9.58,0.0687,8,0.25,0.0066,MORTGAGE,PERSONAL,N,0
49,57900,4.6,16100,10.87,0.2781,6,0.1935,0.0302,RENT,MEDICAL,N,0
49,172000,2.8,17500,7.69,0.1017,12,0.3871,0.0078,MORTGAGE,EDUCATION,N,0
54,77100,2.4,22300,13.9,0.2892,12,0.3333,0.0402,MORTGAGE,MEDICAL,N,0
33,12000,4.6,19600,21.12,1.6333,9,0.6,0.345,MORTGAGE,DEBTCONSOLIDATION,Y,1
41,58400,7.9,10100,11.25,0.1729,9,0.3913,0.0195,RENT,PERSONAL,N,0
49,113500,4.5,21100,12.53,0.1859,2,0.0645,0.0233,MORTGAGE,PERSONAL,N,0
32,19300,0.0,19500,19.41,1.0104,3,0.2143,0.1961,RENT,DEBTCONSOLIDATION,Y,1
31,49100,0.2,11300,12.84,0.2301,10,0.7692,0.0295,RENT,PERSONAL,N,0
42,68500,11.8,15200,11.34,0.2219,21,0.875,0.0252,MORTGAGE,MEDICAL,N,0
59,69900,2.2,21900,10.1,0.3133,6,0.1463,0.0316,MORTGAGE,EDUCATION,Y,0
45,45200,,14200,10.97,0.3142,11,0.4074,0.0345,OWN,EDUCATION,Y,0
59,21500,1.5,28300,17.13,1.3163,3,0.0732,0.2255,RENT,MEDICAL,Y,1
53,125300,1.6,10500,8.99,0.0838,5,0.1429,0.0075,RENT,EDUCATION,N,0
53,22800,0.8,24200,16.86,1.0614,3,0.0857,0.179,RENT,MEDICAL,Y,1
61,26200,4.3,9900,,0.3779,14,0.3256,0.0478,OTHER,PERSONAL,N,1
32,28500,5.3,18800,19.74,0.6596,3,0.2143,0.1302,MORTGAGE,MEDICAL,Y,1
62,34100,3.0,18200,17.65,0.5337,11,0.25,0.0942,RENT,VENTURE,N,0
48,44000,0.3,19200,17.15,0.4364,5,0.1667,0.0748,RENT,EDUCATION,Y,0
34,110300,9.0,10500,7.91,0.0952,2,0.125,0.0075,RENT,MEDICAL,N,0
47,125900,14.5,25900,13.19,0.2057,7,0.2414,0.0271,MORTGAGE,EDUCATION,N,0
42,161900,3.2,17400,7.65,0.1075,2,0.0833,0.0082,MORTGAGE,MEDICAL,N,0
41,71400,7.5,11200,11.92,0.1569,7,0.3043,0.0187,RENT,PERSONAL,N,0
36,45700,0.3,12600,15.31,0.2757,5,0.2778,0.0422,RENT,VENTURE,N,0
46,96500,12.6,5100,7.51,0.0528,11,0.3929,0.004,RENT,HOMEIMPROVEMENT,N,0
39,23200,1.0,8000,12.35,0.3448,7,0.3333,0.0426,RENT,EDUCATION,N,1
39,104700,5.2,10500,9.67,0.1003,11,0.5238,0.0097,RENT,MEDICAL,N,0
28,26100,1.9,11400,,0.4368,10,1.0,0.0553,MORTGAGE,EDUCATION,N,0
38,31300,3.1,26900,22.24,0.8594,8,0.4,0.1911,OWN,EDUCATION,Y,1
35,162000,4.7,8600,10.61,0.0531,9,0.5294,0.0056,MORTGAGE,HOMEIMPROVEMENT,N,0
41,43800,0.3,10500,10.16,0.2397,5,0.2174,0.0244,MORTGAGE,MEDICAL,N,0
51,53100,6.4,24900,13.01,0.4689,12,0.3636,0.061,RENT,VENTURE,N,0
33,79300,1.6,3400,12.36,0.0429,9,0.6,0.0053,RENT,EDUCATION,N,0
42,32100,3.6,3700,8.98,0.1153,6,0.25,0.0104,RENT,MEDICAL,N,0
44,145200,0.7,16400,6.42,0.1129,3,0.1154,0.0072,MORTGAGE,MEDICAL,N,0
40,36100,2.2,14800,12.92,0.41,10,0.4545,0.053,RENT,EDUCATION,N,0
59,29000,0.6,16200,17.49,0.5586,2,0.0488,0.0977,MORTGAGE,MEDICAL,N,1
41,23600,8.8,16000,20.06,0.678,10,0.4348,0.136,RENT,MEDICAL,Y,1
43,33000,6.3,17200,16.86,0.5212,16,0.64,0.0879,MORTGAGE,VENTURE,N,1
52,52600,0.6,5600,6.14,0.1065,6,0.1765,0.0065,MORTGAGE,EDUCATION,N,0
39,82300,3.0,8100,8.5,0.0984,8,0.381,0.0084,RENT,MEDICAL,Y,0
45,99700,16.2,14600,10.82,0.1464,5,0.1852,0.0158,RENT,VENTURE,N,0
42,76000,2.1,14600,11.86,0.1921,4,0.1667,0.0228,RENT,HOMEIMPROVEMENT,N,0
37,62000,3.5,12300,9.82,0.1984,7,0.3684,0.0195,MORTGAGE,HOMEIMPROVEMENT,N,0
53,76100,0.6,7800,10.77,0.1025,8,0.2286,0.011,MORTGAGE,DEBTCONSOLIDATION,N,1
35,31400,0.1,7700,12.94,0.2452,9,0.5294,0.0317,MORTGAGE,EDUCATION,N,0
51,105700,9.8,10800,8.69,0.1022,4,0.1212,0.0089,MORTGAGE,EDUCATION,N,0
52,46100,3.2,32200,19.99,0.6985,13,0.3824,0.1396,MORTGAGE,VENTURE,Y,1
44,85200,7.7,16000,11.43,0.1878,12,0.4615,0.0215,RENT,DEBTCONSOLIDATION,N,0
38,22300,2.3,4200,10.86,0.1883,17,0.85,0.0204,RENT,EDUCATION,Y,0
41,71700,0.0,18100,12.78,0.2524,3,0.1304,0.0323,MORTGAGE,PERSONAL,N,0
33,30500,6.5,13800,16.4,0.4525,4,0.2667,0.0742,MORTGAGE,MEDICAL,Y,1
56,35400,9.9,8500,12.89,0.2401,2,0.0526,0.0309,RENT,VENTURE,N,0
30,51600,3.5,17400,,0.3372,8,0.6667,0.0427,MORTGAGE,HOMEIMPROVEMENT,N,0
46,225700,0.9,7000,6.63,0.031,12,0.4286,0.0021,RENT,VENTURE,N,0
45,67500,12.6,16800,8.51,0.2489,2,0.0741,0.0212,RENT,HOMEIMPROVEMENT,N,1
43,97800,13.7,9900,9.57,0.1012,2,0.08,0.0097,RENT,VENTURE,N,0
63,36100,6.5,16000,16.28,0.4432,5,0.1111,0.0722,RENT,PERSONAL,Y,0
46,112100,0.3,7600,9.41,0.0678,7,0.25,0.0064,RENT,HOMEIMPROVEMENT,N,0
44,121700,1.4,11300,8.92,0.0929,4,0.1538,0.0083,RENT,PERSONAL,N,0
43,67900,3.1,10400,10.71,0.1532,3,0.12,0.0164,MORTGAGE,EDUCATION,N,0
67,54700,0.8,11200,,0.2048,9,0.1837,0.0259,MORTGAGE,DEBTCONSOLIDATION,Y,0
36,133100,3.9,8600,10.88,0.0646,3,0.1667,0.007,RENT,DEBTCONSOLIDATION,N,0
56,37600,1.4,19300,18.26,0.5133,3,0.0789,0.0937,MORTGAGE,MEDICAL,N,1
39,51600,4.2,12500,11.8,0.2422,4,0.1905,0.0286,RENT,EDUCATION,N,0
37,46700,0.8,3800,8.99,0.0814,6,0.3158,0.0073,RENT,EDUCATION,N,0
37,68700,0.7,12900,12.52,0.1878,6,0.3158,0.0235,RENT,HOMEIMPROVEMENT,N,0
42,23500,1.1,15800,18.31,0.6723,10,0.4167,0.1231,MORTGAGE,DEBTCONSOLIDATION,Y,0
64,92400,11.1,25300,9.99,0.2738,6,0.1304,0.0274,RENT,PERSONAL,N,0
44,85400,1.2,7500,11.87,0.0878,4,0.1538,0.0104,RENT,EDUCATION,N,0
49,41400,7.7,18700,14.37,0.4517,14,0.4516,0.0649,MORTGAGE,PERSONAL,N,0
65,58200,14.4,6700,12.58,0.1151,2,0.0426,0.0145,MORTGAGE,VENTURE,N,0
35,30400,14.0,9700,15.82,0.3191,6,0.3529,0.0505,RENT,DEBTCONSOLIDATION,Y,0
35,20500,4.7,19000,18.87,0.9268,10,0.5882,0.1749,MORTGAGE,MEDICAL,Y,1
46,26200,9.2,24300,21.11,0.9275,5,0.1786,0.1958,MORTGAGE,EDUCATION,Y,1
44,41600,,21000,15.83,0.5048,11,0.4231,0.0799,RENT,MEDICAL,N,0
45,68400,4.5,16300,9.85,0.2383,7,0.2593,0.0235,OWN,HOMEIMPROVEMENT,Y,0
50,67100,5.7,26500,16.77,0.3949,3,0.0938,0.0662,MORTGAGE,VENTURE,N,0
49,28300,0.2,27400,21.48,0.9682,8,0.2581,0.208,RENT,PERSONAL,N,0
48,61000,2.8,13100,15.25,0.2148,15,0.5,0.0328,MORTGAGE,VENTURE,N,0
54,53500,2.5,8700,15.52,0.1626,5,0.1389,0.0252,RENT,EDUCATION,Y,1
44,58700,3.1,4000,10.37,0.0681,2,0.0769,0.0071,RENT,VENTURE,N,0
49,13400,0.4,22400,19.9,1.6716,7,0.2258,0.3326,MORTGAGE,PERSONAL,N,1
61,58000,0.9,22800,13.68,0.3931,5,0.1163,0.0538,MORTGAGE,EDUCATION,N,1
51,250000,,2400,5.42,0.0096,6,0.1818,0.0005,RENT,PERSONAL,N,0
70,65900,10.1,11700,10.4,0.1775,4,0.0769,0.0185,RENT,EDUCATION,N,0
49,33200,5.9,19500,18.09,0.5873,8,0.2581,0.1062,MORTGAGE,VENTURE,N,1
36,30800,0.4,33000,,1.0714,5,0.2778,0.1356,OWN,PERSONAL,Y,1
45,34700,0.0,21300,19.31,0.6138,13,0.4815,0.1185,RENT,VENTURE,Y,1
45,19500,4.0,25200,21.35,1.2923,4,0.1481,0.2759,RENT,MEDICAL,Y,1
43,144700,0.6,32300,13.63,0.2232,9,0.36,0.0304,RENT,MEDICAL,N,0
31,69100,0.5,6000,6.48,0.0868,5,0.3846,0.0056,RENT,EDUCATION,N,0
49,34200,5.9,16400,16.44,0.4795,7,0.2258,0.0788,RENT,MEDICAL,N,1
32,33400,13.7,18900,19.9,0.5659,9,0.6429,0.1126,RENT,HOMEIMPROVEMENT,N,1
39,35500,13.2,15300,16.58,0.431,10,0.4762,0.0715,MORTGAGE,PERSONAL,N,0
49,109800,2.8,16700,14.36,0.1521,2,0.0645,0.0218,MORTGAGE,DEBTCONSOLIDATION,N,0
69,82300,,13100,8.84,0.1592,15,0.2941,0.0141,RENT,MEDICAL,N,0
62,42600,8.4,10700,8.35,0.2512,5,0.1136,0.021,MORTGAGE,MEDICAL,N,1
46,39300,1.7,18500,17.24,0.4707,7,0.25,0.0811,OWN,MEDICAL,N,1
45,29100,7.8,28000,21.65,0.9622,14,0.5185,0.2083,RENT,EDUCATION,Y,1
45,24000,14.8,11400,17.52,0.475,12,0.4444,0.0832,OWN,VENTURE,N,0
42,157900,1.1,14900,12.24,0.0944,9,0.375,0.0116,MORTGAGE,EDUCATION,N,0
31,32300,13.0,10200,13.94,0.3158,8,0.6154,0.044,MORTGAGE,PERSONAL,N,0
45,39800,7.6,6900,8.55,0.1734,5,0.1852,0.0148,MORTGAGE,MEDICAL,N,0
42,81300,3.4,28300,16.06,0.3481,3,0.125,0.0559,RENT,DEBTCONSOLIDATION,Y,1
62,31900,5.5,17500,15.85,0.5486,8,0.1818,0.087,MORTGAGE,EDUCATION,N,0
38,34600,8.3,10600,11.27,0.3064,5,0.25,0.0345,MORTGAGE,MEDICAL,N,0
41,28900,7.8,14300,18.26,0.4948,5,0.2174,0.0904,RENT,MEDICAL,Y,1
52,34200,14.3,20500,17.65,0.5994,5,0.1471,0.1058,RENT,DEBTCONSOLIDATION,Y,1
37,72800,3.1,20600,13.09,0.283,6,0.3158,0.037,MORTGAGE,HOMEIMPROVEMENT,N,0
54,66800,3.4,21600,13.37,0.3234,10,0.2778,0.0432,RENT,HOMEIMPROVEMENT,N,0
36,13400,1.2,7000,17.59,0.5224,4,0.2222,0.0919,OWN,PERSONAL,N,0
35,111100,9.9,11100,7.12,0.0999,3,0.1765,0.0071,RENT,HOMEIMPROVEMENT,N,0
57,34500,0.3,7900,10.44,0.229,6,0.1538,0.0239,MORTGAGE,PERSONAL,N,1
36,148000,2.4,26000,9.9,0.1757,5,0.2778,0.0174,MORTGAGE,PERSONAL,Y,0
53,32100,5.8,10600,,0.3302,7,0.2,0.0418,RENT,EDUCATION,N,0
50,23600,,3600,9.48,0.1525,6,0.1875,0.0145,RENT,VENTURE,N,0
50,74800,0.9,6900,9.31,0.0922,15,0.4688,0.0086,RENT,PERSONAL,N,0
43,57300,3.4,10700,11.65,0.1867,15,0.6,0.0218,MORTGAGE,PERSONAL,N,0
31,78700,8.4,7500,10.39,0.0953,10,0.7692,0.0099,RENT,MEDICAL,N,0
51,37700,2.0,12900,15.06,0.3422,14,0.4242,0.0515,RENT,VENTURE,N,0
61,130500,1.9,23900,12.84,0.1831,7,0.1628,0.0235,RENT,PERSONAL,N,0
45,68300,8.9,6200,11.74,0.0908,6,0.2222,0.0107,RENT,VENTURE,N,0
45,65200,10.3,18400,7.34,0.2822,4,0.1481,0.0207,MORTGAGE,MEDICAL,N,0
42,74700,0.1,13500,10.8,0.1807,4,0.1667,0.0195,RENT,VENTURE,N,0
42,71300,13.4,28500,14.88,0.3997,3,0.125,0.0595,RENT,MEDICAL,N,0
47,98000,2.0,11700,12.05,0.1194,3,0.1034,0.0144,MORTGAGE,EDUCATION,N,0
45,25100,3.0,8400,15.47,0.3347,7,0.2593,0.0518,RENT,EDUCATION,N,0
47,54300,0.7,6800,,0.1252,2,0.069,0.0159,MORTGAGE,PERSONAL,N,0
41,45200,0.2,11800,,0.2611,7,0.3043,0.0331,RENT,DEBTCONSOLIDATION,N,0
49,62200,0.9,7800,8.8,0.1254,3,0.0968,0.011,MORTGAGE,DEBTCONSOLIDATION,N,0
48,37400,2.5,20300,17.49,0.5428,9,0.3,0.0949,RENT,EDUCATION,Y,1
45,103600,8.4,10200,,0.0985,12,0.4444,0.0125,OWN,VENTURE,N,0
47,33900,1.9,3400,7.51,0.1003,3,0.1034,0.0075,MORTGAGE,EDUCATION,N,0
50,89800,3.2,13700,12.84,0.1526,8,0.25,0.0196,MORTGAGE,DEBTCONSOLIDATION,N,0
42,42500,10.5,17700,17.06,0.4165,16,0.6667,0.0711,RENT,HOMEIMPROVEMENT,Y,1
50,27700,2.0,7900,14.02,0.2852,7,0.2188,0.04,RENT,MEDICAL,Y,0
47,69600,6.9,20700,15.0,0.2974,7,0.2414,0.0446,RENT,PERSONAL,N,0
41,52800,7.2,21700,13.2,0.411,3,0.1304,0.0543,MORTGAGE,PERSONAL,Y,1
38,94600,5.0,25600,,0.2706,11,0.55,0.0343,MORTGAGE,DEBTCONSOLIDATION,N,0
45,21100,0.4,12700,19.14,0.6019,5,0.1852,0.1152,RENT,MEDICAL,Y,1
45,53200,1.4,6400,11.24,0.1203,8,0.2963,0.0135,OWN,VENTURE,N,0
47,60700,9.9,9900,10.97,0.1631,6,0.2069,0.0179,MORTGAGE,VENTURE,N,0
41,41500,0.9,10900,11.02,0.2627,2,0.087,0.0289,MORTGAGE,HOMEIMPROVEMENT,N,0
44,48600,0.7,8700,10.33,0.179,7,0.2692,0.0185,RENT,MEDICAL,N,0
39,23900,2.3,16900,,0.7071,10,0.4762,0.0895,MORTGAGE,EDUCATION,N,0
39,96100,2.6,27600,11.6,0.2872,5,0.2381,0.0333,RENT,MEDICAL,N,0
40,133800,0.1,6500,6.29,0.0486,7,0.3182,0.0031,RENT,DEBTCONSOLIDATION,Y,0
44,41800,4.3,12400,14.31,0.2967,6,0.2308,0.0425,RENT,VENTURE,N,0
40,60800,9.6,17200,10.55,0.2829,8,0.3636,0.0298,OWN,MEDICAL,N,0
48,50600,2.1,7900,11.01,0.1561,7,0.2333,0.0172,MORTGAGE,EDUCATION,N,0
47,175100,2.3,26600,8.84,0.1519,8,0.2759,0.0134,RENT,HOMEIMPROVEMENT,N,0
46,56600,1.4,6600,9.05,0.1166,6,0.2143,0.0106,RENT,DEBTCONSOLIDATION,N,0
37,105900,9.1,24400,6.36,0.2304,3,0.1579,0.0147,MORTGAGE,MEDICAL,N,0
43,78200,3.1,13200,9.22,0.1688,17,0.68,0.0156,MORTGAGE,EDUCATION,N,0
53,42100,10.1,21100,14.76,0.5012,2,0.0571,0.074,RENT,VENTURE,N,0
53,35300,7.0,3100,11.57,0.0878,7,0.2,0.0102,MORTGAGE,DEBTCONSOLIDATION,N,0
47,32600,4.1,19400,14.29,0.5951,7,0.2414,0.085,RENT,MEDICAL,N,1
55,128500,1.0,16200,9.44,0.1261,2,0.0541,0.0119,MORTGAGE,PERSONAL,N,0
36,74100,1.3,20200,13.51,0.2726,10,0.5556,0.0368,RENT,PERSONAL,N,0
44,25600,0.5,12300,17.97,0.4805,7,0.2692,0.0863,MORTGAGE,PERSONAL,Y,1
41,32500,0.8,18800,18.77,0.5785,5,0.2174,0.1086,MORTGAGE,VENTURE,N,0
41,46900,4.8,9200,13.3,0.1962,3,0.1304,0.0261,RENT,MEDICAL,Y,0
38,94900,,6900,9.96,0.0727,11,0.55,0.0072,RENT,PERSONAL,N,0
56,33900,0.7,7600,11.56,0.2242,4,0.1053,0.0259,MORTGAGE,DEBTCONSOLIDATION,N,0
35,65300,0.5,6500,9.78,0.0995,12,0.7059,0.0097,RENT,PERSONAL,N,0
34,61400,11.7,15100,10.58,0.2459,15,0.9375,0.026,OWN,MEDICAL,N,0
41,86800,4.1,10200,8.88,0.1175,13,0.5652,0.0104,RENT,PERSONAL,N,0
33,95300,2.5,13500,9.63,0.1417,15,1.0,0.0136,MORTGAGE,EDUCATION,N,0
36,80500,,3500,,0.0435,10,0.5556,0.0055,MORTGAGE,VENTURE,N,0
67,52000,3.2,14700,12.09,0.2827,4,0.0816,0.0342,MORTGAGE,EDUCATION,N,0
38,54900,,10400,9.93,0.1894,19,0.95,0.0188,OWN,PERSONAL,N,0
46,42800,0.2,9400,11.34,0.2196,7,0.25,0.0249,MORTGAGE,MEDICAL,N,0
32,29400,1.7,14900,16.74,0.5068,3,0.2143,0.0848,MORTGAGE,MEDICAL,Y,0
44,58100,3.8,10600,12.36,0.1824,4,0.1538,0.0225,RENT,MEDICAL,N,0
56,39800,10.2,8400,13.14,0.2111,7,0.1842,0.0277,MORTGAGE,PERSONAL,N,0
31,42300,0.4,9100,10.33,0.2151,2,0.1538,0.0222,MORTGAGE,PERSONAL,N,0
44,118400,3.3,27000,14.31,0.228,7,0.2692,0.0326,MORTGAGE,EDUCATION,N,0
40,86200,0.1,16900,11.85,0.1961,5,0.2273,0.0232,MORTGAGE,MEDICAL,N,0
58,41900,4.2,33000,21.9,0.7876,9,0.225,0.1725,MORTGAGE,MEDICAL,Y,1
50,105200,0.9,20900,,0.1987,11,0.3438,0.0252,OWN,EDUCATION,N,0
55,80000,1.0,19600,12.17,0.245,3,0.0811,0.0298,MORTGAGE,EDUCATION,N,0
41,18800,7.6,21800,19.02,1.1596,5,0.2174,0.2206,MORTGAGE,DEBTCONSOLIDATION,Y,1
41,24700,2.7,11200,18.22,0.4534,9,0.3913,0.0826,MORTGAGE,VENTURE,N,0
42,72900,4.6,24700,10.43,0.3388,5,0.2083,0.0353,MORTGAGE,MEDICAL,N,1
37,90000,9.6,14600,11.13,0.1622,9,0.4737,0.0181,MORTGAGE,PERSONAL,N,0
58,127400,4.3,13700,,0.1075,7,0.175,0.0136,MORTGAGE,EDUCATION,N,0
47,32000,3.0,17300,17.76,0.5406,3,0.1034,0.096,MORTGAGE,HOMEIMPROVEMENT,N,0
65,36000,9.9,15900,,0.4417,9,0.1915,0.0559,OWN,PERSONAL,N,0
40,23900,12.5,10800,18.4,0.4519,14,0.6364,0.0831,RENT,DEBTCONSOLIDATION,N,0
36,47500,10.7,10700,13.29,0.2253,9,0.5,0.0299,MORTGAGE,VENTURE,N,0
35,117500,3.0,16700,6.94,0.1421,14,0.8235,0.0099,RENT,MEDICAL,Y,0
70,67900,9.0,8100,5.6,0.1193,7,0.1346,0.0067,OWN,PERSONAL,N,0
44,69200,8.1,24100,14.0,0.3483,8,0.3077,0.0488,RENT,VENTURE,N,0
34,80000,4.0,12000,,0.15,7,0.4375,0.019,OWN,PERSONAL,N,0
42,38100,4.3,4100,5.42,0.1076,5,0.2083,0.0058,RENT,EDUCATION,N,0
46,33600,0.5,12000,11.64,0.3571,14,0.5,0.0416,OWN,PERSONAL,N,0
43,18700,0.5,23700,21.34,1.2674,3,0.12,0.2705,RENT,EDUCATION,N,1
51,15500,0.5,34400,19.19,2.2194,4,0.1212,0.4259,MORTGAGE,MEDICAL,N,1
36,71600,9.3,20800,8.41,0.2905,4,0.2222,0.0244,MORTGAGE,EDUCATION,N,0
47,33100,8.4,21900,21.67,0.6616,12,0.4138,0.1434,RENT,EDUCATION,Y,1
48,75900,17.2,2300,,0.0303,7,0.2333,0.0038,RENT,PERSONAL,N,0
49,78300,0.7,19300,12.01,0.2465,3,0.0968,0.0296,MORTGAGE,MEDICAL,N,0
56,66900,5.3,19900,11.41,0.2975,5,0.1316,0.0339,RENT,PERSONAL,N,0
54,69400,0.5,16400,12.19,0.2363,7,0.1944,0.0288,RENT,EDUCATION,N,0
44,63800,4.0,4500,14.03,0.0705,3,0.1154,0.0099,MORTGAGE,VENTURE,N,0
49,32900,10.0,9300,13.05,0.2827,2,0.0645,0.0369,OWN,HOMEIMPROVEMENT,N,1
50,49900,6.1,22200,16.09,0.4449,12,0.375,0.0716,MORTGAGE,DEBTCONSOLIDATION,N,1
26,58100,5.3,7400,9.87,0.1274,8,1.0,0.0126,RENT,PERSONAL,N,0
56,29100,0.4,22900,17.8,0.7869,4,0.1053,0.1401,RENT,VENTURE,Y,1
38,26100,1.0,14100,18.66,0.5402,9,0.45,0.1008,RENT,HOMEIMPROVEMENT,N,1
35,74300,0.6,6900,11.13,0.0929,3,0.1765,0.0103,MORTGAGE,VENTURE,N,0
39,54600,2.3,20200,14.28,0.37,7,0.3333,0.0528,RENT,DEBTCONSOLIDATION,Y,0
38,55100,20.0,15700,12.33,0.2849,3,0.15,0.0351,OWN,EDUCATION,N,0
45,59400,0.4,11000,11.71,0.1852,10,0.3704,0.0217,RENT,DEBTCONSOLIDATION,N,0
63,138900,0.3,2300,6.3,0.0166,7,0.1556,0.001,MORTGAGE,EDUCATION,N,0
49,58700,1.5,25600,15.27,0.4361,2,0.0645,0.0666,OWN,DEBTCONSOLIDATION,N,1
58,39500,7.9,17900,16.9,0.4532,4,0.1,0.0766,RENT,VENTURE,N,0
70,66900,1.7,20600,11.91,0.3079,8,0.1538,0.0367,RENT,EDUCATION,N,0
39,82700,1.1,20700,14.33,0.2503,2,0.0952,0.0359,OTHER,DEBTCONSOLIDATION,N,0
33,63300,15.0,22300,12.23,0.3523,2,0.1333,0.0431,MORTGAGE,HOMEIMPROVEMENT,N,0
56,60200,17.9,3400,10.21,0.0565,13,0.3421,0.0058,RENT,VENTURE,N,0
46,83200,9.2,13200,9.27,0.1587,6,0.2143,0.0147,RENT,EDUCATION,N,0
31,40400,13.0,15600,,0.3861,10,0.7692,0.0489,RENT,PERSONAL,Y,1
53,29000,1.4,18900,17.38,0.6517,3,0.0857,0.1133,OWN,EDUCATION,N,0
39,24100,10.5,13200,,0.5477,3,0.1429,0.0693,RENT,MEDICAL,Y,1
37,43200,5.5,12400,13.0,0.287,6,0.3158,0.0373,MORTGAGE,EDUCATION,N,0
33,34600,1.5,16100,18.48,0.4653,3,0.2,0.086,MORTGAGE,VENTURE,N,1
40,47400,0.1,10300,12.87,0.2173,13,0.5909,0.028,OWN,VENTURE,N,0
41,45000,7.7,25800,14.91,0.5733,4,0.1739,0.0855,RENT,PERSONAL,N,1
50,80900,0.5,15900,14.29,0.1965,6,0.1875,0.0281,RENT,DEBTCONSOLIDATION,N,0
50,88400,2.7,22100,11.51,0.25,9,0.2812,0.0288,MORTGAGE,EDUCATION,N,0
26,51900,1.1,12300,11.07,0.237,7,0.875,0.0262,MORTGAGE,MEDICAL,N,0
57,183500,0.0,20200,10.55,0.1101,9,0.2308,0.0116,MORTGAGE,PERSONAL,N,0
46,122100,6.0,12400,,0.1016,6,0.2143,0.0129,RENT,EDUCATION,Y,0
44,88300,2.8,15800,10.88,0.1789,7,0.2692,0.0195,MORTGAGE,DEBTCONSOLIDATION,N,0
39,28700,20.9,27500,16.49,0.9582,3,0.1429,0.158,MORTGAGE,VENTURE,Y,1
48,24000,1.4,24100,21.45,1.0042,7,0.2333,0.2154,RENT,DEBTCONSOLIDATION,Y,1
55,47400,1.2,26500,15.46,0.5591,7,0.1892,0.0864,MORTGAGE,EDUCATION,Y,1
39,20800,0.4,27200,,1.3077,7,0.3333,0.1656,OWN,EDUCATION,N,0
43,55500,1.3,2800,7.26,0.0505,10,0.4,0.0037,RENT,MEDICAL,N,0
49,67100,0.9,30600,16.0,0.456,12,0.3871,0.073,RENT,MEDICAL,N,0
42,32000,3.2,9300,11.82,0.2906,6,0.25,0.0343,RENT,HOMEIMPROVEMENT,N,0
29,45500,0.9,4700,11.0,0.1033,4,0.3636,0.0114,MORTGAGE,PERSONAL,N,0
52,17000,0.0,12300,19.32,0.7235,4,0.1176,0.1398,MORTGAGE,DEBTCONSOLIDATION,Y,1
56,34600,1.6,9100,12.55,0.263,12,0.3158,0.033,OWN,DEBTCONSOLIDATION,N,0
44,41500,4.4,12400,14.09,0.2988,13,0.5,0.0421,RENT,VENTURE,N,0
33,94200,1.0,8500,10.21,0.0902,13,0.8667,0.0092,MORTGAGE,EDUCATION,N,0
29,89400,3.6,6100,11.37,0.0682,4,0.3636,0.0078,RENT,MEDICAL,N,0
40,123400,22.0,20000,5.42,0.1621,7,0.3182,0.0088,RENT,EDUCATION,N,0
37,93900,1.9,10400,8.0,0.1108,5,0.2632,0.0089,RENT,MEDICAL,N,1
44,31100,5.4,10100,10.69,0.3248,10,0.3846,0.0347,MORTGAGE,EDUCATION,N,0
53,20600,3.8,15400,21.72,0.7476,5,0.1429,0.1624,MORTGAGE,VENTURE,Y,1
45,59200,2.7,7000,11.03,0.1182,8,0.2963,0.013,MORTGAGE,PERSONAL,N,0
35,33300,9.6,8400,13.51,0.2523,14,0.8235,0.0341,MORTGAGE,EDUCATION,N,0
48,50400,3.2,15600,13.36,0.3095,6,0.2,0.0413,RENT,VENTURE,N,0
40,104900,1.5,10500,10.88,0.1001,3,0.1364,0.0109,RENT,MEDICAL,N,1
37,32600,1.5,25600,15.75,0.7853,4,0.2105,0.1237,RENT,PERSONAL,Y,1
62,118700,3.8,21000,9.6,0.1769,4,0.0909,0.017,RENT,MEDICAL,N,0
45,54600,,11600,12.48,0.2125,2,0.0741,0.0265,MORTGAGE,DEBTCONSOLIDATION,N,0
39,67400,2.6,6300,8.28,0.0935,14,0.6667,0.0077,OWN,VENTURE,N,0
64,40100,5.3,15900,14.74,0.3965,4,0.087,0.0584,OTHER,MEDICAL,N,0
39,40300,8.3,11300,,0.2804,5,0.2381,0.0355,RENT,VENTURE,N,0
39,112800,12.5,15900,,0.141,2,0.0952,0.0179,MORTGAGE,VENTURE,N,0
44,33400,,22300,,0.6677,10,0.3846,0.0845,MORTGAGE,PERSONAL,Y,1
46,57300,0.2,7100,11.66,0.1239,10,0.3571,0.0144,RENT,PERSONAL,N,0
38,26000,2.7,15100,18.75,0.5808,10,0.5,0.1089,OWN,EDUCATION,N,0
40,62400,0.6,21700,11.69,0.3478,4,0.1818,0.0407,RENT,EDUCATION,N,0
53,43200,2.6,10500,11.5,0.2431,6,0.1714,0.028,RENT,EDUCATION,N,0
34,138300,1.4,10800,5.61,0.0781,7,0.4375,0.0044,RENT,HOMEIMPROVEMENT,N,0
36,43200,7.6,18600,16.21,0.4306,4,0.2222,0.0698,MORTGAGE,HOMEIMPROVEMENT,Y,1
41,56800,5.8,18100,13.53,0.3187,12,0.5217,0.0431,RENT,DEBTCONSOLIDATION,N,0
40,50700,3.6,13400,13.71,0.2643,3,0.1364,0.0362,RENT,EDUCATION,N,0
38,44500,2.1,19900,16.01,0.4472,10,0.5,0.0716,RENT,PERSONAL,N,0
34,115400,4.7,33100,12.59,0.2868,5,0.3125,0.0361,RENT,HOMEIMPROVEMENT,N,0
41,26600,12.8,26700,22.6,1.0038,4,0.1739,0.2269,RENT,DEBTCONSOLIDATION,Y,1
41,103100,6.7,6000,9.93,0.0582,9,0.3913,0.0058,MORTGAGE,MEDICAL,N,0
55,46700,1.7,3400,9.23,0.0728,9,0.2432,0.0067,MORTGAGE,EDUCATION,N,0
50,14000,6.4,11500,18.02,0.8214,7,0.2188,0.148,RENT,PERSONAL,Y,1
45,47400,0.1,9400,10.57,0.1983,6,0.2222,0.021,RENT,MEDICAL,N,0
48,103500,8.8,11600,11.71,0.1121,3,0.1,0.0131,RENT,DEBTCONSOLIDATION,N,0
37,79200,4.7,13000,7.89,0.1641,19,1.0,0.0129,MORTGAGE,VENTURE,N,1
38,134000,3.8,9800,10.92,0.0731,3,0.15,0.008,RENT,PERSONAL,N,0
41,47200,7.6,14100,13.62,0.2987,5,0.2174,0.0407,RENT,MEDICAL,N,0
62,50200,7.1,31100,21.8,0.6195,6,0.1364,0.1351,MORTGAGE,PERSONAL,Y,1
38,27500,7.9,17100,19.7,0.6218,8,0.4,0.1225,RENT,HOMEIMPROVEMENT,Y,1
60,82500,8.7,8300,12.59,0.1006,11,0.2619,0.0127,OWN,VENTURE,N,0
39,53500,3.4,13000,14.25,0.243,4,0.1905,0.0346,MORTGAGE,MEDICAL,N,0
63,36000,7.8,11400,11.86,0.3167,5,0.1111,0.0376,MORTGAGE,MEDICAL,N,0
43,74700,4.7,14500,,0.1941,4,0.16,0.0246,MORTGAGE,MEDICAL,N,0
43,44900,0.7,13200,15.8,0.294,10,0.4,0.0465,MORTGAGE,VENTURE,N,1
26,75800,2.0,33300,17.17,0.4393,7,0.875,0.0754,OWN,VENTURE,Y,0
42,37400,0.2,3800,10.95,0.1016,8,0.3333,0.0111,MORTGAGE,DEBTCONSOLIDATION,Y,0
42,66800,8.9,22200,,0.3323,6,0.25,0.0421,RENT,PERSONAL,N,0
62,34400,0.4,9700,14.8,0.282,5,0.1136,0.0417,RENT,DEBTCONSOLIDATION,N,1
50,49200,9.0,3100,5.42,0.063,5,0.1562,0.0034,MORTGAGE,EDUCATION,N,0
47,15800,11.6,6700,18.43,0.4241,5,0.1724,0.0782,RENT,VENTURE,Y,1
38,44200,4.0,7300,9.14,0.1652,4,0.2,0.0151,RENT,VENTURE,N,0
58,59800,6.4,4500,10.73,0.0753,7,0.175,0.0081,RENT,EDUCATION,N,0
49,62700,4.6,10100,10.01,0.1611,14,0.4516,0.0161,RENT,PERSONAL,N,0
53,75800,0.9,15300,9.71,0.2018,3,0.0857,0.0196,RENT,MEDICAL,N,0
39,64200,,11800,9.67,0.1838,11,0.5238,0.0178,MORTGAGE,PERSONAL,N,0
36,74200,0.9,24500,13.19,0.3302,4,0.2222,0.0436,RENT,MEDICAL,N,0
29,52900,1.3,8600,11.12,0.1626,2,0.1818,0.0181,RENT,PERSONAL,N,0
46,27600,0.1,26000,21.01,0.942,4,0.1429,0.1979,MORTGAGE,VENTURE,N,1
41,56700,,3800,7.7,0.067,4,0.1739,0.0052,MORTGAGE,EDUCATION,N,0
34,63800,16.0,11400,,0.1787,8,0.5,0.0226,RENT,EDUCATION,N,0
37,243600,2.3,22200,11.5,0.0911,2,0.1053,0.0105,MORTGAGE,EDUCATION,N,0
38,27400,7.1,12300,16.98,0.4489,4,0.2,0.0762,MORTGAGE,VENTURE,Y,1
41,17200,2.6,6800,14.95,0.3953,11,0.4783,0.0591,MORTGAGE,EDUCATION,N,0
56,37700,6.7,14100,14.08,0.374,13,0.3421,0.0527,MORTGAGE,MEDICAL,N,0
54,24800,0.8,16500,17.93,0.6653,3,0.0833,0.1193,RENT,HOMEIMPROVEMENT,N,1
42,74900,,22600,,0.3017,3,0.125,0.0382,RENT,VENTURE,N,0
34,53000,6.4,21700,15.66,0.4094,6,0.375,0.0641,MORTGAGE,MEDICAL,N,0
51,52100,13.1,26700,21.62,0.5125,7,0.2121,0.1108,RENT,DEBTCONSOLIDATION,N,1
35,44800,4.9,6100,11.67,0.1362,6,0.3529,0.0159,RENT,PERSONAL,N,0
46,23400,3.7,20600,18.59,0.8803,8,0.2857,0.1636,MORTGAGE,MEDICAL,Y,1
44,35900,11.1,20200,18.95,0.5627,5,0.1923,0.1066,RENT,VENTURE,Y,1
37,42000,5.3,24500,19.58,0.5833,2,0.1053,0.1142,RENT,DEBTCONSOLIDATION,Y,1
49,102000,0.6,31200,11.72,0.3059,4,0.129,0.0359,MORTGAGE,EDUCATION,N,1
38,116300,20.0,2700,6.94,0.0232,9,0.45,0.0016,OTHER,VENTURE,N,0
42,15200,0.7,13900,20.74,0.9145,2,0.0833,0.1897,MORTGAGE,EDUCATION,Y,1
42,28900,12.7,27000,21.07,0.9343,7,0.2917,0.1969,RENT,MEDICAL,Y,1
44,19800,1.1,9900,18.08,0.5,3,0.1154,0.0904,RENT,MEDICAL,Y,1
36,93500,2.2,5900,9.95,0.0631,9,0.5,0.0063,RENT,PERSONAL,N,0
37,48500,6.8,23800,16.89,0.4907,2,0.1053,0.0829,RENT,DEBTCONSOLIDATION,Y,1
57,57000,1.1,15400,9.22,0.2702,3,0.0769,0.0249,RENT,PERSONAL,N,0
50,37700,6.1,9300,14.49,0.2467,5,0.1562,0.0357,MORTGAGE,MEDICAL,N,0
45,46800,11.4,4600,11.47,0.0983,3,0.1111,0.0113,RENT,EDUCATION,N,0
48,92700,6.0,20400,14.46,0.2201,2,0.0667,0.0318,OWN,VENTURE,N,0
27,68800,2.7,8700,,0.1265,4,0.4444,0.016,RENT,VENTURE,N,0
60,73300,3.2,28600,15.92,0.3902,3,0.0714,0.0621,MORTGAGE,VENTURE,N,1
53,83200,1.1,8400,6.57,0.101,7,0.2,0.0066,RENT,EDUCATION,N,0
37,94700,8.4,13400,,0.1415,5,0.2632,0.0179,RENT,HOMEIMPROVEMENT,N,0
39,37200,4.9,9600,13.6,0.2581,7,0.3333,0.0351,OWN,PERSONAL,N,0
54,64500,5.8,9500,8.78,0.1473,8,0.2222,0.0129,MORTGAGE,EDUCATION,N,0
36,30400,0.0,8600,11.05,0.2829,8,0.4444,0.0313,MORTGAGE,HOMEIMPROVEMENT,N,0
45,46200,3.8,21600,,0.4675,7,0.2593,0.0592,MORTGAGE,DEBTCONSOLIDATION,N,1
38,31500,2.6,26300,21.09,0.8349,7,0.35,0.1761,RENT,EDUCATION,Y,1
51,101700,8.3,9600,11.13,0.0944,6,0.1818,0.0105,RENT,VENTURE,N,0
44,97900,10.9,21300,11.08,0.2176,5,0.1923,0.0241,MORTGAGE,PERSONAL,N,0
36,24600,2.8,13400,18.33,0.5447,5,0.2778,0.0998,MORTGAGE,VENTURE,N,0
46,77600,2.4,7200,11.18,0.0928,10,0.3571,0.0104,MORTGAGE,VENTURE,N,0
34,29800,8.1,11600,14.37,0.3893,3,0.1875,0.0559,RENT,EDUCATION,N,1
44,67600,8.2,9000,13.26,0.1331,3,0.1154,0.0176,RENT,PERSONAL,N,0
43,80400,12.8,20600,13.38,0.2562,6,0.24,0.0343,MORTGAGE,PERSONAL,N,0
39,73100,0.7,28900,16.09,0.3953,7,0.3333,0.0636,MORTGAGE,PERSONAL,N,0
44,95100,12.2,25100,16.21,0.2639,3,0.1154,0.0428,RENT,DEBTCONSOLIDATION,N,0
37,89400,0.2,8400,11.15,0.094,6,0.3158,0.0105,MORTGAGE,DEBTCONSOLIDATION,N,0
61,202600,3.2,14800,10.1,0.0731,6,0.1395,0.0074,RENT,DEBTCONSOLIDATION,N,0
40,44900,0.2,10000,10.85,0.2227,2,0.0909,0.0242,MORTGAGE,DEBTCONSOLIDATION,N,0
34,65900,16.0,4000,9.93,0.0607,10,0.625,0.006,RENT,VENTURE,N,0
36,80000,11.1,17300,9.4,0.2162,5,0.2778,0.0203,OWN,HOMEIMPROVEMENT,N,0
40,56600,4.9,13100,13.52,0.2314,3,0.1364,0.0313,MORTGAGE,MEDICAL,N,0
36,34800,0.1,14200,13.18,0.408,4,0.2222,0.0538,RENT,PERSONAL,N,0
50,63800,14.4,24400,15.07,0.3824,4,0.125,0.0576,RENT,MEDICAL,Y,1
62,37200,0.2,9800,8.84,0.2634,2,0.0455,0.0233,RENT,EDUCATION,Y,0
39,55400,1.6,29900,18.17,0.5397,3,0.1429,0.0981,RENT,VENTURE,Y,1
31,38500,0.6,23300,22.08,0.6052,2,0.1538,0.1336,MORTGAGE,MEDICAL,N,0
43,36200,1.3,5700,12.46,0.1575,18,0.72,0.0196,OWN,PERSONAL,N,0
37,26000,0.1,13000,14.16,0.5,8,0.4211,0.0708,RENT,VENTURE,N,0
34,56300,4.5,22300,16.46,0.3961,5,0.3125,0.0652,RENT,DEBTCONSOLIDATION,N,0
36,63100,0.8,13300,9.92,0.2108,9,0.5,0.0209,RENT,EDUCATION,N,0
42,26300,8.7,13900,16.68,0.5285,2,0.0833,0.0882,RENT,EDUCATION,Y,1
54,36000,0.7,13500,12.67,0.375,5,0.1389,0.0475,MORTGAGE,HOMEIMPROVEMENT,N,0
47,33900,7.1,24000,19.4,0.708,12,0.4138,0.1374,RENT,VENTURE,N,0
26,61200,8.0,25200,17.33,0.4118,7,0.875,0.0714,MORTGAGE,DEBTCONSOLIDATION,Y,1
56,50600,2.3,23500,15.07,0.4644,5,0.1316,0.07,MORTGAGE,EDUCATION,N,0
39,51700,,17800,14.83,0.3443,2,0.0952,0.0511,RENT,DEBTCONSOLIDATION,N,0
34,138500,6.3,12000,9.71,0.0866,3,0.1875,0.0084,RENT,MEDICAL,N,0
54,73400,9.0,7500,11.89,0.1022,3,0.0833,0.0122,OWN,DEBTCONSOLIDATION,N,0
39,92500,4.9,5200,9.72,0.0562,6,0.2857,0.0055,MORTGAGE,EDUCATION,N,0
45,23100,1.5,24800,16.65,1.0736,7,0.2593,0.1788,OWN,PERSONAL,N,0
50,16200,2.3,6300,15.88,0.3889,5,0.1562,0.0618,RENT,EDUCATION,N,1
33,63100,4.7,18300,12.36,0.29,7,0.4667,0.0358,RENT,MEDICAL,N,0
50,72000,5.0,21000,12.98,0.2917,4,0.125,0.0379,RENT,EDUCATION,N,0
35,17900,17.0,10200,17.56,0.5698,5,0.2941,0.1001,RENT,HOMEIMPROVEMENT,N,1
44,33400,2.1,19000,18.51,0.5689,6,0.2308,0.1053,MORTGAGE,PERSONAL,N,1
35,16300,3.4,25500,19.93,1.5644,3,0.1765,0.3118,RENT,VENTURE,Y,1
33,134700,1.2,22200,11.16,0.1648,8,0.5333,0.0184,RENT,DEBTCONSOLIDATION,Y,0
39,56600,10.8,17300,12.37,0.3057,4,0.1905,0.0378,RENT,EDUCATION,N,0
50,36700,21.2,23300,20.52,0.6349,6,0.1875,0.1303,RENT,DEBTCONSOLIDATION,Y,1
38,60500,2.6,15000,11.82,0.2479,10,0.5,0.0293,OWN,MEDICAL,Y,1
50,210600,1.2,8700,8.55,0.0413,2,0.0625,0.0035,RENT,PERSONAL,Y,0
53,91200,3.6,8600,7.07,0.0943,3,0.0857,0.0067,MORTGAGE,EDUCATION,N,0
34,81300,2.2,25200,11.03,0.31,6,0.375,0.0342,RENT,VENTURE,N,0
61,40600,3.7,9100,5.69,0.2241,10,0.2326,0.0128,RENT,EDUCATION,N,0
56,40800,0.5,21500,17.72,0.527,7,0.1842,0.0934,RENT,MEDICAL,N,0
51,102300,4.3,10600,8.23,0.1036,9,0.2727,0.0085,RENT,VENTURE,N,0
46,76300,2.4,8800,12.0,0.1153,9,0.3214,0.0138,RENT,DEBTCONSOLIDATION,N,0
40,24100,10.2,6900,13.83,0.2863,9,0.4091,0.0396,RENT,EDUCATION,N,0
55,27300,2.5,14700,14.47,0.5385,3,0.0811,0.0779,RENT,MEDICAL,N,0
30,52300,2.1,20400,15.02,0.3901,5,0.4167,0.0586,RENT,DEBTCONSOLIDATION,Y,1
36,81700,2.9,16800,11.51,0.2056,4,0.2222,0.0237,MORTGAGE,HOMEIMPROVEMENT,N,0
32,57500,6.5,24800,12.87,0.4313,2,0.1429,0.0555,RENT,PERSONAL,N,0
39,44200,12.4,29900,22.51,0.6765,4,0.1905,0.1523,RENT,DEBTCONSOLIDATION,Y,1
40,86900,7.9,32100,16.95,0.3694,8,0.3636,0.0626,MORTGAGE,PERSONAL,N,0
33,29400,1.4,10100,14.98,0.3435,7,0.4667,0.0515,RENT,DEBTCONSOLIDATION,N,0
31,56000,6.2,7100,9.38,0.1268,7,0.5385,0.0119,MORTGAGE,VENTURE,N,0
43,34000,3.2,17900,20.25,0.5265,7,0.28,0.1066,RENT,MEDICAL,Y,1
47,71700,2.8,17000,9.57,0.2371,3,0.1034,0.0227,RENT,PERSONAL,N,0
50,28200,4.7,25500,20.55,0.9043,2,0.0625,0.1858,RENT,MEDICAL,Y,1
45,150200,1.1,28300,9.75,0.1884,9,0.3333,0.0184,RENT,HOMEIMPROVEMENT,N,0
29,52500,6.9,9400,13.03,0.179,8,0.7273,0.0233,MORTGAGE,HOMEIMPROVEMENT,N,0
57,68900,5.0,18800,13.07,0.2729,6,0.1538,0.0357,RENT,EDUCATION,N,0
50,54100,7.3,13000,,0.2403,6,0.1875,0.0304,MORTGAGE,DEBTCONSOLIDATION,Y,0
39,44900,2.3,7300,9.51,0.1626,5,0.2381,0.0155,RENT,MEDICAL,Y,1
57,36500,0.5,7500,11.12,0.2055,2,0.0513,0.0229,RENT,EDUCATION,N,0
60,35900,0.6,15600,13.37,0.4345,8,0.1905,0.0581,MORTGAGE,EDUCATION,N,0
67,33600,0.3,16800,14.06,0.5,16,0.3265,0.0703,RENT,MEDICAL,N,0
37,26700,6.8,6000,10.12,0.2247,2,0.1053,0.0227,RENT,MEDICAL,N,0
30,33100,8.8,11200,13.19,0.3384,4,0.3333,0.0446,RENT,DEBTCONSOLIDATION,N,0
48,52100,0.5,10300,9.28,0.1977,10,0.3333,0.0183,MORTGAGE,MEDICAL,N,0
47,35500,7.1,6300,8.04,0.1775,6,0.2069,0.0143,RENT,EDUCATION,N,0
36,12000,2.6,9500,13.7,0.7917,11,0.6111,0.1085,RENT,MEDICAL,N,1
56,67100,11.2,6900,,0.1028,2,0.0526,0.013,RENT,EDUCATION,N,0
39,22700,2.7,30200,20.97,1.3304,6,0.2857,0.279,MORTGAGE,PERSONAL,N,0
60,61100,0.9,28700,16.54,0.4697,6,0.1429,0.0777,MORTGAGE,DEBTCONSOLIDATION,N,1
44,47200,16.0,11800,11.35,0.25,6,0.2308,0.0284,RENT,MEDICAL,N,0
30,57500,5.5,6700,9.44,0.1165,4,0.3333,0.011,RENT,PERSONAL,N,0
44,65400,0.5,12100,9.27,0.185,6,0.2308,0.0171,RENT,MEDICAL,N,1
46,99300,1.8,4700,7.36,0.0473,11,0.3929,0.0035,MORTGAGE,HOMEIMPROVEMENT,N,0
36,60400,2.9,24500,15.9,0.4056,2,0.1111,0.0645,MORTGAGE,DEBTCONSOLIDATION,N,0
53,55500,5.7,25600,17.01,0.4613,5,0.1429,0.0785,MORTGAGE,VENTURE,N,0
41,51800,7.5,9000,13.62,0.1737,3,0.1304,0.0237,OWN,DEBTCONSOLIDATION,N,0
63,115000,3.2,13600,10.23,0.1183,2,0.0444,0.0121,OWN,MEDICAL,N,0
44,41500,0.7,10600,10.76,0.2554,9,0.3462,0.0275,MORTGAGE,EDUCATION,N,0
50,204100,7.5,6300,12.7,0.0309,2,0.0625,0.0039,MORTGAGE,VENTURE,N,0
38,81200,0.7,17600,13.83,0.2167,6,0.3,0.03,MORTGAGE,VENTURE,N,0
33,54600,6.7,27100,,0.4963,8,0.5333,0.0628,RENT,DEBTCONSOLIDATION,Y,1
34,17900,4.1,13000,18.68,0.7263,2,0.125,0.1357,MORTGAGE,EDUCATION,Y,1
52,27400,1.1,28900,23.22,1.0547,8,0.2353,0.2449,RENT,MEDICAL,Y,1
44,78900,1.5,10500,14.9,0.1331,10,0.3846,0.0198,MORTGAGE,EDUCATION,N,0
38,51400,1.0,18300,15.01,0.356,14,0.7,0.0534,RENT,MEDICAL,N,0
34,58100,3.7,2800,8.36,0.0482,3,0.1875,0.004,RENT,PERSONAL,N,0
41,93400,,27900,13.06,0.2987,7,0.3043,0.039,RENT,VENTURE,N,0
38,17300,8.6,19500,19.26,1.1272,7,0.35,0.2171,MORTGAGE,DEBTCONSOLIDATION,Y,1
48,44300,11.2,25900,17.96,0.5847,7,0.2333,0.105,OTHER,EDUCATION,N,0
42,54000,6.2,6200,5.6,0.1148,13,0.5417,0.0064,RENT,EDUCATION,N,0
49,33500,0.8,8600,13.04,0.2567,7,0.2258,0.0335,MORTGAGE,EDUCATION,N,0
56,38300,5.6,29900,21.52,0.7807,7,0.1842,0.168,MORTGAGE,VENTURE,Y,1
61,31900,5.0,14100,11.83,0.442,4,0.093,0.0523,RENT,PERSONAL,N,0
53,76900,4.9,29800,14.61,0.3875,4,0.1143,0.0566,RENT,PERSONAL,Y,1
41,71100,6.2,7400,13.73,0.1041,5,0.2174,0.0143,RENT,VENTURE,N,0
40,46300,,25800,,0.5572,10,0.4545,0.0705,OWN,MEDICAL,N,1
53,21800,0.7,15600,22.43,0.7156,2,0.0571,0.1605,RENT,MEDICAL,Y,1
56,39100,2.6,17400,15.13,0.445,12,0.3158,0.0673,OWN,PERSONAL,Y,0
49,28900,2.6,12900,18.19,0.4464,6,0.1935,0.0812,OWN,PERSONAL,N,0
35,66400,3.7,24300,13.6,0.366,7,0.4118,0.0498,MORTGAGE,PERSONAL,N,0
50,48700,3.3,24800,17.31,0.5092,2,0.0625,0.0881,RENT,EDUCATION,N,1
42,58200,2.7,25100,,0.4313,2,0.0833,0.0546,MORTGAGE,DEBTCONSOLIDATION,N,1
41,49800,7.3,7100,9.62,0.1426,14,0.6087,0.0137,RENT,EDUCATION,N,0
44,40300,0.8,26800,23.22,0.665,8,0.3077,0.1544,RENT,EDUCATION,N,0
42,27200,2.3,20800,20.45,0.7647,5,0.2083,0.1564,RENT,VENTURE,N,1
36,24600,2.7,7300,11.38,0.2967,6,0.3333,0.0338,MORTGAGE,DEBTCONSOLIDATION,N,0
39,32700,6.4,17300,14.56,0.5291,5,0.2381,0.077,RENT,PERSONAL,Y,1
34,26000,3.6,15100,19.6,0.5808,4,0.25,0.1138,MORTGAGE,VENTURE,Y,1
38,56900,1.2,26200,,0.4605,12,0.6,0.0583,MORTGAGE,VENTURE,Y,1
35,41900,2.4,20300,18.68,0.4845,9,0.5294,0.0905,RENT,PERSONAL,Y,1
50,56500,5.1,14600,12.9,0.2584,2,0.0625,0.0333,RENT,VENTURE,N,0
47,41700,1.8,9300,10.92,0.223,2,0.069,0.0244,MORTGAGE,MEDICAL,N,0
35,47900,0.0,9300,9.65,0.1942,11,0.6471,0.0187,RENT,HOMEIMPROVEMENT,Y,0
53,112600,1.9,12400,10.28,0.1101,8,0.2286,0.0113,RENT,EDUCATION,N,0
54,40500,13.2,16000,17.22,0.3951,2,0.0556,0.068,MORTGAGE,VENTURE,N,1
51,40700,11.4,6600,13.61,0.1622,15,0.4545,0.0221,RENT,DEBTCONSOLIDATION,Y,0
40,25500,8.0,24100,20.48,0.9451,7,0.3182,0.1936,MORTGAGE,EDUCATION,Y,1
32,56800,6.6,3600,10.17,0.0634,5,0.3571,0.0064,RENT,MEDICAL,N,0
51,40700,3.2,12500,15.99,0.3071,2,0.0606,0.0491,MORTGAGE,PERSONAL,N,0
50,83400,3.1,8800,8.78,0.1055,6,0.1875,0.0093,MORTGAGE,HOMEIMPROVEMENT,N,0
52,29700,,26500,21.12,0.8923,18,0.5294,0.1885,MORTGAGE,PERSONAL,Y,1
52,70200,2.7,16400,,0.2336,10,0.2941,0.0296,RENT,DEBTCONSOLIDATION,N,0
42,36400,5.2,26900,19.67,0.739,5,0.2083,0.1454,RENT,EDUCATION,Y,1
49,70000,1.2,7200,11.3,0.1029,2,0.0645,0.0116,RENT,VENTURE,N,0
61,85500,3.8,14100,10.52,0.1649,12,0.2791,0.0173,MORTGAGE,VENTURE,N,0
41,33800,2.2,18900,18.69,0.5592,7,0.3043,0.1045,RENT,PERSONAL,Y,1
47,83200,0.1,14100,13.24,0.1695,12,0.4138,0.0224,RENT,VENTURE,N,0
48,51600,2.3,18600,13.2,0.3605,11,0.3667,0.0476,MORTGAGE,PERSONAL,N,0
35,41400,9.9,17400,18.73,0.4203,9,0.5294,0.0787,RENT,EDUCATION,N,0
47,43100,10.2,27000,19.51,0.6265,4,0.1379,0.1222,MORTGAGE,EDUCATION,N,1
48,98900,1.8,12900,7.59,0.1304,2,0.0667,0.0099,RENT,MEDICAL,N,0
54,35900,10.5,14400,12.61,0.4011,7,0.1944,0.0506,RENT,MEDICAL,N,1
48,23800,4.2,12800,14.39,0.5378,4,0.1333,0.0774,RENT,PERSONAL,Y,1
47,83000,,8600,11.85,0.1036,4,0.1379,0.0123,RENT,EDUCATION,N,0
43,32900,5.7,8600,13.45,0.2614,3,0.12,0.0352,RENT,DEBTCONSOLIDATION,N,0
63,37200,6.9,5800,11.98,0.1559,16,0.3556,0.0187,RENT,EDUCATION,N,0
40,113300,0.4,3100,7.54,0.0274,6,0.2727,0.0021,OWN,EDUCATION,N,0
37,14900,0.5,25500,18.82,1.7114,6,0.3158,0.3221,RENT,DEBTCONSOLIDATION,Y,1
30,57000,1.1,7600,11.36,0.1333,2,0.1667,0.0151,RENT,DEBTCONSOLIDATION,N,0
29,51000,7.7,19600,15.71,0.3843,5,0.4545,0.0604,RENT,PERSONAL,Y,1
37,125900,4.5,13700,12.54,0.1088,13,0.6842,0.0136,RENT,VENTURE,N,0
41,18300,10.0,21200,18.7,1.1585,11,0.4783,0.2166,RENT,VENTURE,Y,1
58,81600,14.1,18200,13.43,0.223,9,0.225,0.0299,RENT,VENTURE,N,0
37,27500,6.7,8100,13.16,0.2945,5,0.2632,0.0388,RENT,HOMEIMPROVEMENT,Y,1
54,44700,10.2,15100,15.15,0.3378,8,0.2222,0.0512,MORTGAGE,MEDICAL,Y,1
43,67600,10.4,7400,10.96,0.1095,14,0.56,0.012,MORTGAGE,EDUCATION,N,0
56,71200,1.6,19800,,0.2781,6,0.1579,0.0352,OTHER,EDUCATION,N,0
46,102100,3.4,18000,12.43,0.1763,5,0.1786,0.0219,MORTGAGE,EDUCATION,N,0
37,46300,1.7,17800,13.47,0.3844,7,0.3684,0.0518,RENT,EDUCATION,N,0
37,70900,0.1,22600,8.18,0.3188,10,0.5263,0.0261,MORTGAGE,VENTURE,N,0
46,55300,2.1,3600,8.47,0.0651,5,0.1786,0.0055,MORTGAGE,EDUCATION,N,0
46,27400,8.8,20300,15.55,0.7409,10,0.3571,0.1152,MORTGAGE,PERSONAL,N,0
46,38700,0.5,14600,,0.3773,3,0.1071,0.0478,RENT,EDUCATION,N,1
39,32000,9.1,15300,17.12,0.4781,10,0.4762,0.0819,RENT,HOMEIMPROVEMENT,N,1
36,72700,7.2,8400,12.9,0.1155,5,0.2778,0.0149,RENT,EDUCATION,N,0
31,33000,2.6,6800,10.35,0.2061,10,0.7692,0.0213,MORTGAGE,HOMEIMPROVEMENT,N,0
48,78500,5.8,3200,5.42,0.0408,6,0.2,0.0022,RENT,EDUCATION,Y,0
48,54800,1.1,5000,8.67,0.0912,6,0.2,0.0079,MORTGAGE,EDUCATION,N,0
49,40100,1.6,7800,11.77,0.1945,3,0.0968,0.0229,RENT,DEBTCONSOLIDATION,N,0
37,115900,14.0,5600,13.24,0.0483,3,0.1579,0.0064,RENT,DEBTCONSOLIDATION,N,0
63,29900,8.9,14900,16.87,0.4983,7,0.1556,0.0841,RENT,EDUCATION,Y,1
36,173600,1.8,20500,9.98,0.1181,2,0.1111,0.0118,MORTGAGE,VENTURE,N,0
43,27900,1.3,12300,14.57,0.4409,3,0.12,0.0642,RENT,PERSONAL,Y,1
44,80900,11.2,7300,11.23,0.0902,4,0.1538,0.0101,RENT,EDUCATION,N,0
53,21300,7.1,17200,23.22,0.8075,6,0.1714,0.1875,RENT,DEBTCONSOLIDATION,Y,1
44,44500,3.9,10100,9.79,0.227,3,0.1154,0.0222,RENT,EDUCATION,N,0
31,36700,1.4,10900,11.09,0.297,7,0.5385,0.0329,OWN,MEDICAL,N,0
37,124000,1.0,24300,12.41,0.196,11,0.5789,0.0243,MORTGAGE,EDUCATION,N,0
42,97700,2.6,14000,10.43,0.1433,10,0.4167,0.0149,MORTGAGE,EDUCATION,N,0
70,50700,9.1,18500,11.52,0.3649,10,0.1923,0.042,RENT,PERSONAL,N,0
37,22900,3.4,7300,13.84,0.3188,10,0.5263,0.0441,MORTGAGE,EDUCATION,N,0
52,53000,0.6,17100,11.51,0.3226,15,0.4412,0.0371,RENT,HOMEIMPROVEMENT,N,0
39,31200,5.3,16300,18.26,0.5224,13,0.619,0.0954,MORTGAGE,EDUCATION,N,1
35,31300,8.5,6300,13.72,0.2013,6,0.3529,0.0276,RENT,MEDICAL,N,0
38,29200,1.2,27200,,0.9315,2,0.1,0.1179,RENT,MEDICAL,Y,1
42,89300,2.0,23300,9.64,0.2609,4,0.1667,0.0252,RENT,MEDICAL,N,0
51,65300,11.5,20800,13.03,0.3185,4,0.1212,0.0415,RENT,EDUCATION,N,0
34,62100,0.8,16900,15.15,0.2721,11,0.6875,0.0412,MORTGAGE,DEBTCONSOLIDATION,N,1
57,68400,7.2,20800,16.53,0.3041,3,0.0769,0.0503,RENT,DEBTCONSOLIDATION,N,0
45,50700,6.2,16900,15.06,0.3333,8,0.2963,0.0502,OWN,VENTURE,N,0
43,73500,5.1,11500,12.39,0.1565,6,0.24,0.0194,RENT,DEBTCONSOLIDATION,N,0
39,68100,3.8,4000,11.54,0.0587,2,0.0952,0.0068,MORTGAGE,DEBTCONSOLIDATION,N,0
60,64700,7.7,13500,12.73,0.2087,4,0.0952,0.0266,RENT,VENTURE,N,0
34,72700,5.9,11300,10.02,0.1554,2,0.125,0.0156,RENT,EDUCATION,N,0
40,126900,0.7,30900,11.92,0.2435,7,0.3182,0.029,MORTGAGE,VENTURE,N,0
43,81300,2.4,25100,13.94,0.3087,4,0.16,0.043,RENT,VENTURE,Y,0
40,36800,0.3,28100,19.7,0.7636,10,0.4545,0.1504,MORTGAGE,EDUCATION,Y,1
34,42200,1.8,9500,7.34,0.2251,6,0.375,0.0165,MORTGAGE,HOMEIMPROVEMENT,N,0
58,23500,0.7,16200,17.19,0.6894,6,0.15,0.1185,RENT,HOMEIMPROVEMENT,Y,1
39,47300,2.9,15000,15.24,0.3171,10,0.4762,0.0483,RENT,EDUCATION,N,0
38,50400,6.1,5600,11.34,0.1111,3,0.15,0.0126,MORTGAGE,MEDICAL,N,0
42,103200,0.8,7400,6.88,0.0717,12,0.5,0.0049,RENT,PERSONAL,N,0
48,28500,6.2,15200,16.52,0.5333,4,0.1333,0.0881,OWN,HOMEIMPROVEMENT,N,1
38,31200,1.5,17300,20.59,0.5545,14,0.7,0.1142,RENT,MEDICAL,N,0
51,64600,4.3,23600,14.85,0.3653,5,0.1515,0.0542,RENT,DEBTCONSOLIDATION,Y,0
46,75300,4.4,10900,11.9,0.1448,3,0.1071,0.0172,RENT,DEBTCONSOLIDATION,N,0
43,68900,1.6,11600,13.09,0.1684,7,0.28,0.022,RENT,EDUCATION,Y,0
36,126000,3.3,12300,10.87,0.0976,6,0.3333,0.0106,MORTGAGE,DEBTCONSOLIDATION,N,0
45,110200,3.0,29200,13.09,0.265,18,0.6667,0.0347,RENT,PERSONAL,N,0
34,63300,2.9,15000,10.95,0.237,4,0.25,0.026,MORTGAGE,EDUCATION,N,0
48,41500,1.4,20500,17.07,0.494,8,0.2667,0.0843,RENT,VENTURE,N,1
43,106100,4.1,12300,9.56,0.1159,15,0.6,0.0111,RENT,MEDICAL,N,0
51,67900,16.4,8000,11.16,0.1178,8,0.2424,0.0131,MORTGAGE,HOMEIMPROVEMENT,N,0
54,45000,0.0,5700,10.72,0.1267,5,0.1389,0.0136,RENT,PERSONAL,N,0
35,52700,2.9,12200,13.65,0.2315,14,0.8235,0.0316,RENT,HOMEIMPROVEMENT,N,0
33,21600,9.2,11100,17.91,0.5139,7,0.4667,0.092,MORTGAGE,VENTURE,N,1
40,65400,3.0,16400,13.2,0.2508,7,0.3182,0.0331,RENT,VENTURE,N,0
43,43000,3.6,1200,8.53,0.0279,7,0.28,0.0024,RENT,EDUCATION,N,0
59,58000,3.9,8000,11.36,0.1379,5,0.122,0.0157,RENT,HOMEIMPROVEMENT,N,0
45,25200,4.7,19100,17.76,0.7579,5,0.1852,0.1346,MORTGAGE,DEBTCONSOLIDATION,Y,1
53,31600,9.5,21000,20.99,0.6646,6,0.1714,0.1395,RENT,MEDICAL,Y,1
42,54200,2.0,12500,13.23,0.2306,3,0.125,0.0305,RENT,VENTURE,N,0
47,26300,2.3,8100,13.77,0.308,2,0.069,0.0424,RENT,VENTURE,Y,1
61,63300,1.2,8600,11.59,0.1359,2,0.0465,0.0158,RENT,MEDICAL,N,0
50,55800,6.0,19000,16.32,0.3405,7,0.2188,0.0556,RENT,PERSONAL,N,0
60,48000,18.3,12400,9.64,0.2583,7,0.1667,0.0249,MORTGAGE,EDUCATION,N,0
50,37700,2.1,20400,19.23,0.5411,9,0.2812,0.1041,RENT,MEDICAL,Y,1
42,35600,8.0,16600,14.03,0.4663,6,0.25,0.0654,MORTGAGE,VENTURE,N,0
50,167500,1.0,21400,8.8,0.1278,11,0.3438,0.0112,MORTGAGE,VENTURE,N,0
29,54500,0.7,20700,14.1,0.3798,5,0.4545,0.0536,RENT,HOMEIMPROVEMENT,N,0
43,100800,15.7,9400,8.53,0.0933,13,0.52,0.008,MORTGAGE,MEDICAL,N,0
30,74500,3.5,22100,11.56,0.2966,2,0.1667,0.0343,RENT,EDUCATION,N,0
56,137100,10.9,8300,7.55,0.0605,2,0.0526,0.0046,MORTGAGE,MEDICAL,N,0
36,29300,15.0,13600,14.88,0.4642,3,0.1667,0.0691,MORTGAGE,VENTURE,Y,1
38,53900,3.0,8700,9.17,0.1614,16,0.8,0.0148,RENT,EDUCATION,Y,0
50,37100,4.2,25000,16.73,0.6739,7,0.2188,0.1127,RENT,MEDICAL,Y,1
47,54300,2.7,10200,11.08,0.1878,4,0.1379,0.0208,RENT,MEDICAL,N,0
39,44200,1.3,11200,12.22,0.2534,5,0.2381,0.031,OWN,MEDICAL,N,0
46,66900,4.7,14600,11.71,0.2182,2,0.0714,0.0256,MORTGAGE,EDUCATION,Y,0
55,49200,7.7,18900,15.97,0.3841,4,0.1081,0.0613,RENT,PERSONAL,N,0
39,116300,1.0,31000,9.6,0.2666,9,0.4286,0.0256,MORTGAGE,PERSONAL,N,0
33,52100,14.1,13500,13.32,0.2591,2,0.1333,0.0345,MORTGAGE,MEDICAL,N,0
35,51700,2.8,6200,7.46,0.1199,7,0.4118,0.0089,MORTGAGE,PERSONAL,N,0
37,36100,2.9,26500,18.16,0.7341,9,0.4737,0.1333,RENT,DEBTCONSOLIDATION,Y,1
52,34800,0.2,24900,17.9,0.7155,10,0.2941,0.1281,MORTGAGE,MEDICAL,Y,1
47,57000,4.7,5100,8.72,0.0895,2,0.069,0.0078,MORTGAGE,EDUCATION,N,0
36,61500,1.4,12700,13.3,0.2065,4,0.2222,0.0275,OWN,EDUCATION,N,0
41,49400,11.1,1300,7.62,0.0263,4,0.1739,0.002,RENT,EDUCATION,N,0
61,32100,1.9,11400,13.66,0.3551,6,0.1395,0.0485,RENT,EDUCATION,N,0
42,82000,7.6,13800,9.56,0.1683,5,0.2083,0.0161,MORTGAGE,PERSONAL,N,0
56,41900,0.2,29400,16.3,0.7017,8,0.2105,0.1144,RENT,MEDICAL,Y,1
32,16300,14.0,13000,20.1,0.7975,4,0.2857,0.1603,MORTGAGE,DEBTCONSOLIDATION,Y,1
65,186900,7.7,8600,12.38,0.046,3,0.0638,0.0057,MORTGAGE,VENTURE,N,0
66,37400,1.1,18800,16.54,0.5027,3,0.0625,0.0831,RENT,VENTURE,N,1
57,41100,1.7,11500,14.25,0.2798,9,0.2308,0.0399,RENT,DEBTCONSOLIDATION,N,0
41,17200,0.4,27100,19.77,1.5756,7,0.3043,0.3115,MORTGAGE,VENTURE,N,1
47,37800,2.2,25800,17.68,0.6825,14,0.4828,0.1207,RENT,DEBTCONSOLIDATION,N,1
48,111100,9.0,9600,11.1,0.0864,8,0.2667,0.0096,RENT,MEDICAL,N,0
36,33200,9.7,26300,22.31,0.7922,17,0.9444,0.1767,OWN,DEBTCONSOLIDATION,Y,1
58,71800,10.2,6800,,0.0947,5,0.125,0.012,RENT,DEBTCONSOLIDATION,N,0
42,87100,2.5,22300,,0.256,7,0.2917,0.0324,RENT,EDUCATION,N,0
50,106300,9.1,7800,7.05,0.0734,3,0.0938,0.0052,RENT,MEDICAL,N,0
41,122400,7.4,27500,10.36,0.2247,8,0.3478,0.0233,RENT,EDUCATION,N,0
43,25100,4.2,24500,20.86,0.9761,3,0.12,0.2036,MORTGAGE,PERSONAL,Y,1
39,34700,6.5,18200,20.74,0.5245,5,0.2381,0.1088,MORTGAGE,MEDICAL,N,1
56,28600,8.2,11000,18.75,0.3846,9,0.2368,0.0721,RENT,VENTURE,N,0
39,61100,1.6,14600,13.75,0.239,6,0.2857,0.0329,RENT,VENTURE,N,0
34,141400,0.1,8100,5.42,0.0573,2,0.125,0.0031,MORTGAGE,MEDICAL,N,0
37,60000,0.2,9400,10.1,0.1567,3,0.1579,0.0158,MORTGAGE,PERSONAL,N,0
36,88000,12.9,6800,9.42,0.0773,5,0.2778,0.0073,RENT,VENTURE,N,0
41,130700,1.3,19700,10.07,0.1507,5,0.2174,0.0152,MORTGAGE,VENTURE,N,0
30,35600,2.0,9300,10.07,0.2612,8,0.6667,0.0263,MORTGAGE,MEDICAL,N,0
27,36100,0.1,18600,19.26,0.5152,5,0.5556,0.0992,RENT,DEBTCONSOLIDATION,N,1
58,220400,4.5,18800,9.3,0.0853,3,0.075,0.0079,RENT,PERSONAL,N,0
58,51800,10.5,16400,15.9,0.3166,5,0.125,0.0503,RENT,VENTURE,N,0
46,44700,1.8,27000,20.82,0.604,6,0.2143,0.1258,MORTGAGE,VENTURE,Y,1
30,48500,3.3,8100,11.69,0.167,8,0.6667,0.0195,MORTGAGE,PERSONAL,N,0
44,225400,1.7,14700,12.23,0.0652,4,0.1538,0.008,MORTGAGE,VENTURE,N,0
41,35700,3.0,8400,12.26,0.2353,3,0.1304,0.0288,RENT,MEDICAL,Y,1
48,25800,16.4,8300,12.19,0.3217,11,0.3667,0.0392,RENT,MEDICAL,N,0
38,147400,1.3,22000,6.33,0.1493,11,0.55,0.0095,MORTGAGE,PERSONAL,N,0
53,89400,6.7,3500,8.05,0.0391,6,0.1714,0.0031,MORTGAGE,EDUCATION,N,0
52,58600,4.3,13600,11.84,0.2321,2,0.0588,0.0275,RENT,EDUCATION,Y,0
45,234000,0.1,14600,9.94,0.0624,5,0.1852,0.0062,RENT,HOMEIMPROVEMENT,N,0
34,37800,0.0,6400,12.01,0.1693,3,0.1875,0.0203,RENT,PERSONAL,N,0
52,75200,2.2,8400,8.71,0.1117,4,0.1176,0.0097,RENT,PERSONAL,N,0
36,47100,7.8,5100,7.28,0.1083,6,0.3333,0.0079,RENT,EDUCATION,N,0
34,26800,0.5,18700,19.22,0.6978,5,0.3125,0.1341,RENT,MEDICAL,Y,1
56,35100,3.2,23400,21.13,0.6667,3,0.0789,0.1409,RENT,VENTURE,Y,1
45,58700,23.1,23100,12.86,0.3935,2,0.0741,0.0506,RENT,MEDICAL,Y,1
39,92300,8.0,20400,8.35,0.221,5,0.2381,0.0185,RENT,MEDICAL,Y,0
41,187400,2.2,4800,10.17,0.0256,7,0.3043,0.0026,RENT,HOMEIMPROVEMENT,N,0
45,86300,11.0,4600,8.27,0.0533,6,0.2222,0.0044,RENT,PERSONAL,N,0
47,102700,1.2,13400,12.11,0.1305,5,0.1724,0.0158,RENT,HOMEIMPROVEMENT,N,0
44,79000,0.6,7500,12.94,0.0949,2,0.0769,0.0123,MORTGAGE,VENTURE,N,0
44,28200,3.7,4700,8.82,0.1667,3,0.1154,0.0147,RENT,EDUCATION,N,0
29,14000,11.0,22300,16.78,1.5929,4,0.3636,0.2673,MORTGAGE,HOMEIMPROVEMENT,Y,1
51,41400,2.0,26100,15.51,0.6304,3,0.0909,0.0978,MORTGAGE,PERSONAL,N,1
33,50400,1.4,22800,15.41,0.4524,2,0.1333,0.0697,RENT,EDUCATION,N,0
40,42300,6.0,9200,11.26,0.2175,8,0.3636,0.0245,MORTGAGE,VENTURE,N,0
39,54700,2.3,9200,8.62,0.1682,7,0.3333,0.0145,OWN,VENTURE,N,0
45,68700,,29200,18.51,0.425,2,0.0741,0.0787,MORTGAGE,VENTURE,N,0
48,55800,1.7,17400,11.68,0.3118,6,0.2,0.0364,RENT,MEDICAL,N,0
52,46100,8.5,17100,12.97,0.3709,11,0.3235,0.0481,OTHER,EDUCATION,N,0
63,36000,1.7,15200,16.89,0.4222,3,0.0667,0.0713,OWN,VENTURE,N,0
38,86500,3.8,17800,13.05,0.2058,9,0.45,0.0269,OWN,EDUCATION,N,0
39,54600,1.4,12700,9.24,0.2326,2,0.0952,0.0215,MORTGAGE,EDUCATION,N,0
37,97400,1.8,10900,7.74,0.1119,5,0.2632,0.0087,MORTGAGE,EDUCATION,N,0
46,65500,3.9,12300,12.01,0.1878,4,0.1429,0.0226,RENT,EDUCATION,N,0
59,13800,0.7,19200,16.21,1.3913,8,0.1951,0.2255,RENT,MEDICAL,Y,1
41,52300,2.0,14700,11.99,0.2811,8,0.3478,0.0337,RENT,DEBTCONSOLIDATION,Y,1
42,80500,10.2,14900,8.2,0.1851,2,0.0833,0.0152,RENT,MEDICAL,N,0
40,86800,7.7,17100,8.66,0.197,9,0.4091,0.0171,OWN,PERSONAL,N,0
43,117100,4.7,14000,10.72,0.1196,4,0.16,0.0128,RENT,DEBTCONSOLIDATION,Y,0
41,111000,0.9,10700,10.56,0.0964,7,0.3043,0.0102,RENT,EDUCATION,N,0
57,86300,3.2,2900,10.4,0.0336,3,0.0769,0.0035,RENT,EDUCATION,N,0
58,40200,8.2,3100,10.58,0.0771,9,0.225,0.0082,OWN,DEBTCONSOLIDATION,N,0
42,38200,0.1,7800,9.77,0.2042,12,0.5,0.02,RENT,MEDICAL,N,0
45,68300,2.2,12300,12.47,0.1801,7,0.2593,0.0225,MORTGAGE,DEBTCONSOLIDATION,N,0
32,27300,0.0,12600,16.94,0.4615,6,0.4286,0.0782,RENT,DEBTCONSOLIDATION,N,0
57,107100,1.7,21500,9.16,0.2007,12,0.3077,0.0184,MORTGAGE,PERSONAL,N,0
37,41200,3.0,11900,8.44,0.2888,7,0.3684,0.0244,MORTGAGE,HOMEIMPROVEMENT,N,0
43,34500,9.4,14400,16.39,0.4174,5,0.2,0.0684,RENT,DEBTCONSOLIDATION,Y,1
40,40700,9.8,13100,12.46,0.3219,7,0.3182,0.0401,RENT,EDUCATION,N,0
42,76700,3.2,11200,10.27,0.146,13,0.5417,0.015,MORTGAGE,MEDICAL,N,0
41,53700,1.7,19500,15.52,0.3631,7,0.3043,0.0564,OWN,MEDICAL,N,0
37,30100,2.3,14800,15.42,0.4917,4,0.2105,0.0758,RENT,MEDICAL,Y,1
39,44300,0.0,14000,11.21,0.316,4,0.1905,0.0354,OWN,PERSONAL,N,1
51,81800,3.8,24500,11.93,0.2995,4,0.1212,0.0357,RENT,MEDICAL,Y,1
44,33800,8.3,24900,17.12,0.7367,2,0.0769,0.1261,RENT,HOMEIMPROVEMENT,N,1
59,41500,0.2,26200,19.03,0.6313,10,0.2439,0.1201,MORTGAGE,VENTURE,Y,0
64,46300,3.4,7900,10.07,0.1706,11,0.2391,0.0172,RENT,VENTURE,N,0
49,59400,8.2,14800,14.47,0.2492,5,0.1613,0.0361,RENT,EDUCATION,Y,1
37,26300,5.3,23300,22.27,0.8859,15,0.7895,0.1973,RENT,DEBTCONSOLIDATION,Y,1
57,95600,1.6,3400,8.85,0.0356,17,0.4359,0.0032,OTHER,VENTURE,N,0
40,30500,2.0,12600,13.18,0.4131,11,0.5,0.0544,OWN,MEDICAL,Y,1
40,37400,1.9,8200,12.71,0.2193,10,0.4545,0.0279,RENT,DEBTCONSOLIDATION,N,0
40,19100,1.7,15700,18.11,0.822,4,0.1818,0.1489,RENT,MEDICAL,N,0
42,46400,4.4,9300,11.97,0.2004,9,0.375,0.024,MORTGAGE,EDUCATION,N,0
64,35300,8.8,2900,11.67,0.0822,3,0.0652,0.0096,MORTGAGE,EDUCATION,N,0
39,20600,6.7,16500,20.25,0.801,5,0.2381,0.1622,RENT,MEDICAL,N,1
46,60900,6.1,14000,11.96,0.2299,6,0.2143,0.0275,MORTGAGE,HOMEIMPROVEMENT,N,0
52,58500,3.4,7000,7.99,0.1197,5,0.1471,0.0096,RENT,MEDICAL,N,0
59,65400,4.5,11800,8.54,0.1804,5,0.122,0.0154,MORTGAGE,EDUCATION,N,0
43,59000,3.4,1800,6.7,0.0305,7,0.28,0.002,RENT,MEDICAL,N,0
37,83200,2.2,9400,13.11,0.113,9,0.4737,0.0148,MORTGAGE,VENTURE,N,0
33,42400,6.5,18400,16.62,0.434,13,0.8667,0.0721,MORTGAGE,HOMEIMPROVEMENT,Y,1
58,116500,1.1,4000,7.88,0.0343,3,0.075,0.0027,MORTGAGE,VENTURE,N,0
39,101900,8.7,8500,6.1,0.0834,9,0.4286,0.0051,MORTGAGE,VENTURE,N,0
44,75600,4.5,4000,11.18,0.0529,5,0.1923,0.0059,MORTGAGE,EDUCATION,N,0
41,70300,1.4,11300,10.08,0.1607,7,0.3043,0.0162,MORTGAGE,MEDICAL,N,0
50,30300,9.3,8800,13.65,0.2904,2,0.0625,0.0396,RENT,EDUCATION,N,0
53,28800,5.8,14500,,0.5035,4,0.1143,0.0637,RENT,MEDICAL,Y,1
58,26300,9.6,18700,19.41,0.711,18,0.45,0.138,OWN,PERSONAL,N,1
36,97500,3.0,10200,15.13,0.1046,5,0.2778,0.0158,MORTGAGE,VENTURE,N,0
41,37800,9.8,7900,15.98,0.209,11,0.4783,0.0334,RENT,VENTURE,N,0
44,24700,0.5,13000,18.22,0.5263,2,0.0769,0.0959,MORTGAGE,VENTURE,N,1
46,122400,8.4,7700,10.07,0.0629,3,0.1071,0.0063,RENT,PERSONAL,N,0
34,29000,2.3,12700,14.57,0.4379,3,0.1875,0.0638,RENT,MEDICAL,Y,1
36,40500,4.2,27000,,0.6667,2,0.1111,0.0844,RENT,VENTURE,Y,1
49,57500,4.8,16300,10.7,0.2835,5,0.1613,0.0303,MORTGAGE,MEDICAL,N,0
33,46500,1.5,8200,11.07,0.1763,5,0.3333,0.0195,RENT,DEBTCONSOLIDATION,N,0
42,39500,0.4,27500,18.33,0.6962,5,0.2083,0.1276,MORTGAGE,PERSONAL,Y,1
38,48700,4.2,16900,15.18,0.347,3,0.15,0.0527,MORTGAGE,EDUCATION,N,0
45,177600,1.8,5500,,0.031,6,0.2222,0.0039,MORTGAGE,VENTURE,N,0
32,33700,6.3,8500,10.81,0.2522,10,0.7143,0.0273,RENT,PERSONAL,N,0
45,121100,4.3,17900,9.36,0.1478,7,0.2593,0.0138,RENT,EDUCATION,N,0
38,81200,5.7,29300,16.62,0.3608,7,0.35,0.06,RENT,VENTURE,N,1
47,59000,0.6,10500,12.37,0.178,8,0.2759,0.022,RENT,PERSONAL,Y,1
33,22900,7.7,24900,19.48,1.0873,5,0.3333,0.2118,RENT,MEDICAL,Y,1
43,30200,11.7,8700,13.78,0.2881,8,0.32,0.0397,MORTGAGE,PERSONAL,N,0
38,47400,4.1,18800,12.36,0.3966,7,0.35,0.049,RENT,VENTURE,N,1
47,105000,4.2,15500,13.39,0.1476,9,0.3103,0.0198,MORTGAGE,PERSONAL,N,0
48,55300,3.8,16900,,0.3056,3,0.1,0.0387,MORTGAGE,EDUCATION,N,0
38,56200,1.5,10100,7.22,0.1797,7,0.35,0.013,OWN,MEDICAL,N,0
49,182400,21.9,18900,7.23,0.1036,4,0.129,0.0075,RENT,EDUCATION,Y,0
35,107500,0.9,9400,8.15,0.0874,4,0.2353,0.0071,RENT,PERSONAL,N,0
58,40300,2.0,14400,17.6,0.3573,2,0.05,0.0629,RENT,DEBTCONSOLIDATION,N,0
46,66500,0.8,10500,12.72,0.1579,3,0.1071,0.0201,RENT,EDUCATION,N,0
32,33100,0.2,12900,15.48,0.3897,4,0.2857,0.0603,MORTGAGE,HOMEIMPROVEMENT,Y,0
43,57800,10.0,7500,,0.1298,5,0.2,0.0164,MORTGAGE,MEDICAL,N,0
27,57700,9.0,19900,15.7,0.3449,9,1.0,0.0541,RENT,DEBTCONSOLIDATION,N,1
38,101100,0.7,6300,8.36,0.0623,7,0.35,0.0052,RENT,EDUCATION,N,0
46,60100,1.9,7000,11.51,0.1165,6,0.2143,0.0134,RENT,DEBTCONSOLIDATION,N,0
34,123500,5.6,17400,8.38,0.1409,7,0.4375,0.0118,RENT,HOMEIMPROVEMENT,N,0
44,20400,0.3,18700,17.86,0.9167,8,0.3077,0.1637,MORTGAGE,PERSONAL,N,0
31,37800,,10700,11.81,0.2831,10,0.7692,0.0334,MORTGAGE,DEBTCONSOLIDATION,N,1
44,45300,7.9,24300,17.46,0.5364,2,0.0769,0.0937,MORTGAGE,HOMEIMPROVEMENT,N,0
38,59100,2.1,9600,11.21,0.1624,5,0.25,0.0182,MORTGAGE,MEDICAL,N,0
45,33000,10.1,10600,10.53,0.3212,4,0.1481,0.0338,RENT,EDUCATION,N,0
64,30200,2.1,9200,11.15,0.3046,4,0.087,0.034,MORTGAGE,EDUCATION,N,0
64,117600,1.8,13200,10.39,0.1122,6,0.1304,0.0117,MORTGAGE,VENTURE,N,0
38,53100,2.8,29000,16.56,0.5461,11,0.55,0.0904,MORTGAGE,EDUCATION,N,0
47,16400,5.8,4100,16.27,0.25,14,0.4828,0.0407,OWN,EDUCATION,Y,0
46,65000,8.2,24700,11.06,0.38,6,0.2143,0.042,RENT,DEBTCONSOLIDATION,Y,1
49,35500,,21600,,0.6085,11,0.3548,0.077,RENT,DEBTCONSOLIDATION,N,1
47,50200,2.4,12000,12.79,0.239,8,0.2759,0.0306,MORTGAGE,MEDICAL,N,0
54,28500,2.3,14500,18.26,0.5088,21,0.5833,0.0929,RENT,PERSONAL,N,0
37,36300,3.9,27400,16.1,0.7548,7,0.3684,0.1215,MORTGAGE,PERSONAL,N,1
35,34000,1.5,8500,10.34,0.25,7,0.4118,0.0258,RENT,VENTURE,N,0
39,61100,0.1,4400,9.17,0.072,3,0.1429,0.0066,MORTGAGE,VENTURE,N,0
45,41600,7.8,24600,17.03,0.5913,5,0.1852,0.1007,RENT,PERSONAL,Y,1
50,39500,2.7,27400,18.28,0.6937,7,0.2188,0.1268,RENT,EDUCATION,N,0
51,44900,3.7,8300,,0.1849,2,0.0606,0.0234,MORTGAGE,DEBTCONSOLIDATION,Y,0
41,39300,1.9,2400,8.58,0.0611,5,0.2174,0.0052,MORTGAGE,MEDICAL,Y,0
34,25200,9.3,24200,17.11,0.9603,10,0.625,0.1643,OWN,EDUCATION,Y,1
50,92300,0.7,6200,13.47,0.0672,4,0.125,0.0091,MORTGAGE,DEBTCONSOLIDATION,N,0
42,84600,4.8,23500,12.69,0.2778,4,0.1667,0.0353,MORTGAGE,EDUCATION,N,0
37,69500,8.6,23000,16.37,0.3309,12,0.6316,0.0542,RENT,HOMEIMPROVEMENT,N,0
33,64900,3.9,8600,9.94,0.1325,2,0.1333,0.0132,MORTGAGE,VENTURE,N,0
34,22800,13.8,21800,19.26,0.9561,7,0.4375,0.1841,MORTGAGE,EDUCATION,Y,1
60,56300,11.6,22900,10.84,0.4067,6,0.1429,0.0441,OWN,EDUCATION,Y,0
54,35200,0.8,4800,10.3,0.1364,5,0.1389,0.014,RENT,VENTURE,N,0
45,53900,1.8,5700,12.75,0.1058,3,0.1111,0.0135,RENT,DEBTCONSOLIDATION,N,0
40,50500,12.1,7100,11.76,0.1406,17,0.7727,0.0165,RENT,EDUCATION,N,0
56,46100,0.8,2000,6.79,0.0434,4,0.1053,0.0029,OTHER,EDUCATION,N,0
43,108300,7.5,18100,6.16,0.1671,4,0.16,0.0103,MORTGAGE,EDUCATION,N,0
38,41700,3.1,19600,16.59,0.47,12,0.6,0.078,MORTGAGE,EDUCATION,N,0
42,49700,2.8,15900,14.5,0.3199,10,0.4167,0.0464,OWN,DEBTCONSOLIDATION,N,0
49,76500,19.0,8100,12.37,0.1059,12,0.3871,0.0131,MORTGAGE,EDUCATION,N,0
48,114900,0.8,13000,11.19,0.1131,11,0.3667,0.0127,RENT,VENTURE,N,0
41,46000,1.0,24100,19.87,0.5239,5,0.2174,0.1041,OWN,MEDICAL,Y,1
32,66700,8.5,32900,15.24,0.4933,4,0.2857,0.0752,MORTGAGE,EDUCATION,Y,1
43,34200,0.9,25400,,0.7427,4,0.16,0.094,MORTGAGE,DEBTCONSOLIDATION,N,1
39,76500,2.1,5100,8.51,0.0667,3,0.1429,0.0057,OWN,VENTURE,N,0
37,94900,3.2,23800,9.58,0.2508,12,0.6316,0.024,MORTGAGE,MEDICAL,N,0
44,57200,16.2,14800,14.01,0.2587,2,0.0769,0.0362,OTHER,DEBTCONSOLIDATION,N,0
57,53300,28.6,10800,12.77,0.2026,3,0.0769,0.0259,RENT,PERSONAL,N,0
50,62800,0.2,10900,10.56,0.1736,7,0.2188,0.0183,RENT,DEBTCONSOLIDATION,N,0
36,51300,1.8,19900,13.54,0.3879,9,0.5,0.0525,RENT,MEDICAL,N,0
46,88700,3.0,11200,,0.1263,8,0.2857,0.016,OWN,EDUCATION,N,0
42,30500,4.7,18000,20.32,0.5902,8,0.3333,0.1199,RENT,VENTURE,Y,1
42,44600,1.7,11400,11.82,0.2556,6,0.25,0.0302,RENT,MEDICAL,Y,1
44,58700,3.2,19600,16.36,0.3339,4,0.1538,0.0546,RENT,PERSONAL,N,0
38,127900,3.6,20000,10.3,0.1564,2,0.1,0.0161,RENT,EDUCATION,Y,0
60,30700,5.9,25400,19.86,0.8274,6,0.1429,0.1643,MORTGAGE,PERSONAL,N,0
39,27300,10.0,32400,15.32,1.1868,12,0.5714,0.1818,RENT,VENTURE,Y,1
56,42300,0.4,20100,18.34,0.4752,11,0.2895,0.0872,MORTGAGE,VENTURE,N,0
44,33600,2.5,15700,15.32,0.4673,8,0.3077,0.0716,MORTGAGE,EDUCATION,Y,1
38,63700,1.2,20900,12.9,0.3281,4,0.2,0.0423,MORTGAGE,EDUCATION,N,0
33,47500,9.7,26700,19.4,0.5621,8,0.5333,0.109,MORTGAGE,EDUCATION,Y,1
54,61300,1.9,16400,12.67,0.2675,10,0.2778,0.0339,MORTGAGE,PERSONAL,N,1
52,64200,1.6,2300,7.28,0.0358,16,0.4706,0.0026,MORTGAGE,PERSONAL,N,0
40,208100,3.7,22200,10.33,0.1067,10,0.4545,0.011,MORTGAGE,VENTURE,N,0
70,82200,6.3,11200,13.07,0.1363,6,0.1154,0.0178,RENT,MEDICAL,N,0
26,48200,8.0,8800,8.47,0.1826,8,1.0,0.0155,MORTGAGE,VENTURE,Y,0
37,42600,0.4,23800,,0.5587,5,0.2632,0.0707,RENT,EDUCATION,Y,0
70,36200,1.1,10800,15.47,0.2983,7,0.1346,0.0461,MORTGAGE,MEDICAL,Y,1
48,32600,8.1,27500,19.54,0.8436,8,0.2667,0.1648,OWN,MEDICAL,Y,1
53,73900,12.9,11200,10.31,0.1516,2,0.0571,0.0156,MORTGAGE,HOMEIMPROVEMENT,N,0
48,50300,3.3,15500,12.55,0.3082,8,0.2667,0.0387,MORTGAGE,MEDICAL,Y,0
47,78800,12.3,17200,10.12,0.2183,8,0.2759,0.0221,MORTGAGE,PERSONAL,N,0
66,56900,2.8,13000,11.55,0.2285,10,0.2083,0.0264,RENT,MEDICAL,N,0
45,34100,7.0,18600,17.33,0.5455,4,0.1481,0.0945,MORTGAGE,HOMEIMPROVEMENT,N,0
41,12300,1.8,4900,14.18,0.3984,2,0.087,0.0565,RENT,EDUCATION,Y,1
45,109000,6.2,6600,8.68,0.0606,7,0.2593,0.0053,RENT,MEDICAL,N,0
49,109200,6.6,13600,10.13,0.1245,7,0.2258,0.0126,MORTGAGE,VENTURE,Y,0
45,89000,22.5,22100,11.88,0.2483,11,0.4074,0.0295,RENT,VENTURE,N,0
30,39300,8.6,34000,18.6,0.8651,7,0.5833,0.1609,MORTGAGE,VENTURE,N,0
46,28800,7.2,10600,13.52,0.3681,3,0.1071,0.0498,MORTGAGE,DEBTCONSOLIDATION,N,0
37,57000,0.2,7300,10.76,0.1281,3,0.1579,0.0138,RENT,EDUCATION,Y,1
49,36600,0.4,9100,,0.2486,2,0.0645,0.0315,MORTGAGE,EDUCATION,N,0
57,48400,3.7,17800,14.19,0.3678,8,0.2051,0.0522,MORTGAGE,EDUCATION,N,0
70,28500,3.3,6800,13.53,0.2386,10,0.1923,0.0323,MORTGAGE,PERSONAL,N,0
51,42600,0.3,13100,10.8,0.3075,7,0.2121,0.0332,MORTGAGE,VENTURE,N,0
39,27400,5.8,15500,17.73,0.5657,5,0.2381,0.1003,RENT,MEDICAL,Y,1
54,62900,,12200,9.29,0.194,2,0.0556,0.018,MORTGAGE,PERSONAL,N,0
43,54200,1.0,13700,12.08,0.2528,4,0.16,0.0305,RENT,MEDICAL,N,0
43,65800,6.7,11400,13.4,0.1733,4,0.16,0.0232,MORTGAGE,DEBTCONSOLIDATION,N,0
42,71200,1.7,13600,11.79,0.191,2,0.0833,0.0225,MORTGAGE,HOMEIMPROVEMENT,N,0
50,60600,2.3,13500,11.96,0.2228,8,0.25,0.0266,RENT,MEDICAL,N,0
48,80100,3.9,26900,13.25,0.3358,11,0.3667,0.0445,MORTGAGE,EDUCATION,N,0
38,37500,,5600,8.61,0.1493,7,0.35,0.0129,MORTGAGE,HOMEIMPROVEMENT,N,0
38,37500,8.7,18300,21.88,0.488,5,0.25,0.1068,RENT,MEDICAL,Y,0
55,65800,13.8,22100,15.49,0.3359,10,0.2703,0.052,RENT,VENTURE,N,0
40,67800,1.4,7200,10.45,0.1062,5,0.2273,0.0111,RENT,PERSONAL,N,1
62,60500,8.0,10900,11.28,0.1802,9,0.2045,0.0203,MORTGAGE,VENTURE,N,0
40,64300,2.3,21400,13.12,0.3328,2,0.0909,0.0437,MORTGAGE,PERSONAL,N,0
40,87800,6.9,14200,13.97,0.1617,8,0.3636,0.0226,RENT,MEDICAL,N,0
44,31600,11.6,8900,9.77,0.2816,10,0.3846,0.0275,MORTGAGE,EDUCATION,N,0
35,81600,2.5,8600,11.74,0.1054,16,0.9412,0.0124,RENT,VENTURE,N,0
41,129400,9.2,15300,11.43,0.1182,6,0.2609,0.0135,OWN,VENTURE,N,0
61,31500,4.9,8700,12.73,0.2762,5,0.1163,0.0352,RENT,PERSONAL,Y,0
38,36400,3.0,12700,13.11,0.3489,7,0.35,0.0457,RENT,EDUCATION,Y,1
28,59100,3.0,8400,7.82,0.1421,10,1.0,0.0111,MORTGAGE,VENTURE,N,0
39,101700,4.2,11300,,0.1111,6,0.2857,0.0141,RENT,DEBTCONSOLIDATION,N,0
43,12000,5.0,17100,17.54,1.425,5,0.2,0.2499,RENT,EDUCATION,N,1
29,83400,7.2,20700,11.06,0.2482,3,0.2727,0.0275,RENT,HOMEIMPROVEMENT,N,0
43,53400,3.1,9900,13.79,0.1854,2,0.08,0.0256,OTHER,VENTURE,N,0
41,51700,11.7,30600,16.87,0.5919,9,0.3913,0.0999,RENT,PERSONAL,N,1
39,23300,4.6,9700,14.15,0.4163,15,0.7143,0.0589,RENT,EDUCATION,N,0
57,29400,7.8,16300,20.11,0.5544,8,0.2051,0.1115,RENT,DEBTCONSOLIDATION,N,1
45,55100,8.7,21500,15.46,0.3902,4,0.1481,0.0603,RENT,VENTURE,N,1
53,50700,8.1,13900,17.33,0.2742,9,0.2571,0.0475,RENT,DEBTCONSOLIDATION,N,0
56,54100,3.7,29900,17.96,0.5527,2,0.0526,0.0993,RENT,EDUCATION,Y,1
33,34700,5.5,23300,21.43,0.6715,4,0.2667,0.1439,RENT,DEBTCONSOLIDATION,N,1
43,77800,1.2,8500,10.88,0.1093,4,0.16,0.0119,MORTGAGE,EDUCATION,N,0
51,93900,23.2,9000,11.87,0.0958,4,0.1212,0.0114,MORTGAGE,EDUCATION,N,0
49,39100,0.4,4500,8.32,0.1151,3,0.0968,0.0096,MORTGAGE,MEDICAL,N,0
35,94500,0.2,13800,11.5,0.146,5,0.2941,0.0168,RENT,VENTURE,N,0
37,167700,6.0,17900,10.54,0.1067,5,0.2632,0.0112,RENT,VENTURE,N,0
51,176300,2.6,26500,8.64,0.1503,11,0.3333,0.013,RENT,PERSONAL,N,0
46,121500,5.8,15500,10.86,0.1276,2,0.0714,0.0139,MORTGAGE,DEBTCONSOLIDATION,Y,0
31,34400,0.8,22200,16.91,0.6453,13,1.0,0.1091,RENT,PERSONAL,Y,1
55,63000,10.6,9700,7.06,0.154,4,0.1081,0.0109,RENT,HOMEIMPROVEMENT,N,0
35,40200,4.1,6300,6.39,0.1567,10,0.5882,0.01,MORTGAGE,HOMEIMPROVEMENT,N,0
37,46800,5.3,11600,12.35,0.2479,5,0.2632,0.0306,RENT,MEDICAL,N,0
40,93600,9.4,5000,9.32,0.0534,15,0.6818,0.005,RENT,EDUCATION,N,0
60,30300,6.1,7400,10.44,0.2442,5,0.119,0.0255,RENT,MEDICAL,N,0
43,84900,0.8,10200,9.79,0.1201,5,0.2,0.0118,OWN,MEDICAL,N,0
53,48100,0.5,18400,15.06,0.3825,4,0.1143,0.0576,RENT,PERSONAL,N,1
59,148000,24.0,18700,14.46,0.1264,5,0.122,0.0183,RENT,DEBTCONSOLIDATION,Y,0
45,133300,3.1,14000,6.65,0.105,7,0.2593,0.007,MORTGAGE,MEDICAL,N,0
39,74300,3.6,16300,13.21,0.2194,5,0.2381,0.029,MORTGAGE,EDUCATION,N,0
35,92700,7.4,4600,8.66,0.0496,6,0.3529,0.0043,OTHER,VENTURE,N,0
45,62600,2.9,12200,6.44,0.1949,8,0.2963,0.0126,RENT,MEDICAL,N,0
43,40300,0.8,5300,10.37,0.1315,8,0.32,0.0136,MORTGAGE,VENTURE,N,0
41,106200,3.8,8000,8.26,0.0753,6,0.2609,0.0062,RENT,VENTURE,N,0
58,59900,2.3,6200,12.17,0.1035,10,0.25,0.0126,RENT,DEBTCONSOLIDATION,N,0
48,31900,6.3,8700,12.57,0.2727,13,0.4333,0.0343,RENT,EDUCATION,N,0
42,62200,24.0,22000,17.17,0.3537,7,0.2917,0.0607,MORTGAGE,DEBTCONSOLIDATION,Y,1
26,98300,2.1,23300,12.84,0.237,8,1.0,0.0304,RENT,PERSONAL,N,0
29,46200,,13200,14.12,0.2857,10,0.9091,0.0403,RENT,EDUCATION,N,0
50,33100,7.1,22300,,0.6737,4,0.125,0.0853,OWN,DEBTCONSOLIDATION,N,1
41,42800,3.3,23200,19.17,0.5421,4,0.1739,0.1039,RENT,EDUCATION,N,0
36,56300,3.5,26400,18.9,0.4689,3,0.1667,0.0886,RENT,EDUCATION,N,1
49,34100,3.9,18400,18.77,0.5396,4,0.129,0.1013,RENT,PERSONAL,N,1
43,86500,,22700,10.53,0.2624,6,0.24,0.0276,RENT,EDUCATION,N,0
39,66400,3.0,6800,10.93,0.1024,10,0.4762,0.0112,RENT,MEDICAL,N,0
55,20200,0.8,28300,19.65,1.401,3,0.0811,0.2753,MORTGAGE,MEDICAL,N,1
39,60800,11.2,4600,8.66,0.0757,8,0.381,0.0066,MORTGAGE,HOMEIMPROVEMENT,N,0
33,28500,7.7,13800,15.66,0.4842,13,0.8667,0.0758,RENT,MEDICAL,N,1
36,33500,0.0,10600,12.52,0.3164,6,0.3333,0.0396,MORTGAGE,EDUCATION,N,0
44,41800,0.6,28900,15.99,0.6914,6,0.2308,0.1106,OWN,EDUCATION,N,1
39,41500,4.8,3800,11.26,0.0916,7,0.3333,0.0103,OWN,PERSONAL,N,0
25,56000,1.1,20000,13.01,0.3571,7,1.0,0.0465,RENT,MEDICAL,N,0
29,51200,3.0,21600,13.99,0.4219,8,0.7273,0.059,RENT,MEDICAL,Y,1
44,250000,6.7,12000,8.92,0.048,3,0.1154,0.0043,MORTGAGE,DEBTCONSOLIDATION,N,0
36,36400,1.3,14900,19.42,0.4093,9,0.5,0.0795,RENT,MEDICAL,Y,1
32,62500,1.0,7900,10.02,0.1264,7,0.5,0.0127,RENT,EDUCATION,N,0
37,66000,4.9,10800,14.78,0.1636,8,0.4211,0.0242,MORTGAGE,EDUCATION,N,0
33,45100,1.0,3400,6.92,0.0754,7,0.4667,0.0052,MORTGAGE,HOMEIMPROVEMENT,N,0
33,24400,0.8,19700,17.4,0.8074,7,0.4667,0.1405,MORTGAGE,VENTURE,N,1
47,52400,0.1,21800,15.77,0.416,7,0.2414,0.0656,RENT,MEDICAL,Y,1
41,31400,0.4,8900,12.49,0.2834,4,0.1739,0.0354,RENT,MEDICAL,N,0
45,91300,2.1,16800,13.13,0.184,4,0.1481,0.0242,RENT,MEDICAL,N,0
46,64500,5.7,8700,10.99,0.1349,2,0.0714,0.0148,RENT,VENTURE,N,0
51,37800,0.5,15700,15.1,0.4153,9,0.2727,0.0627,RENT,VENTURE,Y,1
38,55000,7.9,3600,9.49,0.0655,12,0.6,0.0062,MORTGAGE,MEDICAL,N,0
46,31000,3.1,2000,10.35,0.0645,4,0.1429,0.0067,RENT,VENTURE,N,0
45,50400,5.8,17100,13.65,0.3393,3,0.1111,0.0463,OWN,VENTURE,N,0
42,28100,2.2,21200,19.32,0.7544,4,0.1667,0.1458,RENT,VENTURE,Y,1
53,31800,4.5,28300,21.27,0.8899,9,0.2571,0.1893,MORTGAGE,DEBTCONSOLIDATION,N,1
38,85300,0.8,7100,9.56,0.0832,7,0.35,0.008,RENT,VENTURE,N,0
58,85700,2.5,24200,13.38,0.2824,6,0.15,0.0378,MORTGAGE,VENTURE,N,0
45,50800,4.7,11000,13.38,0.2165,5,0.1852,0.029,OTHER,EDUCATION,N,0
32,63500,6.4,6100,9.59,0.0961,6,0.4286,0.0092,MORTGAGE,VENTURE,N,0
41,68500,8.2,19900,10.36,0.2905,15,0.6522,0.0301,RENT,MEDICAL,N,1
38,44100,2.6,7900,10.1,0.1791,5,0.25,0.0181,MORTGAGE,PERSONAL,Y,1
53,37400,3.3,23200,18.91,0.6203,5,0.1429,0.1173,MORTGAGE,EDUCATION,Y,1
45,33600,1.3,25000,19.14,0.744,5,0.1852,0.1424,RENT,VENTURE,N,1
56,32000,,23000,16.64,0.7188,9,0.2368,0.1196,MORTGAGE,EDUCATION,Y,1
48,36600,1.3,20700,15.99,0.5656,4,0.1333,0.0904,MORTGAGE,PERSONAL,Y,1
42,36600,4.2,9800,15.22,0.2678,8,0.3333,0.0408,MORTGAGE,DEBTCONSOLIDATION,N,0
54,72600,0.3,14800,9.15,0.2039,5,0.1389,0.0187,MORTGAGE,EDUCATION,N,1
56,82000,7.2,22300,10.33,0.272,7,0.1842,0.0281,RENT,EDUCATION,N,1
51,98500,1.1,14600,12.2,0.1482,2,0.0606,0.0181,MORTGAGE,VENTURE,N,1
36,28000,1.2,32600,,1.1643,11,0.6111,0.1474,OWN,EDUCATION,N,0
54,18000,7.5,14500,17.05,0.8056,6,0.1667,0.1374,OWN,PERSONAL,N,1
51,101200,16.6,20500,14.06,0.2026,2,0.0606,0.0285,MORTGAGE,EDUCATION,N,0
56,69600,2.9,5900,7.67,0.0848,3,0.0789,0.0065,RENT,PERSONAL,N,0
52,29100,3.1,3200,,0.11,4,0.1176,0.0139,RENT,VENTURE,N,0
46,83900,6.7,20300,13.68,0.242,8,0.2857,0.0331,OTHER,EDUCATION,N,0
45,37400,6.9,15400,12.22,0.4118,10,0.3704,0.0503,RENT,MEDICAL,Y,0
50,30700,,17700,17.56,0.5765,3,0.0938,0.1012,RENT,EDUCATION,N,0
36,102800,5.0,19900,12.68,0.1936,9,0.5,0.0245,RENT,VENTURE,N,0
37,27200,1.8,15700,18.06,0.5772,8,0.4211,0.1042,RENT,PERSONAL,Y,1
37,68300,2.8,13200,10.55,0.1933,2,0.1053,0.0204,RENT,MEDICAL,N,0
39,97800,8.9,20800,12.33,0.2127,5,0.2381,0.0262,MORTGAGE,VENTURE,N,0
43,125600,3.1,11600,7.9,0.0924,2,0.08,0.0073,RENT,MEDICAL,N,0
40,53200,2.2,14000,14.28,0.2632,7,0.3182,0.0376,RENT,EDUCATION,N,0
44,55500,10.5,14200,12.71,0.2559,7,0.2692,0.0325,RENT,VENTURE,N,0
33,164800,1.1,14400,10.36,0.0874,4,0.2667,0.0091,RENT,DEBTCONSOLIDATION,N,0
51,52600,1.9,32400,23.22,0.616,4,0.1212,0.143,OWN,DEBTCONSOLIDATION,N,1
43,124300,4.6,32100,12.39,0.2582,13,0.52,0.032,MORTGAGE,EDUCATION,N,0
38,103500,2.4,32800,12.4,0.3169,8,0.4,0.0393,OWN,VENTURE,N,0
34,32700,1.8,7500,14.39,0.2294,6,0.375,0.033,MORTGAGE,VENTURE,N,0
41,62500,7.8,18100,16.53,0.2896,7,0.3043,0.0479,MORTGAGE,DEBTCONSOLIDATION,N,1
34,42400,9.4,11700,14.0,0.2759,2,0.125,0.0386,MORTGAGE,MEDICAL,N,0
51,35400,5.6,4500,10.53,0.1271,7,0.2121,0.0134,RENT,MEDICAL,N,0
60,31400,1.1,8400,13.35,0.2675,6,0.1429,0.0357,RENT,VENTURE,N,1
34,26800,2.0,7300,13.12,0.2724,4,0.25,0.0357,RENT,EDUCATION,N,0
45,25600,2.4,22100,15.99,0.8633,5,0.1852,0.138,RENT,EDUCATION,Y,1
38,74400,20.0,11800,9.17,0.1586,5,0.25,0.0145,RENT,EDUCATION,N,0
45,100300,2.5,15700,8.1,0.1565,8,0.2963,0.0127,RENT,MEDICAL,N,0
41,19800,9.5,23100,17.8,1.1667,8,0.3478,0.2077,RENT,EDUCATION,Y,1
50,160000,1.3,5200,7.76,0.0325,7,0.2188,0.0025,RENT,MEDICAL,N,0
41,47500,3.7,13800,10.68,0.2905,5,0.2174,0.031,MORTGAGE,EDUCATION,N,1
39,38700,3.6,5800,14.9,0.1499,6,0.2857,0.0223,RENT,VENTURE,N,0
35,39000,3.0,21900,18.3,0.5615,4,0.2353,0.1028,OWN,EDUCATION,N,0
59,32700,10.1,14500,16.41,0.4434,3,0.0732,0.0728,RENT,HOMEIMPROVEMENT,N,0
47,53700,2.4,7000,8.66,0.1304,4,0.1379,0.0113,MORTGAGE,VENTURE,N,0
41,65900,3.3,6100,7.87,0.0926,3,0.1304,0.0073,OWN,PERSONAL,N,0
60,56600,1.9,9500,8.7,0.1678,6,0.1429,0.0146,MORTGAGE,MEDICAL,N,0
52,104600,5.3,24700,10.58,0.2361,3,0.0882,0.025,RENT,MEDICAL,N,0
35,64100,2.0,24900,,0.3885,10,0.5882,0.0492,RENT,MEDICAL,N,1
44,58500,3.5,8200,9.21,0.1402,3,0.1154,0.0129,OWN,VENTURE,N,0
42,35600,3.4,14200,16.81,0.3989,5,0.2083,0.0671,RENT,VENTURE,N,1
46,63100,1.7,24900,13.84,0.3946,15,0.5357,0.0546,MORTGAGE,MEDICAL,N,1
36,52000,0.2,3900,9.47,0.075,5,0.2778,0.0071,RENT,PERSONAL,N,0
35,85700,10.4,9400,5.68,0.1097,8,0.4706,0.0062,MORTGAGE,PERSONAL,Y,0
40,99000,1.5,4900,8.73,0.0495,5,0.2273,0.0043,RENT,EDUCATION,N,0
50,99100,,17800,11.37,0.1796,6,0.1875,0.0204,MORTGAGE,MEDICAL,N,0
35,56800,10.8,10800,12.66,0.1901,5,0.2941,0.0241,RENT,MEDICAL,N,1
45,32100,2.9,5900,10.06,0.1838,4,0.1481,0.0185,RENT,EDUCATION,N,1
63,36200,1.8,15700,15.75,0.4337,12,0.2667,0.0683,RENT,VENTURE,N,1
68,53700,4.8,18700,11.37,0.3482,11,0.22,0.0396,RENT,PERSONAL,Y,0
45,76500,1.3,15000,8.77,0.1961,6,0.2222,0.0172,RENT,MEDICAL,Y,0
53,48600,2.3,9900,14.59,0.2037,8,0.2286,0.0297,RENT,DEBTCONSOLIDATION,N,0
38,56900,0.7,22500,14.34,0.3954,4,0.2,0.0567,RENT,MEDICAL,N,0
37,69000,2.7,13700,13.72,0.1986,4,0.2105,0.0272,MORTGAGE,DEBTCONSOLIDATION,Y,1
39,43000,13.5,5400,5.92,0.1256,4,0.1905,0.0074,RENT,EDUCATION,N,0
34,74900,3.1,6800,,0.0908,13,0.8125,0.0115,MORTGAGE,MEDICAL,N,0
45,84000,1.0,7800,9.58,0.0929,3,0.1111,0.0089,OWN,MEDICAL,N,0
46,20400,1.6,4400,10.41,0.2157,6,0.2143,0.0225,RENT,MEDICAL,N,0
40,61100,1.3,10600,9.28,0.1735,6,0.2727,0.0161,MORTGAGE,HOMEIMPROVEMENT,N,0
48,72200,7.1,22300,14.66,0.3089,11,0.3667,0.0453,RENT,MEDICAL,N,1
40,19400,2.2,12000,17.24,0.6186,4,0.1818,0.1066,OWN,MEDICAL,N,0
43,43500,3.0,2400,8.71,0.0552,2,0.08,0.0048,OWN,HOMEIMPROVEMENT,N,0
38,17900,1.2,27200,22.47,1.5196,15,0.75,0.3415,RENT,VENTURE,N,1
56,84900,6.4,13700,8.2,0.1614,4,0.1053,0.0132,OWN,PERSONAL,N,0
45,20100,4.1,24400,21.42,1.2139,8,0.2963,0.26,MORTGAGE,VENTURE,Y,1
44,70200,9.7,20600,13.68,0.2934,6,0.2308,0.0401,RENT,MEDICAL,Y,0
70,117700,1.4,16500,10.72,0.1402,6,0.1154,0.015,RENT,DEBTCONSOLIDATION,N,0
40,36000,5.9,22200,15.28,0.6167,7,0.3182,0.0942,OTHER,VENTURE,N,0
49,83000,7.2,22800,12.23,0.2747,7,0.2258,0.0336,MORTGAGE,PERSONAL,N,0
45,28000,0.8,5600,12.39,0.2,2,0.0741,0.0248,RENT,HOMEIMPROVEMENT,N,0
68,35800,1.5,24500,21.54,0.6844,14,0.28,0.1474,RENT,PERSONAL,Y,1
39,59000,3.1,11000,14.05,0.1864,6,0.2857,0.0262,RENT,PERSONAL,N,0
57,39300,10.4,8000,13.12,0.2036,3,0.0769,0.0267,RENT,VENTURE,N,0
62,64400,4.8,8300,10.02,0.1289,15,0.3409,0.0129,RENT,EDUCATION,N,0
48,102400,10.3,20500,10.69,0.2002,13,0.4333,0.0214,MORTGAGE,MEDICAL,N,0
41,115500,3.5,13100,9.77,0.1134,10,0.4348,0.0111,MORTGAGE,EDUCATION,N,0
57,49200,7.3,18400,18.94,0.374,10,0.2564,0.0708,RENT,DEBTCONSOLIDATION,N,0
55,105600,0.8,7300,11.89,0.0691,2,0.0541,0.0082,MORTGAGE,DEBTCONSOLIDATION,N,0
46,88500,8.0,22400,12.04,0.2531,5,0.1786,0.0305,RENT,DEBTCONSOLIDATION,N,0
40,95100,0.4,23800,16.55,0.2503,3,0.1364,0.0414,MORTGAGE,VENTURE,N,1
64,25100,5.5,13800,20.11,0.5498,3,0.0652,0.1106,RENT,DEBTCONSOLIDATION,Y,1
66,25600,1.7,8900,14.7,0.3477,7,0.1458,0.0511,MORTGAGE,MEDICAL,N,0
39,30600,5.7,21600,17.63,0.7059,14,0.6667,0.1245,MORTGAGE,EDUCATION,Y,1
35,21600,12.1,18000,19.25,0.8333,3,0.1765,0.1604,OWN,VENTURE,Y,0
42,83300,1.6,26300,11.46,0.3157,3,0.125,0.0362,RENT,EDUCATION,N,0
31,159900,6.1,9900,9.89,0.0619,2,0.1538,0.0061,OWN,HOMEIMPROVEMENT,N,0
51,70000,17.7,17600,12.26,0.2514,6,0.1818,0.0308,RENT,EDUCATION,N,0
47,32600,11.6,9700,15.15,0.2975,6,0.2069,0.0451,MORTGAGE,PERSONAL,N,1
53,20900,2.1,5400,10.87,0.2584,20,0.5714,0.0281,OWN,DEBTCONSOLIDATION,N,0
45,61900,0.1,14400,12.8,0.2326,4,0.1481,0.0298,MORTGAGE,EDUCATION,N,0
62,22000,2.7,10800,,0.4909,6,0.1364,0.0621,MORTGAGE,EDUCATION,Y,0
45,65000,4.8,8900,9.65,0.1369,2,0.0741,0.0132,RENT,MEDICAL,N,0
33,46600,4.6,14600,15.05,0.3133,4,0.2667,0.0472,MORTGAGE,PERSONAL,N,0
39,43500,0.8,22300,15.58,0.5126,7,0.3333,0.0799,RENT,EDUCATION,N,1
33,70300,1.4,8900,11.4,0.1266,15,1.0,0.0144,MORTGAGE,PERSONAL,N,0
43,69700,9.8,24500,10.47,0.3515,4,0.16,0.0368,MORTGAGE,PERSONAL,N,0
49,74800,4.1,18600,16.69,0.2487,6,0.1935,0.0415,MORTGAGE,VENTURE,N,0
54,30000,0.9,5300,11.18,0.1767,11,0.3056,0.0198,OTHER,HOMEIMPROVEMENT,N,0
50,42800,1.1,11100,14.49,0.2593,2,0.0625,0.0376,RENT,DEBTCONSOLIDATION,N,1
43,62800,2.2,24400,17.13,0.3885,11,0.44,0.0666,OTHER,EDUCATION,Y,0
37,44900,10.4,17900,16.0,0.3987,7,0.3684,0.0638,RENT,MEDICAL,N,1
39,102200,,16200,,0.1585,5,0.2381,0.0201,MORTGAGE,EDUCATION,N,0
34,52900,2.2,26600,13.62,0.5028,6,0.375,0.0685,RENT,HOMEIMPROVEMENT,N,0
36,48700,4.5,11000,13.98,0.2259,4,0.2222,0.0316,RENT,EDUCATION,N,0
50,48400,5.1,13000,14.28,0.2686,3,0.0938,0.0384,RENT,DEBTCONSOLIDATION,N,1
40,138500,3.4,21400,8.63,0.1545,5,0.2273,0.0133,RENT,PERSONAL,N,0
59,66800,3.1,18700,12.92,0.2799,9,0.2195,0.0362,MORTGAGE,PERSONAL,N,0
56,22700,4.9,17800,20.91,0.7841,3,0.0789,0.164,RENT,HOMEIMPROVEMENT,N,1
47,94500,,12700,,0.1344,5,0.1724,0.017,OWN,EDUCATION,N,0
39,25600,5.3,11600,14.37,0.4531,6,0.2857,0.0651,OWN,MEDICAL,N,0
40,40800,4.2,14900,13.97,0.3652,7,0.3182,0.051,MORTGAGE,HOMEIMPROVEMENT,N,0
30,162600,0.7,14900,9.19,0.0916,2,0.1667,0.0084,RENT,EDUCATION,N,0
42,48200,3.5,11000,9.92,0.2282,7,0.2917,0.0226,MORTGAGE,MEDICAL,N,0
32,69400,,22200,16.81,0.3199,2,0.1429,0.0538,MORTGAGE,DEBTCONSOLIDATION,N,0
50,68900,14.7,21000,14.32,0.3048,4,0.125,0.0436,MORTGAGE,DEBTCONSOLIDATION,N,0
28,47300,9.1,5600,8.44,0.1184,3,0.3,0.01,MORTGAGE,EDUCATION,N,0
33,40600,4.6,7700,13.03,0.1897,6,0.4,0.0247,RENT,VENTURE,N,0
58,41200,5.3,32800,,0.7961,5,0.125,0.1008,RENT,DEBTCONSOLIDATION,N,1
48,74700,8.0,13300,9.2,0.178,3,0.1,0.0164,RENT,VENTURE,N,0
50,35100,4.0,5300,,0.151,4,0.125,0.0191,RENT,MEDICAL,Y,0
69,78000,5.6,9300,12.12,0.1192,9,0.1765,0.0144,RENT,EDUCATION,N,0
45,51700,0.8,21900,16.71,0.4236,8,0.2963,0.0708,RENT,DEBTCONSOLIDATION,Y,1
30,29000,10.0,7500,11.02,0.2586,5,0.4167,0.0285,MORTGAGE,EDUCATION,N,0
67,64600,0.2,18000,14.83,0.2786,5,0.102,0.0413,MORTGAGE,EDUCATION,N,0
32,52200,0.9,20700,16.75,0.3966,12,0.8571,0.0664,RENT,EDUCATION,N,0
51,49500,1.4,18800,16.47,0.3798,9,0.2727,0.0626,RENT,EDUCATION,N,0
42,52900,,30300,16.66,0.5728,4,0.1667,0.0954,OTHER,MEDICAL,N,0
45,34500,0.9,31300,18.55,0.9072,4,0.1481,0.1683,OWN,MEDICAL,Y,1
35,242600,4.1,21600,12.56,0.089,4,0.2353,0.0112,MORTGAGE,MEDICAL,N,0
40,135300,1.5,14100,,0.1042,6,0.2727,0.0132,RENT,HOMEIMPROVEMENT,N,0
40,99200,3.0,8200,,0.0827,11,0.5,0.0105,MORTGAGE,MEDICAL,N,0
42,90400,1.4,28000,11.3,0.3097,5,0.2083,0.035,MORTGAGE,EDUCATION,Y,0
41,38000,4.4,18700,18.13,0.4921,10,0.4348,0.0892,OWN,VENTURE,N,0
46,43500,2.4,7900,15.28,0.1816,4,0.1429,0.0277,MORTGAGE,VENTURE,N,0
56,42300,2.3,20300,13.44,0.4799,14,0.3684,0.0645,RENT,HOMEIMPROVEMENT,Y,1
45,74600,4.7,10700,12.72,0.1434,5,0.1852,0.0182,MORTGAGE,VENTURE,N,0
48,62400,1.9,24300,16.2,0.3894,4,0.1333,0.0631,RENT,HOMEIMPROVEMENT,N,1
45,48400,4.6,7500,8.99,0.155,10,0.3704,0.0139,RENT,MEDICAL,Y,0
34,121900,1.7,14200,6.9,0.1165,6,0.375,0.008,RENT,MEDICAL,Y,0
55,129400,4.7,7700,10.29,0.0595,5,0.1351,0.0061,RENT,EDUCATION,N,0
44,28900,0.6,23600,19.16,0.8166,4,0.1538,0.1565,MORTGAGE,PERSONAL,Y,1
51,30100,2.1,14100,16.02,0.4684,8,0.2424,0.075,MORTGAGE,EDUCATION,N,1
54,34400,0.7,5500,13.38,0.1599,8,0.2222,0.0214,MORTGAGE,PERSONAL,N,0
36,97400,2.7,4600,8.05,0.0472,8,0.4444,0.0038,MORTGAGE,EDUCATION,N,0
37,77500,6.1,10900,6.71,0.1406,4,0.2105,0.0094,MORTGAGE,PERSONAL,N,0
54,102400,,28300,16.03,0.2764,15,0.4167,0.0443,MORTGAGE,DEBTCONSOLIDATION,N,0
42,42700,3.6,5100,11.29,0.1194,4,0.1667,0.0135,RENT,DEBTCONSOLIDATION,N,1
36,29800,7.6,5800,9.53,0.1946,6,0.3333,0.0185,RENT,EDUCATION,N,1
48,144500,5.6,18700,11.35,0.1294,6,0.2,0.0147,MORTGAGE,EDUCATION,N,0
56,32300,4.7,24100,17.94,0.7461,3,0.0789,0.1339,RENT,EDUCATION,Y,1
35,53200,8.2,25600,16.39,0.4812,3,0.1765,0.0789,RENT,VENTURE,N,1
55,60300,5.1,20000,15.91,0.3317,5,0.1351,0.0528,RENT,VENTURE,N,0
37,17200,11.4,7200,15.75,0.4186,9,0.4737,0.0659,RENT,PERSONAL,N,0
37,63800,19.0,5200,9.66,0.0815,3,0.1579,0.0079,MORTGAGE,EDUCATION,N,0
39,40400,0.2,8700,11.56,0.2153,7,0.3333,0.0249,MORTGAGE,VENTURE,N,0
38,38100,13.3,5500,10.39,0.1444,12,0.6,0.015,RENT,MEDICAL,N,0
39,63600,,13900,,0.2186,6,0.2857,0.0277,MORTGAGE,PERSONAL,N,0
39,132600,7.0,4600,7.56,0.0347,3,0.1429,0.0026,MORTGAGE,DEBTCONSOLIDATION,N,0
40,30000,2.6,14200,20.58,0.4733,11,0.5,0.0974,MORTGAGE,DEBTCONSOLIDATION,N,1
43,30700,14.4,10700,7.76,0.3485,6,0.24,0.027,MORTGAGE,MEDICAL,N,1
33,32500,6.0,27500,20.43,0.8462,8,0.5333,0.1729,MORTGAGE,VENTURE,Y,1
43,50300,0.2,6600,11.9,0.1312,6,0.24,0.0156,RENT,EDUCATION,N,0
33,63600,2.8,11700,,0.184,8,0.5333,0.0233,RENT,MEDICAL,N,0
50,50300,4.1,15200,11.67,0.3022,3,0.0938,0.0353,RENT,HOMEIMPROVEMENT,N,0
37,82200,3.7,16700,9.77,0.2032,3,0.1579,0.0199,OWN,EDUCATION,N,0
34,55900,9.7,11700,15.14,0.2093,9,0.5625,0.0317,OWN,MEDICAL,N,0
39,127100,8.8,5000,10.01,0.0393,9,0.4286,0.0039,RENT,HOMEIMPROVEMENT,N,0
45,51200,2.6,29400,16.25,0.5742,9,0.3333,0.0933,RENT,MEDICAL,Y,1
37,43300,3.1,5500,11.45,0.127,10,0.5263,0.0145,MORTGAGE,MEDICAL,N,0
39,81000,6.9,4900,,0.0605,2,0.0952,0.0077,OWN,HOMEIMPROVEMENT,N,0
32,81800,3.0,22800,10.1,0.2787,9,0.6429,0.0281,RENT,PERSONAL,N,0
44,122500,2.7,9400,12.33,0.0767,13,0.5,0.0095,RENT,VENTURE,N,0
35,87900,17.0,16900,7.91,0.1923,4,0.2353,0.0152,RENT,MEDICAL,N,0
53,87700,12.9,15500,13.03,0.1767,5,0.1429,0.023,RENT,EDUCATION,Y,0
58,63600,9.9,15200,10.73,0.239,2,0.05,0.0256,MORTGAGE,EDUCATION,N,0
38,22400,5.3,22300,18.87,0.9955,11,0.55,0.1879,OWN,EDUCATION,Y,1
39,29200,4.5,25500,19.96,0.8733,2,0.0952,0.1743,MORTGAGE,VENTURE,Y,1
41,29700,14.5,14400,13.06,0.4848,10,0.4348,0.0633,RENT,EDUCATION,N,0
47,89300,9.6,8500,7.94,0.0952,14,0.4828,0.0076,MORTGAGE,MEDICAL,N,0
55,57700,0.8,23300,17.23,0.4038,12,0.3243,0.0696,MORTGAGE,VENTURE,N,0
54,245300,5.0,23400,11.39,0.0954,2,0.0556,0.0109,RENT,MEDICAL,N,0
43,64200,12.5,16500,11.69,0.257,10,0.4,0.03,OWN,DEBTCONSOLIDATION,N,0
60,61000,9.4,24700,16.83,0.4049,3,0.0714,0.0681,MORTGAGE,HOMEIMPROVEMENT,N,0
45,80400,9.5,14900,9.58,0.1853,5,0.1852,0.0178,OWN,EDUCATION,N,0
58,74600,14.4,6500,8.42,0.0871,10,0.25,0.0073,RENT,VENTURE,N,0
46,57300,13.5,15500,15.4,0.2705,10,0.3571,0.0417,RENT,VENTURE,Y,0
39,42100,11.1,12400,12.4,0.2945,5,0.2381,0.0365,MORTGAGE,EDUCATION,N,0
46,66700,4.3,7200,8.45,0.1079,28,1.0,0.0091,MORTGAGE,PERSONAL,N,0
55,71000,1.6,5700,9.86,0.0803,5,0.1351,0.0079,MORTGAGE,PERSONAL,N,0
44,43000,10.2,7400,12.66,0.1721,2,0.0769,0.0218,RENT,MEDICAL,N,0
53,23600,0.8,16600,18.5,0.7034,5,0.1429,0.1301,MORTGAGE,MEDICAL,Y,1
34,58000,3.2,6900,10.7,0.119,5,0.3125,0.0127,RENT,PERSONAL,N,0
41,43400,0.4,4100,8.96,0.0945,10,0.4348,0.0085,RENT,VENTURE,N,0
48,58700,2.6,17900,,0.3049,3,0.1,0.0386,MORTGAGE,HOMEIMPROVEMENT,N,0
50,82900,11.0,15500,12.79,0.187,6,0.1875,0.0239,RENT,DEBTCONSOLIDATION,N,0
63,79100,1.0,22300,11.01,0.2819,4,0.0889,0.031,RENT,MEDICAL,N,0
46,36600,5.7,15400,13.0,0.4208,3,0.1071,0.0547,RENT,HOMEIMPROVEMENT,N,0
42,29900,3.0,14000,18.7,0.4682,4,0.1667,0.0876,OWN,EDUCATION,N,0
48,82600,5.6,6100,11.18,0.0738,6,0.2,0.0083,MORTGAGE,EDUCATION,N,0
37,66900,2.1,17200,,0.2571,13,0.6842,0.0325,MORTGAGE,PERSONAL,N,0
46,48600,2.2,23900,14.91,0.4918,5,0.1786,0.0733,RENT,DEBTCONSOLIDATION,N,0
35,12000,2.6,33200,,2.7667,7,0.4118,0.3503,RENT,VENTURE,Y,1
40,102100,0.5,22800,9.23,0.2233,2,0.0909,0.0206,MORTGAGE,VENTURE,N,0
59,61800,0.8,9200,12.26,0.1489,3,0.0732,0.0183,RENT,MEDICAL,N,0
33,90600,8.9,24200,10.79,0.2671,5,0.3333,0.0288,RENT,MEDICAL,N,0
57,46300,7.8,27900,21.04,0.6026,10,0.2564,0.1268,RENT,MEDICAL,N,1
50,138300,,4500,6.61,0.0325,3,0.0938,0.0021,MORTGAGE,EDUCATION,N,0
47,99600,1.9,16100,8.09,0.1616,7,0.2414,0.0131,MORTGAGE,EDUCATION,N,0
57,121700,0.2,19100,8.19,0.1569,8,0.2051,0.0129,RENT,MEDICAL,N,0
39,50400,3.6,27200,16.74,0.5397,6,0.2857,0.0903,RENT,DEBTCONSOLIDATION,Y,1
37,27800,7.7,3300,11.05,0.1187,4,0.2105,0.0131,MORTGAGE,VENTURE,N,0
49,85900,0.9,22600,12.85,0.2631,11,0.3548,0.0338,MORTGAGE,MEDICAL,N,0
58,31600,7.6,6800,14.48,0.2152,9,0.225,0.0312,MORTGAGE,VENTURE,N,0
39,30500,2.5,18900,,0.6197,4,0.1905,0.0785,RENT,VENTURE,Y,1
46,30200,4.4,30500,17.87,1.0099,11,0.3929,0.1805,RENT,EDUCATION,N,1
36,56900,10.4,11500,8.34,0.2021,4,0.2222,0.0169,RENT,MEDICAL,N,0
33,84400,,4300,7.87,0.0509,4,0.2667,0.004,RENT,HOMEIMPROVEMENT,N,0
55,141500,11.9,14500,10.12,0.1025,5,0.1351,0.0104,MORTGAGE,VENTURE,N,0
41,114500,7.6,10200,12.15,0.0891,8,0.3478,0.0108,RENT,DEBTCONSOLIDATION,N,0
35,24700,0.6,12000,15.24,0.4858,5,0.2941,0.074,RENT,EDUCATION,Y,1
31,96300,0.1,13000,10.56,0.135,2,0.1538,0.0143,MORTGAGE,EDUCATION,N,0
37,70200,4.0,3300,8.19,0.047,8,0.4211,0.0038,RENT,DEBTCONSOLIDATION,N,0
34,56100,0.4,8900,8.2,0.1586,10,0.625,0.013,RENT,HOMEIMPROVEMENT,Y,0
48,41600,9.9,21600,17.23,0.5192,7,0.2333,0.0895,OWN,PERSONAL,N,0
45,53600,10.5,21600,16.15,0.403,4,0.1481,0.0651,RENT,MEDICAL,Y,1
41,150300,4.6,30700,13.38,0.2043,4,0.1739,0.0273,OWN,MEDICAL,N,0
50,74500,10.3,31300,16.98,0.4201,6,0.1875,0.0713,MORTGAGE,DEBTCONSOLIDATION,N,0
63,39600,4.2,10100,13.6,0.2551,8,0.1778,0.0347,RENT,VENTURE,Y,1
57,26000,,24100,18.43,0.9269,8,0.2051,0.1708,RENT,EDUCATION,Y,1
35,56200,,25700,14.45,0.4573,5,0.2941,0.0661,OWN,MEDICAL,Y,1
37,83900,11.6,16900,12.76,0.2014,4,0.2105,0.0257,OWN,DEBTCONSOLIDATION,N,0
40,45000,0.4,5900,9.62,0.1311,8,0.3636,0.0126,RENT,DEBTCONSOLIDATION,N,0
56,20000,9.4,20200,19.89,1.01,9,0.2368,0.2009,RENT,VENTURE,Y,1
47,43800,13.6,8900,11.81,0.2032,3,0.1034,0.024,MORTGAGE,VENTURE,N,0
27,58400,4.0,28900,16.32,0.4949,9,1.0,0.0808,MORTGAGE,MEDICAL,N,0
31,112100,3.4,8900,8.72,0.0794,13,1.0,0.0069,RENT,HOMEIMPROVEMENT,N,0
43,25500,6.0,10000,13.82,0.3922,5,0.2,0.0542,MORTGAGE,VENTURE,Y,0
60,87700,2.0,12100,13.58,0.138,7,0.1667,0.0187,RENT,VENTURE,N,0
42,50500,1.6,16900,12.67,0.3347,3,0.125,0.0424,RENT,EDUCATION,N,0
27,83300,0.9,23100,9.46,0.2773,7,0.7778,0.0262,RENT,MEDICAL,N,0
40,32600,0.5,10100,10.27,0.3098,6,0.2727,0.0318,MORTGAGE,EDUCATION,N,0
46,62600,7.6,15000,9.63,0.2396,5,0.1786,0.0231,RENT,EDUCATION,N,0
47,22200,0.4,6500,13.54,0.2928,2,0.069,0.0396,MORTGAGE,VENTURE,N,0
40,51700,12.9,15000,13.47,0.2901,6,0.2727,0.0391,OWN,VENTURE,Y,1
46,52300,7.7,7500,8.45,0.1434,2,0.0714,0.0121,MORTGAGE,VENTURE,N,0
38,34200,1.3,9700,14.04,0.2836,7,0.35,0.0398,RENT,MEDICAL,Y,0
64,45600,3.6,13700,14.59,0.3004,6,0.1304,0.0438,OWN,MEDICAL,Y,0
58,78800,1.7,15400,13.0,0.1954,8,0.2,0.0254,RENT,HOMEIMPROVEMENT,N,0
47,33200,0.5,7900,10.34,0.238,9,0.3103,0.0246,MORTGAGE,PERSONAL,N,0
51,58500,2.8,13300,7.81,0.2274,3,0.0909,0.0178,MORTGAGE,MEDICAL,N,0
47,52800,7.2,25500,16.09,0.483,6,0.2069,0.0777,MORTGAGE,PERSONAL,N,1
59,66800,4.6,15900,12.23,0.238,5,0.122,0.0291,MORTGAGE,EDUCATION,N,1
35,43200,7.4,6000,10.39,0.1389,5,0.2941,0.0144,MORTGAGE,HOMEIMPROVEMENT,N,0
42,55900,7.6,28400,15.76,0.5081,12,0.5,0.0801,RENT,MEDICAL,N,0
40,68500,4.2,16600,12.56,0.2423,8,0.3636,0.0304,OWN,EDUCATION,N,0
32,36900,5.7,16000,12.53,0.4336,14,1.0,0.0543,RENT,VENTURE,N,1
34,36200,6.3,9000,14.05,0.2486,8,0.5,0.0349,MORTGAGE,VENTURE,N,0
36,31200,1.6,19400,,0.6218,6,0.3333,0.0787,RENT,HOMEIMPROVEMENT,Y,0
46,46200,1.5,27200,19.93,0.5887,5,0.1786,0.1173,OWN,VENTURE,N,0
33,28700,1.8,8400,14.55,0.2927,6,0.4,0.0426,RENT,EDUCATION,Y,1
37,24600,8.6,10300,16.12,0.4187,13,0.6842,0.0675,RENT,EDUCATION,Y,1
38,29100,0.4,7100,9.87,0.244,6,0.3,0.0241,RENT,EDUCATION,N,0
47,41600,20.6,7900,12.12,0.1899,7,0.2414,0.023,RENT,PERSONAL,N,0
38,49700,,25000,17.29,0.503,7,0.35,0.087,MORTGAGE,PERSONAL,Y,1
44,82400,3.2,22100,16.2,0.2682,4,0.1538,0.0434,MORTGAGE,DEBTCONSOLIDATION,N,0
52,33200,0.3,21900,17.03,0.6596,13,0.3824,0.1123,OWN,EDUCATION,N,0
45,44200,7.5,12200,7.88,0.276,4,0.1481,0.0217,OTHER,PERSONAL,N,0
43,59500,1.8,14100,13.98,0.237,9,0.36,0.0331,MORTGAGE,VENTURE,N,0
61,67000,6.9,10000,9.53,0.1493,2,0.0465,0.0142,OWN,PERSONAL,N,0
25,44600,7.0,10400,11.45,0.2332,2,0.2857,0.0267,RENT,EDUCATION,N,0
50,68000,0.2,21300,,0.3132,5,0.1562,0.0397,RENT,MEDICAL,N,0
55,67600,1.2,4800,11.34,0.071,6,0.1622,0.0081,MORTGAGE,EDUCATION,N,0
41,39500,0.8,6200,10.06,0.157,3,0.1304,0.0158,RENT,MEDICAL,N,0
43,58000,0.4,15200,,0.2621,3,0.12,0.0332,OWN,PERSONAL,N,0
43,148900,3.8,14600,10.86,0.0981,4,0.16,0.0107,MORTGAGE,VENTURE,N,0
57,56200,3.0,14900,12.77,0.2651,6,0.1538,0.0339,MORTGAGE,VENTURE,N,0
39,48400,0.2,15400,11.66,0.3182,6,0.2857,0.0371,RENT,DEBTCONSOLIDATION,N,1
51,112400,11.0,25600,9.14,0.2278,3,0.0909,0.0208,RENT,EDUCATION,N,0
28,87600,0.0,27400,15.04,0.3128,6,0.6,0.047,MORTGAGE,MEDICAL,N,0
47,41000,2.0,25700,,0.6268,4,0.1379,0.0794,RENT,DEBTCONSOLIDATION,Y,1
51,51500,14.9,23300,18.6,0.4524,20,0.6061,0.0841,RENT,HOMEIMPROVEMENT,Y,1
43,37100,0.9,14100,,0.3801,7,0.28,0.0481,RENT,DEBTCONSOLIDATION,Y,1
48,37400,2.6,13200,15.01,0.3529,9,0.3,0.053,MORTGAGE,VENTURE,N,0
58,76500,8.0,21100,13.8,0.2758,4,0.1,0.0381,RENT,EDUCATION,N,0
43,105900,4.1,18300,13.81,0.1728,3,0.12,0.0239,MORTGAGE,EDUCATION,N,0
47,43200,3.8,15700,17.09,0.3634,11,0.3793,0.0621,MORTGAGE,MEDICAL,Y,0
33,45200,3.7,32700,19.95,0.7235,5,0.3333,0.1443,MORTGAGE,MEDICAL,Y,1
47,36900,10.1,2700,10.62,0.0732,18,0.6207,0.0078,RENT,EDUCATION,N,0
64,56300,1.9,23800,,0.4227,6,0.1304,0.0535,MORTGAGE,MEDICAL,N,0
37,51200,2.9,28400,,0.5547,5,0.2632,0.0702,RENT,PERSONAL,Y,0
46,41600,1.6,24900,15.84,0.5986,12,0.4286,0.0948,RENT,EDUCATION,N,1
28,39300,10.0,21900,19.42,0.5573,8,0.8,0.1082,RENT,EDUCATION,Y,1
38,42100,7.9,11400,12.76,0.2708,9,0.45,0.0346,OWN,EDUCATION,N,0
37,81000,1.7,14200,7.74,0.1753,5,0.2632,0.0136,MORTGAGE,MEDICAL,N,0
31,57300,8.5,12500,13.12,0.2182,2,0.1538,0.0286,RENT,MEDICAL,N,0
56,31500,5.3,10200,14.38,0.3238,9,0.2368,0.0466,RENT,VENTURE,Y,1
37,139700,11.5,12000,8.8,0.0859,4,0.2105,0.0076,RENT,PERSONAL,N,0
44,34500,5.5,13100,,0.3797,6,0.2308,0.0481,RENT,MEDICAL,Y,1
30,110000,2.0,14300,8.75,0.13,4,0.3333,0.0114,MORTGAGE,MEDICAL,N,0
35,51400,5.6,10500,9.38,0.2043,6,0.3529,0.0192,MORTGAGE,PERSONAL,N,0
39,30300,6.9,26700,17.17,0.8812,12,0.5714,0.1513,RENT,PERSONAL,N,1
38,34900,6.5,8600,15.49,0.2464,3,0.15,0.0382,RENT,DEBTCONSOLIDATION,Y,0
63,18400,1.9,8500,15.83,0.462,5,0.1111,0.0731,OWN,MEDICAL,Y,1
51,37400,1.4,17300,15.32,0.4626,4,0.1212,0.0709,RENT,VENTURE,N,1
51,23000,14.7,21900,18.97,0.9522,6,0.1818,0.1806,MORTGAGE,PERSONAL,N,1
35,22800,5.9,15500,20.12,0.6798,5,0.2941,0.1368,RENT,HOMEIMPROVEMENT,Y,1
45,60600,3.7,16100,11.47,0.2657,4,0.1481,0.0305,MORTGAGE,MEDICAL,N,0
35,77400,5.3,7600,11.71,0.0982,9,0.5294,0.0115,RENT,EDUCATION,N,0
34,38200,5.5,6300,,0.1649,6,0.375,0.0209,RENT,DEBTCONSOLIDATION,N,0
48,59900,2.1,11100,13.43,0.1853,15,0.5,0.0249,MORTGAGE,PERSONAL,N,0
47,31900,6.7,9200,,0.2884,2,0.069,0.0365,RENT,MEDICAL,N,0
53,43800,1.3,25400,16.25,0.5799,2,0.0571,0.0942,RENT,HOMEIMPROVEMENT,Y,1
38,62300,17.9,8700,10.79,0.1396,8,0.4,0.0151,MORTGAGE,PERSONAL,N,0
41,31500,3.9,26700,20.27,0.8476,7,0.3043,0.1718,MORTGAGE,DEBTCONSOLIDATION,N,1
51,98700,0.1,19100,12.0,0.1935,4,0.1212,0.0232,MORTGAGE,VENTURE,N,0
54,37700,7.6,8500,11.56,0.2255,6,0.1667,0.0261,RENT,MEDICAL,N,0
40,95300,1.6,12200,12.95,0.128,7,0.3182,0.0166,MORTGAGE,DEBTCONSOLIDATION,N,0
39,64100,3.8,6100,8.33,0.0952,13,0.619,0.0079,RENT,EDUCATION,Y,0
60,40600,3.0,5400,11.71,0.133,2,0.0476,0.0156,MORTGAGE,VENTURE,N,0
42,52300,2.4,30300,16.19,0.5793,3,0.125,0.0938,RENT,EDUCATION,Y,1
61,42100,5.2,13800,11.9,0.3278,4,0.093,0.039,RENT,PERSONAL,N,0
43,16000,22.3,18000,20.9,1.125,2,0.08,0.2351,RENT,PERSONAL,Y,1
37,99200,,6000,5.65,0.0605,10,0.5263,0.0034,RENT,MEDICAL,N,0
31,72100,3.4,11500,9.96,0.1595,10,0.7692,0.0159,RENT,VENTURE,N,0
37,31100,3.4,13000,16.53,0.418,5,0.2632,0.0691,RENT,EDUCATION,N,0
48,78700,3.9,14900,11.02,0.1893,2,0.0667,0.0209,MORTGAGE,EDUCATION,N,0
48,50300,6.0,16900,13.24,0.336,8,0.2667,0.0445,MORTGAGE,PERSONAL,N,0
37,97800,7.3,31200,14.12,0.319,4,0.2105,0.045,RENT,PERSONAL,N,0
44,96600,0.4,7500,10.26,0.0776,5,0.1923,0.008,MORTGAGE,HOMEIMPROVEMENT,N,0
55,23100,15.4,9500,14.73,0.4113,9,0.2432,0.0606,RENT,EDUCATION,Y,0
37,49500,3.0,12800,15.45,0.2586,2,0.1053,0.04,RENT,DEBTCONSOLIDATION,Y,1
26,217000,4.6,14200,8.81,0.0654,6,0.75,0.0058,OWN,VENTURE,N,0
38,59500,2.8,21600,13.97,0.363,9,0.45,0.0507,OWN,EDUCATION,N,0
53,40700,10.3,11600,11.54,0.285,15,0.4286,0.0329,RENT,MEDICAL,N,0
36,47900,1.4,22200,17.94,0.4635,3,0.1667,0.0832,MORTGAGE,DEBTCONSOLIDATION,N,0
46,103600,0.1,11800,,0.1139,7,0.25,0.0144,RENT,MEDICAL,N,0
64,158400,1.0,19300,11.1,0.1218,8,0.1739,0.0135,MORTGAGE,EDUCATION,N,0
43,28700,5.3,9900,13.88,0.3449,7,0.28,0.0479,OTHER,MEDICAL,N,1
44,54200,0.9,15900,13.19,0.2934,6,0.2308,0.0387,RENT,PERSONAL,N,0
29,34200,0.9,7400,,0.2164,10,0.9091,0.0274,RENT,DEBTCONSOLIDATION,N,1
49,28300,1.2,12900,15.19,0.4558,8,0.2581,0.0692,OWN,EDUCATION,N,0
45,54000,,9500,11.96,0.1759,7,0.2593,0.021,MORTGAGE,DEBTCONSOLIDATION,N,0
35,62100,9.9,12700,8.93,0.2045,7,0.4118,0.0183,MORTGAGE,PERSONAL,N,0
47,145200,4.9,4100,6.9,0.0282,7,0.2414,0.0019,RENT,EDUCATION,N,0
52,49600,0.7,11400,10.38,0.2298,3,0.0882,0.0239,RENT,HOMEIMPROVEMENT,N,1
48,103200,9.5,19400,12.13,0.188,12,0.4,0.0228,MORTGAGE,HOMEIMPROVEMENT,N,0
52,68200,3.4,9700,8.48,0.1422,6,0.1765,0.0121,RENT,EDUCATION,N,0
48,31700,3.8,4600,10.01,0.1451,10,0.3333,0.0145,RENT,DEBTCONSOLIDATION,N,0
48,139700,8.8,20400,11.73,0.146,8,0.2667,0.0171,MORTGAGE,PERSONAL,N,0
46,74800,1.8,8600,11.29,0.115,3,0.1071,0.013,RENT,EDUCATION,N,0
39,15300,4.0,17500,18.04,1.1438,9,0.4286,0.2063,RENT,HOMEIMPROVEMENT,N,1
45,62500,7.5,25000,11.15,0.4,11,0.4074,0.0446,MORTGAGE,VENTURE,N,0
42,80000,8.9,9800,11.8,0.1225,5,0.2083,0.0145,RENT,DEBTCONSOLIDATION,N,0
42,47000,3.3,14700,14.87,0.3128,7,0.2917,0.0465,MORTGAGE,PERSONAL,Y,0
35,49800,5.4,5500,9.28,0.1104,5,0.2941,0.0102,OWN,EDUCATION,N,0
35,114000,3.3,20000,15.4,0.1754,3,0.1765,0.027,MORTGAGE,VENTURE,N,0
40,50100,3.1,12000,13.91,0.2395,6,0.2727,0.0333,RENT,DEBTCONSOLIDATION,N,0
42,45000,0.0,6600,9.41,0.1467,3,0.125,0.0138,RENT,DEBTCONSOLIDATION,Y,0
68,34400,2.7,9000,9.81,0.2616,12,0.24,0.0257,RENT,EDUCATION,N,0
42,40700,5.9,13100,13.15,0.3219,7,0.2917,0.0423,RENT,HOMEIMPROVEMENT,N,1
40,25600,2.9,6200,10.41,0.2422,5,0.2273,0.0252,MORTGAGE,MEDICAL,N,0
45,62700,2.3,8900,14.1,0.1419,3,0.1111,0.02,OWN,PERSONAL,N,0
30,61400,0.5,28200,17.54,0.4593,6,0.5,0.0806,RENT,HOMEIMPROVEMENT,Y,0
68,134200,1.6,16700,7.8,0.1244,8,0.16,0.0097,MORTGAGE,PERSONAL,N,0
43,102700,1.7,9400,8.73,0.0915,12,0.48,0.008,OWN,HOMEIMPROVEMENT,N,0
41,23300,0.0,13000,14.35,0.5579,2,0.087,0.0801,RENT,HOMEIMPROVEMENT,N,0
33,34200,11.0,24100,20.34,0.7047,4,0.2667,0.1433,RENT,PERSONAL,N,1
39,59500,8.0,9100,10.64,0.1529,8,0.381,0.0163,RENT,PERSONAL,N,0
42,42100,5.1,14100,13.5,0.3349,5,0.2083,0.0452,MORTGAGE,PERSONAL,N,0
45,60900,15.3,18300,17.49,0.3005,10,0.3704,0.0526,RENT,HOMEIMPROVEMENT,Y,0
44,57300,4.2,23900,18.28,0.4171,9,0.3462,0.0762,RENT,MEDICAL,N,1
38,72100,3.8,16400,10.82,0.2275,6,0.3,0.0246,RENT,MEDICAL,N,0
46,64400,1.4,17100,11.46,0.2655,2,0.0714,0.0304,RENT,EDUCATION,N,0
29,20000,9.9,23000,21.02,1.15,8,0.7273,0.2417,MORTGAGE,MEDICAL,Y,1
59,77900,1.3,23700,13.09,0.3042,9,0.2195,0.0398,MORTGAGE,VENTURE,N,0
40,32300,3.2,17800,17.34,0.5511,5,0.2273,0.0956,MORTGAGE,PERSONAL,N,0
61,63500,1.3,33400,18.3,0.526,8,0.186,0.0963,RENT,VENTURE,Y,1
36,27100,,6300,11.97,0.2325,2,0.1111,0.0278,MORTGAGE,PERSONAL,N,0
50,18600,9.7,22700,23.22,1.2204,11,0.3438,0.2834,MORTGAGE,VENTURE,Y,1
38,44400,1.4,14900,13.7,0.3356,14,0.7,0.046,OWN,DEBTCONSOLIDATION,N,0
36,19600,9.3,28500,,1.4541,8,0.4444,0.1841,RENT,VENTURE,Y,1
51,42800,3.5,9300,14.97,0.2173,2,0.0606,0.0325,OWN,VENTURE,N,0
55,91300,7.8,11000,6.6,0.1205,3,0.0811,0.008,MORTGAGE,EDUCATION,N,0
41,35500,5.5,13200,14.59,0.3718,2,0.087,0.0542,MORTGAGE,MEDICAL,Y,1
51,119600,9.3,16500,,0.138,8,0.2424,0.0175,MORTGAGE,EDUCATION,N,0
70,150300,3.9,11500,,0.0765,3,0.0577,0.0097,MORTGAGE,EDUCATION,N,0
56,52400,0.8,18300,,0.3492,6,0.1579,0.0442,MORTGAGE,PERSONAL,N,0
31,33600,3.8,17000,16.29,0.506,5,0.3846,0.0824,MORTGAGE,VENTURE,N,0
51,44600,4.3,23700,18.34,0.5314,2,0.0606,0.0975,MORTGAGE,MEDICAL,N,0
41,35800,0.0,7500,10.1,0.2095,4,0.1739,0.0212,RENT,HOMEIMPROVEMENT,N,0
68,74100,8.6,3700,7.37,0.0499,11,0.22,0.0037,RENT,EDUCATION,N,0
38,92100,12.2,12400,9.09,0.1346,6,0.3,0.0122,OWN,VENTURE,N,0
42,64100,1.2,7700,12.83,0.1201,2,0.0833,0.0154,RENT,EDUCATION,N,0
44,33900,1.2,9600,13.95,0.2832,2,0.0769,0.0395,MORTGAGE,VENTURE,N,0
31,30500,0.0,3900,11.86,0.1279,5,0.3846,0.0152,MORTGAGE,VENTURE,N,0
36,34400,0.1,19300,17.76,0.561,8,0.4444,0.0996,MORTGAGE,VENTURE,N,1
50,44400,1.8,12900,11.26,0.2905,6,0.1875,0.0327,MORTGAGE,EDUCATION,N,0
41,151700,5.7,5300,6.65,0.0349,6,0.2609,0.0023,RENT,MEDICAL,N,0
36,53700,10.4,20900,14.38,0.3892,12,0.6667,0.056,OWN,DEBTCONSOLIDATION,N,0
50,34500,6.5,13400,16.54,0.3884,8,0.25,0.0642,RENT,HOMEIMPROVEMENT,Y,1
47,39200,4.7,5000,,0.1276,3,0.1034,0.0162,RENT,PERSONAL,N,0
37,90800,0.6,7500,7.35,0.0826,5,0.2632,0.0061,MORTGAGE,MEDICAL,N,0
35,84800,10.3,7300,7.84,0.0861,3,0.1765,0.0068,RENT,EDUCATION,N,0
50,44200,10.2,1500,5.78,0.0339,11,0.3438,0.002,RENT,EDUCATION,N,0
39,38600,8.7,4300,7.19,0.1114,3,0.1429,0.008,MORTGAGE,EDUCATION,N,0
46,33100,0.5,9800,11.45,0.2961,9,0.3214,0.0339,OTHER,EDUCATION,N,0
42,55400,5.5,31100,17.48,0.5614,5,0.2083,0.0981,RENT,PERSONAL,N,1
57,93900,3.6,12500,9.59,0.1331,3,0.0769,0.0128,MORTGAGE,HOMEIMPROVEMENT,N,0
52,66100,11.0,19900,13.98,0.3011,4,0.1176,0.0421,RENT,PERSONAL,N,1
52,55900,3.5,20000,,0.3578,12,0.3529,0.0453,MORTGAGE,DEBTCONSOLIDATION,N,1
51,32200,2.1,9200,11.52,0.2857,2,0.0606,0.0329,MORTGAGE,PERSONAL,Y,0
36,21800,2.4,22600,22.09,1.0367,10,0.5556,0.229,RENT,VENTURE,Y,1
62,103000,8.4,12000,11.23,0.1165,5,0.1136,0.0131,RENT,HOMEIMPROVEMENT,N,0
40,48500,0.4,21700,12.94,0.4474,4,0.1818,0.0579,MORTGAGE,PERSONAL,Y,0
41,41300,6.5,14900,11.71,0.3608,7,0.3043,0.0422,RENT,EDUCATION,N,1
37,45200,19.0,17700,12.58,0.3916,5,0.2632,0.0493,MORTGAGE,HOMEIMPROVEMENT,N,0
50,52700,1.7,24900,14.24,0.4725,10,0.3125,0.0673,RENT,EDUCATION,Y,1
55,23400,1.7,20200,17.27,0.8632,12,0.3243,0.1491,RENT,MEDICAL,N,0
47,89800,11.1,7300,10.19,0.0813,11,0.3793,0.0083,MORTGAGE,EDUCATION,N,0
70,78500,3.1,4800,8.27,0.0611,7,0.1346,0.0051,MORTGAGE,EDUCATION,N,0
38,77800,4.2,22900,11.78,0.2943,3,0.15,0.0347,RENT,EDUCATION,N,0
40,38100,3.0,24500,19.56,0.643,13,0.5909,0.1258,MORTGAGE,EDUCATION,N,0
37,31000,11.5,7400,10.18,0.2387,5,0.2632,0.0243,MORTGAGE,MEDICAL,N,1
38,33300,20.0,9700,15.34,0.2913,5,0.25,0.0447,RENT,DEBTCONSOLIDATION,N,0
34,130500,0.5,16000,11.14,0.1226,2,0.125,0.0137,OTHER,PERSONAL,N,0
47,127200,8.7,17500,,0.1376,5,0.1724,0.0174,OWN,HOMEIMPROVEMENT,N,0
70,40100,2.1,21100,14.02,0.5262,4,0.0769,0.0738,RENT,PERSONAL,Y,0
60,23300,1.3,12900,18.89,0.5536,11,0.2619,0.1046,MORTGAGE,MEDICAL,N,1
34,32100,0.9,10600,12.61,0.3302,4,0.25,0.0416,MORTGAGE,DEBTCONSOLIDATION,N,0
36,87400,3.3,19800,13.23,0.2265,7,0.3889,0.03,RENT,VENTURE,N,0
41,64700,0.1,8700,12.21,0.1345,9,0.3913,0.0164,RENT,VENTURE,Y,1
48,107000,0.6,11300,10.29,0.1056,6,0.2,0.0109,RENT,VENTURE,N,0
34,171700,1.7,20100,12.32,0.1171,3,0.1875,0.0144,MORTGAGE,VENTURE,N,0
51,31900,0.0,5900,11.69,0.185,6,0.1818,0.0216,MORTGAGE,EDUCATION,N,0
28,46300,3.0,26600,17.02,0.5745,6,0.6,0.0978,OWN,PERSONAL,N,1
43,56900,4.8,12000,10.63,0.2109,8,0.32,0.0224,OWN,DEBTCONSOLIDATION,N,0
68,72100,15.5,9300,11.66,0.129,2,0.04,0.015,RENT,EDUCATION,N,0
37,48500,15.7,30600,21.21,0.6309,3,0.1579,0.1338,RENT,DEBTCONSOLIDATION,N,1
35,138000,0.4,11100,10.84,0.0804,6,0.3529,0.0087,RENT,PERSONAL,N,0
41,46200,7.9,15900,15.95,0.3442,11,0.4783,0.0549,OWN,EDUCATION,N,0
59,56400,4.4,13200,12.22,0.234,8,0.1951,0.0286,RENT,EDUCATION,N,1
38,91700,1.2,16200,10.04,0.1767,19,0.95,0.0177,MORTGAGE,DEBTCONSOLIDATION,N,0
51,14900,3.2,15600,16.58,1.047,2,0.0606,0.1736,MORTGAGE,HOMEIMPROVEMENT,Y,1
45,24000,3.8,9300,13.04,0.3875,4,0.1481,0.0505,RENT,PERSONAL,Y,1
40,73600,2.8,13900,11.55,0.1889,6,0.2727,0.0218,MORTGAGE,VENTURE,N,0
42,73000,,17900,13.22,0.2452,6,0.25,0.0324,RENT,MEDICAL,N,0
70,34100,3.0,10200,13.15,0.2991,13,0.25,0.0393,MORTGAGE,EDUCATION,N,0
47,101200,22.5,2300,5.65,0.0227,5,0.1724,0.0013,RENT,HOMEIMPROVEMENT,N,0
31,46400,3.7,7600,11.23,0.1638,5,0.3846,0.0184,RENT,EDUCATION,N,0
54,66500,6.3,23900,13.22,0.3594,9,0.25,0.0475,RENT,EDUCATION,N,0
54,59300,5.6,12300,13.19,0.2074,2,0.0556,0.0274,MORTGAGE,DEBTCONSOLIDATION,N,0
46,47300,0.9,21500,19.0,0.4545,2,0.0714,0.0864,RENT,VENTURE,N,0
38,36300,1.3,17400,,0.4793,8,0.4,0.0607,RENT,PERSONAL,N,0
36,55600,,26100,,0.4694,8,0.4444,0.0594,RENT,DEBTCONSOLIDATION,N,1
44,48300,0.5,11000,11.74,0.2277,6,0.2308,0.0267,RENT,EDUCATION,N,0
42,73000,0.8,3600,8.87,0.0493,2,0.0833,0.0044,RENT,DEBTCONSOLIDATION,N,0
48,47300,3.0,7600,11.53,0.1607,2,0.0667,0.0185,RENT,PERSONAL,N,0
37,85800,0.8,18800,16.6,0.2191,6,0.3158,0.0364,RENT,VENTURE,Y,0
41,69100,,7900,9.5,0.1143,2,0.087,0.0109,RENT,HOMEIMPROVEMENT,N,0
51,27400,4.8,5100,11.65,0.1861,8,0.2424,0.0217,RENT,PERSONAL,N,1
48,25600,5.2,20600,19.32,0.8047,4,0.1333,0.1555,MORTGAGE,MEDICAL,Y,1
40,61100,2.3,27500,14.99,0.4501,3,0.1364,0.0675,RENT,MEDICAL,Y,1
49,56900,0.6,12300,13.19,0.2162,5,0.1613,0.0285,MORTGAGE,MEDICAL,N,0
54,60100,2.2,18100,18.24,0.3012,8,0.2222,0.0549,MORTGAGE,DEBTCONSOLIDATION,N,0
44,59900,0.0,10200,8.83,0.1703,2,0.0769,0.015,RENT,VENTURE,N,0
45,42100,0.0,6700,13.04,0.1591,4,0.1481,0.0207,MORTGAGE,DEBTCONSOLIDATION,N,1
58,68600,2.9,18700,,0.2726,6,0.15,0.0345,RENT,HOMEIMPROVEMENT,N,1
42,67400,4.0,10400,6.97,0.1543,3,0.125,0.0108,RENT,EDUCATION,N,0
35,93000,1.9,12100,11.16,0.1301,3,0.1765,0.0145,MORTGAGE,MEDICAL,N,0
68,64100,2.1,16600,13.97,0.259,2,0.04,0.0362,MORTGAGE,HOMEIMPROVEMENT,N,0
42,31200,1.2,11300,16.05,0.3622,8,0.3333,0.0581,MORTGAGE,HOMEIMPROVEMENT,N,0
47,73300,2.4,25300,15.86,0.3452,2,0.069,0.0547,MORTGAGE,DEBTCONSOLIDATION,N,0
44,113800,10.9,18700,8.78,0.1643,2,0.0769,0.0144,RENT,MEDICAL,N,0
42,109900,0.7,3500,9.5,0.0318,7,0.2917,0.003,RENT,MEDICAL,N,0
48,38700,4.1,3400,12.48,0.0879,2,0.0667,0.011,RENT,MEDICAL,N,0
37,17200,1.7,21400,18.1,1.2442,10,0.5263,0.2252,MORTGAGE,MEDICAL,Y,1
51,35300,14.2,15100,13.81,0.4278,2,0.0606,0.0591,MORTGAGE,HOMEIMPROVEMENT,N,1
36,25000,6.5,10200,13.24,0.408,15,0.8333,0.054,OWN,VENTURE,N,0
51,57800,2.0,14400,11.34,0.2491,4,0.1212,0.0282,MORTGAGE,MEDICAL,N,0
46,13100,0.1,6700,18.38,0.5115,8,0.2857,0.094,RENT,EDUCATION,N,0
49,96900,5.3,11100,11.07,0.1146,8,0.2581,0.0127,RENT,DEBTCONSOLIDATION,Y,1
51,43200,8.2,26800,20.71,0.6204,10,0.303,0.1285,RENT,MEDICAL,N,1
42,83900,0.9,9300,9.84,0.1108,11,0.4583,0.0109,RENT,EDUCATION,Y,0
70,21000,2.1,31500,21.03,1.5,9,0.1731,0.3154,MORTGAGE,EDUCATION,N,1
40,101100,2.9,17700,10.87,0.1751,8,0.3636,0.019,MORTGAGE,VENTURE,N,0
59,134200,1.3,7700,6.61,0.0574,6,0.1463,0.0038,MORTGAGE,HOMEIMPROVEMENT,Y,0
41,84300,0.7,15600,11.09,0.1851,4,0.1739,0.0205,RENT,HOMEIMPROVEMENT,N,0
43,37700,1.7,18100,16.7,0.4801,8,0.32,0.0802,MORTGAGE,EDUCATION,N,1
50,173200,9.3,20100,7.09,0.1161,4,0.125,0.0082,MORTGAGE,DEBTCONSOLIDATION,N,0
38,19200,4.8,10500,19.44,0.5469,11,0.55,0.1063,MORTGAGE,PERSONAL,N,1
32,131600,3.0,24000,11.58,0.1824,2,0.1429,0.0211,RENT,MEDICAL,N,0
38,75400,14.9,29600,12.9,0.3926,10,0.5,0.0506,OWN,VENTURE,N,0
52,47400,10.9,10600,13.72,0.2236,9,0.2647,0.0307,OWN,MEDICAL,N,0
38,19200,10.8,7300,15.31,0.3802,8,0.4,0.0582,MORTGAGE,EDUCATION,N,1
48,28600,,13500,18.06,0.472,5,0.1667,0.0852,RENT,VENTURE,Y,1
43,114600,3.4,29600,14.93,0.2583,6,0.24,0.0386,RENT,DEBTCONSOLIDATION,Y,1
43,85100,0.6,13800,11.85,0.1622,3,0.12,0.0192,RENT,DEBTCONSOLIDATION,N,1
43,42500,6.8,6900,8.8,0.1624,16,0.64,0.0143,RENT,VENTURE,N,0
35,46400,3.8,12000,,0.2586,15,0.8824,0.0327,RENT,EDUCATION,N,0
57,60300,7.7,27900,15.56,0.4627,5,0.1282,0.072,MORTGAGE,DEBTCONSOLIDATION,N,1
39,63400,0.6,19900,11.69,0.3139,3,0.1429,0.0367,MORTGAGE,MEDICAL,N,0
61,29600,14.9,30900,18.74,1.0439,3,0.0698,0.1956,MORTGAGE,VENTURE,Y,1
35,51800,0.9,26300,14.42,0.5077,6,0.3529,0.0732,RENT,EDUCATION,N,0
37,151200,1.7,20200,10.62,0.1336,12,0.6316,0.0142,MORTGAGE,DEBTCONSOLIDATION,N,0
37,23400,0.5,23500,17.25,1.0043,3,0.1579,0.1732,MORTGAGE,DEBTCONSOLIDATION,Y,1
33,159700,6.8,9300,7.3,0.0582,6,0.4,0.0042,RENT,PERSONAL,N,0
36,33700,1.2,11100,12.04,0.3294,6,0.3333,0.0397,MORTGAGE,MEDICAL,N,0
49,61400,0.2,8000,10.71,0.1303,3,0.0968,0.014,RENT,MEDICAL,N,0
37,55900,5.2,10300,12.52,0.1843,8,0.4211,0.0231,MORTGAGE,HOMEIMPROVEMENT,N,0
64,46600,8.9,18900,15.2,0.4056,5,0.1087,0.0617,MORTGAGE,DEBTCONSOLIDATION,Y,0
41,102400,4.2,12100,10.67,0.1182,8,0.3478,0.0126,MORTGAGE,PERSONAL,N,0
59,68900,0.6,10900,10.95,0.1582,7,0.1707,0.0173,RENT,EDUCATION,N,0
38,25800,1.1,15300,21.33,0.593,7,0.35,0.1265,RENT,DEBTCONSOLIDATION,Y,1
42,19300,12.4,15000,19.2,0.7772,6,0.25,0.1492,MORTGAGE,EDUCATION,Y,1
50,23500,1.7,5800,14.3,0.2468,12,0.375,0.0353,RENT,DEBTCONSOLIDATION,N,0
48,85600,2.8,15600,8.94,0.1822,6,0.2,0.0163,MORTGAGE,EDUCATION,N,0
51,56800,1.3,2100,5.91,0.037,5,0.1515,0.0022,OWN,EDUCATION,N,0
39,36400,2.9,9700,11.74,0.2665,5,0.2381,0.0313,OTHER,DEBTCONSOLIDATION,N,1
33,22800,2.2,7300,13.28,0.3202,8,0.5333,0.0425,RENT,MEDICAL,N,1
45,40600,0.8,19000,16.34,0.468,2,0.0741,0.0765,RENT,MEDICAL,Y,1
47,82300,0.4,21400,12.35,0.26,9,0.3103,0.0321,RENT,VENTURE,N,0
49,38300,5.3,13500,14.2,0.3525,10,0.3226,0.0501,RENT,EDUCATION,Y,1
34,39500,0.3,8300,11.48,0.2101,4,0.25,0.0241,RENT,VENTURE,N,0
50,45400,5.3,20500,18.24,0.4515,7,0.2188,0.0824,RENT,VENTURE,N,0
49,46800,1.7,10000,13.88,0.2137,5,0.1613,0.0297,MORTGAGE,VENTURE,N,0
34,50000,1.8,23900,17.09,0.478,4,0.25,0.0817,RENT,EDUCATION,Y,0
53,30800,4.4,13500,16.78,0.4383,15,0.4286,0.0735,MORTGAGE,VENTURE,N,0
34,78400,1.8,15700,,0.2003,8,0.5,0.0254,MORTGAGE,EDUCATION,N,0
55,98200,9.1,24200,16.61,0.2464,4,0.1081,0.0409,RENT,HOMEIMPROVEMENT,N,0
52,112300,2.6,12100,8.06,0.1077,9,0.2647,0.0087,MORTGAGE,EDUCATION,N,0
55,76400,1.7,15100,12.79,0.1976,4,0.1081,0.0253,MORTGAGE,VENTURE,N,0
53,44100,18.6,22500,17.67,0.5102,9,0.2571,0.0902,RENT,EDUCATION,Y,1
42,110200,0.8,10000,7.51,0.0907,10,0.4167,0.0068,RENT,PERSONAL,N,0
46,77800,5.4,25500,16.77,0.3278,4,0.1429,0.055,RENT,PERSONAL,N,0
35,50900,2.7,22800,16.2,0.4479,6,0.3529,0.0726,RENT,HOMEIMPROVEMENT,Y,1
45,44900,6.1,20100,15.28,0.4477,18,0.6667,0.0684,MORTGAGE,VENTURE,Y,0
57,34800,4.0,15000,12.58,0.431,3,0.0769,0.0542,MORTGAGE,EDUCATION,N,1
41,31900,,10500,16.62,0.3292,6,0.2609,0.0547,RENT,MEDICAL,N,1
32,64100,3.6,21800,14.91,0.3401,4,0.2857,0.0507,MORTGAGE,VENTURE,N,0
28,25700,10.0,18300,18.78,0.7121,5,0.5,0.1337,RENT,VENTURE,Y,1
47,54900,0.1,19800,16.72,0.3607,7,0.2414,0.0603,MORTGAGE,PERSONAL,N,0
36,48500,2.9,7100,9.56,0.1464,3,0.1667,0.014,MORTGAGE,MEDICAL,N,0
45,93800,2.8,17500,8.39,0.1866,8,0.2963,0.0157,RENT,VENTURE,Y,0
39,38900,1.5,12700,13.19,0.3265,2,0.0952,0.0431,RENT,MEDICAL,N,0
47,85300,12.9,11200,7.71,0.1313,2,0.069,0.0101,OWN,EDUCATION,N,0
59,85500,13.8,2600,12.03,0.0304,9,0.2195,0.0037,MORTGAGE,VENTURE,N,0
47,52100,1.0,24400,17.81,0.4683,3,0.1034,0.0834,RENT,MEDICAL,N,0
40,69200,7.7,24400,14.99,0.3526,7,0.3182,0.0529,MORTGAGE,VENTURE,N,0
57,113700,0.8,10300,6.0,0.0906,7,0.1795,0.0054,RENT,PERSONAL,N,0
37,97100,0.5,9800,8.23,0.1009,9,0.4737,0.0083,MORTGAGE,VENTURE,N,0
43,34000,7.1,15000,15.19,0.4412,7,0.28,0.067,RENT,DEBTCONSOLIDATION,N,1
44,50800,3.8,15700,12.59,0.3091,12,0.4615,0.0389,RENT,EDUCATION,Y,0
54,32800,0.2,21900,20.04,0.6677,10,0.2778,0.1338,MORTGAGE,PERSONAL,N,1
42,101800,1.3,9300,9.06,0.0914,2,0.0833,0.0083,RENT,EDUCATION,N,0
38,76900,6.9,1900,7.81,0.0247,6,0.3,0.0019,MORTGAGE,VENTURE,N,0
56,28500,0.8,13400,13.53,0.4702,4,0.1053,0.0636,RENT,EDUCATION,N,1
46,55900,1.1,32100,20.35,0.5742,2,0.0714,0.1168,RENT,VENTURE,N,1
47,43300,,14000,16.11,0.3233,8,0.2759,0.0521,MORTGAGE,DEBTCONSOLIDATION,N,0
35,39700,4.1,14600,14.64,0.3678,4,0.2353,0.0538,RENT,MEDICAL,N,1
37,62400,2.1,7200,6.19,0.1154,5,0.2632,0.0071,RENT,EDUCATION,N,1
40,89500,0.6,11100,9.47,0.124,2,0.0909,0.0117,RENT,MEDICAL,N,0
32,35900,4.1,24100,,0.6713,10,0.7143,0.085,RENT,EDUCATION,Y,1
41,35900,8.4,14800,13.3,0.4123,2,0.087,0.0548,OWN,HOMEIMPROVEMENT,N,0
50,43900,8.2,24800,17.31,0.5649,12,0.375,0.0978,RENT,MEDICAL,Y,1
32,44200,3.5,27500,18.93,0.6222,10,0.7143,0.1178,MORTGAGE,MEDICAL,Y,1
33,37600,4.4,14600,13.88,0.3883,6,0.4,0.0539,MORTGAGE,MEDICAL,N,0
44,65500,1.2,7000,8.09,0.1069,8,0.3077,0.0086,MORTGAGE,EDUCATION,Y,0
36,146900,13.6,15900,10.82,0.1082,10,0.5556,0.0117,RENT,EDUCATION,N,0
57,110300,,21100,11.76,0.1913,7,0.1795,0.0225,MORTGAGE,EDUCATION,N,0
50,63600,2.7,26400,14.91,0.4151,12,0.375,0.0619,RENT,EDUCATION,Y,1
35,98900,9.1,11800,11.08,0.1193,6,0.3529,0.0132,RENT,MEDICAL,N,0
39,43900,1.1,21700,17.18,0.4943,4,0.1905,0.0849,MORTGAGE,EDUCATION,Y,1
41,33600,2.0,20000,21.68,0.5952,4,0.1739,0.129,RENT,VENTURE,Y,1
54,41600,0.9,22500,19.9,0.5409,4,0.1111,0.1076,MORTGAGE,DEBTCONSOLIDATION,Y,1
32,172400,2.9,13900,10.04,0.0806,4,0.2857,0.0081,OWN,VENTURE,N,0
43,66000,8.6,8600,11.51,0.1303,5,0.2,0.015,MORTGAGE,MEDICAL,N,0
54,25600,6.3,14200,18.94,0.5547,3,0.0833,0.1051,RENT,VENTURE,Y,1
58,45400,0.2,16800,13.67,0.37,4,0.1,0.0506,RENT,MEDICAL,N,0
47,31400,8.1,18300,20.75,0.5828,8,0.2759,0.1209,MORTGAGE,EDUCATION,Y,1
45,199500,11.2,13600,7.12,0.0682,5,0.1852,0.0049,MORTGAGE,EDUCATION,N,0
38,57000,5.8,10500,13.91,0.1842,2,0.1,0.0256,RENT,EDUCATION,N,0
38,57700,9.2,18900,14.06,0.3276,17,0.85,0.0461,MORTGAGE,VENTURE,N,0
36,102300,1.5,15600,9.8,0.1525,10,0.5556,0.0149,RENT,PERSONAL,N,0
46,47500,9.2,15900,12.91,0.3347,10,0.3571,0.0432,RENT,EDUCATION,N,0
54,65400,4.2,13300,,0.2034,16,0.4444,0.0258,MORTGAGE,DEBTCONSOLIDATION,N,0
52,20500,1.9,11900,18.2,0.5805,3,0.0882,0.1057,MORTGAGE,EDUCATION,N,0
50,70200,11.5,13200,8.65,0.188,2,0.0625,0.0163,MORTGAGE,PERSONAL,N,0
62,62800,12.5,23700,16.04,0.3774,9,0.2045,0.0605,OWN,VENTURE,N,0
56,139100,1.3,19900,12.21,0.1431,12,0.3158,0.0175,RENT,DEBTCONSOLIDATION,N,0
44,26100,1.2,7900,13.65,0.3027,2,0.0769,0.0413,OWN,DEBTCONSOLIDATION,N,0
53,59200,4.5,13800,11.79,0.2331,2,0.0571,0.0275,OWN,MEDICAL,N,1
54,55200,6.2,11100,12.87,0.2011,9,0.25,0.0259,MORTGAGE,DEBTCONSOLIDATION,N,0
35,32600,2.3,5800,12.81,0.1779,7,0.4118,0.0228,RENT,EDUCATION,Y,0
48,30000,1.9,12500,16.89,0.4167,3,0.1,0.0704,RENT,MEDICAL,N,1
45,79400,11.7,10600,13.61,0.1335,3,0.1111,0.0182,RENT,DEBTCONSOLIDATION,N,0
43,75300,4.2,17400,13.21,0.2311,2,0.08,0.0305,MORTGAGE,EDUCATION,N,1
46,56400,5.1,8600,,0.1525,3,0.1071,0.0193,RENT,EDUCATION,N,0
41,27100,3.6,16700,19.35,0.6162,8,0.3478,0.1192,RENT,MEDICAL,Y,1
44,33400,7.6,8200,10.75,0.2455,2,0.0769,0.0264,MORTGAGE,HOMEIMPROVEMENT,N,0
40,99800,4.3,21300,13.39,0.2134,5,0.2273,0.0286,RENT,DEBTCONSOLIDATION,N,0
50,17400,1.6,6200,15.62,0.3563,6,0.1875,0.0557,RENT,MEDICAL,Y,1
38,56000,0.6,12500,8.84,0.2232,14,0.7,0.0197,RENT,VENTURE,N,0
41,85600,3.1,1300,7.91,0.0152,12,0.5217,0.0012,RENT,PERSONAL,N,0
39,47400,1.5,3900,10.9,0.0823,2,0.0952,0.009,MORTGAGE,EDUCATION,N,0
47,63300,5.5,31500,16.96,0.4976,6,0.2069,0.0844,MORTGAGE,VENTURE,N,0
45,30700,0.7,7700,15.43,0.2508,7,0.2593,0.0387,MORTGAGE,EDUCATION,N,0
58,146300,5.3,10900,,0.0745,6,0.15,0.0094,RENT,MEDICAL,N,0
32,129700,2.3,6400,,0.0493,6,0.4286,0.0062,RENT,EDUCATION,N,0
46,32400,1.7,6300,10.81,0.1944,5,0.1786,0.021,OTHER,VENTURE,N,0
51,55200,0.0,13400,11.59,0.2428,3,0.0909,0.0281,MORTGAGE,PERSONAL,N,0
49,71600,0.2,8300,12.82,0.1159,8,0.2581,0.0149,RENT,VENTURE,N,0
40,47100,3.4,11800,9.63,0.2505,6,0.2727,0.0241,MORTGAGE,HOMEIMPROVEMENT,N,0
50,24900,1.7,18900,17.52,0.759,11,0.3438,0.133,MORTGAGE,HOMEIMPROVEMENT,Y,1
45,49800,,7500,11.99,0.1506,3,0.1111,0.0181,RENT,VENTURE,N,0
62,128700,,12500,10.04,0.0971,4,0.0909,0.0097,MORTGAGE,PERSONAL,N,0
43,85600,5.4,18500,15.44,0.2161,9,0.36,0.0334,RENT,DEBTCONSOLIDATION,Y,1
40,41900,5.1,7000,13.31,0.1671,3,0.1364,0.0222,RENT,VENTURE,Y,0
41,71100,5.0,11800,10.82,0.166,12,0.5217,0.018,RENT,PERSONAL,Y,0
39,105300,5.1,11000,8.13,0.1045,3,0.1429,0.0085,OWN,EDUCATION,N,0
38,52200,0.6,16400,,0.3142,4,0.2,0.0398,MORTGAGE,EDUCATION,Y,1
35,85000,,11200,10.04,0.1318,3,0.1765,0.0132,MORTGAGE,PERSONAL,N,0
59,30400,,23400,20.47,0.7697,10,0.2439,0.1576,MORTGAGE,MEDICAL,N,1
44,42300,9.8,27700,17.82,0.6548,13,0.5,0.1167,MORTGAGE,VENTURE,N,0
30,36300,,27400,22.56,0.7548,3,0.25,0.1703,OWN,DEBTCONSOLIDATION,Y,1
48,103800,2.9,7500,10.95,0.0723,7,0.2333,0.0079,MORTGAGE,DEBTCONSOLIDATION,N,0
38,53800,0.8,9500,13.88,0.1766,4,0.2,0.0245,RENT,MEDICAL,N,0
39,79900,8.6,6200,10.56,0.0776,5,0.2381,0.0082,RENT,VENTURE,N,0
41,63200,9.0,2000,5.42,0.0316,4,0.1739,0.0017,RENT,HOMEIMPROVEMENT,N,0
41,24200,7.0,10200,14.74,0.4215,2,0.087,0.0621,MORTGAGE,EDUCATION,N,1
44,39800,13.2,9100,10.0,0.2286,4,0.1538,0.0229,RENT,EDUCATION,N,0
51,210900,3.7,20600,11.64,0.0977,5,0.1515,0.0114,OWN,EDUCATION,N,0
48,25300,0.1,15800,,0.6245,13,0.4333,0.0791,MORTGAGE,EDUCATION,Y,1
42,33800,17.3,27900,22.57,0.8254,13,0.5417,0.1863,MORTGAGE,MEDICAL,Y,1
36,46800,2.0,21200,17.69,0.453,4,0.2222,0.0801,RENT,HOMEIMPROVEMENT,Y,1
66,105900,3.2,9600,9.44,0.0907,4,0.0833,0.0086,RENT,PERSONAL,N,0
40,71300,,9700,9.92,0.136,8,0.3636,0.0135,MORTGAGE,DEBTCONSOLIDATION,N,0
70,36800,21.7,22400,20.1,0.6087,2,0.0385,0.1223,RENT,VENTURE,Y,1
45,66900,3.8,28500,,0.426,2,0.0741,0.0539,MORTGAGE,MEDICAL,N,0
38,40700,0.7,15200,19.43,0.3735,4,0.2,0.0726,OWN,DEBTCONSOLIDATION,N,0
49,29400,1.7,10800,11.32,0.3673,6,0.1935,0.0416,MORTGAGE,HOMEIMPROVEMENT,Y,0
42,246900,4.6,9400,9.44,0.0381,6,0.25,0.0036,RENT,MEDICAL,N,0
32,72600,4.3,8900,11.15,0.1226,3,0.2143,0.0137,RENT,MEDICAL,N,0
50,28400,11.8,19500,20.78,0.6866,6,0.1875,0.1427,RENT,MEDICAL,Y,0
31,69200,,16900,13.04,0.2442,8,0.6154,0.0318,RENT,PERSONAL,N,0
33,32900,6.3,23000,17.97,0.6991,2,0.1333,0.1256,RENT,PERSONAL,Y,1
39,88000,5.8,4800,11.08,0.0545,7,0.3333,0.006,RENT,EDUCATION,N,0
46,46400,8.3,21300,15.39,0.4591,2,0.0714,0.0707,RENT,PERSONAL,N,1
44,46200,0.1,14800,15.66,0.3203,6,0.2308,0.0502,RENT,VENTURE,Y,0
49,48300,,6800,10.78,0.1408,10,0.3226,0.0152,RENT,EDUCATION,N,0
51,93600,2.5,18700,11.14,0.1998,4,0.1212,0.0223,OTHER,PERSONAL,N,0
70,57000,0.9,28100,18.67,0.493,6,0.1154,0.092,MORTGAGE,EDUCATION,N,0
37,99500,1.6,16900,13.21,0.1698,3,0.1579,0.0224,MORTGAGE,HOMEIMPROVEMENT,N,0
47,72600,1.2,8800,5.96,0.1212,18,0.6207,0.0072,MORTGAGE,PERSONAL,N,0
67,53200,5.2,10800,9.56,0.203,7,0.1429,0.0194,MORTGAGE,PERSONAL,N,0
34,39100,6.4,9900,13.16,0.2532,8,0.5,0.0333,MORTGAGE,MEDICAL,N,1
48,102000,7.3,3900,9.6,0.0382,6,0.2,0.0037,MORTGAGE,DEBTCONSOLIDATION,N,0
40,26500,7.0,22400,,0.8453,6,0.2727,0.107,RENT,DEBTCONSOLIDATION,N,1
43,95200,4.1,18000,13.05,0.1891,2,0.08,0.0247,MORTGAGE,DEBTCONSOLIDATION,N,0
57,33000,0.8,17700,16.77,0.5364,4,0.1026,0.09,RENT,VENTURE,N,1
28,97700,1.3,14100,8.54,0.1443,10,1.0,0.0123,MORTGAGE,EDUCATION,N,0
51,117600,3.0,12600,9.5,0.1071,3,0.0909,0.0102,MORTGAGE,VENTURE,N,0
41,108000,5.6,4000,10.39,0.037,8,0.3478,0.0038,RENT,HOMEIMPROVEMENT,N,0
45,52300,2.6,13100,11.03,0.2505,12,0.4444,0.0276,MORTGAGE,EDUCATION,N,0
39,39500,15.0,28700,,0.7266,6,0.2857,0.092,RENT,HOMEIMPROVEMENT,Y,1
49,28600,1.6,18200,17.07,0.6364,6,0.1935,0.1086,MORTGAGE,VENTURE,N,1
46,56700,1.0,22600,12.62,0.3986,5,0.1786,0.0503,RENT,EDUCATION,Y,0
43,95300,2.8,23900,,0.2508,9,0.36,0.0318,RENT,EDUCATION,N,0
38,32800,15.7,13000,14.29,0.3963,7,0.35,0.0566,RENT,MEDICAL,N,0
45,44500,4.1,19600,16.9,0.4404,3,0.1111,0.0744,RENT,EDUCATION,Y,0
62,63600,9.4,4300,11.24,0.0676,4,0.0909,0.0076,RENT,PERSONAL,N,0
47,19200,4.1,7700,12.77,0.401,4,0.1379,0.0512,RENT,EDUCATION,N,0
52,101500,8.6,29000,11.74,0.2857,7,0.2059,0.0335,RENT,EDUCATION,Y,0
46,52900,3.2,8500,13.82,0.1607,2,0.0714,0.0222,OWN,MEDICAL,N,0
50,155700,6.4,4300,12.4,0.0276,5,0.1562,0.0034,RENT,MEDICAL,N,0
49,26500,0.9,16300,18.08,0.6151,4,0.129,0.1112,RENT,HOMEIMPROVEMENT,N,1
50,78600,13.0,14600,9.95,0.1858,5,0.1562,0.0185,MORTGAGE,VENTURE,N,0
43,89800,3.3,15800,10.81,0.1759,10,0.4,0.019,RENT,EDUCATION,N,0
56,31600,14.1,19800,23.22,0.6266,9,0.2368,0.1455,RENT,EDUCATION,N,0
28,12000,0.6,19400,18.77,1.6167,10,1.0,0.3035,RENT,VENTURE,Y,1
51,98100,0.5,32700,,0.3333,5,0.1515,0.0422,RENT,HOMEIMPROVEMENT,N,0
35,21100,8.9,7600,14.04,0.3602,4,0.2353,0.0506,MORTGAGE,VENTURE,N,0
55,59500,,20800,12.84,0.3496,3,0.0811,0.0449,RENT,DEBTCONSOLIDATION,N,0
25,78800,0.7,23800,11.8,0.302,7,1.0,0.0356,MORTGAGE,VENTURE,N,0
44,51300,,21400,16.27,0.4172,7,0.2692,0.0679,RENT,VENTURE,Y,1
49,202800,2.9,14500,10.31,0.0715,4,0.129,0.0074,RENT,MEDICAL,N,0
38,129900,9.8,25700,13.28,0.1978,8,0.4,0.0263,RENT,EDUCATION,N,0
54,101600,7.2,25600,14.19,0.252,13,0.3611,0.0358,MORTGAGE,PERSONAL,N,0
43,32800,5.4,13400,13.8,0.4085,6,0.24,0.0564,RENT,PERSONAL,Y,0
50,106400,5.7,4000,10.19,0.0376,5,0.1562,0.0038,RENT,HOMEIMPROVEMENT,N,0
45,196600,0.5,7300,9.66,0.0371,8,0.2963,0.0036,RENT,EDUCATION,N,0
44,65800,,27400,15.18,0.4164,9,0.3462,0.0632,RENT,EDUCATION,N,0
53,26400,3.2,8300,14.43,0.3144,4,0.1143,0.0454,MORTGAGE,VENTURE,N,0
56,53300,6.6,9300,12.13,0.1745,7,0.1842,0.0212,RENT,PERSONAL,N,0
41,56100,,4400,11.54,0.0784,3,0.1304,0.009,MORTGAGE,DEBTCONSOLIDATION,N,0
70,42200,4.8,18700,15.53,0.4431,15,0.2885,0.0688,RENT,MEDICAL,Y,1
41,68300,0.2,21100,12.65,0.3089,5,0.2174,0.0391,RENT,PERSONAL,N,0
43,18100,1.7,11400,18.57,0.6298,6,0.24,0.117,RENT,HOMEIMPROVEMENT,N,0
36,145000,4.3,6700,5.79,0.0462,10,0.5556,0.0027,RENT,MEDICAL,N,0
30,62000,4.3,11300,12.5,0.1823,7,0.5833,0.0228,OTHER,DEBTCONSOLIDATION,N,0
38,31000,2.8,7800,11.87,0.2516,13,0.65,0.0299,RENT,VENTURE,N,0
39,64100,7.1,19600,,0.3058,17,0.8095,0.0387,RENT,EDUCATION,Y,0
54,44500,11.9,24300,17.1,0.5461,2,0.0556,0.0934,MORTGAGE,EDUCATION,Y,1
57,32600,23.9,8000,14.9,0.2454,4,0.1026,0.0366,MORTGAGE,EDUCATION,N,0
37,22200,0.3,18700,21.2,0.8423,7,0.3684,0.1786,RENT,MEDICAL,N,1
47,54500,,12000,11.4,0.2202,7,0.2414,0.0251,MORTGAGE,HOMEIMPROVEMENT,N,0
41,28200,11.6,28800,20.17,1.0213,7,0.3043,0.206,OWN,VENTURE,N,1
47,66300,3.4,5500,8.65,0.083,8,0.2759,0.0072,RENT,HOMEIMPROVEMENT,N,0
55,58600,0.9,25300,17.03,0.4317,7,0.1892,0.0735,RENT,PERSONAL,N,0
55,46600,3.7,14400,15.88,0.309,7,0.1892,0.0491,MORTGAGE,EDUCATION,N,1
27,53600,9.0,12400,15.42,0.2313,9,1.0,0.0357,RENT,VENTURE,N,0
48,79800,4.9,10900,7.06,0.1366,12,0.4,0.0096,MORTGAGE,MEDICAL,N,0
56,32200,1.3,8700,12.33,0.2702,22,0.5789,0.0333,OWN,PERSONAL,N,0
33,23400,3.4,8700,13.34,0.3718,14,0.9333,0.0496,MORTGAGE,MEDICAL,N,0
34,73600,,25500,16.88,0.3465,3,0.1875,0.0585,RENT,MEDICAL,N,0
43,54900,10.0,23000,13.44,0.4189,4,0.16,0.0563,OWN,VENTURE,N,0
47,49000,0.8,9500,10.98,0.1939,6,0.2069,0.0213,RENT,HOMEIMPROVEMENT,N,1
48,50000,0.6,16700,11.85,0.334,6,0.2,0.0396,RENT,DEBTCONSOLIDATION,Y,0
47,60700,2.1,12100,11.5,0.1993,6,0.2069,0.0229,RENT,PERSONAL,N,0
39,18700,1.4,26400,18.99,1.4118,3,0.1429,0.2681,MORTGAGE,PERSONAL,Y,1
44,66500,13.1,27000,14.64,0.406,3,0.1154,0.0594,MORTGAGE,VENTURE,N,1
40,37400,5.5,9000,9.11,0.2406,8,0.3636,0.0219,MORTGAGE,PERSONAL,N,0
39,128500,1.3,13700,7.47,0.1066,3,0.1429,0.008,OWN,MEDICAL,N,0
35,37800,3.3,5200,9.64,0.1376,2,0.1176,0.0133,RENT,EDUCATION,Y,1
44,29600,3.8,7100,10.06,0.2399,2,0.0769,0.0241,RENT,EDUCATION,N,1
48,80300,0.6,20200,12.14,0.2516,6,0.2,0.0305,MORTGAGE,EDUCATION,N,0
28,43700,1.8,15800,16.3,0.3616,5,0.5,0.0589,OWN,HOMEIMPROVEMENT,N,0
37,152600,4.6,8400,6.71,0.055,3,0.1579,0.0037,RENT,MEDICAL,N,0
47,34900,1.0,24200,19.77,0.6934,5,0.1724,0.1371,RENT,EDUCATION,Y,1
50,31200,2.1,14000,14.57,0.4487,7,0.2188,0.0654,MORTGAGE,EDUCATION,Y,0
45,52000,1.7,11500,11.84,0.2212,2,0.0741,0.0262,OWN,PERSONAL,N,0
51,53600,5.7,15800,10.22,0.2948,2,0.0606,0.0301,MORTGAGE,PERSONAL,N,0
47,128400,5.5,17600,8.95,0.1371,3,0.1034,0.0123,MORTGAGE,EDUCATION,N,0
40,69300,1.5,7000,11.4,0.101,10,0.4545,0.0115,MORTGAGE,VENTURE,N,0
41,44200,0.4,32400,20.24,0.733,13,0.5652,0.1484,RENT,DEBTCONSOLIDATION,Y,1
34,71300,2.4,4700,8.38,0.0659,2,0.125,0.0055,RENT,HOMEIMPROVEMENT,N,0
48,30500,4.3,15700,15.11,0.5148,3,0.1,0.0778,MORTGAGE,MEDICAL,N,0
47,59000,3.6,23400,16.83,0.3966,13,0.4483,0.0667,RENT,VENTURE,N,0
32,27400,4.0,7700,13.29,0.281,7,0.5,0.0373,RENT,MEDICAL,N,0
46,77400,6.4,31900,13.64,0.4121,6,0.2143,0.0562,MORTGAGE,EDUCATION,N,0
53,43100,6.8,8000,11.56,0.1856,8,0.2286,0.0215,MORTGAGE,EDUCATION,N,0
31,41800,,13300,13.4,0.3182,3,0.2308,0.0426,RENT,VENTURE,Y,0
35,34600,9.9,11400,12.57,0.3295,4,0.2353,0.0414,RENT,EDUCATION,N,0
47,35300,11.7,28200,17.5,0.7989,2,0.069,0.1398,OWN,EDUCATION,Y,1
40,53300,,8600,11.71,0.1614,8,0.3636,0.0189,OTHER,DEBTCONSOLIDATION,N,0
56,49500,14.3,8800,8.89,0.1778,12,0.3158,0.0158,RENT,PERSONAL,N,0
61,59900,28.0,11200,11.17,0.187,5,0.1163,0.0209,MORTGAGE,PERSONAL,N,0
41,62500,14.0,17900,14.46,0.2864,7,0.3043,0.0414,MORTGAGE,VENTURE,N,0
43,96800,11.9,18400,10.12,0.1901,13,0.52,0.0192,MORTGAGE,PERSONAL,N,0
39,200200,0.4,9900,12.32,0.0495,4,0.1905,0.0061,MORTGAGE,HOMEIMPROVEMENT,N,0
45,94500,7.6,16600,10.63,0.1757,8,0.2963,0.0187,MORTGAGE,EDUCATION,N,0
45,75600,1.6,14600,6.98,0.1931,4,0.1481,0.0135,MORTGAGE,EDUCATION,Y,0
34,91600,7.1,26400,15.84,0.2882,10,0.625,0.0457,MORTGAGE,DEBTCONSOLIDATION,N,0
37,83700,1.5,13500,12.35,0.1613,10,0.5263,0.0199,MORTGAGE,DEBTCONSOLIDATION,N,1
50,40500,1.0,10600,13.15,0.2617,12,0.375,0.0344,RENT,EDUCATION,N,0
52,71300,2.4,5400,8.23,0.0757,2,0.0588,0.0062,OWN,PERSONAL,N,0
33,54800,1.4,20000,15.19,0.365,3,0.2,0.0554,RENT,VENTURE,N,0
41,31200,1.4,5200,8.26,0.1667,2,0.087,0.0138,RENT,MEDICAL,N,0
60,24100,0.3,21500,19.22,0.8921,5,0.119,0.1715,RENT,DEBTCONSOLIDATION,Y,1
32,57000,7.2,19000,13.78,0.3333,7,0.5,0.0459,RENT,EDUCATION,N,0
48,45200,3.7,6400,13.25,0.1416,7,0.2333,0.0188,RENT,HOMEIMPROVEMENT,N,0
30,88500,6.0,24900,13.63,0.2814,4,0.3333,0.0384,OWN,VENTURE,N,0
39,191300,6.9,10700,,0.0559,6,0.2857,0.0071,RENT,MEDICAL,N,0
41,116200,5.8,3000,8.3,0.0258,3,0.1304,0.0021,RENT,VENTURE,N,0
43,37200,6.7,7400,10.54,0.1989,3,0.12,0.021,OTHER,PERSONAL,N,0
26,58700,8.0,8500,10.63,0.1448,8,1.0,0.0154,MORTGAGE,HOMEIMPROVEMENT,N,0
35,42400,2.1,4600,6.62,0.1085,8,0.4706,0.0072,OWN,PERSONAL,N,0
62,33400,1.7,9200,,0.2754,7,0.1591,0.0349,RENT,HOMEIMPROVEMENT,Y,0
44,51600,2.1,17900,13.57,0.3469,4,0.1538,0.0471,RENT,PERSONAL,N,0
31,115600,1.0,4100,,0.0355,6,0.4615,0.0045,RENT,VENTURE,N,0
48,12800,3.3,13700,19.52,1.0703,2,0.0667,0.2089,OWN,HOMEIMPROVEMENT,Y,1
35,27200,5.0,32600,18.97,1.1985,9,0.5294,0.2274,RENT,PERSONAL,Y,1
49,22600,7.9,21000,18.79,0.9292,5,0.1613,0.1746,MORTGAGE,EDUCATION,N,0
45,81400,9.4,16100,10.83,0.1978,7,0.2593,0.0214,MORTGAGE,EDUCATION,N,0
34,32800,0.7,26000,18.98,0.7927,4,0.25,0.1505,MORTGAGE,EDUCATION,Y,1
51,31600,5.5,10900,13.68,0.3449,3,0.0909,0.0472,RENT,PERSONAL,Y,1
54,33900,0.5,22200,16.66,0.6549,3,0.0833,0.1091,MORTGAGE,EDUCATION,N,1
52,26400,3.9,7800,15.25,0.2955,9,0.2647,0.0451,RENT,MEDICAL,N,0
39,35000,1.2,21100,18.71,0.6029,2,0.0952,0.1128,RENT,EDUCATION,Y,1
41,50400,2.9,29300,20.5,0.5813,3,0.1304,0.1192,MORTGAGE,MEDICAL,Y,0
51,21600,0.2,16500,20.26,0.7639,14,0.4242,0.1548,MORTGAGE,PERSONAL,Y,1
34,44200,1.9,15300,14.61,0.3462,8,0.5,0.0506,MORTGAGE,MEDICAL,Y,0
42,45700,3.0,7500,14.91,0.1641,10,0.4167,0.0245,RENT,VENTURE,N,0
41,50700,1.4,14700,12.03,0.2899,4,0.1739,0.0349,MORTGAGE,PERSONAL,N,1
45,63800,1.9,18700,11.63,0.2931,5,0.1852,0.0341,RENT,EDUCATION,N,0
61,82500,4.9,10200,,0.1236,8,0.186,0.0156,RENT,PERSONAL,N,0
32,90800,1.0,15800,10.51,0.174,6,0.4286,0.0183,RENT,PERSONAL,N,0
67,103300,,20100,12.96,0.1946,10,0.2041,0.0252,RENT,VENTURE,N,0
45,48300,14.3,14500,12.76,0.3002,5,0.1852,0.0383,RENT,PERSONAL,N,0
37,18100,5.2,16200,20.12,0.895,2,0.1053,0.1801,RENT,VENTURE,Y,1
38,12000,5.4,13500,21.47,1.125,10,0.5,0.2415,RENT,DEBTCONSOLIDATION,Y,1
34,24500,5.7,21400,16.67,0.8735,7,0.4375,0.1456,MORTGAGE,EDUCATION,Y,1
41,42300,3.7,10200,12.85,0.2411,5,0.2174,0.031,RENT,EDUCATION,N,0
48,51900,7.0,19800,13.5,0.3815,4,0.1333,0.0515,RENT,EDUCATION,N,0
46,61600,4.3,12000,15.07,0.1948,2,0.0714,0.0294,MORTGAGE,DEBTCONSOLIDATION,N,0
46,35100,0.8,20800,18.8,0.5926,9,0.3214,0.1114,RENT,PERSONAL,Y,1
54,230700,8.7,26600,9.51,0.1153,17,0.4722,0.011,MORTGAGE,EDUCATION,N,0
44,22400,2.1,28900,20.06,1.2902,3,0.1154,0.2588,MORTGAGE,VENTURE,N,1
56,57400,1.8,20800,12.34,0.3624,8,0.2105,0.0447,MORTGAGE,VENTURE,N,0
46,32100,16.4,20500,21.37,0.6386,12,0.4286,0.1365,RENT,PERSONAL,Y,1
37,56200,19.0,20600,15.92,0.3665,7,0.3684,0.0583,MORTGAGE,PERSONAL,N,0
47,29700,0.0,4100,14.16,0.138,2,0.069,0.0195,RENT,VENTURE,N,1
50,49200,17.6,24000,16.89,0.4878,8,0.25,0.0824,MORTGAGE,EDUCATION,N,0
56,43800,2.6,8300,10.05,0.1895,2,0.0526,0.019,MORTGAGE,MEDICAL,N,0
62,82200,7.7,3500,7.02,0.0426,5,0.1136,0.003,MORTGAGE,HOMEIMPROVEMENT,Y,0
44,73900,2.6,12800,13.05,0.1732,9,0.3462,0.0226,MORTGAGE,EDUCATION,N,0
54,107400,1.8,11500,13.65,0.1071,5,0.1389,0.0146,MORTGAGE,MEDICAL,N,0
38,94100,6.2,6900,6.32,0.0733,3,0.15,0.0046,MORTGAGE,HOMEIMPROVEMENT,N,0
50,36400,1.4,11000,12.58,0.3022,6,0.1875,0.038,RENT,MEDICAL,Y,1
46,49200,9.4,20000,,0.4065,14,0.5,0.0515,MORTGAGE,MEDICAL,N,1
42,79400,2.1,24400,12.3,0.3073,6,0.25,0.0378,RENT,MEDICAL,N,0
43,54800,,16000,,0.292,3,0.12,0.037,MORTGAGE,PERSONAL,N,0
39,54800,1.4,26600,17.36,0.4854,4,0.1905,0.0843,RENT,EDUCATION,Y,1
41,32400,1.8,17900,15.35,0.5525,6,0.2609,0.0848,MORTGAGE,MEDICAL,N,1
43,250000,2.7,16100,7.92,0.0644,6,0.24,0.0051,RENT,EDUCATION,N,0
40,30100,3.3,8000,10.82,0.2658,12,0.5455,0.0288,OTHER,EDUCATION,N,0
50,106700,23.0,3500,10.46,0.0328,7,0.2188,0.0034,MORTGAGE,EDUCATION,N,0
48,28900,8.1,18100,17.58,0.6263,5,0.1667,0.1101,MORTGAGE,PERSONAL,N,0
60,128300,0.8,20900,8.62,0.1629,3,0.0714,0.014,OWN,VENTURE,Y,0
61,19900,0.7,26800,19.62,1.3467,3,0.0698,0.2642,RENT,VENTURE,Y,1
52,57900,0.9,11100,16.78,0.1917,2,0.0588,0.0322,MORTGAGE,VENTURE,N,0
45,27700,13.2,11700,14.64,0.4224,2,0.0741,0.0618,RENT,HOMEIMPROVEMENT,N,0
48,33000,0.2,14800,16.01,0.4485,12,0.4,0.0718,OWN,DEBTCONSOLIDATION,Y,1
47,27000,1.7,24200,18.91,0.8963,2,0.069,0.1695,MORTGAGE,PERSONAL,Y,1
61,95900,2.9,24900,11.56,0.2596,4,0.093,0.03,RENT,PERSONAL,N,0
47,56200,5.5,12800,14.31,0.2278,4,0.1379,0.0326,RENT,EDUCATION,Y,1
48,51300,7.8,9100,12.29,0.1774,10,0.3333,0.0218,RENT,MEDICAL,N,0
42,36100,2.5,18500,17.89,0.5125,6,0.25,0.0917,MORTGAGE,MEDICAL,N,1
50,111300,1.7,7700,8.92,0.0692,14,0.4375,0.0062,MORTGAGE,PERSONAL,Y,1
39,16500,21.0,3900,9.62,0.2364,7,0.3333,0.0227,RENT,HOMEIMPROVEMENT,N,0
50,30600,17.8,12400,14.41,0.4052,2,0.0625,0.0584,MORTGAGE,DEBTCONSOLIDATION,N,0
37,99000,3.9,30100,10.45,0.304,9,0.4737,0.0318,OWN,EDUCATION,N,0
31,34800,3.8,15600,18.26,0.4483,5,0.3846,0.0819,RENT,PERSONAL,Y,1
53,147600,0.4,5200,10.28,0.0352,6,0.1714,0.0036,MORTGAGE,VENTURE,Y,0
45,89400,2.1,14700,8.12,0.1644,4,0.1481,0.0133,MORTGAGE,EDUCATION,N,0
43,31800,22.1,11600,11.4,0.3648,3,0.12,0.0416,RENT,EDUCATION,N,1
46,35100,9.9,11100,17.39,0.3162,6,0.2143,0.055,RENT,DEBTCONSOLIDATION,N,0
45,51300,0.0,13700,11.81,0.2671,7,0.2593,0.0315,OWN,EDUCATION,N,0
36,77700,11.8,18700,9.32,0.2407,11,0.6111,0.0224,MORTGAGE,EDUCATION,N,0
56,84000,3.0,16000,9.46,0.1905,4,0.1053,0.018,RENT,HOMEIMPROVEMENT,N,0
42,43900,13.3,20400,14.82,0.4647,8,0.3333,0.0689,MORTGAGE,EDUCATION,Y,1
42,90600,9.8,4900,7.59,0.0541,2,0.0833,0.0041,OWN,MEDICAL,N,0
32,155000,1.1,17400,7.65,0.1123,10,0.7143,0.0086,RENT,EDUCATION,N,0
56,44900,0.0,9100,12.55,0.2027,5,0.1316,0.0254,RENT,HOMEIMPROVEMENT,N,1
45,58100,4.3,6700,11.67,0.1153,6,0.2222,0.0135,RENT,VENTURE,N,0
43,19600,1.7,22700,22.63,1.1582,3,0.12,0.2621,RENT,DEBTCONSOLIDATION,Y,1
34,35100,3.7,9500,15.51,0.2707,8,0.5,0.042,MORTGAGE,PERSONAL,N,0
44,81100,8.8,5900,11.86,0.0727,9,0.3462,0.0086,RENT,VENTURE,N,0
42,39600,7.9,16400,13.23,0.4141,3,0.125,0.0548,RENT,MEDICAL,Y,1
35,67800,6.4,8500,8.66,0.1254,4,0.2353,0.0109,MORTGAGE,EDUCATION,N,0
41,78000,11.3,6100,6.14,0.0782,6,0.2609,0.0048,MORTGAGE,PERSONAL,N,0
33,61000,0.0,9000,11.66,0.1475,7,0.4667,0.0172,RENT,VENTURE,N,0
36,49400,3.6,28000,18.1,0.5668,10,0.5556,0.1026,MORTGAGE,EDUCATION,N,1
44,116200,0.2,28300,13.92,0.2435,2,0.0769,0.0339,MORTGAGE,MEDICAL,N,0
39,46700,21.0,10100,12.6,0.2163,7,0.3333,0.0273,MORTGAGE,PERSONAL,N,0
34,54400,2.6,10600,13.89,0.1949,8,0.5,0.0271,RENT,EDUCATION,N,0
51,56600,3.8,13500,14.55,0.2385,6,0.1818,0.0347,RENT,PERSONAL,N,0
34,38500,1.5,22500,17.3,0.5844,10,0.625,0.1011,MORTGAGE,EDUCATION,N,1
37,23800,,31100,17.25,1.3067,5,0.2632,0.2254,RENT,PERSONAL,N,1
44,29600,2.2,24300,21.59,0.8209,8,0.3077,0.1772,RENT,HOMEIMPROVEMENT,Y,1
40,45900,0.9,21700,15.03,0.4728,14,0.6364,0.0711,MORTGAGE,EDUCATION,N,1
45,51300,4.4,15700,13.62,0.306,4,0.1481,0.0417,MORTGAGE,DEBTCONSOLIDATION,N,0
37,38400,4.2,25900,18.78,0.6745,7,0.3684,0.1267,RENT,PERSONAL,N,0
56,62600,6.9,2900,7.65,0.0463,5,0.1316,0.0035,OWN,MEDICAL,N,0
55,57300,19.4,26400,19.02,0.4607,3,0.0811,0.0876,RENT,MEDICAL,Y,0
44,41800,26.0,18000,14.44,0.4306,4,0.1538,0.0622,RENT,PERSONAL,N,0
38,118900,8.4,6300,8.49,0.053,6,0.3,0.0045,MORTGAGE,HOMEIMPROVEMENT,N,0
43,64500,0.9,18700,13.66,0.2899,5,0.2,0.0396,OWN,EDUCATION,N,0
45,102200,9.9,9100,9.93,0.089,5,0.1852,0.0088,RENT,MEDICAL,N,0
49,89200,1.7,18800,14.83,0.2108,13,0.4194,0.0313,MORTGAGE,DEBTCONSOLIDATION,N,1
46,89400,5.9,12800,,0.1432,12,0.4286,0.0181,MORTGAGE,VENTURE,N,0
46,63100,1.9,11900,,0.1886,6,0.2143,0.0239,MORTGAGE,PERSONAL,N,0
56,84900,3.2,9700,8.52,0.1143,9,0.2368,0.0097,RENT,EDUCATION,N,0
50,119300,10.0,8500,8.39,0.0712,3,0.0938,0.006,MORTGAGE,PERSONAL,N,0
54,47700,4.4,11700,12.26,0.2453,10,0.2778,0.0301,RENT,DEBTCONSOLIDATION,N,1
42,43700,24.0,11000,15.73,0.2517,4,0.1667,0.0396,MORTGAGE,VENTURE,N,0
40,42200,9.2,18400,17.18,0.436,4,0.1818,0.0749,RENT,EDUCATION,N,1
54,113500,2.7,10400,8.47,0.0916,8,0.2222,0.0078,MORTGAGE,HOMEIMPROVEMENT,Y,0
35,47800,0.8,13300,13.81,0.2782,4,0.2353,0.0384,MORTGAGE,DEBTCONSOLIDATION,N,0
39,50100,0.6,8800,13.32,0.1756,10,0.4762,0.0234,MORTGAGE,VENTURE,Y,1
33,50500,2.7,15000,14.88,0.297,15,1.0,0.0442,RENT,EDUCATION,N,0
39,61300,1.6,12000,14.56,0.1958,2,0.0952,0.0285,MORTGAGE,VENTURE,N,0
52,63600,1.0,9700,9.2,0.1525,2,0.0588,0.014,RENT,MEDICAL,N,0
31,91000,1.2,15700,11.25,0.1725,5,0.3846,0.0194,MORTGAGE,EDUCATION,N,0
25,13200,7.0,15900,20.25,1.2045,2,0.2857,0.2439,RENT,VENTURE,Y,1
70,50400,18.9,21700,16.81,0.4306,3,0.0577,0.0724,RENT,MEDICAL,N,1
39,47100,1.4,24500,21.75,0.5202,10,0.4762,0.1131,RENT,DEBTCONSOLIDATION,Y,1
43,119700,0.6,19500,11.02,0.1629,5,0.2,0.018,OWN,EDUCATION,N,0
41,34000,7.9,29300,19.15,0.8618,3,0.1304,0.165,MORTGAGE,HOMEIMPROVEMENT,N,1
38,85400,5.7,10400,11.77,0.1218,9,0.45,0.0143,MORTGAGE,VENTURE,N,0
43,73800,1.8,17900,13.33,0.2425,3,0.12,0.0323,OWN,EDUCATION,N,0
41,42900,5.3,9900,11.62,0.2308,12,0.5217,0.0268,MORTGAGE,EDUCATION,N,0
43,58500,3.2,12600,13.14,0.2154,6,0.24,0.0283,MORTGAGE,VENTURE,Y,0
44,41500,3.2,27900,17.38,0.6723,11,0.4231,0.1168,MORTGAGE,EDUCATION,Y,0
42,36000,18.3,22300,19.87,0.6194,5,0.2083,0.1231,RENT,PERSONAL,Y,0
41,109900,1.5,16700,9.81,0.152,10,0.4348,0.0149,RENT,DEBTCONSOLIDATION,N,0
45,84200,2.1,17400,12.44,0.2067,8,0.2963,0.0257,RENT,MEDICAL,N,0
67,46900,4.0,24700,18.13,0.5267,10,0.2041,0.0955,MORTGAGE,EDUCATION,N,0
31,55600,3.5,18300,15.54,0.3291,11,0.8462,0.0511,RENT,DEBTCONSOLIDATION,N,0
46,39400,3.8,11800,14.11,0.2995,8,0.2857,0.0423,MORTGAGE,HOMEIMPROVEMENT,N,0
40,40200,1.2,7100,10.05,0.1766,14,0.6364,0.0177,RENT,MEDICAL,N,0
62,67000,0.8,9300,,0.1388,4,0.0909,0.0176,RENT,HOMEIMPROVEMENT,N,0
51,151200,14.6,15500,10.34,0.1025,4,0.1212,0.0106,MORTGAGE,DEBTCONSOLIDATION,N,0
47,13900,3.8,4800,13.96,0.3453,10,0.3448,0.0482,RENT,DEBTCONSOLIDATION,N,0
34,50000,1.7,12400,12.87,0.248,6,0.375,0.0319,RENT,HOMEIMPROVEMENT,N,0
58,53400,19.4,15500,13.2,0.2903,2,0.05,0.0383,MORTGAGE,EDUCATION,N,0
38,38700,6.4,11400,12.08,0.2946,4,0.2,0.0356,RENT,EDUCATION,N,0
40,39100,4.0,6000,10.56,0.1535,5,0.2273,0.0162,MORTGAGE,PERSONAL,N,0
45,27800,9.2,16500,18.55,0.5935,5,0.1852,0.1101,RENT,EDUCATION,Y,1
44,38800,1.0,12400,13.93,0.3196,4,0.1538,0.0445,RENT,EDUCATION,N,0
44,35100,3.5,9500,10.57,0.2707,3,0.1154,0.0286,RENT,PERSONAL,N,0
37,42100,14.7,2000,8.01,0.0475,10,0.5263,0.0038,OWN,PERSONAL,N,0
32,93200,7.8,28200,13.56,0.3026,14,1.0,0.041,MORTGAGE,PERSONAL,Y,1
39,51200,10.7,11100,10.46,0.2168,4,0.1905,0.0227,RENT,PERSONAL,N,0
48,63100,0.4,18800,12.05,0.2979,2,0.0667,0.0359,MORTGAGE,EDUCATION,N,0
54,75300,3.5,9000,7.29,0.1195,5,0.1389,0.0087,RENT,EDUCATION,N,0
35,12000,9.5,12400,19.8,1.0333,4,0.2353,0.2046,RENT,EDUCATION,Y,1
46,38900,1.6,8200,10.44,0.2108,17,0.6071,0.022,RENT,HOMEIMPROVEMENT,N,0
52,94500,0.2,25100,9.88,0.2656,5,0.1471,0.0262,MORTGAGE,HOMEIMPROVEMENT,N,0
41,93900,23.0,24800,13.27,0.2641,3,0.1304,0.035,RENT,VENTURE,N,0
41,30800,4.9,14000,16.1,0.4545,6,0.2609,0.0732,OWN,EDUCATION,N,0
50,35800,2.1,12300,,0.3436,2,0.0625,0.0435,RENT,DEBTCONSOLIDATION,N,1
54,34700,8.5,14200,14.88,0.4092,3,0.0833,0.0609,MORTGAGE,PERSONAL,N,0
48,86500,11.3,16000,12.5,0.185,21,0.7,0.0231,RENT,DEBTCONSOLIDATION,Y,0
52,32600,1.0,16100,12.03,0.4939,4,0.1176,0.0594,MORTGAGE,MEDICAL,N,1
52,59800,5.6,6400,9.46,0.107,4,0.1176,0.0101,RENT,VENTURE,N,0
39,122300,4.7,9800,8.13,0.0801,12,0.5714,0.0065,MORTGAGE,EDUCATION,N,0
52,47700,1.2,11500,11.55,0.2411,2,0.0588,0.0278,MORTGAGE,EDUCATION,Y,0
58,64300,14.6,12900,9.33,0.2006,9,0.225,0.0187,MORTGAGE,PERSONAL,N,0
37,72900,3.5,5100,8.88,0.07,8,0.4211,0.0062,RENT,EDUCATION,Y,0
40,38100,1.6,10200,11.9,0.2677,7,0.3182,0.0319,RENT,VENTURE,N,0
41,56000,1.5,6500,10.91,0.1161,8,0.3478,0.0127,MORTGAGE,VENTURE,N,0
41,63400,0.0,2300,9.69,0.0363,4,0.1739,0.0035,RENT,VENTURE,N,0
62,48300,6.1,9800,10.54,0.2029,6,0.1364,0.0214,RENT,EDUCATION,N,0
50,32100,1.1,11200,16.57,0.3489,5,0.1562,0.0578,RENT,DEBTCONSOLIDATION,Y,1
43,33400,3.4,21800,15.39,0.6527,2,0.08,0.1005,OWN,HOMEIMPROVEMENT,N,0
41,110200,6.5,9800,12.37,0.0889,3,0.1304,0.011,RENT,VENTURE,N,0
43,33400,11.9,12500,18.12,0.3743,3,0.12,0.0678,MORTGAGE,VENTURE,N,0
53,19900,4.7,12500,18.99,0.6281,4,0.1143,0.1193,MORTGAGE,PERSONAL,Y,1
63,50600,5.7,32700,18.7,0.6462,10,0.2222,0.1208,MORTGAGE,HOMEIMPROVEMENT,N,1
40,71400,1.2,17400,9.28,0.2437,7,0.3182,0.0226,RENT,MEDICAL,N,1
38,72900,1.0,9400,9.23,0.1289,10,0.5,0.0119,MORTGAGE,EDUCATION,N,0
36,89000,0.4,10100,5.87,0.1135,5,0.2778,0.0067,MORTGAGE,PERSONAL,N,0
51,136700,0.3,27800,,0.2034,8,0.2424,0.0258,MORTGAGE,HOMEIMPROVEMENT,Y,0
58,125900,3.9,17200,11.22,0.1366,10,0.25,0.0153,MORTGAGE,VENTURE,N,0
51,82000,2.2,32600,15.69,0.3976,5,0.1515,0.0624,RENT,DEBTCONSOLIDATION,Y,1
46,19800,4.1,15600,20.58,0.7879,8,0.2857,0.1621,MORTGAGE,MEDICAL,N,1
59,59400,6.3,9500,12.35,0.1599,2,0.0488,0.0197,RENT,VENTURE,N,0
46,41000,10.2,14400,14.55,0.3512,6,0.2143,0.0511,MORTGAGE,MEDICAL,N,0
52,58100,1.9,21500,16.65,0.3701,5,0.1471,0.0616,RENT,DEBTCONSOLIDATION,N,1
46,120800,3.0,21200,11.6,0.1755,7,0.25,0.0204,RENT,HOMEIMPROVEMENT,N,0
39,122300,6.6,13800,11.68,0.1128,3,0.1429,0.0132,RENT,VENTURE,N,0
57,61700,8.4,18700,11.73,0.3031,4,0.1026,0.0356,RENT,HOMEIMPROVEMENT,Y,0
59,97000,1.6,17500,9.33,0.1804,3,0.0732,0.0168,MORTGAGE,MEDICAL,N,0
49,25900,19.3,7000,11.24,0.2703,4,0.129,0.0304,RENT,MEDICAL,N,0
42,42700,2.8,11300,15.21,0.2646,9,0.375,0.0402,OWN,HOMEIMPROVEMENT,N,0
55,107400,1.8,8000,13.62,0.0745,11,0.2973,0.0101,RENT,VENTURE,N,0
32,12000,2.1,15700,19.97,1.3083,3,0.2143,0.2613,OWN,EDUCATION,Y,1
46,56500,6.8,26700,,0.4726,3,0.1071,0.0598,OWN,PERSONAL,Y,1
33,23700,0.6,9600,12.86,0.4051,8,0.5333,0.0521,RENT,PERSONAL,N,1
51,24200,7.2,12900,16.74,0.5331,3,0.0909,0.0892,OWN,EDUCATION,N,0
54,96100,0.3,6700,8.36,0.0697,9,0.25,0.0058,RENT,MEDICAL,N,0
40,44900,3.7,16300,12.19,0.363,9,0.4091,0.0442,RENT,VENTURE,N,0
45,34800,0.7,10800,8.77,0.3103,5,0.1852,0.0272,RENT,MEDICAL,N,0
46,97800,7.3,9700,13.71,0.0992,7,0.25,0.0136,MORTGAGE,DEBTCONSOLIDATION,N,0
43,96200,2.1,11200,9.99,0.1164,9,0.36,0.0116,RENT,EDUCATION,N,0
44,51800,1.1,18000,,0.3475,6,0.2308,0.044,OWN,DEBTCONSOLIDATION,N,0
38,67600,2.4,13400,11.28,0.1982,3,0.15,0.0224,OWN,MEDICAL,N,0
42,53200,2.2,13600,11.26,0.2556,22,0.9167,0.0288,MORTGAGE,VENTURE,N,0
45,103700,8.4,17000,11.26,0.1639,2,0.0741,0.0185,MORTGAGE,PERSONAL,N,0
46,48600,6.9,31000,18.04,0.6379,10,0.3571,0.1151,RENT,DEBTCONSOLIDATION,Y,1
46,41100,0.3,19700,15.76,0.4793,10,0.3571,0.0755,MORTGAGE,PERSONAL,Y,0
39,77900,,25400,12.41,0.3261,4,0.1905,0.0405,RENT,EDUCATION,N,0
51,45700,5.1,19200,16.75,0.4201,12,0.3636,0.0704,MORTGAGE,EDUCATION,N,0
45,49800,20.3,20700,17.0,0.4157,2,0.0741,0.0707,RENT,MEDICAL,N,0
50,83600,2.6,13000,9.9,0.1555,5,0.1562,0.0154,MORTGAGE,EDUCATION,N,0
43,52600,0.3,10500,14.37,0.1996,2,0.08,0.0287,RENT,EDUCATION,N,0
43,85000,4.6,26600,15.29,0.3129,4,0.16,0.0478,RENT,PERSONAL,N,0
51,57600,6.9,20900,13.06,0.3628,13,0.3939,0.0474,RENT,EDUCATION,N,0
47,45700,3.6,12800,12.36,0.2801,12,0.4138,0.0346,MORTGAGE,PERSONAL,N,0
39,40800,0.1,20100,13.84,0.4926,11,0.5238,0.0682,RENT,EDUCATION,N,1
39,75100,0.3,12700,14.22,0.1691,8,0.381,0.024,RENT,VENTURE,N,0
44,32500,17.4,29500,16.63,0.9077,3,0.1154,0.151,MORTGAGE,MEDICAL,N,1
44,77200,0.0,7700,11.75,0.0997,5,0.1923,0.0117,RENT,PERSONAL,N,0
48,58500,5.0,16300,13.23,0.2786,5,0.1667,0.0369,OTHER,PERSONAL,N,0
60,29900,3.5,17300,16.16,0.5786,10,0.2381,0.0935,RENT,HOMEIMPROVEMENT,N,1
38,59000,1.8,14200,10.76,0.2407,10,0.5,0.0259,OWN,EDUCATION,N,0
38,41000,2.7,4200,10.04,0.1024,7,0.35,0.0103,RENT,VENTURE,N,1
39,50500,11.8,18900,17.09,0.3743,8,0.381,0.064,MORTGAGE,VENTURE,N,0
45,41800,5.0,9100,7.41,0.2177,3,0.1111,0.0161,RENT,VENTURE,N,0
44,65200,0.8,8400,8.95,0.1288,2,0.0769,0.0115,OWN,PERSONAL,N,0
40,36500,0.0,19700,18.3,0.5397,14,0.6364,0.0988,MORTGAGE,VENTURE,N,0
50,63100,4.8,11300,9.29,0.1791,9,0.2812,0.0166,MORTGAGE,EDUCATION,N,0
42,36000,0.2,3100,9.81,0.0861,2,0.0833,0.0084,MORTGAGE,DEBTCONSOLIDATION,N,0
42,40200,0.7,12600,13.48,0.3134,6,0.25,0.0422,RENT,EDUCATION,Y,1
52,95700,5.3,12600,11.92,0.1317,4,0.1176,0.0157,RENT,VENTURE,N,1
30,89600,0.5,29200,13.19,0.3259,6,0.5,0.043,MORTGAGE,EDUCATION,N,0
44,61500,0.9,5500,7.87,0.0894,7,0.2692,0.007,RENT,PERSONAL,N,0
32,57600,2.3,29300,15.55,0.5087,10,0.7143,0.0791,RENT,MEDICAL,N,0
48,44700,1.0,16700,11.3,0.3736,6,0.2,0.0422,RENT,MEDICAL,N,0
46,48000,0.8,11800,12.72,0.2458,6,0.2143,0.0313,MORTGAGE,VENTURE,Y,0
37,88300,1.6,6800,7.76,0.077,6,0.3158,0.006,RENT,EDUCATION,Y,1
37,59500,11.5,16000,11.4,0.2689,9,0.4737,0.0307,MORTGAGE,EDUCATION,N,0
25,29200,5.0,25900,16.33,0.887,7,1.0,0.1448,OWN,EDUCATION,N,1
47,44500,7.7,16400,14.85,0.3685,4,0.1379,0.0547,RENT,EDUCATION,N,1
27,32800,7.4,8900,11.65,0.2713,8,0.8889,0.0316,MORTGAGE,MEDICAL,N,0
49,74000,4.2,8300,10.28,0.1122,10,0.3226,0.0115,MORTGAGE,VENTURE,N,1
43,64400,2.6,9600,9.66,0.1491,10,0.4,0.0144,MORTGAGE,EDUCATION,N,0
37,142400,11.5,8800,9.77,0.0618,6,0.3158,0.006,RENT,PERSONAL,N,0
40,71400,1.6,15600,9.65,0.2185,9,0.4091,0.0211,RENT,MEDICAL,N,0
44,25500,0.1,9800,13.18,0.3843,4,0.1538,0.0507,MORTGAGE,MEDICAL,N,0
39,12000,5.8,12500,20.0,1.0417,2,0.0952,0.2083,MORTGAGE,MEDICAL,Y,1
43,31900,0.9,5700,8.94,0.1787,3,0.12,0.016,RENT,EDUCATION,N,0
48,28000,1.0,30200,20.36,1.0786,12,0.4,0.2196,RENT,VENTURE,Y,1
37,109700,10.4,10300,12.99,0.0939,13,0.6842,0.0122,OWN,PERSONAL,N,0
62,53700,5.1,13100,15.17,0.2439,2,0.0455,0.037,RENT,HOMEIMPROVEMENT,N,1
40,79100,3.1,18900,9.26,0.2389,8,0.3636,0.0221,RENT,MEDICAL,N,0
44,64200,17.9,19600,16.33,0.3053,3,0.1154,0.0499,MORTGAGE,VENTURE,N,1
46,148300,7.4,3500,11.16,0.0236,2,0.0714,0.0026,MORTGAGE,PERSONAL,N,0
64,76700,4.0,17000,10.89,0.2216,4,0.087,0.0241,RENT,EDUCATION,N,0
45,63900,6.9,6200,6.06,0.097,2,0.0741,0.0059,RENT,EDUCATION,N,0
40,50800,1.5,17100,12.65,0.3366,2,0.0909,0.0426,RENT,HOMEIMPROVEMENT,Y,1
42,41700,1.5,10900,14.28,0.2614,6,0.25,0.0373,MORTGAGE,EDUCATION,N,0
36,41600,3.5,20500,16.24,0.4928,6,0.3333,0.08,RENT,EDUCATION,N,0
46,27400,4.7,18200,21.95,0.6642,4,0.1429,0.1458,MORTGAGE,HOMEIMPROVEMENT,Y,1
43,67000,6.9,8300,11.53,0.1239,5,0.2,0.0143,RENT,PERSONAL,N,0
46,122500,0.9,22700,8.14,0.1853,13,0.4643,0.0151,MORTGAGE,EDUCATION,N,0
50,46400,4.7,20600,14.56,0.444,6,0.1875,0.0646,MORTGAGE,MEDICAL,Y,1
45,35300,0.8,16200,17.13,0.4589,10,0.3704,0.0786,OTHER,PERSONAL,N,0
53,40500,13.7,29300,20.61,0.7235,7,0.2,0.1491,MORTGAGE,VENTURE,N,1
47,54200,9.3,16700,,0.3081,10,0.3448,0.039,RENT,MEDICAL,N,0
36,94800,12.4,14300,6.25,0.1508,2,0.1111,0.0094,MORTGAGE,MEDICAL,N,0
33,32400,0.1,3200,9.32,0.0988,5,0.3333,0.0092,RENT,MEDICAL,N,0
48,115100,5.8,18900,10.39,0.1642,7,0.2333,0.0171,MORTGAGE,EDUCATION,N,0
39,80000,3.0,7600,9.12,0.095,4,0.1905,0.0087,MORTGAGE,DEBTCONSOLIDATION,N,0
41,164300,8.9,15000,8.75,0.0913,4,0.1739,0.008,RENT,HOMEIMPROVEMENT,N,0
61,60200,4.4,23800,15.86,0.3953,8,0.186,0.0627,OTHER,VENTURE,N,0
65,111200,1.6,6600,8.31,0.0594,9,0.1915,0.0049,RENT,PERSONAL,N,0
52,58400,4.2,17500,12.73,0.2997,2,0.0588,0.0382,RENT,MEDICAL,N,1
40,48800,1.3,9100,12.47,0.1865,5,0.2273,0.0233,MORTGAGE,MEDICAL,N,0
55,29200,7.5,5100,13.23,0.1747,6,0.1622,0.0231,OWN,EDUCATION,N,0
45,82800,2.0,6900,,0.0833,2,0.0741,0.0105,MORTGAGE,MEDICAL,N,0
41,54700,13.7,6300,8.06,0.1152,11,0.4783,0.0093,RENT,EDUCATION,N,0
41,167000,6.9,11000,7.76,0.0659,5,0.2174,0.0051,MORTGAGE,EDUCATION,N,0
31,39900,8.4,16700,17.2,0.4185,3,0.2308,0.072,OWN,MEDICAL,N,0
41,29400,13.7,9900,,0.3367,2,0.087,0.0426,MORTGAGE,EDUCATION,Y,1
30,35900,3.1,6400,9.66,0.1783,7,0.5833,0.0172,MORTGAGE,EDUCATION,Y,0
39,38200,6.5,6300,10.96,0.1649,8,0.381,0.0181,MORTGAGE,PERSONAL,N,0
45,61300,,10800,14.1,0.1762,5,0.1852,0.0248,MORTGAGE,DEBTCONSOLIDATION,Y,0
45,76000,5.6,21100,13.62,0.2776,5,0.1852,0.0378,RENT,EDUCATION,Y,1
52,60500,0.3,16300,12.38,0.2694,5,0.1471,0.0334,RENT,EDUCATION,N,0
34,116600,0.0,10900,10.91,0.0935,9,0.5625,0.0102,RENT,EDUCATION,N,0
32,74600,9.8,10000,7.84,0.134,5,0.3571,0.0105,RENT,PERSONAL,N,0
35,81300,6.1,15600,,0.1919,10,0.5882,0.0243,RENT,DEBTCONSOLIDATION,Y,0
37,162600,5.5,17000,,0.1046,3,0.1579,0.0132,RENT,MEDICAL,Y,0
55,24200,10.9,12800,17.64,0.5289,6,0.1622,0.0933,OWN,DEBTCONSOLIDATION,N,0
50,108300,7.0,8700,10.58,0.0803,5,0.1562,0.0085,MORTGAGE,MEDICAL,N,0
47,57400,4.8,30100,20.66,0.5244,3,0.1034,0.1083,RENT,VENTURE,Y,1
44,70400,8.7,14300,15.08,0.2031,5,0.1923,0.0306,RENT,VENTURE,Y,0
36,36400,14.0,12500,15.17,0.3434,13,0.7222,0.0521,RENT,EDUCATION,N,0
59,31700,4.4,13300,13.88,0.4196,5,0.122,0.0582,RENT,DEBTCONSOLIDATION,N,0
33,93700,1.7,17500,10.7,0.1868,8,0.5333,0.02,RENT,EDUCATION,N,0
48,47600,11.8,17600,12.65,0.3697,6,0.2,0.0468,RENT,PERSONAL,N,1
45,145100,2.3,9900,8.81,0.0682,10,0.3704,0.006,RENT,EDUCATION,Y,0
41,67800,0.0,6500,8.01,0.0959,5,0.2174,0.0077,RENT,MEDICAL,N,0
38,88400,1.4,17700,12.88,0.2002,2,0.1,0.0258,RENT,HOMEIMPROVEMENT,N,0
55,57500,9.9,10300,12.33,0.1791,4,0.1081,0.0221,MORTGAGE,EDUCATION,N,0
49,25500,4.1,12400,18.94,0.4863,3,0.0968,0.0921,MORTGAGE,DEBTCONSOLIDATION,Y,1
49,32500,1.4,8800,11.15,0.2708,11,0.3548,0.0302,RENT,EDUCATION,Y,1
59,83800,1.4,9800,11.34,0.1169,8,0.1951,0.0133,MORTGAGE,DEBTCONSOLIDATION,N,0
37,68300,15.5,26800,12.35,0.3924,11,0.5789,0.0485,OWN,PERSONAL,N,0
43,93400,13.8,8100,9.95,0.0867,7,0.28,0.0086,RENT,EDUCATION,N,0
60,38600,19.2,12300,13.94,0.3187,2,0.0476,0.0444,OWN,VENTURE,N,0
47,60100,,29800,13.08,0.4958,3,0.1034,0.0649,MORTGAGE,PERSONAL,N,1
53,112800,1.3,6700,6.69,0.0594,16,0.4571,0.004,RENT,EDUCATION,N,0
55,192700,6.1,24100,8.72,0.1251,7,0.1892,0.0109,RENT,EDUCATION,N,0
48,34100,,7800,10.86,0.2287,3,0.1,0.0248,MORTGAGE,PERSONAL,N,0
38,75800,3.2,20600,14.24,0.2718,7,0.35,0.0387,OWN,HOMEIMPROVEMENT,N,0
56,116400,1.6,28600,12.23,0.2457,8,0.2105,0.03,RENT,EDUCATION,N,0
42,22500,10.1,9900,15.75,0.44,4,0.1667,0.0693,RENT,VENTURE,Y,0
45,67900,1.0,17400,13.69,0.2563,6,0.2222,0.0351,RENT,EDUCATION,N,0
45,65000,1.5,23700,12.14,0.3646,7,0.2593,0.0443,RENT,HOMEIMPROVEMENT,N,0
40,26600,1.0,17700,20.12,0.6654,5,0.2273,0.1339,MORTGAGE,DEBTCONSOLIDATION,Y,1
34,38000,4.3,9000,14.07,0.2368,8,0.5,0.0333,RENT,EDUCATION,N,0
64,52900,0.2,11300,11.08,0.2136,4,0.087,0.0237,RENT,EDUCATION,N,0
70,105400,1.5,8700,9.33,0.0825,9,0.1731,0.0077,MORTGAGE,PERSONAL,N,0
48,51600,0.5,9500,11.62,0.1841,3,0.1,0.0214,RENT,MEDICAL,N,0
46,152800,,5900,10.66,0.0386,4,0.1429,0.0041,RENT,MEDICAL,N,0
52,45400,0.7,25600,18.61,0.5639,4,0.1176,0.1049,RENT,MEDICAL,N,0
61,74500,4.4,15900,14.02,0.2134,4,0.093,0.0299,RENT,PERSONAL,N,0
51,47900,5.0,16300,12.4,0.3403,9,0.2727,0.0422,OWN,EDUCATION,N,0
65,83700,5.3,12900,,0.1541,6,0.1277,0.0195,RENT,DEBTCONSOLIDATION,N,0
33,60000,12.5,16300,13.31,0.2717,5,0.3333,0.0362,RENT,HOMEIMPROVEMENT,N,0
68,40900,1.8,17400,14.19,0.4254,7,0.14,0.0604,RENT,MEDICAL,N,0
44,58800,8.7,22000,11.31,0.3741,2,0.0769,0.0423,MORTGAGE,EDUCATION,N,0
43,85000,2.0,21900,,0.2576,7,0.28,0.0326,RENT,EDUCATION,N,0
50,64300,10.3,9700,11.28,0.1509,5,0.1562,0.017,MORTGAGE,VENTURE,N,0
40,54700,0.1,4800,8.69,0.0878,9,0.4091,0.0076,RENT,MEDICAL,N,0
43,137800,2.3,8400,7.87,0.061,5,0.2,0.0048,MORTGAGE,DEBTCONSOLIDATION,N,0
43,141400,9.0,30900,12.53,0.2185,2,0.08,0.0274,RENT,EDUCATION,N,0
51,20500,12.9,10000,15.23,0.4878,15,0.4545,0.0743,RENT,MEDICAL,Y,0
41,36200,12.5,22100,19.72,0.6105,10,0.4348,0.1204,OWN,VENTURE,N,0
58,125900,9.1,30800,12.75,0.2446,3,0.075,0.0312,RENT,VENTURE,N,0
42,17100,8.5,8600,13.5,0.5029,8,0.3333,0.0679,RENT,MEDICAL,N,0
43,37600,6.0,12300,11.25,0.3271,8,0.32,0.0368,MORTGAGE,MEDICAL,N,0
46,29500,1.2,22900,18.99,0.7763,8,0.2857,0.1474,RENT,EDUCATION,Y,1
47,49500,2.9,6700,10.42,0.1354,9,0.3103,0.0141,RENT,PERSONAL,N,0
43,113200,7.6,18100,11.14,0.1599,5,0.2,0.0178,RENT,MEDICAL,N,0
43,60700,0.9,5000,10.26,0.0824,4,0.16,0.0085,MORTGAGE,DEBTCONSOLIDATION,N,0
42,43600,7.6,13800,9.06,0.3165,3,0.125,0.0287,RENT,EDUCATION,N,1
67,35900,3.9,7600,12.25,0.2117,6,0.1224,0.0259,OWN,PERSONAL,N,0
29,17700,8.5,9900,19.19,0.5593,9,0.8182,0.1073,RENT,VENTURE,Y,1
43,74200,3.3,19900,9.21,0.2682,10,0.4,0.0247,MORTGAGE,PERSONAL,N,0
44,49600,0.4,20800,11.73,0.4194,4,0.1538,0.0492,MORTGAGE,MEDICAL,N,0
38,64000,3.3,7800,8.53,0.1219,7,0.35,0.0104,MORTGAGE,EDUCATION,N,0
58,55200,,12600,11.48,0.2283,5,0.125,0.0262,RENT,HOMEIMPROVEMENT,N,0
48,79100,0.1,10700,8.56,0.1353,3,0.1,0.0116,MORTGAGE,EDUCATION,N,0
44,106100,7.6,9300,9.77,0.0877,7,0.2692,0.0086,RENT,MEDICAL,N,1
40,62700,1.9,5400,6.15,0.0861,8,0.3636,0.0053,RENT,DEBTCONSOLIDATION,N,0
42,47000,,19900,15.67,0.4234,3,0.125,0.0663,MORTGAGE,PERSONAL,N,1
52,46100,6.2,12100,12.39,0.2625,5,0.1471,0.0325,MORTGAGE,EDUCATION,N,0
41,35600,7.6,12400,17.89,0.3483,8,0.3478,0.0623,RENT,MEDICAL,Y,1
40,52300,2.7,21100,15.25,0.4034,4,0.1818,0.0615,MORTGAGE,MEDICAL,N,0
48,41200,1.3,11200,15.33,0.2718,5,0.1667,0.0417,MORTGAGE,VENTURE,N,0
42,28800,1.7,16500,18.51,0.5729,9,0.375,0.106,RENT,VENTURE,Y,0
41,136900,9.5,10500,11.8,0.0767,3,0.1304,0.0091,RENT,DEBTCONSOLIDATION,N,0
43,83900,14.9,12100,10.12,0.1442,4,0.16,0.0146,MORTGAGE,EDUCATION,N,0
45,40000,7.0,11900,12.8,0.2975,8,0.2963,0.0381,MORTGAGE,MEDICAL,Y,1
43,49800,7.1,10800,11.94,0.2169,6,0.24,0.0259,RENT,HOMEIMPROVEMENT,N,0
31,23000,6.4,9900,,0.4304,5,0.3846,0.0545,RENT,MEDICAL,N,0
32,79000,3.0,16300,10.36,0.2063,6,0.4286,0.0214,RENT,MEDICAL,Y,1
41,57900,5.0,28100,19.37,0.4853,5,0.2174,0.094,OWN,PERSONAL,N,0
37,79800,2.2,6900,11.12,0.0865,8,0.4211,0.0096,MORTGAGE,MEDICAL,N,0
57,26400,3.9,20000,21.61,0.7576,5,0.1282,0.1637,RENT,PERSONAL,Y,1
45,46400,0.4,18700,17.08,0.403,3,0.1111,0.0688,MORTGAGE,EDUCATION,N,0
62,60600,5.7,11900,10.27,0.1964,7,0.1591,0.0202,RENT,MEDICAL,N,0
51,39700,1.2,12900,13.45,0.3249,12,0.3636,0.0437,MORTGAGE,EDUCATION,N,0
37,127300,2.9,19200,12.08,0.1508,7,0.3684,0.0182,MORTGAGE,EDUCATION,N,0
50,48300,3.6,13800,,0.2857,4,0.125,0.0362,MORTGAGE,MEDICAL,N,0
63,118400,0.2,5100,9.13,0.0431,6,0.1333,0.0039,RENT,VENTURE,N,0
37,85300,7.5,14300,13.89,0.1676,2,0.1053,0.0233,MORTGAGE,MEDICAL,N,1
42,41700,6.5,9800,9.86,0.235,5,0.2083,0.0232,MORTGAGE,MEDICAL,N,0
30,98400,6.1,8000,7.9,0.0813,5,0.4167,0.0064,MORTGAGE,VENTURE,N,0
55,54500,14.7,22000,15.43,0.4037,4,0.1081,0.0623,RENT,HOMEIMPROVEMENT,N,0
44,71800,1.3,5700,10.44,0.0794,3,0.1154,0.0083,RENT,VENTURE,N,1
50,77600,3.3,8400,14.91,0.1082,2,0.0625,0.0161,MORTGAGE,VENTURE,N,0
41,49300,0.7,27500,17.56,0.5578,8,0.3478,0.0979,RENT,PERSONAL,Y,1
45,60200,6.9,14400,11.94,0.2392,6,0.2222,0.0286,MORTGAGE,VENTURE,N,1
48,33500,0.6,31900,19.1,0.9522,7,0.2333,0.1819,RENT,HOMEIMPROVEMENT,N,1
37,92800,6.0,14800,11.03,0.1595,5,0.2632,0.0176,MORTGAGE,PERSONAL,N,0
49,94600,3.7,21900,9.64,0.2315,17,0.5484,0.0223,MORTGAGE,MEDICAL,N,0
43,82000,1.3,26700,12.03,0.3256,4,0.16,0.0392,RENT,MEDICAL,N,0
51,79700,0.1,10500,12.0,0.1317,5,0.1515,0.0158,RENT,VENTURE,N,0
46,60800,0.4,7400,9.55,0.1217,7,0.25,0.0116,RENT,EDUCATION,N,0
37,30700,0.3,19900,16.64,0.6482,4,0.2105,0.1079,MORTGAGE,EDUCATION,N,1
39,26300,11.7,16100,16.77,0.6122,7,0.3333,0.1027,MORTGAGE,PERSONAL,Y,1
61,24300,0.0,26300,18.6,1.0823,3,0.0698,0.2013,OWN,PERSONAL,Y,1
40,106300,3.7,17900,10.11,0.1684,4,0.1818,0.017,MORTGAGE,MEDICAL,N,0
40,56100,18.1,9200,10.86,0.164,2,0.0909,0.0178,RENT,DEBTCONSOLIDATION,N,0
48,58700,1.8,19200,12.78,0.3271,6,0.2,0.0418,RENT,MEDICAL,N,0
35,51600,1.6,7100,9.88,0.1376,10,0.5882,0.0136,RENT,PERSONAL,N,0
40,14300,0.8,10700,20.39,0.7483,5,0.2273,0.1526,RENT,EDUCATION,N,1
38,93800,2.2,3300,9.64,0.0352,3,0.15,0.0034,RENT,PERSONAL,N,0
38,38000,,14200,10.2,0.3737,6,0.3,0.0381,RENT,EDUCATION,N,0
43,90800,0.9,32100,15.02,0.3535,4,0.16,0.0531,RENT,MEDICAL,N,0
44,31200,0.8,11800,,0.3782,4,0.1538,0.0479,MORTGAGE,VENTURE,Y,0
48,63300,1.8,13000,8.96,0.2054,8,0.2667,0.0184,MORTGAGE,PERSONAL,N,0
43,25300,3.1,4600,12.36,0.1818,4,0.16,0.0225,OTHER,PERSONAL,Y,1
34,63200,7.3,18900,12.44,0.2991,9,0.5625,0.0372,RENT,DEBTCONSOLIDATION,Y,1
37,76800,3.1,22900,13.64,0.2982,4,0.2105,0.0407,RENT,PERSONAL,N,0
60,88400,1.2,7100,9.6,0.0803,2,0.0476,0.0077,MORTGAGE,EDUCATION,N,0
38,151900,7.9,10900,12.22,0.0718,9,0.45,0.0088,MORTGAGE,VENTURE,N,0
47,46400,3.0,18500,14.25,0.3987,9,0.3103,0.0568,RENT,EDUCATION,N,0
43,59000,15.2,24500,17.48,0.4153,4,0.16,0.0726,MORTGAGE,VENTURE,N,0
50,25100,4.2,11800,17.12,0.4701,7,0.2188,0.0805,RENT,EDUCATION,N,1
41,46300,23.0,14500,15.0,0.3132,4,0.1739,0.047,RENT,EDUCATION,N,0
42,53900,5.1,26600,,0.4935,5,0.2083,0.0625,RENT,PERSONAL,N,0
49,28000,,20300,20.52,0.725,3,0.0968,0.1488,MORTGAGE,EDUCATION,Y,1
41,53000,5.2,14900,9.97,0.2811,8,0.3478,0.028,RENT,VENTURE,N,0
39,117500,12.7,21600,11.42,0.1838,8,0.381,0.021,MORTGAGE,EDUCATION,N,0
54,87300,0.7,2400,9.22,0.0275,3,0.0833,0.0025,RENT,VENTURE,N,0
63,32800,1.7,21300,20.33,0.6494,4,0.0889,0.132,RENT,MEDICAL,Y,1
41,30100,1.1,10000,12.45,0.3322,4,0.1739,0.0414,MORTGAGE,PERSONAL,N,0
70,114300,5.2,12300,9.2,0.1076,11,0.2115,0.0099,RENT,PERSONAL,N,0
33,113200,7.0,25900,11.75,0.2288,8,0.5333,0.0269,RENT,EDUCATION,N,0
39,57900,,11200,12.28,0.1934,5,0.2381,0.0237,MORTGAGE,VENTURE,N,0
60,27600,4.7,8100,13.07,0.2935,7,0.1667,0.0384,MORTGAGE,VENTURE,N,0
55,51100,6.8,28400,18.38,0.5558,11,0.2973,0.1022,RENT,DEBTCONSOLIDATION,Y,1
55,82000,2.0,16100,14.7,0.1963,3,0.0811,0.0289,RENT,MEDICAL,N,0
38,99900,4.2,18500,7.34,0.1852,7,0.35,0.0136,RENT,EDUCATION,N,0
52,55300,0.5,17400,14.36,0.3146,5,0.1471,0.0452,MORTGAGE,HOMEIMPROVEMENT,N,0
41,30100,3.7,17700,21.21,0.588,7,0.3043,0.1247,RENT,VENTURE,Y,1
34,75800,1.0,5400,10.94,0.0712,12,0.75,0.0078,RENT,HOMEIMPROVEMENT,N,1
43,155300,5.7,13900,,0.0895,6,0.24,0.0113,MORTGAGE,VENTURE,N,0
33,48700,2.7,25800,17.3,0.5298,2,0.1333,0.0917,RENT,EDUCATION,Y,1
70,56400,10.1,29600,18.66,0.5248,7,0.1346,0.0979,RENT,VENTURE,N,0
50,32900,4.6,17900,21.06,0.5441,11,0.3438,0.1146,OWN,VENTURE,N,0
37,37900,1.7,17600,16.21,0.4644,2,0.1053,0.0753,RENT,EDUCATION,N,0
50,86100,0.5,25100,14.91,0.2915,2,0.0625,0.0435,RENT,EDUCATION,N,0
47,49900,0.3,14600,12.81,0.2926,8,0.2759,0.0375,MORTGAGE,PERSONAL,N,0
34,103400,12.4,15900,10.05,0.1538,4,0.25,0.0155,MORTGAGE,PERSONAL,N,0
41,28400,0.8,12000,,0.4225,2,0.087,0.0535,RENT,PERSONAL,Y,1
42,55900,2.8,7400,14.33,0.1324,2,0.0833,0.019,RENT,DEBTCONSOLIDATION,Y,0
36,45300,6.7,11600,15.42,0.2561,2,0.1111,0.0395,RENT,DEBTCONSOLIDATION,Y,0
57,21700,8.6,26900,21.57,1.2396,4,0.1026,0.2674,MORTGAGE,HOMEIMPROVEMENT,N,1
40,29700,1.1,23000,19.28,0.7744,3,0.1364,0.1493,RENT,MEDICAL,Y,1
28,38100,10.0,8600,13.8,0.2257,9,0.9,0.0311,MORTGAGE,HOMEIMPROVEMENT,N,0
49,34300,1.2,12800,14.75,0.3732,3,0.0968,0.055,RENT,EDUCATION,N,0
50,55500,3.0,6200,7.5,0.1117,6,0.1875,0.0084,RENT,MEDICAL,N,0
45,116200,5.7,14100,8.91,0.1213,7,0.2593,0.0108,MORTGAGE,DEBTCONSOLIDATION,N,0
50,93800,6.1,12700,13.86,0.1354,4,0.125,0.0188,RENT,PERSONAL,N,0
44,50800,8.4,14800,11.81,0.2913,4,0.1538,0.0344,MORTGAGE,MEDICAL,N,0
44,29600,18.1,25700,18.89,0.8682,5,0.1923,0.164,RENT,MEDICAL,Y,1
41,90400,1.4,13900,11.06,0.1538,5,0.2174,0.017,MORTGAGE,PERSONAL,N,0
44,34600,8.2,5700,10.05,0.1647,3,0.1154,0.0166,RENT,HOMEIMPROVEMENT,N,0
36,118900,1.9,7100,7.82,0.0597,6,0.3333,0.0047,RENT,HOMEIMPROVEMENT,N,0
42,23600,9.7,8900,12.87,0.3771,9,0.375,0.0485,MORTGAGE,EDUCATION,N,0
43,22900,14.1,29300,19.49,1.2795,8,0.32,0.2494,RENT,PERSONAL,Y,1
33,37600,0.0,9700,12.69,0.258,5,0.3333,0.0327,MORTGAGE,VENTURE,N,0
47,37000,1.6,9600,14.82,0.2595,3,0.1034,0.0385,MORTGAGE,VENTURE,N,0
45,22600,10.8,26000,18.79,1.1504,5,0.1852,0.2162,RENT,MEDICAL,N,0
47,156400,11.6,1900,7.36,0.0121,5,0.1724,0.0009,MORTGAGE,MEDICAL,Y,0
69,87700,1.0,7900,12.63,0.0901,7,0.1373,0.0114,RENT,PERSONAL,N,0
56,163800,12.5,9500,6.07,0.058,6,0.1579,0.0035,RENT,VENTURE,N,0
70,29500,,8900,14.06,0.3017,5,0.0962,0.0424,RENT,VENTURE,N,0
34,59700,5.2,16700,10.56,0.2797,4,0.25,0.0295,RENT,HOMEIMPROVEMENT,N,0
38,124700,1.7,15700,13.16,0.1259,4,0.2,0.0166,MORTGAGE,VENTURE,N,0
48,44600,2.3,12000,10.66,0.2691,7,0.2333,0.0287,RENT,MEDICAL,N,0
40,26300,3.8,6800,13.02,0.2586,5,0.2273,0.0337,RENT,EDUCATION,N,0
40,25200,1.3,14100,20.72,0.5595,9,0.4091,0.1159,RENT,VENTURE,Y,1
27,39600,2.1,19200,16.52,0.4848,3,0.3333,0.0801,MORTGAGE,EDUCATION,N,1
39,49500,1.2,17600,11.52,0.3556,18,0.8571,0.041,RENT,DEBTCONSOLIDATION,N,0
37,85100,4.5,14800,8.9,0.1739,3,0.1579,0.0155,MORTGAGE,MEDICAL,N,0
35,77800,14.9,16000,12.78,0.2057,2,0.1176,0.0263,RENT,VENTURE,N,0
42,24900,6.9,10800,14.93,0.4337,5,0.2083,0.0648,MORTGAGE,MEDICAL,N,0
45,54000,3.3,14500,12.31,0.2685,10,0.3704,0.0331,OWN,EDUCATION,N,1
36,46700,2.8,18700,14.22,0.4004,6,0.3333,0.0569,RENT,VENTURE,Y,1
42,42300,0.2,5300,6.01,0.1253,8,0.3333,0.0075,RENT,VENTURE,Y,0
55,39200,0.3,16600,16.44,0.4235,3,0.0811,0.0696,RENT,VENTURE,N,0
36,52900,0.4,18000,13.6,0.3403,2,0.1111,0.0463,MORTGAGE,PERSONAL,N,0
41,76000,2.5,7700,12.72,0.1013,4,0.1739,0.0129,RENT,VENTURE,N,0
53,70100,6.1,25300,12.44,0.3609,5,0.1429,0.0449,MORTGAGE,HOMEIMPROVEMENT,N,0
49,20500,3.8,28800,20.78,1.4049,4,0.129,0.2919,MORTGAGE,EDUCATION,N,1
39,49500,1.2,11900,16.56,0.2404,2,0.0952,0.0398,MORTGAGE,DEBTCONSOLIDATION,N,0
58,66400,12.1,23800,13.79,0.3584,8,0.2,0.0494,RENT,PERSONAL,Y,0
54,101300,1.7,9200,10.76,0.0908,10,0.2778,0.0098,RENT,VENTURE,N,0
49,87000,0.7,6300,8.86,0.0724,10,0.3226,0.0064,MORTGAGE,HOMEIMPROVEMENT,N,0
60,44900,26.7,10500,15.41,0.2339,10,0.2381,0.036,RENT,EDUCATION,N,0
31,27500,0.7,8600,14.15,0.3127,6,0.4615,0.0442,RENT,VENTURE,Y,0
49,18000,2.4,16400,17.98,0.9111,3,0.0968,0.1638,RENT,HOMEIMPROVEMENT,N,1
40,43800,2.6,20400,15.82,0.4658,3,0.1364,0.0737,RENT,HOMEIMPROVEMENT,N,0
53,23700,13.2,9800,17.19,0.4135,7,0.2,0.0711,RENT,PERSONAL,N,0
36,42500,3.1,5200,9.4,0.1224,6,0.3333,0.0115,RENT,MEDICAL,N,0
60,75100,5.5,4700,9.22,0.0626,10,0.2381,0.0058,MORTGAGE,VENTURE,N,0
41,64400,1.9,18300,13.03,0.2842,5,0.2174,0.037,MORTGAGE,EDUCATION,N,0
44,14600,1.9,7400,16.8,0.5068,3,0.1154,0.0851,MORTGAGE,MEDICAL,Y,1
48,54500,0.2,11300,12.55,0.2073,7,0.2333,0.026,MORTGAGE,PERSONAL,N,0
27,53500,0.3,6100,8.98,0.114,9,1.0,0.0102,RENT,EDUCATION,N,1
38,32000,8.3,18900,17.87,0.5906,9,0.45,0.1055,RENT,HOMEIMPROVEMENT,N,1
49,127200,1.2,24100,11.28,0.1895,2,0.0645,0.0214,RENT,MEDICAL,N,0
41,93600,3.9,7200,11.03,0.0769,6,0.2609,0.0085,OWN,PERSONAL,N,0
45,39400,0.5,10100,10.61,0.2563,6,0.2222,0.0272,RENT,PERSONAL,N,0
38,75900,1.5,5600,7.46,0.0738,7,0.35,0.0055,RENT,PERSONAL,N,0
46,94000,11.6,9900,9.27,0.1053,7,0.25,0.0098,RENT,DEBTCONSOLIDATION,N,0
70,85600,8.3,13100,12.93,0.153,2,0.0385,0.0198,RENT,MEDICAL,N,0
63,89300,0.6,18200,8.23,0.2038,3,0.0667,0.0168,OTHER,DEBTCONSOLIDATION,N,0
53,26000,7.4,20000,19.35,0.7692,4,0.1143,0.1488,MORTGAGE,EDUCATION,Y,1
39,68200,0.0,10600,13.39,0.1554,2,0.0952,0.0208,MORTGAGE,EDUCATION,N,0
55,137600,0.2,4200,10.69,0.0305,8,0.2162,0.0033,RENT,VENTURE,N,0
36,123000,0.8,12100,,0.0984,2,0.1111,0.0125,RENT,VENTURE,Y,0
42,13200,6.1,8300,19.28,0.6288,7,0.2917,0.1212,OWN,PERSONAL,N,1
50,65200,1.5,7200,9.76,0.1104,5,0.1562,0.0108,RENT,EDUCATION,N,0
39,48800,1.4,19700,12.77,0.4037,9,0.4286,0.0516,RENT,EDUCATION,N,1
44,22300,1.6,9200,15.7,0.4126,5,0.1923,0.0648,MORTGAGE,DEBTCONSOLIDATION,N,0
37,44100,8.5,10000,,0.2268,6,0.3158,0.0287,RENT,DEBTCONSOLIDATION,N,0
51,67700,3.6,14800,10.16,0.2186,7,0.2121,0.0222,MORTGAGE,EDUCATION,N,0
43,40000,0.2,26200,23.22,0.655,8,0.32,0.1521,RENT,VENTURE,Y,1
48,53500,9.0,10500,10.3,0.1963,3,0.1,0.0202,OTHER,VENTURE,N,0
31,48500,2.3,18400,15.99,0.3794,5,0.3846,0.0607,RENT,PERSONAL,N,0
42,50300,1.0,20700,14.59,0.4115,11,0.4583,0.06,MORTGAGE,EDUCATION,N,0
40,60900,0.3,8500,6.28,0.1396,3,0.1364,0.0088,RENT,EDUCATION,N,0
35,89600,2.9,16400,12.83,0.183,7,0.4118,0.0235,MORTGAGE,DEBTCONSOLIDATION,N,0
56,27200,0.5,7300,13.0,0.2684,4,0.1053,0.0349,MORTGAGE,EDUCATION,N,1
39,56300,18.9,29700,14.53,0.5275,11,0.5238,0.0766,RENT,MEDICAL,N,1
57,110800,0.7,13400,8.54,0.1209,4,0.1026,0.0103,RENT,EDUCATION,N,0
37,72500,5.0,12400,10.8,0.171,6,0.3158,0.0185,RENT,MEDICAL,N,0
38,40700,2.7,12700,15.05,0.312,6,0.3,0.047,MORTGAGE,EDUCATION,Y,0
38,65100,2.2,21700,14.56,0.3333,3,0.15,0.0485,MORTGAGE,VENTURE,Y,1
40,65300,4.4,9700,11.35,0.1485,6,0.2727,0.0169,RENT,DEBTCONSOLIDATION,N,0
34,81800,3.6,18900,10.02,0.2311,10,0.625,0.0232,RENT,EDUCATION,N,0
53,99600,3.1,12400,8.3,0.1245,13,0.3714,0.0103,RENT,PERSONAL,N,0
55,61400,0.6,9200,7.01,0.1498,4,0.1081,0.0105,RENT,HOMEIMPROVEMENT,N,0
41,68300,1.5,18400,15.46,0.2694,8,0.3478,0.0416,RENT,VENTURE,N,0
47,50000,5.7,11900,,0.238,2,0.069,0.0301,OWN,EDUCATION,N,0
42,31400,,12100,14.2,0.3854,3,0.125,0.0547,RENT,HOMEIMPROVEMENT,N,0
32,250000,7.2,12500,9.16,0.05,6,0.4286,0.0046,RENT,VENTURE,N,0
36,69300,4.4,14900,12.98,0.215,4,0.2222,0.0279,RENT,DEBTCONSOLIDATION,Y,0
47,71400,21.6,23700,14.07,0.3319,11,0.3793,0.0467,RENT,PERSONAL,N,0
37,51700,1.8,32400,19.97,0.6267,5,0.2632,0.1252,RENT,PERSONAL,N,0
47,44600,0.3,13300,11.86,0.2982,7,0.2414,0.0354,RENT,VENTURE,Y,0
33,36300,4.0,26800,20.0,0.7383,10,0.6667,0.1477,MORTGAGE,DEBTCONSOLIDATION,Y,1
31,100600,,22000,11.26,0.2187,13,1.0,0.0246,MORTGAGE,EDUCATION,Y,0
46,41800,3.6,9800,11.63,0.2344,4,0.1429,0.0273,RENT,EDUCATION,N,0
48,37500,0.5,8200,10.72,0.2187,5,0.1667,0.0234,RENT,PERSONAL,N,0
39,81800,1.1,6600,9.54,0.0807,2,0.0952,0.0077,RENT,PERSONAL,N,0
64,106300,3.8,32400,13.51,0.3048,5,0.1087,0.0412,RENT,MEDICAL,N,0
51,44900,5.3,16300,14.91,0.363,8,0.2424,0.0541,RENT,MEDICAL,N,1
33,59800,1.1,7600,6.42,0.1271,5,0.3333,0.0082,MORTGAGE,MEDICAL,N,1
38,35300,5.8,22600,21.99,0.6402,7,0.35,0.1408,RENT,VENTURE,N,1
37,69700,1.6,18700,16.46,0.2683,8,0.4211,0.0442,MORTGAGE,VENTURE,N,0
43,48100,0.4,25300,16.15,0.526,2,0.08,0.0849,RENT,EDUCATION,N,0
69,43100,0.7,7200,8.96,0.1671,3,0.0588,0.015,OWN,VENTURE,N,0
70,125600,1.2,23700,13.04,0.1887,9,0.1731,0.0246,MORTGAGE,EDUCATION,N,0
34,70100,0.7,31300,14.52,0.4465,8,0.5,0.0648,MORTGAGE,EDUCATION,N,1
46,53800,6.7,26600,14.65,0.4944,7,0.25,0.0724,MORTGAGE,PERSONAL,N,0
41,51100,3.5,7900,9.9,0.1546,8,0.3478,0.0153,RENT,VENTURE,N,0
52,44100,8.7,16400,13.38,0.3719,10,0.2941,0.0498,RENT,PERSONAL,N,1
44,76800,0.2,28300,15.24,0.3685,14,0.5385,0.0562,MORTGAGE,VENTURE,N,0
34,33100,2.8,15600,18.5,0.4713,3,0.1875,0.0872,MORTGAGE,MEDICAL,Y,1
50,27100,24.3,10900,13.83,0.4022,8,0.25,0.0556,RENT,EDUCATION,Y,1
33,21700,3.4,5600,11.54,0.2581,5,0.3333,0.0298,OTHER,PERSONAL,N,0
38,79400,13.0,7200,7.63,0.0907,2,0.1,0.0069,RENT,EDUCATION,N,0
48,79000,1.0,11900,8.42,0.1506,4,0.1333,0.0127,MORTGAGE,EDUCATION,N,0
33,34500,8.0,7500,14.82,0.2174,15,1.0,0.0322,MORTGAGE,VENTURE,N,0
43,97300,7.3,15200,10.26,0.1562,4,0.16,0.016,RENT,DEBTCONSOLIDATION,N,0
51,112400,5.9,17200,11.69,0.153,6,0.1818,0.0179,RENT,EDUCATION,N,0
55,25500,3.6,12400,19.92,0.4863,10,0.2703,0.0969,RENT,DEBTCONSOLIDATION,Y,1
54,63800,6.3,24200,12.82,0.3793,8,0.2222,0.0486,MORTGAGE,PERSONAL,Y,1
38,64900,10.5,20600,13.74,0.3174,6,0.3,0.0436,RENT,PERSONAL,N,0
44,60000,6.3,18700,10.68,0.3117,6,0.2308,0.0333,MORTGAGE,HOMEIMPROVEMENT,N,0
51,82000,0.8,27500,11.68,0.3354,26,0.7879,0.0392,MORTGAGE,MEDICAL,N,0
51,64500,2.3,23000,17.21,0.3566,4,0.1212,0.0614,RENT,DEBTCONSOLIDATION,Y,1
60,233300,1.8,30300,11.66,0.1299,2,0.0476,0.0151,RENT,HOMEIMPROVEMENT,N,0
44,72100,0.5,15600,12.83,0.2164,9,0.3462,0.0278,RENT,VENTURE,N,0
44,58500,0.6,9000,9.52,0.1538,6,0.2308,0.0146,OTHER,EDUCATION,N,0
37,48200,5.7,9400,12.44,0.195,9,0.4737,0.0243,RENT,HOMEIMPROVEMENT,N,0
33,84200,0.3,7100,8.86,0.0843,3,0.2,0.0075,RENT,PERSONAL,N,0
37,128700,19.0,11400,,0.0886,2,0.1053,0.0112,RENT,VENTURE,N,0
50,36600,4.8,20400,14.56,0.5574,17,0.5312,0.0812,MORTGAGE,EDUCATION,Y,0
35,37200,15.0,24500,21.46,0.6586,4,0.2353,0.1413,MORTGAGE,HOMEIMPROVEMENT,N,0
41,34400,2.4,7500,11.58,0.218,7,0.3043,0.0252,RENT,PERSONAL,N,0
37,44400,12.0,19500,14.94,0.4392,5,0.2632,0.0656,RENT,VENTURE,N,0
52,36400,1.2,22900,18.71,0.6291,3,0.0882,0.1177,RENT,VENTURE,Y,1
45,51700,0.3,7900,12.05,0.1528,5,0.1852,0.0184,MORTGAGE,PERSONAL,N,0
53,23300,1.7,27300,21.45,1.1717,2,0.0571,0.2513,RENT,HOMEIMPROVEMENT,Y,1
48,60300,2.2,30200,17.9,0.5008,8,0.2667,0.0896,MORTGAGE,DEBTCONSOLIDATION,Y,1
70,39900,1.1,17600,,0.4411,9,0.1731,0.0558,MORTGAGE,PERSONAL,Y,1
42,50100,3.9,13000,12.43,0.2595,5,0.2083,0.0323,MORTGAGE,EDUCATION,N,0
47,51600,1.2,15100,15.58,0.2926,7,0.2414,0.0456,RENT,PERSONAL,N,1
53,65400,6.2,21500,16.49,0.3287,7,0.2,0.0542,RENT,VENTURE,N,1
40,59700,2.2,8300,11.27,0.139,5,0.2273,0.0157,MORTGAGE,DEBTCONSOLIDATION,Y,1
53,54400,6.5,3900,8.18,0.0717,5,0.1429,0.0059,RENT,DEBTCONSOLIDATION,N,0
45,41200,4.4,22500,17.65,0.5461,3,0.1111,0.0964,RENT,PERSONAL,N,0
53,89400,,13300,11.63,0.1488,10,0.2857,0.0173,RENT,EDUCATION,Y,0
40,33000,5.6,9000,15.28,0.2727,2,0.0909,0.0417,MORTGAGE,EDUCATION,N,1
51,82100,7.4,15400,12.97,0.1876,7,0.2121,0.0243,RENT,PERSONAL,N,0
40,51600,4.2,12500,11.23,0.2422,5,0.2273,0.0272,MORTGAGE,MEDICAL,N,0
70,34500,7.6,11400,13.58,0.3304,5,0.0962,0.0449,RENT,EDUCATION,Y,1
39,130100,8.1,17600,11.68,0.1353,4,0.1905,0.0158,RENT,VENTURE,N,0
45,70700,1.9,11000,10.43,0.1556,3,0.1111,0.0162,MORTGAGE,VENTURE,N,0
32,36000,0.3,1800,7.07,0.05,7,0.5,0.0035,RENT,DEBTCONSOLIDATION,N,0
48,104100,7.5,8800,8.66,0.0845,11,0.3667,0.0073,MORTGAGE,VENTURE,N,0
47,59500,7.0,6500,12.06,0.1092,6,0.2069,0.0132,RENT,PERSONAL,N,0
39,79100,16.0,17600,9.47,0.2225,5,0.2381,0.0211,MORTGAGE,HOMEIMPROVEMENT,N,0
36,98900,3.0,22300,9.16,0.2255,5,0.2778,0.0207,MORTGAGE,MEDICAL,N,0
37,60600,7.8,8400,11.45,0.1386,3,0.1579,0.0159,MORTGAGE,PERSONAL,N,0
37,23600,19.0,8500,16.06,0.3602,7,0.3684,0.0578,MORTGAGE,MEDICAL,N,0
51,79500,21.8,8300,6.9,0.1044,2,0.0606,0.0072,OTHER,EDUCATION,N,0
47,42100,0.6,28400,17.61,0.6746,2,0.069,0.1188,RENT,VENTURE,Y,1
46,68400,4.2,4400,7.82,0.0643,9,0.3214,0.005,RENT,VENTURE,Y,0
60,54600,1.6,30100,16.07,0.5513,4,0.0952,0.0886,RENT,MEDICAL,Y,1
48,63000,11.0,22600,17.73,0.3587,2,0.0667,0.0636,RENT,VENTURE,Y,1
31,82700,0.6,31700,15.49,0.3833,4,0.3077,0.0594,RENT,MEDICAL,Y,1
47,77400,2.5,4800,9.88,0.062,13,0.4483,0.0061,OTHER,DEBTCONSOLIDATION,N,0
70,44600,0.1,5200,9.74,0.1166,6,0.1154,0.0114,RENT,MEDICAL,N,0
40,39300,22.0,2000,8.65,0.0509,2,0.0909,0.0044,MORTGAGE,PERSONAL,N,0
42,46900,2.1,6800,12.83,0.145,8,0.3333,0.0186,MORTGAGE,VENTURE,N,0
46,21300,2.9,14800,16.1,0.6948,8,0.2857,0.1119,MORTGAGE,PERSONAL,N,0
45,38300,0.3,9400,13.61,0.2454,3,0.1111,0.0334,MORTGAGE,MEDICAL,N,0
38,61500,2.2,12400,9.2,0.2016,4,0.2,0.0185,MORTGAGE,MEDICAL,N,0
41,58500,4.4,15700,12.42,0.2684,12,0.5217,0.0333,RENT,EDUCATION,N,0
50,28800,10.7,7700,9.51,0.2674,2,0.0625,0.0254,RENT,VENTURE,N,0
41,51500,0.9,4400,8.3,0.0854,6,0.2609,0.0071,MORTGAGE,VENTURE,N,0
46,92000,2.5,16400,10.59,0.1783,8,0.2857,0.0189,RENT,VENTURE,N,0
34,90900,8.4,7600,10.46,0.0836,16,1.0,0.0087,RENT,PERSONAL,N,0
34,43600,8.6,32200,22.04,0.7385,4,0.25,0.1628,MORTGAGE,VENTURE,N,0
70,35900,0.6,27900,18.81,0.7772,2,0.0385,0.1462,MORTGAGE,HOMEIMPROVEMENT,N,1
49,102100,8.8,12600,10.92,0.1234,11,0.3548,0.0135,OWN,DEBTCONSOLIDATION,N,0
36,65100,18.0,11300,,0.1736,5,0.2778,0.022,MORTGAGE,HOMEIMPROVEMENT,N,0
62,59200,4.8,17100,12.66,0.2889,15,0.3409,0.0366,RENT,VENTURE,N,0
54,40200,13.2,7200,14.87,0.1791,9,0.25,0.0266,RENT,VENTURE,N,0
49,49800,8.4,5700,13.0,0.1145,4,0.129,0.0149,RENT,HOMEIMPROVEMENT,Y,0
50,23700,5.9,26300,20.75,1.1097,4,0.125,0.2303,MORTGAGE,DEBTCONSOLIDATION,Y,1
47,90300,6.0,15100,9.77,0.1672,3,0.1034,0.0163,MORTGAGE,VENTURE,N,0
34,68100,3.6,10300,8.92,0.1512,6,0.375,0.0135,RENT,EDUCATION,N,0
41,45300,1.5,8800,9.24,0.1943,10,0.4348,0.018,MORTGAGE,EDUCATION,N,0
61,43400,0.5,22000,18.57,0.5069,6,0.1395,0.0941,RENT,EDUCATION,N,0
37,42200,3.5,4100,12.51,0.0972,13,0.6842,0.0122,OTHER,EDUCATION,N,0
36,90600,1.1,11300,8.72,0.1247,10,0.5556,0.0109,RENT,PERSONAL,N,0
33,59500,5.7,12900,11.88,0.2168,11,0.7333,0.0258,MORTGAGE,EDUCATION,Y,0
39,35600,1.3,26000,18.92,0.7303,2,0.0952,0.1382,RENT,VENTURE,Y,1
39,28400,19.1,11500,18.03,0.4049,6,0.2857,0.073,MORTGAGE,EDUCATION,N,0
46,59000,5.9,8700,13.75,0.1475,2,0.0714,0.0203,RENT,MEDICAL,N,0
39,93900,3.5,9600,8.37,0.1022,7,0.3333,0.0086,RENT,EDUCATION,N,0
61,74200,3.2,7800,11.77,0.1051,3,0.0698,0.0124,RENT,HOMEIMPROVEMENT,N,0
42,178600,6.5,18000,10.39,0.1008,5,0.2083,0.0105,RENT,EDUCATION,N,0
47,69100,0.3,10800,7.22,0.1563,6,0.2069,0.0113,MORTGAGE,MEDICAL,N,0
38,205600,4.3,25000,10.05,0.1216,9,0.45,0.0122,RENT,MEDICAL,N,0
45,53800,,9500,12.4,0.1766,3,0.1111,0.0219,OWN,VENTURE,N,0
60,30200,8.7,27800,16.85,0.9205,2,0.0476,0.1551,RENT,EDUCATION,N,1
53,72800,3.1,5900,7.51,0.081,2,0.0571,0.0061,MORTGAGE,MEDICAL,N,0
43,70700,5.1,24300,14.73,0.3437,8,0.32,0.0506,MORTGAGE,DEBTCONSOLIDATION,N,0
40,90200,2.3,16900,12.55,0.1874,4,0.1818,0.0235,MORTGAGE,VENTURE,N,0
69,46800,3.0,28100,18.79,0.6004,3,0.0588,0.1128,RENT,PERSONAL,Y,1
47,26100,1.5,21600,17.5,0.8276,3,0.1034,0.1448,MORTGAGE,MEDICAL,N,1
49,21200,6.2,8700,14.11,0.4104,3,0.0968,0.0579,MORTGAGE,MEDICAL,N,0
39,66100,,16200,13.75,0.2451,11,0.5238,0.0337,RENT,PERSONAL,N,0
53,20100,2.5,31600,18.71,1.5721,7,0.2,0.2941,MORTGAGE,VENTURE,Y,1
48,69700,1.9,21800,,0.3128,24,0.8,0.0396,MORTGAGE,VENTURE,N,0
45,37700,4.7,20300,17.56,0.5385,3,0.1111,0.0946,RENT,EDUCATION,N,1
45,98300,6.0,24000,10.48,0.2442,12,0.4444,0.0256,RENT,VENTURE,N,0
46,16400,1.8,15200,19.63,0.9268,6,0.2143,0.1819,RENT,HOMEIMPROVEMENT,Y,1
39,79000,11.3,6200,11.74,0.0785,9,0.4286,0.0092,OWN,DEBTCONSOLIDATION,N,0
40,74000,0.1,7700,11.93,0.1041,8,0.3636,0.0124,RENT,PERSONAL,N,0
50,127800,13.0,15900,9.15,0.1244,7,0.2188,0.0114,RENT,DEBTCONSOLIDATION,N,0
64,90100,0.3,15300,7.22,0.1698,17,0.3696,0.0123,MORTGAGE,EDUCATION,N,0
42,97700,5.4,6800,11.73,0.0696,2,0.0833,0.0082,RENT,PERSONAL,N,0
36,58200,8.7,12700,11.43,0.2182,12,0.6667,0.0249,MORTGAGE,HOMEIMPROVEMENT,N,0
34,124800,2.7,8400,10.54,0.0673,9,0.5625,0.0071,RENT,MEDICAL,N,0
44,108000,4.9,26200,16.48,0.2426,7,0.2692,0.04,RENT,VENTURE,Y,0
43,82000,3.9,10500,10.62,0.128,7,0.28,0.0136,MORTGAGE,VENTURE,N,0
26,168300,4.8,18800,9.74,0.1117,7,0.875,0.0109,OWN,EDUCATION,N,0
57,67300,0.4,5200,7.8,0.0773,2,0.0513,0.006,MORTGAGE,MEDICAL,N,0
54,46100,3.0,16200,12.26,0.3514,7,0.1944,0.0431,RENT,EDUCATION,N,0
35,117500,1.4,16200,7.23,0.1379,4,0.2353,0.01,RENT,EDUCATION,N,0
54,55700,1.0,15900,15.35,0.2855,6,0.1667,0.0438,RENT,HOMEIMPROVEMENT,N,0
42,64100,7.6,27900,18.87,0.4353,4,0.1667,0.0821,MORTGAGE,VENTURE,Y,1
38,75400,13.0,5400,10.05,0.0716,7,0.35,0.0072,RENT,VENTURE,N,0
44,33300,1.4,15000,18.26,0.4505,3,0.1154,0.0823,MORTGAGE,EDUCATION,Y,0
34,52100,1.6,26900,16.79,0.5163,9,0.5625,0.0867,MORTGAGE,PERSONAL,N,1
40,64000,5.3,10800,11.97,0.1688,6,0.2727,0.0202,RENT,DEBTCONSOLIDATION,N,0
54,17900,2.1,18200,20.64,1.0168,6,0.1667,0.2099,MORTGAGE,PERSONAL,Y,1
50,24500,2.6,9300,15.52,0.3796,8,0.25,0.0589,MORTGAGE,EDUCATION,N,0
26,38500,5.2,6200,10.12,0.161,8,1.0,0.0163,RENT,DEBTCONSOLIDATION,N,0
39,28000,5.2,9200,13.49,0.3286,20,0.9524,0.0443,OWN,MEDICAL,N,0
54,83400,5.1,27200,11.67,0.3261,2,0.0556,0.0381,RENT,PERSONAL,N,0
49,76600,3.9,17700,12.9,0.2311,11,0.3548,0.0298,MORTGAGE,MEDICAL,N,0
49,29100,2.4,10200,16.94,0.3505,5,0.1613,0.0594,MORTGAGE,EDUCATION,N,1
29,41100,0.6,3100,8.75,0.0754,6,0.5455,0.0066,RENT,MEDICAL,N,0
51,123200,3.3,8200,9.17,0.0666,5,0.1515,0.0061,RENT,MEDICAL,N,0
41,173500,,19800,10.47,0.1141,6,0.2609,0.0119,MORTGAGE,EDUCATION,N,0
47,14200,0.1,24500,18.88,1.7254,3,0.1034,0.3258,OWN,PERSONAL,Y,1
46,59600,,13200,12.74,0.2215,4,0.1429,0.0282,RENT,EDUCATION,N,0
31,78600,2.8,14200,11.14,0.1807,8,0.6154,0.0201,MORTGAGE,VENTURE,N,0
36,25700,18.0,3800,10.4,0.1479,9,0.5,0.0154,RENT,EDUCATION,N,0
39,99600,2.8,4300,8.74,0.0432,4,0.1905,0.0038,MORTGAGE,VENTURE,N,0
37,64300,16.3,12400,10.55,0.1928,2,0.1053,0.0203,MORTGAGE,MEDICAL,N,0
30,65600,6.3,21000,12.8,0.3201,7,0.5833,0.041,MORTGAGE,PERSONAL,N,0
43,24500,11.1,23500,20.6,0.9592,6,0.24,0.1976,MORTGAGE,DEBTCONSOLIDATION,N,1
38,67200,2.8,6500,,0.0967,3,0.15,0.0122,MORTGAGE,EDUCATION,N,0
41,13600,4.3,5600,16.67,0.4118,5,0.2174,0.0686,MORTGAGE,VENTURE,N,0
35,25700,0.8,15800,18.36,0.6148,2,0.1176,0.1129,RENT,PERSONAL,N,1
39,79200,0.3,29200,,0.3687,7,0.3333,0.0467,MORTGAGE,MEDICAL,N,0
44,17800,3.1,30600,19.69,1.7191,21,0.8077,0.3385,MORTGAGE,HOMEIMPROVEMENT,Y,1
49,44600,3.6,11400,10.44,0.2556,3,0.0968,0.0267,RENT,MEDICAL,Y,0
55,102100,4.6,12400,8.93,0.1214,5,0.1351,0.0108,RENT,VENTURE,N,1
40,50500,3.1,9700,11.37,0.1921,9,0.4091,0.0218,RENT,VENTURE,N,0
33,46400,5.9,4700,10.73,0.1013,12,0.8,0.0109,RENT,EDUCATION,N,0
39,21400,7.1,21400,21.13,1.0,6,0.2857,0.2113,RENT,DEBTCONSOLIDATION,Y,1
57,75000,1.0,27200,13.85,0.3627,5,0.1282,0.0502,MORTGAGE,HOMEIMPROVEMENT,N,0
43,80800,2.9,14200,10.19,0.1757,6,0.24,0.0179,OTHER,DEBTCONSOLIDATION,N,0
25,57900,1.8,24800,16.36,0.4283,5,0.7143,0.0701,MORTGAGE,DEBTCONSOLIDATION,N,0
45,32700,1.9,26800,21.33,0.8196,8,0.2963,0.1748,RENT,MEDICAL,N,1
32,76300,2.1,16400,14.56,0.2149,4,0.2857,0.0313,MORTGAGE,VENTURE,N,0
50,29300,0.9,4500,9.01,0.1536,5,0.1562,0.0138,RENT,EDUCATION,N,0
48,114600,2.3,12900,8.88,0.1126,4,0.1333,0.01,MORTGAGE,MEDICAL,N,0
40,34900,9.4,10700,,0.3066,4,0.1818,0.0388,RENT,PERSONAL,N,0
40,29100,2.0,19300,22.8,0.6632,5,0.2273,0.1512,MORTGAGE,DEBTCONSOLIDATION,Y,1
28,75500,8.6,10300,10.68,0.1364,8,0.8,0.0146,RENT,EDUCATION,N,0
44,118400,2.0,17200,10.13,0.1453,12,0.4615,0.0147,MORTGAGE,PERSONAL,N,0
43,55300,2.0,25400,17.55,0.4593,11,0.44,0.0806,RENT,MEDICAL,N,0
55,46000,5.5,12600,14.07,0.2739,3,0.0811,0.0385,MORTGAGE,VENTURE,Y,0
34,74000,10.6,23700,12.07,0.3203,10,0.625,0.0387,RENT,MEDICAL,N,0
56,93300,0.3,4800,5.52,0.0514,21,0.5526,0.0028,RENT,HOMEIMPROVEMENT,N,0
36,42400,2.2,17600,16.65,0.4151,6,0.3333,0.0691,RENT,PERSONAL,Y,0
57,43900,5.1,16800,12.83,0.3827,3,0.0769,0.0491,RENT,EDUCATION,Y,1
37,57000,10.2,12100,13.16,0.2123,4,0.2105,0.0279,RENT,MEDICAL,N,0
43,28200,16.7,25100,17.89,0.8901,8,0.32,0.1592,OWN,EDUCATION,Y,1
52,26900,8.8,16400,17.99,0.6097,10,0.2941,0.1097,MORTGAGE,MEDICAL,Y,1
45,18000,2.1,20900,,1.1611,5,0.1852,0.147,RENT,PERSONAL,Y,1
40,54400,0.1,11900,13.0,0.2188,10,0.4545,0.0284,RENT,DEBTCONSOLIDATION,N,0
46,163500,3.1,17100,11.55,0.1046,7,0.25,0.0121,MORTGAGE,DEBTCONSOLIDATION,N,0
59,154000,5.9,20100,10.41,0.1305,5,0.122,0.0136,OWN,HOMEIMPROVEMENT,N,0
35,23200,6.4,22700,17.22,0.9784,7,0.4118,0.1685,MORTGAGE,EDUCATION,Y,0
44,27200,4.4,18100,,0.6654,4,0.1538,0.0842,RENT,EDUCATION,N,1
42,67300,0.7,11600,10.61,0.1724,8,0.3333,0.0183,MORTGAGE,DEBTCONSOLIDATION,N,0
62,137000,5.3,12400,8.94,0.0905,7,0.1591,0.0081,OWN,EDUCATION,N,0
35,51700,4.9,8100,13.53,0.1567,17,1.0,0.0212,RENT,VENTURE,N,0
63,107300,0.1,18100,9.64,0.1687,4,0.0889,0.0163,RENT,EDUCATION,N,0
54,45200,1.3,23600,15.93,0.5221,6,0.1667,0.0832,OWN,MEDICAL,Y,1
48,163600,4.5,8100,8.23,0.0495,13,0.4333,0.0041,MORTGAGE,MEDICAL,N,0
50,93700,2.5,13000,12.29,0.1387,24,0.75,0.017,RENT,PERSONAL,N,0
43,51500,13.1,10300,12.91,0.2,22,0.88,0.0258,RENT,DEBTCONSOLIDATION,N,0
55,78000,2.9,18700,10.24,0.2397,3,0.0811,0.0245,MORTGAGE,EDUCATION,Y,0
36,70200,0.4,27600,13.65,0.3932,2,0.1111,0.0537,MORTGAGE,EDUCATION,N,0
35,40800,0.3,5500,11.31,0.1348,2,0.1176,0.0152,RENT,DEBTCONSOLIDATION,N,1
44,104000,13.6,13300,8.3,0.1279,6,0.2308,0.0106,RENT,MEDICAL,N,0
49,20500,4.0,10300,13.59,0.5024,6,0.1935,0.0683,RENT,MEDICAL,Y,1
47,71200,6.7,7500,11.67,0.1053,2,0.069,0.0123,RENT,VENTURE,N,0
39,68900,7.3,28300,15.17,0.4107,9,0.4286,0.0623,RENT,PERSONAL,N,1
47,39600,6.2,11000,12.84,0.2778,9,0.3103,0.0357,RENT,PERSONAL,N,0
60,87300,1.9,23900,12.85,0.2738,7,0.1667,0.0352,RENT,EDUCATION,N,0
43,82200,0.3,10500,6.98,0.1277,6,0.24,0.0089,MORTGAGE,PERSONAL,N,0
37,13500,2.6,17000,21.28,1.2593,7,0.3684,0.268,RENT,MEDICAL,Y,1
37,85900,1.4,18300,6.75,0.213,7,0.3684,0.0144,RENT,PERSONAL,N,0
37,45700,2.7,15000,12.94,0.3282,8,0.4211,0.0425,MORTGAGE,EDUCATION,N,1
39,35600,13.1,23400,17.68,0.6573,5,0.2381,0.1162,RENT,EDUCATION,N,0
43,52600,2.0,12000,9.54,0.2281,3,0.12,0.0218,RENT,PERSONAL,N,0
38,89000,5.4,17700,10.96,0.1989,3,0.15,0.0218,OTHER,MEDICAL,N,0
44,44300,0.6,15900,13.25,0.3589,5,0.1923,0.0476,RENT,PERSONAL,Y,0
30,90900,10.4,23300,11.89,0.2563,6,0.5,0.0305,RENT,MEDICAL,N,0
43,45800,7.8,16400,11.37,0.3581,3,0.12,0.0407,MORTGAGE,EDUCATION,N,0
43,50800,16.0,5600,12.45,0.1102,5,0.2,0.0137,MORTGAGE,PERSONAL,N,0
51,61400,0.2,28700,14.29,0.4674,3,0.0909,0.0668,MORTGAGE,HOMEIMPROVEMENT,Y,1
46,23900,2.9,29300,16.12,1.2259,3,0.1071,0.1976,RENT,MEDICAL,Y,1
32,58300,1.9,8700,8.43,0.1492,5,0.3571,0.0126,MORTGAGE,EDUCATION,N,0
39,46500,2.1,6400,8.12,0.1376,15,0.7143,0.0112,MORTGAGE,EDUCATION,N,0
33,82900,15.0,13200,9.11,0.1592,10,0.6667,0.0145,MORTGAGE,HOMEIMPROVEMENT,N,0
33,129200,8.4,12100,9.42,0.0937,5,0.3333,0.0088,RENT,VENTURE,N,0
46,113200,9.1,16500,12.06,0.1458,11,0.3929,0.0176,RENT,DEBTCONSOLIDATION,N,0
51,40100,1.7,23500,17.44,0.586,3,0.0909,0.1022,RENT,PERSONAL,Y,1
48,39500,2.9,12800,12.22,0.3241,13,0.4333,0.0396,RENT,PERSONAL,N,0
57,54100,5.2,23300,10.31,0.4307,9,0.2308,0.0444,OTHER,PERSONAL,N,0
48,38000,8.3,24600,,0.6474,5,0.1667,0.082,OTHER,EDUCATION,Y,1
35,25400,5.4,6500,9.78,0.2559,4,0.2353,0.025,RENT,HOMEIMPROVEMENT,N,0
39,250000,4.0,12600,10.35,0.0504,8,0.381,0.0052,RENT,PERSONAL,N,0
45,46900,3.5,26000,19.37,0.5544,2,0.0741,0.1074,RENT,MEDICAL,Y,1
53,90200,1.2,5100,9.74,0.0565,5,0.1429,0.0055,RENT,DEBTCONSOLIDATION,N,0
37,127900,4.0,19300,11.89,0.1509,11,0.5789,0.0179,RENT,DEBTCONSOLIDATION,N,0
35,81700,3.0,17800,,0.2179,6,0.3529,0.0276,RENT,MEDICAL,N,0
39,36200,0.7,22300,23.22,0.616,2,0.0952,0.143,MORTGAGE,VENTURE,Y,1
44,39200,0.8,30000,21.07,0.7653,9,0.3462,0.1612,MORTGAGE,DEBTCONSOLIDATION,Y,1
36,86900,,8200,12.54,0.0944,9,0.5,0.0118,MORTGAGE,MEDICAL,N,0
51,29500,12.8,11800,14.55,0.4,4,0.1212,0.0582,MORTGAGE,EDUCATION,N,0
36,98800,12.2,20000,10.8,0.2024,12,0.6667,0.0219,MORTGAGE,HOMEIMPROVEMENT,N,1
44,40500,2.8,22800,16.93,0.563,4,0.1538,0.0953,MORTGAGE,VENTURE,Y,1
57,29900,0.7,7100,16.22,0.2375,2,0.0513,0.0385,MORTGAGE,VENTURE,N,0
41,24000,7.8,12900,20.08,0.5375,8,0.3478,0.1079,MORTGAGE,EDUCATION,Y,1
37,119500,1.5,12800,11.3,0.1071,3,0.1579,0.0121,MORTGAGE,MEDICAL,N,0
35,71600,1.4,4200,9.46,0.0587,10,0.5882,0.0056,MORTGAGE,VENTURE,N,0
41,64000,0.3,10100,,0.1578,5,0.2174,0.02,MORTGAGE,EDUCATION,N,0
36,68000,0.9,14900,9.66,0.2191,7,0.3889,0.0212,RENT,VENTURE,N,0
48,160400,4.0,21700,8.5,0.1353,4,0.1333,0.0115,RENT,EDUCATION,N,0
66,63000,21.8,7000,12.21,0.1111,10,0.2083,0.0136,MORTGAGE,EDUCATION,N,0
48,32900,0.5,12700,12.36,0.386,5,0.1667,0.0477,RENT,MEDICAL,N,0
28,50800,7.6,18600,16.25,0.3661,4,0.4,0.0595,OTHER,VENTURE,N,0
43,28200,0.2,22100,19.88,0.7837,2,0.08,0.1558,MORTGAGE,PERSONAL,Y,1
31,127000,2.3,12100,,0.0953,3,0.2308,0.0121,RENT,EDUCATION,N,0
39,42400,6.6,13800,11.37,0.3255,2,0.0952,0.037,OWN,PERSONAL,N,0
41,42700,0.3,22900,17.71,0.5363,5,0.2174,0.095,OTHER,VENTURE,Y,1
42,49500,0.9,18400,15.08,0.3717,2,0.0833,0.0561,OWN,VENTURE,Y,0
41,54400,13.1,4200,12.59,0.0772,10,0.4348,0.0097,RENT,DEBTCONSOLIDATION,N,0
54,20600,2.2,30100,19.67,1.4612,4,0.1111,0.2874,RENT,VENTURE,Y,1
42,30200,2.7,31100,23.17,1.0298,5,0.2083,0.2386,RENT,DEBTCONSOLIDATION,Y,1
68,55100,0.8,2400,13.29,0.0436,3,0.06,0.0058,MORTGAGE,MEDICAL,Y,1
58,27600,0.0,17700,20.72,0.6413,3,0.075,0.1329,RENT,DEBTCONSOLIDATION,Y,1
50,41300,8.2,31000,17.26,0.7506,4,0.125,0.1296,RENT,MEDICAL,Y,1
37,15200,7.4,21300,19.68,1.4013,8,0.4211,0.2758,RENT,VENTURE,Y,1
53,101000,0.8,10500,7.11,0.104,10,0.2857,0.0074,RENT,HOMEIMPROVEMENT,N,0
56,103900,4.2,31200,16.91,0.3003,4,0.1053,0.0508,RENT,VENTURE,N,0
43,130800,6.7,12800,7.6,0.0979,5,0.2,0.0074,MORTGAGE,EDUCATION,N,0
50,67700,13.3,13900,13.64,0.2053,18,0.5625,0.028,MORTGAGE,MEDICAL,N,0
27,52100,9.0,28200,15.29,0.5413,3,0.3333,0.0828,RENT,PERSONAL,N,0
47,22000,4.2,8000,13.94,0.3636,7,0.2414,0.0507,MORTGAGE,PERSONAL,N,1
46,12000,7.7,11800,22.09,0.9833,18,0.6429,0.2172,RENT,EDUCATION,N,1
53,152800,6.6,10100,,0.0661,10,0.2857,0.0084,MORTGAGE,MEDICAL,N,0
47,54700,7.2,5500,10.66,0.1005,9,0.3103,0.0107,RENT,MEDICAL,N,0
39,50400,0.5,16400,14.27,0.3254,15,0.7143,0.0464,MORTGAGE,PERSONAL,N,0
38,53900,1.4,18500,,0.3432,2,0.1,0.0434,MORTGAGE,EDUCATION,N,0
32,16700,1.4,10300,21.63,0.6168,5,0.3571,0.1334,MORTGAGE,DEBTCONSOLIDATION,Y,1
43,62900,0.3,14900,11.65,0.2369,5,0.2,0.0276,MORTGAGE,VENTURE,N,0
35,45200,1.5,9500,14.49,0.2102,9,0.5294,0.0305,RENT,EDUCATION,N,0
35,50200,4.6,25200,19.66,0.502,9,0.5294,0.0987,RENT,DEBTCONSOLIDATION,Y,1
31,52900,3.0,11700,12.15,0.2212,2,0.1538,0.0269,OTHER,DEBTCONSOLIDATION,N,0
48,129400,1.8,8800,,0.068,16,0.5333,0.0086,RENT,MEDICAL,N,0
53,43800,4.6,12600,12.43,0.2877,6,0.1714,0.0358,RENT,VENTURE,N,1
47,30700,7.4,10500,15.87,0.342,10,0.3448,0.0543,RENT,VENTURE,N,0
49,72300,6.5,12200,12.11,0.1687,4,0.129,0.0204,RENT,VENTURE,N,0
36,88300,,8100,8.32,0.0917,2,0.1111,0.0076,RENT,DEBTCONSOLIDATION,N,0
44,34700,0.2,6000,9.78,0.1729,3,0.1154,0.0169,RENT,HOMEIMPROVEMENT,N,0
66,57800,1.7,16700,12.36,0.2889,7,0.1458,0.0357,RENT,EDUCATION,Y,0
38,22700,4.2,6100,12.31,0.2687,7,0.35,0.0331,MORTGAGE,EDUCATION,N,0
34,91900,,26400,10.47,0.2873,8,0.5,0.0301,RENT,DEBTCONSOLIDATION,N,0
43,85900,1.6,13700,10.05,0.1595,15,0.6,0.016,RENT,PERSONAL,N,0
47,69900,10.6,10200,7.35,0.1459,2,0.069,0.0107,RENT,PERSONAL,N,0
39,85800,16.4,12100,10.59,0.141,5,0.2381,0.0149,MORTGAGE,VENTURE,N,0
51,59900,5.5,11900,14.24,0.1987,11,0.3333,0.0283,OTHER,VENTURE,N,0
32,51200,13.0,6100,8.5,0.1191,5,0.3571,0.0101,RENT,DEBTCONSOLIDATION,N,0
45,128400,0.8,5300,5.66,0.0413,4,0.1481,0.0023,MORTGAGE,MEDICAL,N,0
64,105600,5.0,17400,12.05,0.1648,5,0.1087,0.0199,RENT,HOMEIMPROVEMENT,N,0
46,64000,0.5,20900,12.81,0.3266,12,0.4286,0.0418,RENT,PERSONAL,Y,1
42,60200,0.3,23100,14.81,0.3837,14,0.5833,0.0568,RENT,VENTURE,Y,1
36,88100,6.1,20800,9.79,0.2361,3,0.1667,0.0231,OWN,MEDICAL,N,0
56,73000,5.8,4900,11.03,0.0671,12,0.3158,0.0074,RENT,DEBTCONSOLIDATION,N,0
63,47200,16.2,6400,11.05,0.1356,6,0.1333,0.015,OWN,DEBTCONSOLIDATION,N,0
48,100400,7.3,15200,13.15,0.1514,3,0.1,0.0199,RENT,VENTURE,N,0
34,32900,8.5,5000,,0.152,5,0.3125,0.0192,MORTGAGE,EDUCATION,N,0
46,49300,13.6,14900,14.42,0.3022,8,0.2857,0.0436,MORTGAGE,VENTURE,N,0
46,89100,1.5,20600,9.64,0.2312,5,0.1786,0.0223,RENT,MEDICAL,N,0
41,49400,1.2,22300,,0.4514,10,0.4348,0.0571,RENT,EDUCATION,Y,1
37,60100,2.0,21300,16.83,0.3544,2,0.1053,0.0596,MORTGAGE,DEBTCONSOLIDATION,N,0
55,60200,0.9,15400,12.3,0.2558,11,0.2973,0.0315,RENT,EDUCATION,N,0
51,52500,10.4,8300,10.7,0.1581,9,0.2727,0.0169,RENT,DEBTCONSOLIDATION,N,0
54,72200,3.3,11900,11.13,0.1648,9,0.25,0.0183,RENT,PERSONAL,N,0
52,112900,4.1,24800,15.88,0.2197,2,0.0588,0.0349,MORTGAGE,VENTURE,Y,1
35,41000,4.1,7800,12.44,0.1902,6,0.3529,0.0237,MORTGAGE,MEDICAL,N,0
35,39600,2.0,16100,14.88,0.4066,6,0.3529,0.0605,MORTGAGE,HOMEIMPROVEMENT,N,0
65,68600,3.2,13800,10.02,0.2012,4,0.0851,0.0202,RENT,PERSONAL,N,0
35,50400,3.7,7200,10.7,0.1429,10,0.5882,0.0153,OWN,MEDICAL,N,0
54,39500,7.2,18300,14.49,0.4633,7,0.1944,0.0671,RENT,DEBTCONSOLIDATION,Y,1
54,38300,1.1,7200,13.12,0.188,3,0.0833,0.0247,MORTGAGE,DEBTCONSOLIDATION,N,1
35,66600,4.8,18500,11.01,0.2778,3,0.1765,0.0306,RENT,HOMEIMPROVEMENT,N,0
37,13100,7.5,30000,17.97,2.2901,5,0.2632,0.4115,MORTGAGE,EDUCATION,Y,1
42,38900,2.2,22600,16.56,0.581,5,0.2083,0.0962,RENT,VENTURE,N,1
60,44400,1.0,6800,14.11,0.1532,2,0.0476,0.0216,RENT,PERSONAL,N,0
42,56400,11.8,8600,,0.1525,5,0.2083,0.0193,RENT,PERSONAL,N,0
32,31900,4.1,13700,15.48,0.4295,8,0.5714,0.0665,RENT,EDUCATION,N,0
38,22500,1.0,5900,,0.2622,4,0.2,0.0332,RENT,PERSONAL,N,0
65,57200,0.9,24200,14.75,0.4231,20,0.4255,0.0624,RENT,HOMEIMPROVEMENT,N,0
70,55400,2.1,17900,13.15,0.3231,16,0.3077,0.0425,MORTGAGE,EDUCATION,N,0
42,77300,20.2,30600,14.51,0.3959,4,0.1667,0.0574,RENT,PERSONAL,Y,1
67,74800,0.5,13000,9.6,0.1738,6,0.1224,0.0167,MORTGAGE,EDUCATION,N,0
51,114900,3.7,17700,11.04,0.154,3,0.0909,0.017,RENT,EDUCATION,N,0
42,38300,0.7,8200,8.15,0.2141,4,0.1667,0.0174,MORTGAGE,MEDICAL,N,0
49,27100,11.6,31400,20.56,1.1587,8,0.2581,0.2382,OWN,EDUCATION,Y,1
43,36700,8.7,7100,14.11,0.1935,2,0.08,0.0273,MORTGAGE,MEDICAL,N,0
40,89500,,12800,11.49,0.143,2,0.0909,0.0164,RENT,VENTURE,N,0
55,41500,1.7,25100,16.5,0.6048,5,0.1351,0.0998,MORTGAGE,MEDICAL,N,0
51,30500,7.8,12900,12.58,0.423,7,0.2121,0.0532,RENT,VENTURE,N,0
50,62000,1.7,25200,14.47,0.4065,5,0.1562,0.0588,RENT,MEDICAL,N,0
52,21600,7.4,19300,17.28,0.8935,3,0.0882,0.1544,OWN,MEDICAL,Y,1
47,46800,1.0,23600,21.47,0.5043,2,0.069,0.1083,MORTGAGE,DEBTCONSOLIDATION,N,1
36,57500,1.8,9800,10.5,0.1704,4,0.2222,0.0179,OWN,EDUCATION,N,0
31,61500,13.0,5300,7.69,0.0862,9,0.6923,0.0066,RENT,MEDICAL,N,0
30,177800,4.8,2200,12.49,0.0124,4,0.3333,0.0015,RENT,DEBTCONSOLIDATION,N,0
50,82400,6.7,9400,5.42,0.1141,6,0.1875,0.0062,OWN,MEDICAL,N,0
47,73400,0.5,5400,7.27,0.0736,6,0.2069,0.0054,RENT,PERSONAL,N,0
45,87600,4.3,18900,12.66,0.2158,2,0.0741,0.0273,MORTGAGE,DEBTCONSOLIDATION,N,0
32,70600,,7500,12.33,0.1062,9,0.6429,0.0131,RENT,EDUCATION,N,0
38,60300,1.2,4700,10.75,0.0779,11,0.55,0.0084,MORTGAGE,VENTURE,N,0
32,38500,1.9,7800,9.77,0.2026,10,0.7143,0.0198,MORTGAGE,EDUCATION,N,0
41,49100,,15000,,0.3055,4,0.1739,0.0387,MORTGAGE,VENTURE,N,1
57,53500,1.8,10800,9.0,0.2019,7,0.1795,0.0182,RENT,MEDICAL,N,0
48,40500,0.0,18900,14.97,0.4667,6,0.2,0.0699,OWN,PERSONAL,N,0
63,19400,1.7,15600,,0.8041,14,0.3111,0.1018,RENT,DEBTCONSOLIDATION,N,1
46,43200,14.3,18500,16.36,0.4282,10,0.3571,0.0701,MORTGAGE,PERSONAL,N,0
68,42100,11.1,12100,15.04,0.2874,4,0.08,0.0432,RENT,EDUCATION,N,1
34,26300,6.4,20900,18.74,0.7947,2,0.125,0.1489,MORTGAGE,EDUCATION,Y,1
48,128100,11.7,13600,8.67,0.1062,5,0.1667,0.0092,RENT,MEDICAL,N,0
48,27600,1.0,19400,17.45,0.7029,2,0.0667,0.1227,RENT,EDUCATION,Y,1
44,48500,3.0,12200,11.64,0.2515,6,0.2308,0.0293,MORTGAGE,EDUCATION,N,0
34,70000,1.9,13000,12.07,0.1857,2,0.125,0.0224,RENT,MEDICAL,N,0
39,44900,7.0,4800,13.57,0.1069,3,0.1429,0.0145,MORTGAGE,VENTURE,N,0
43,68100,1.1,18100,12.24,0.2658,10,0.4,0.0325,MORTGAGE,EDUCATION,N,0
52,18400,21.6,19500,17.53,1.0598,11,0.3235,0.1858,RENT,PERSONAL,N,1
42,217400,,15700,9.16,0.0722,12,0.5,0.0066,MORTGAGE,VENTURE,N,0
53,74800,4.0,22500,15.3,0.3008,6,0.1714,0.046,MORTGAGE,DEBTCONSOLIDATION,N,0
41,100600,1.6,3800,7.39,0.0378,4,0.1739,0.0028,RENT,EDUCATION,N,0
47,22700,9.9,6100,11.11,0.2687,8,0.2759,0.0299,RENT,PERSONAL,N,0
50,88000,3.1,6800,8.03,0.0773,2,0.0625,0.0062,OWN,MEDICAL,N,0
39,80500,6.9,13100,11.54,0.1627,2,0.0952,0.0188,RENT,DEBTCONSOLIDATION,Y,1
50,18900,1.3,27200,19.25,1.4392,13,0.4062,0.277,MORTGAGE,PERSONAL,Y,1
35,65900,1.7,8700,9.42,0.132,2,0.1176,0.0124,RENT,PERSONAL,N,0
46,115400,4.8,22200,10.48,0.1924,7,0.25,0.0202,MORTGAGE,PERSONAL,N,0
45,33200,7.0,13100,12.97,0.3946,2,0.0741,0.0512,RENT,MEDICAL,N,1
55,88000,16.8,22700,12.31,0.258,2,0.0541,0.0318,MORTGAGE,MEDICAL,N,0
46,78200,2.8,12100,9.24,0.1547,6,0.2143,0.0143,RENT,VENTURE,N,0
43,47800,10.7,6700,11.0,0.1402,4,0.16,0.0154,OTHER,DEBTCONSOLIDATION,N,0
39,77500,8.5,15900,9.73,0.2052,4,0.1905,0.02,RENT,MEDICAL,N,0
46,64100,9.3,26000,16.4,0.4056,10,0.3571,0.0665,RENT,DEBTCONSOLIDATION,Y,1
32,54700,0.1,18600,12.42,0.34,7,0.5,0.0422,RENT,EDUCATION,N,0
58,27400,2.0,17500,,0.6387,8,0.2,0.0809,MORTGAGE,DEBTCONSOLIDATION,N,1
39,38700,4.4,14400,16.22,0.3721,9,0.4286,0.0604,MORTGAGE,VENTURE,N,0
53,33300,8.0,5000,9.45,0.1502,3,0.0857,0.0142,RENT,MEDICAL,N,0
44,55100,5.5,19400,17.64,0.3521,3,0.1154,0.0621,RENT,VENTURE,Y,0
30,44800,1.1,5000,9.15,0.1116,12,1.0,0.0102,RENT,DEBTCONSOLIDATION,Y,0
44,29000,6.8,14900,16.83,0.5138,9,0.3462,0.0865,MORTGAGE,EDUCATION,N,1
31,73400,3.7,17300,14.63,0.2357,12,0.9231,0.0345,RENT,VENTURE,N,0
36,53800,13.4,13800,14.99,0.2565,2,0.1111,0.0384,RENT,MEDICAL,N,0
51,20400,0.1,4300,10.56,0.2108,2,0.0606,0.0223,OWN,MEDICAL,N,0
64,50100,5.0,24100,13.02,0.481,6,0.1304,0.0626,RENT,PERSONAL,N,1
55,53400,9.6,16600,10.53,0.3109,6,0.1622,0.0327,RENT,PERSONAL,N,0
47,66100,6.0,16100,12.86,0.2436,8,0.2759,0.0313,MORTGAGE,MEDICAL,N,0
45,91400,5.6,29200,12.92,0.3195,12,0.4444,0.0413,RENT,DEBTCONSOLIDATION,N,1
41,27000,4.3,4400,8.41,0.163,6,0.2609,0.0137,MORTGAGE,MEDICAL,N,0
37,45000,2.3,23400,18.04,0.52,3,0.1579,0.0938,MORTGAGE,PERSONAL,N,0
47,47100,3.5,13300,16.16,0.2824,5,0.1724,0.0456,RENT,EDUCATION,N,1
37,57500,4.1,7700,7.26,0.1339,5,0.2632,0.0097,RENT,VENTURE,N,0
35,110100,10.8,19600,11.84,0.178,6,0.3529,0.0211,RENT,PERSONAL,N,0
41,51300,3.0,9000,12.55,0.1754,4,0.1739,0.022,OWN,DEBTCONSOLIDATION,N,0
43,37500,5.6,21200,,0.5653,4,0.16,0.0716,MORTGAGE,DEBTCONSOLIDATION,Y,1
54,68300,0.3,22000,14.26,0.3221,2,0.0556,0.0459,MORTGAGE,MEDICAL,N,0
51,48600,3.4,14200,14.7,0.2922,3,0.0909,0.043,OWN,PERSONAL,N,0
48,50100,9.0,11900,14.46,0.2375,10,0.3333,0.0343,MORTGAGE,PERSONAL,N,1
65,104500,0.2,10400,7.63,0.0995,4,0.0851,0.0076,OWN,PERSONAL,N,0
30,47400,12.0,17500,16.39,0.3692,4,0.3333,0.0605,MORTGAGE,DEBTCONSOLIDATION,N,0
60,71100,13.5,9200,11.17,0.1294,8,0.1905,0.0145,MORTGAGE,PERSONAL,N,0
36,42500,0.3,12800,12.6,0.3012,15,0.8333,0.038,MORTGAGE,DEBTCONSOLIDATION,N,0
70,32600,,2900,6.7,0.089,12,0.2308,0.006,RENT,EDUCATION,N,0
36,52100,,6900,9.84,0.1324,7,0.3889,0.013,RENT,DEBTCONSOLIDATION,N,0
31,91900,1.6,21900,,0.2383,6,0.4615,0.0302,MORTGAGE,EDUCATION,N,0
48,113300,8.5,7600,8.22,0.0671,10,0.3333,0.0055,MORTGAGE,PERSONAL,N,0
50,43600,6.7,8700,,0.1995,5,0.1562,0.0253,RENT,DEBTCONSOLIDATION,N,0
44,29600,2.4,12000,15.9,0.4054,5,0.1923,0.0645,MORTGAGE,VENTURE,N,0
35,28100,6.2,8600,16.12,0.306,12,0.7059,0.0493,MORTGAGE,PERSONAL,N,0
44,69300,7.2,10200,12.29,0.1472,5,0.1923,0.0181,MORTGAGE,VENTURE,N,0
63,42800,0.5,7800,,0.1822,2,0.0444,0.0231,RENT,EDUCATION,N,0
32,43300,10.5,21500,16.58,0.4965,6,0.4286,0.0823,MORTGAGE,HOMEIMPROVEMENT,N,0
41,80600,0.5,8300,8.67,0.103,2,0.087,0.0089,RENT,EDUCATION,N,0
32,159200,9.8,23500,,0.1476,7,0.5,0.0187,MORTGAGE,VENTURE,N,0
49,40000,1.0,15100,16.91,0.3775,10,0.3226,0.0638,RENT,EDUCATION,N,0
43,41100,6.7,26600,20.79,0.6472,11,0.44,0.1346,RENT,EDUCATION,Y,1
34,73700,1.3,9700,13.77,0.1316,9,0.5625,0.0181,RENT,DEBTCONSOLIDATION,N,0
31,83700,6.0,6800,7.52,0.0812,5,0.3846,0.0061,OWN,MEDICAL,N,0
57,20400,4.9,14100,20.62,0.6912,12,0.3077,0.1425,RENT,VENTURE,Y,1
47,66500,4.8,8600,9.64,0.1293,7,0.2414,0.0125,RENT,PERSONAL,N,0
39,87900,17.6,15500,10.62,0.1763,6,0.2857,0.0187,MORTGAGE,EDUCATION,N,0
47,55400,3.8,24800,15.53,0.4477,2,0.069,0.0695,OWN,HOMEIMPROVEMENT,N,1
40,45800,3.7,6700,11.37,0.1463,2,0.0909,0.0166,MORTGAGE,PERSONAL,N,0
43,58600,11.6,6700,,0.1143,4,0.16,0.0145,RENT,MEDICAL,N,0
43,101600,6.8,11700,11.63,0.1152,6,0.24,0.0134,RENT,MEDICAL,Y,0
53,53200,0.6,20300,13.79,0.3816,4,0.1143,0.0526,RENT,PERSONAL,N,0
54,45900,7.6,4400,7.55,0.0959,8,0.2222,0.0072,RENT,VENTURE,Y,0
61,75000,3.1,28200,12.78,0.376,12,0.2791,0.0481,RENT,MEDICAL,N,0
42,46600,9.3,11500,11.94,0.2468,7,0.2917,0.0295,RENT,PERSONAL,Y,1
42,19400,8.2,12600,19.11,0.6495,20,0.8333,0.1241,RENT,HOMEIMPROVEMENT,Y,1
41,136400,4.2,6200,7.98,0.0455,2,0.087,0.0036,RENT,EDUCATION,N,0
36,39500,2.5,7600,,0.1924,6,0.3333,0.0244,RENT,DEBTCONSOLIDATION,Y,0
43,74600,5.6,9800,13.17,0.1314,10,0.4,0.0173,MORTGAGE,DEBTCONSOLIDATION,N,0
45,57100,3.4,24500,12.09,0.4291,7,0.2593,0.0519,RENT,EDUCATION,Y,1
46,95100,2.6,16200,10.56,0.1703,2,0.0714,0.018,RENT,VENTURE,N,0
57,76700,4.3,14700,9.14,0.1917,10,0.2564,0.0175,MORTGAGE,MEDICAL,N,0
34,40200,16.0,15500,17.01,0.3856,7,0.4375,0.0656,RENT,DEBTCONSOLIDATION,N,0
47,90700,0.8,16400,5.56,0.1808,6,0.2069,0.0101,RENT,MEDICAL,N,0
39,41200,1.1,8900,10.95,0.216,3,0.1429,0.0237,RENT,DEBTCONSOLIDATION,Y,1
32,16500,2.6,9200,16.29,0.5576,5,0.3571,0.0908,RENT,MEDICAL,Y,0
49,66500,0.4,15700,7.69,0.2361,4,0.129,0.0182,RENT,MEDICAL,N,0
45,52700,1.3,15000,14.7,0.2846,24,0.8889,0.0418,RENT,EDUCATION,N,0
52,124600,0.5,19000,10.04,0.1525,9,0.2647,0.0153,MORTGAGE,PERSONAL,N,0
43,29800,0.9,22500,19.53,0.755,4,0.16,0.1475,MORTGAGE,PERSONAL,Y,1
46,124500,0.6,9900,11.59,0.0795,5,0.1786,0.0092,RENT,EDUCATION,N,0
40,47600,2.0,19000,,0.3992,8,0.3636,0.0505,RENT,DEBTCONSOLIDATION,Y,1
31,71100,3.6,8100,6.18,0.1139,11,0.8462,0.007,MORTGAGE,VENTURE,N,0
62,40200,2.1,17500,16.51,0.4353,14,0.3182,0.0719,RENT,EDUCATION,N,1
42,73300,6.5,16100,10.2,0.2196,7,0.2917,0.0224,MORTGAGE,MEDICAL,N,0
42,82200,0.9,19400,15.47,0.236,2,0.0833,0.0365,OTHER,MEDICAL,N,0
65,31400,1.6,2100,10.78,0.0669,7,0.1489,0.0072,MORTGAGE,MEDICAL,N,0
57,52600,1.9,3200,10.7,0.0608,4,0.1026,0.0065,RENT,MEDICAL,N,0
47,83300,0.4,12800,9.6,0.1537,2,0.069,0.0148,RENT,VENTURE,N,0
38,75100,2.5,5100,11.85,0.0679,9,0.45,0.008,RENT,VENTURE,N,0
38,32800,2.7,18700,14.07,0.5701,12,0.6,0.0802,MORTGAGE,PERSONAL,N,0
32,51200,14.0,2800,11.32,0.0547,2,0.1429,0.0062,RENT,VENTURE,N,0
34,45600,14.0,14800,13.76,0.3246,4,0.25,0.0447,OWN,MEDICAL,N,0
52,126000,8.2,10000,10.73,0.0794,2,0.0588,0.0085,MORTGAGE,PERSONAL,N,0
46,38600,2.9,11700,11.1,0.3031,7,0.25,0.0336,MORTGAGE,EDUCATION,N,0
31,50800,0.2,7300,,0.1437,7,0.5385,0.0182,MORTGAGE,EDUCATION,N,0
34,244200,1.1,14600,11.48,0.0598,7,0.4375,0.0069,RENT,PERSONAL,N,0
41,64400,3.0,21800,13.4,0.3385,3,0.1304,0.0454,RENT,PERSONAL,N,0
53,71000,2.6,7700,10.59,0.1085,10,0.2857,0.0115,MORTGAGE,PERSONAL,N,0
43,39900,19.4,12400,14.91,0.3108,4,0.16,0.0463,RENT,DEBTCONSOLIDATION,Y,1
50,63500,5.1,22800,15.11,0.3591,8,0.25,0.0543,RENT,EDUCATION,N,0
44,48500,3.9,22000,13.07,0.4536,8,0.3077,0.0593,OWN,HOMEIMPROVEMENT,N,0
36,33000,5.6,16600,18.26,0.503,8,0.4444,0.0918,RENT,VENTURE,Y,1
43,44900,8.9,7900,10.2,0.1759,5,0.2,0.0179,MORTGAGE,MEDICAL,N,0
43,58400,3.7,18400,15.09,0.3151,11,0.44,0.0475,MORTGAGE,DEBTCONSOLIDATION,N,0
38,47500,0.3,13900,13.57,0.2926,11,0.55,0.0397,MORTGAGE,MEDICAL,N,0
55,113000,5.2,7400,13.09,0.0655,3,0.0811,0.0086,RENT,VENTURE,N,0
59,34000,2.0,29100,19.96,0.8559,5,0.122,0.1708,RENT,EDUCATION,Y,1
49,42500,,10600,10.52,0.2494,15,0.4839,0.0262,RENT,PERSONAL,N,0
54,24800,1.8,33000,17.79,1.3306,6,0.1667,0.2367,RENT,PERSONAL,N,1
57,54400,0.6,6200,9.56,0.114,12,0.3077,0.0109,RENT,EDUCATION,N,0
41,27900,8.4,13800,19.17,0.4946,7,0.3043,0.0948,RENT,VENTURE,N,0
50,54000,,13100,14.72,0.2426,2,0.0625,0.0357,MORTGAGE,DEBTCONSOLIDATION,N,0
41,67600,3.0,11100,10.84,0.1642,6,0.2609,0.0178,RENT,EDUCATION,N,0
55,18100,5.6,2100,11.89,0.116,13,0.3514,0.0138,OWN,HOMEIMPROVEMENT,N,0
54,53100,,14200,12.59,0.2674,13,0.3611,0.0337,MORTGAGE,VENTURE,N,0
62,111600,0.5,8300,8.55,0.0744,9,0.2045,0.0064,RENT,MEDICAL,N,0
41,19900,6.8,10300,17.43,0.5176,6,0.2609,0.0902,OWN,VENTURE,N,1
31,23500,2.0,9800,16.54,0.417,9,0.6923,0.069,RENT,VENTURE,N,0
39,69500,0.6,26600,13.42,0.3827,14,0.6667,0.0514,OWN,EDUCATION,N,0
40,59300,10.3,33200,16.22,0.5599,13,0.5909,0.0908,RENT,MEDICAL,N,0
46,76600,15.2,22700,12.77,0.2963,9,0.3214,0.0378,MORTGAGE,EDUCATION,Y,1
32,74900,10.3,23500,13.15,0.3138,2,0.1429,0.0413,MORTGAGE,PERSONAL,N,1
36,118600,1.8,20600,,0.1737,5,0.2778,0.022,MORTGAGE,EDUCATION,N,0
62,41900,1.8,8800,8.71,0.21,8,0.1818,0.0183,RENT,MEDICAL,N,1
48,146100,2.7,6600,6.01,0.0452,4,0.1333,0.0027,RENT,MEDICAL,N,0
39,36500,2.7,23900,21.46,0.6548,4,0.1905,0.1405,RENT,MEDICAL,Y,1
55,107900,3.5,16800,12.43,0.1557,6,0.1622,0.0194,MORTGAGE,EDUCATION,N,0
48,43800,0.2,12100,13.02,0.2763,6,0.2,0.036,MORTGAGE,EDUCATION,N,0
42,48400,6.5,24500,15.62,0.5062,5,0.2083,0.0791,MORTGAGE,EDUCATION,N,0
40,105100,9.8,12100,9.48,0.1151,2,0.0909,0.0109,MORTGAGE,PERSONAL,N,0
41,52900,0.8,30300,19.22,0.5728,4,0.1739,0.1101,RENT,MEDICAL,Y,1
70,82700,0.2,8700,15.3,0.1052,9,0.1731,0.0161,MORTGAGE,DEBTCONSOLIDATION,Y,0
39,46000,9.9,14200,10.08,0.3087,9,0.4286,0.0311,RENT,EDUCATION,Y,0
30,67600,3.8,14100,9.21,0.2086,6,0.5,0.0192,MORTGAGE,PERSONAL,N,0
48,24300,15.7,21600,18.91,0.8889,4,0.1333,0.1681,RENT,EDUCATION,Y,1
59,30500,10.0,3100,8.18,0.1016,7,0.1707,0.0083,RENT,MEDICAL,N,0
39,30900,1.1,21200,20.13,0.6861,6,0.2857,0.1381,MORTGAGE,EDUCATION,N,0
39,82300,3.6,4900,5.42,0.0595,4,0.1905,0.0032,RENT,MEDICAL,N,0
41,40600,7.7,14000,13.45,0.3448,8,0.3478,0.0464,OWN,HOMEIMPROVEMENT,N,0
40,83900,5.0,11000,12.03,0.1311,5,0.2273,0.0158,RENT,PERSONAL,N,0
49,56000,5.2,24700,13.84,0.4411,5,0.1613,0.061,MORTGAGE,VENTURE,Y,0
34,82300,5.9,7400,6.24,0.0899,5,0.3125,0.0056,MORTGAGE,PERSONAL,Y,0
44,37700,11.8,22000,17.91,0.5836,4,0.1538,0.1045,RENT,MEDICAL,Y,1
53,79700,,13800,9.21,0.1731,7,0.2,0.0159,RENT,DEBTCONSOLIDATION,N,0
48,72500,7.2,31700,13.2,0.4372,2,0.0667,0.0577,RENT,DEBTCONSOLIDATION,Y,0
43,30300,0.2,5600,9.45,0.1848,8,0.32,0.0175,MORTGAGE,MEDICAL,N,0
43,43900,0.6,19000,13.9,0.4328,5,0.2,0.0602,MORTGAGE,MEDICAL,N,1
64,124200,4.3,32300,10.58,0.2601,4,0.087,0.0275,RENT,EDUCATION,N,0
44,25200,6.0,9800,14.63,0.3889,18,0.6923,0.0569,RENT,PERSONAL,N,0
44,90400,2.6,6900,8.07,0.0763,5,0.1923,0.0062,MORTGAGE,EDUCATION,N,0
64,68700,0.8,11000,11.58,0.1601,6,0.1304,0.0185,RENT,DEBTCONSOLIDATION,N,0
49,75500,18.2,23100,10.5,0.306,6,0.1935,0.0321,RENT,HOMEIMPROVEMENT,N,0
70,80200,5.6,6100,7.85,0.0761,6,0.1154,0.006,MORTGAGE,VENTURE,N,0
49,67100,3.3,12200,,0.1818,7,0.2258,0.023,MORTGAGE,VENTURE,N,0
44,53900,0.8,14200,12.92,0.2635,9,0.3462,0.034,MORTGAGE,MEDICAL,N,0
51,34600,6.0,16400,16.09,0.474,6,0.1818,0.0763,RENT,EDUCATION,N,0
46,36100,0.2,23500,19.67,0.651,14,0.5,0.1281,RENT,EDUCATION,Y,1
41,42500,0.7,20200,18.67,0.4753,12,0.5217,0.0887,MORTGAGE,EDUCATION,N,0
45,40400,2.0,18600,15.69,0.4604,7,0.2593,0.0722,MORTGAGE,VENTURE,N,1
41,83400,12.2,25400,10.9,0.3046,8,0.3478,0.0332,MORTGAGE,EDUCATION,N,0
43,129900,5.0,10200,7.61,0.0785,5,0.2,0.006,MORTGAGE,HOMEIMPROVEMENT,N,0
49,73600,0.5,20000,11.33,0.2717,6,0.1935,0.0308,RENT,MEDICAL,N,1
41,23000,,20200,17.81,0.8783,8,0.3478,0.1564,RENT,HOMEIMPROVEMENT,N,1
41,88400,3.0,10200,11.73,0.1154,5,0.2174,0.0135,OWN,VENTURE,N,0
60,68900,0.1,19200,13.42,0.2787,6,0.1429,0.0374,MORTGAGE,DEBTCONSOLIDATION,N,0
47,124800,4.6,13300,10.99,0.1066,5,0.1724,0.0117,MORTGAGE,MEDICAL,N,0
51,24800,2.9,4400,,0.1774,10,0.303,0.0225,RENT,DEBTCONSOLIDATION,Y,0
51,29000,0.7,16000,16.87,0.5517,9,0.2727,0.0931,OWN,MEDICAL,N,1
35,63700,0.5,20200,12.72,0.3171,5,0.2941,0.0403,RENT,VENTURE,N,0
43,32100,2.4,22400,17.73,0.6978,8,0.32,0.1237,RENT,EDUCATION,Y,1
40,18500,0.6,16400,20.98,0.8865,7,0.3182,0.186,OWN,PERSONAL,N,1
47,41200,2.3,27600,17.89,0.6699,7,0.2414,0.1198,RENT,HOMEIMPROVEMENT,Y,1
56,99500,3.2,11600,13.74,0.1166,12,0.3158,0.016,MORTGAGE,DEBTCONSOLIDATION,N,0
48,33400,,17500,19.16,0.524,2,0.0667,0.1004,RENT,EDUCATION,Y,1
36,162800,2.0,20600,9.62,0.1265,10,0.5556,0.0122,RENT,EDUCATION,N,0
48,83900,6.2,13600,10.46,0.1621,4,0.1333,0.017,MORTGAGE,MEDICAL,N,0
35,47700,2.3,16600,15.37,0.348,5,0.2941,0.0535,MORTGAGE,EDUCATION,N,1
42,41800,3.0,31800,22.95,0.7608,4,0.1667,0.1746,MORTGAGE,MEDICAL,Y,1
45,84600,3.8,11300,7.32,0.1336,10,0.3704,0.0098,RENT,MEDICAL,N,0
65,119500,9.4,8000,7.04,0.0669,7,0.1489,0.0047,MORTGAGE,EDUCATION,N,0
47,102000,0.3,23300,10.05,0.2284,10,0.3448,0.023,MORTGAGE,DEBTCONSOLIDATION,N,0
34,19200,2.4,16600,,0.8646,10,0.625,0.1095,RENT,EDUCATION,Y,1
45,67000,6.3,18600,15.1,0.2776,3,0.1111,0.0419,MORTGAGE,EDUCATION,N,0
37,129100,19.0,14100,10.24,0.1092,7,0.3684,0.0112,MORTGAGE,MEDICAL,N,0
49,52700,0.8,21100,12.58,0.4004,4,0.129,0.0504,MORTGAGE,PERSONAL,N,1
60,81900,19.5,8900,11.0,0.1087,4,0.0952,0.012,RENT,PERSONAL,Y,0
36,69500,0.4,18700,16.4,0.2691,6,0.3333,0.0441,MORTGAGE,PERSONAL,Y,1
41,67500,8.8,27200,15.18,0.403,7,0.3043,0.0612,MORTGAGE,MEDICAL,Y,0
45,74500,2.8,11600,10.28,0.1557,2,0.0741,0.016,MORTGAGE,PERSONAL,N,0
42,59200,1.0,21400,13.35,0.3615,2,0.0833,0.0483,RENT,PERSONAL,N,0
38,22100,16.3,20700,19.72,0.9367,2,0.1,0.1847,RENT,EDUCATION,Y,1
42,95600,5.8,10700,6.86,0.1119,4,0.1667,0.0077,RENT,EDUCATION,N,0
31,87700,1.5,13100,11.26,0.1494,4,0.3077,0.0168,RENT,HOMEIMPROVEMENT,N,0
44,67100,9.2,13600,,0.2027,6,0.2308,0.0257,RENT,VENTURE,N,0
46,55200,1.1,9300,9.89,0.1685,6,0.2143,0.0167,MORTGAGE,EDUCATION,N,0
43,68500,0.7,22500,13.35,0.3285,12,0.48,0.0439,OWN,EDUCATION,N,0
43,147300,15.5,5900,9.18,0.0401,4,0.16,0.0037,MORTGAGE,HOMEIMPROVEMENT,N,0
36,94400,2.9,7300,,0.0773,4,0.2222,0.0098,RENT,MEDICAL,N,0
54,45300,8.0,19400,,0.4283,7,0.1944,0.0542,RENT,DEBTCONSOLIDATION,N,0
37,101500,1.6,4200,6.81,0.0414,3,0.1579,0.0028,OWN,EDUCATION,N,0
47,96200,2.1,28500,17.12,0.2963,5,0.1724,0.0507,MORTGAGE,EDUCATION,N,0
50,63300,11.9,2900,7.3,0.0458,11,0.3438,0.0033,MORTGAGE,DEBTCONSOLIDATION,N,0
31,78900,1.6,17700,13.81,0.2243,6,0.4615,0.031,OWN,EDUCATION,N,0
59,116800,0.5,3800,11.77,0.0325,7,0.1707,0.0038,RENT,HOMEIMPROVEMENT,N,0
55,110500,5.9,6400,8.64,0.0579,4,0.1081,0.005,MORTGAGE,MEDICAL,N,0
49,82300,1.1,15600,13.18,0.1896,10,0.3226,0.025,OWN,EDUCATION,N,0
36,130000,6.8,12300,8.96,0.0946,5,0.2778,0.0085,RENT,EDUCATION,N,0
48,88600,0.3,21400,11.3,0.2415,7,0.2333,0.0273,MORTGAGE,VENTURE,N,0
48,169600,9.4,18400,7.64,0.1085,8,0.2667,0.0083,MORTGAGE,PERSONAL,N,0
68,103500,4.6,11200,10.48,0.1082,22,0.44,0.0113,MORTGAGE,EDUCATION,Y,0
43,70400,1.2,13400,10.59,0.1903,7,0.28,0.0202,MORTGAGE,EDUCATION,N,0
50,210700,6.1,14300,8.79,0.0679,6,0.1875,0.006,MORTGAGE,EDUCATION,N,0
43,26100,2.1,24900,20.52,0.954,17,0.68,0.1958,MORTGAGE,DEBTCONSOLIDATION,Y,1
48,105500,0.8,17100,8.29,0.1621,6,0.2,0.0134,RENT,VENTURE,N,0
59,133000,2.0,12100,9.57,0.091,8,0.1951,0.0087,RENT,HOMEIMPROVEMENT,N,0
41,33200,8.3,14600,16.28,0.4398,9,0.3913,0.0716,OWN,EDUCATION,N,0
53,29400,2.7,21400,17.54,0.7279,4,0.1143,0.1277,MORTGAGE,MEDICAL,N,1
61,35000,5.7,9200,13.06,0.2629,2,0.0465,0.0343,OWN,DEBTCONSOLIDATION,Y,0
37,36900,4.7,9900,11.44,0.2683,12,0.6316,0.0307,MORTGAGE,HOMEIMPROVEMENT,Y,0
33,40000,1.0,22300,18.43,0.5575,9,0.6,0.1027,RENT,HOMEIMPROVEMENT,Y,1
43,24400,8.5,4700,9.36,0.1926,6,0.24,0.018,MORTGAGE,EDUCATION,N,0
52,59800,14.5,23400,16.6,0.3913,4,0.1176,0.065,MORTGAGE,VENTURE,N,0
67,67500,5.7,6900,8.19,0.1022,11,0.2245,0.0084,MORTGAGE,MEDICAL,N,0
46,57700,3.4,10500,,0.182,4,0.1429,0.023,RENT,MEDICAL,Y,0
43,43100,,11200,11.78,0.2599,3,0.12,0.0306,MORTGAGE,DEBTCONSOLIDATION,Y,1
37,51200,9.5,23600,14.77,0.4609,4,0.2105,0.0681,OWN,MEDICAL,N,0
52,31700,0.4,33900,20.23,1.0694,2,0.0588,0.2163,OWN,PERSONAL,Y,1
39,42100,9.5,11800,12.6,0.2803,11,0.5238,0.0353,RENT,HOMEIMPROVEMENT,Y,0
51,44700,,31000,22.16,0.6935,7,0.2121,0.1537,RENT,VENTURE,N,0
49,89400,1.7,14400,7.69,0.1611,7,0.2258,0.0124,RENT,MEDICAL,N,0
58,103700,20.5,13200,11.13,0.1273,10,0.25,0.0142,RENT,DEBTCONSOLIDATION,N,0
49,62000,2.6,15400,15.13,0.2484,11,0.3548,0.0376,RENT,DEBTCONSOLIDATION,N,0
52,65200,0.7,7300,9.13,0.112,9,0.2647,0.0102,RENT,VENTURE,N,0
65,65200,0.9,11500,8.37,0.1764,6,0.1277,0.0148,RENT,PERSONAL,N,0
34,135400,16.0,13300,11.41,0.0982,7,0.4375,0.0112,MORTGAGE,VENTURE,Y,0
41,51700,4.7,6800,9.99,0.1315,10,0.4348,0.0131,RENT,EDUCATION,N,0
61,97900,5.6,7000,11.36,0.0715,6,0.1395,0.0081,RENT,DEBTCONSOLIDATION,N,0
46,34600,5.7,12300,16.04,0.3555,5,0.1786,0.057,MORTGAGE,VENTURE,N,1
36,47200,3.2,7200,11.88,0.1525,11,0.6111,0.0181,RENT,MEDICAL,N,0
40,94700,9.6,8900,10.79,0.094,3,0.1364,0.0101,MORTGAGE,DEBTCONSOLIDATION,N,0
43,73700,19.5,2900,9.26,0.0393,12,0.48,0.0036,RENT,VENTURE,N,0
34,87500,5.0,5400,11.31,0.0617,3,0.1875,0.007,RENT,VENTURE,N,0
37,73700,2.3,22400,10.39,0.3039,5,0.2632,0.0316,RENT,MEDICAL,N,0
29,33900,6.2,27200,19.77,0.8024,3,0.2727,0.1586,RENT,EDUCATION,Y,1
47,29000,3.2,20500,23.2,0.7069,2,0.069,0.164,MORTGAGE,VENTURE,Y,1
52,100100,9.1,22400,14.46,0.2238,3,0.0882,0.0324,RENT,EDUCATION,N,0
50,65300,4.9,16700,10.74,0.2557,12,0.375,0.0275,MORTGAGE,PERSONAL,N,0
48,66000,4.4,9500,8.99,0.1439,7,0.2333,0.0129,MORTGAGE,DEBTCONSOLIDATION,N,0
41,57900,3.2,29200,17.73,0.5043,7,0.3043,0.0894,RENT,DEBTCONSOLIDATION,N,0
35,52900,14.0,7800,11.47,0.1474,2,0.1176,0.0169,RENT,PERSONAL,N,0
52,85100,9.4,2100,8.35,0.0247,6,0.1765,0.0021,RENT,EDUCATION,N,0
48,68300,5.8,14300,9.36,0.2094,5,0.1667,0.0196,MORTGAGE,EDUCATION,N,0
30,44600,1.5,21900,17.63,0.491,6,0.5,0.0866,MORTGAGE,EDUCATION,Y,1
39,33200,1.5,9200,14.24,0.2771,7,0.3333,0.0395,RENT,EDUCATION,N,1
50,17500,1.0,10500,20.57,0.6,12,0.375,0.1234,MORTGAGE,VENTURE,Y,1
41,48200,5.3,26200,16.23,0.5436,4,0.1739,0.0882,RENT,PERSONAL,Y,1
54,35700,1.2,17000,15.75,0.4762,4,0.1111,0.075,RENT,HOMEIMPROVEMENT,N,1
33,72500,7.8,21300,11.56,0.2938,7,0.4667,0.034,MORTGAGE,EDUCATION,N,0
70,95300,,16000,,0.1679,8,0.1538,0.0213,RENT,VENTURE,N,0
34,37800,4.2,22700,17.19,0.6005,8,0.5,0.1032,RENT,DEBTCONSOLIDATION,Y,1
33,74100,0.2,19700,12.29,0.2659,5,0.3333,0.0327,RENT,PERSONAL,Y,0
38,78900,1.3,24100,13.16,0.3054,5,0.25,0.0402,RENT,VENTURE,N,0
35,37100,8.5,21500,19.59,0.5795,3,0.1765,0.1135,RENT,VENTURE,N,0
30,95400,2.5,13100,12.85,0.1373,7,0.5833,0.0176,RENT,EDUCATION,N,0
45,96300,4.0,12400,6.98,0.1288,5,0.1852,0.009,MORTGAGE,HOMEIMPROVEMENT,N,0
38,50800,1.2,16800,13.82,0.3307,13,0.65,0.0457,MORTGAGE,EDUCATION,N,0
46,93200,2.8,21600,11.11,0.2318,3,0.1071,0.0258,MORTGAGE,DEBTCONSOLIDATION,N,0
53,59400,12.2,12100,13.3,0.2037,5,0.1429,0.0271,OTHER,VENTURE,N,0
31,61600,0.0,17900,8.55,0.2906,9,0.6923,0.0248,MORTGAGE,EDUCATION,Y,0
45,19100,7.4,12800,17.99,0.6702,4,0.1481,0.1206,RENT,MEDICAL,Y,1
25,46700,7.0,15400,12.31,0.3298,4,0.5714,0.0406,RENT,PERSONAL,N,0
70,36500,3.8,15700,15.26,0.4301,6,0.1154,0.0656,RENT,MEDICAL,N,1
46,68700,0.5,22700,17.23,0.3304,7,0.25,0.0569,RENT,VENTURE,N,0
50,68500,1.3,14700,10.82,0.2146,6,0.1875,0.0232,MORTGAGE,EDUCATION,Y,0
38,81300,2.4,23200,12.66,0.2854,10,0.5,0.0361,RENT,MEDICAL,Y,1
58,66700,19.7,20700,11.91,0.3103,7,0.175,0.037,MORTGAGE,HOMEIMPROVEMENT,N,0
39,47100,8.6,12900,11.28,0.2739,3,0.1429,0.0309,MORTGAGE,EDUCATION,N,0
32,63300,4.4,14900,11.89,0.2354,3,0.2143,0.028,RENT,MEDICAL,N,0
51,35400,1.9,19800,16.27,0.5593,24,0.7273,0.091,RENT,PERSONAL,N,1
48,67400,3.1,29800,16.63,0.4421,4,0.1333,0.0735,RENT,EDUCATION,N,1
32,72200,8.5,19600,15.11,0.2715,5,0.3571,0.041,RENT,DEBTCONSOLIDATION,N,0
35,88400,0.3,8900,8.02,0.1007,17,1.0,0.0081,RENT,EDUCATION,N,0
45,112800,5.8,24400,9.55,0.2163,4,0.1481,0.0207,MORTGAGE,MEDICAL,N,0
40,113800,1.0,16700,9.88,0.1467,9,0.4091,0.0145,RENT,VENTURE,N,0
70,18900,0.5,9500,18.35,0.5026,9,0.1731,0.0922,OTHER,VENTURE,N,1
49,31500,1.5,4600,16.06,0.146,3,0.0968,0.0234,RENT,DEBTCONSOLIDATION,N,0
38,39100,1.7,9100,10.94,0.2327,17,0.85,0.0255,RENT,MEDICAL,Y,1
49,126200,10.1,15400,14.06,0.122,4,0.129,0.0172,RENT,MEDICAL,N,0
34,38000,2.9,4900,9.3,0.1289,2,0.125,0.012,OTHER,EDUCATION,N,0
49,72800,5.4,12300,7.96,0.169,9,0.2903,0.0135,OWN,HOMEIMPROVEMENT,N,0
36,106400,1.9,28700,10.54,0.2697,8,0.4444,0.0284,MORTGAGE,MEDICAL,N,0
57,113700,0.3,16000,13.01,0.1407,7,0.1795,0.0183,MORTGAGE,VENTURE,N,1
52,115400,12.9,20400,11.41,0.1768,2,0.0588,0.0202,RENT,EDUCATION,N,0
44,55100,0.4,30100,16.13,0.5463,9,0.3462,0.0881,MORTGAGE,EDUCATION,N,1
54,84000,0.9,27200,15.86,0.3238,4,0.1111,0.0514,RENT,MEDICAL,Y,0
53,77500,0.4,15600,10.01,0.2013,2,0.0571,0.0202,MORTGAGE,DEBTCONSOLIDATION,N,0
42,139200,7.4,13800,9.07,0.0991,9,0.375,0.009,RENT,VENTURE,N,0
35,45600,13.3,7300,12.09,0.1601,7,0.4118,0.0194,RENT,HOMEIMPROVEMENT,N,0
50,29400,19.0,15800,17.4,0.5374,2,0.0625,0.0935,RENT,VENTURE,N,1
52,36200,0.1,5700,9.11,0.1575,9,0.2647,0.0143,RENT,EDUCATION,N,0
29,84800,6.2,12200,8.36,0.1439,8,0.7273,0.012,OWN,VENTURE,N,0
49,104800,1.5,1500,8.19,0.0143,2,0.0645,0.0012,RENT,DEBTCONSOLIDATION,Y,0
42,82100,2.3,25600,,0.3118,5,0.2083,0.0395,MORTGAGE,EDUCATION,N,0
43,58000,8.7,24400,15.87,0.4207,10,0.4,0.0668,MORTGAGE,VENTURE,N,0
51,37900,0.8,22200,18.63,0.5858,8,0.2424,0.1091,RENT,PERSONAL,Y,0
41,65800,7.5,14800,10.64,0.2249,3,0.1304,0.0239,RENT,EDUCATION,N,0
69,18400,4.3,32500,18.34,1.7663,8,0.1569,0.3239,OWN,VENTURE,Y,1
46,115100,6.2,27900,12.62,0.2424,8,0.2857,0.0306,MORTGAGE,DEBTCONSOLIDATION,N,0
36,77700,0.9,8000,8.87,0.103,4,0.2222,0.0091,MORTGAGE,EDUCATION,N,0
48,82100,1.3,23900,12.38,0.2911,13,0.4333,0.036,MORTGAGE,PERSONAL,N,0
60,103300,0.3,23200,6.29,0.2246,7,0.1667,0.0141,MORTGAGE,EDUCATION,N,0
41,17700,,19300,20.25,1.0904,3,0.1304,0.2208,MORTGAGE,VENTURE,Y,1
42,52400,12.6,16200,14.64,0.3092,3,0.125,0.0453,RENT,MEDICAL,N,1
52,36400,7.9,22400,21.11,0.6154,18,0.5294,0.1299,RENT,MEDICAL,Y,1
44,76700,2.3,17000,10.85,0.2216,2,0.0769,0.024,MORTGAGE,EDUCATION,N,0
41,72200,2.2,12700,14.29,0.1759,13,0.5652,0.0251,RENT,EDUCATION,N,0
34,53300,4.1,30600,17.94,0.5741,16,1.0,0.103,RENT,PERSONAL,Y,1
69,24600,6.7,13300,16.32,0.5407,2,0.0392,0.0882,RENT,VENTURE,N,0
38,27800,1.4,19100,22.72,0.6871,5,0.25,0.1561,RENT,VENTURE,Y,1
47,76700,20.8,23500,14.35,0.3064,2,0.069,0.044,RENT,EDUCATION,N,0
60,33900,1.4,7000,13.43,0.2065,9,0.2143,0.0277,MORTGAGE,PERSONAL,N,0
44,98800,0.0,11000,9.19,0.1113,3,0.1154,0.0102,RENT,PERSONAL,Y,0
48,54300,4.8,9400,9.17,0.1731,5,0.1667,0.0159,RENT,HOMEIMPROVEMENT,Y,0
56,140100,17.2,15900,10.05,0.1135,5,0.1316,0.0114,OWN,VENTURE,N,0
50,54600,0.2,22300,13.98,0.4084,4,0.125,0.0571,MORTGAGE,PERSONAL,N,0
45,34700,,15500,15.31,0.4467,11,0.4074,0.0684,MORTGAGE,EDUCATION,Y,0
36,29900,1.3,8700,11.83,0.291,15,0.8333,0.0344,RENT,EDUCATION,N,0
42,25400,3.2,7200,14.37,0.2835,7,0.2917,0.0407,OWN,DEBTCONSOLIDATION,N,0
58,59800,4.7,26600,12.2,0.4448,9,0.225,0.0543,RENT,PERSONAL,N,0
36,18600,10.3,10000,20.09,0.5376,5,0.2778,0.108,RENT,VENTURE,Y,1
35,52200,0.9,29400,19.86,0.5632,8,0.4706,0.1119,RENT,DEBTCONSOLIDATION,Y,1
61,53200,0.1,26000,19.58,0.4887,8,0.186,0.0957,MORTGAGE,EDUCATION,N,1
34,20100,9.3,21300,21.82,1.0597,2,0.125,0.2312,RENT,DEBTCONSOLIDATION,Y,1
45,60800,1.8,19300,13.16,0.3174,6,0.2222,0.0418,MORTGAGE,VENTURE,N,0
45,38600,12.0,28100,21.51,0.728,6,0.2222,0.1566,RENT,EDUCATION,Y,1
45,38800,0.9,6600,,0.1701,11,0.4074,0.0215,MORTGAGE,EDUCATION,N,0
48,39800,0.7,24400,19.15,0.6131,5,0.1667,0.1174,RENT,VENTURE,Y,1
58,191900,5.1,6500,9.92,0.0339,6,0.15,0.0034,MORTGAGE,DEBTCONSOLIDATION,Y,0
53,69500,14.7,9900,10.97,0.1424,4,0.1143,0.0156,RENT,DEBTCONSOLIDATION,N,0
58,87900,,18100,10.82,0.2059,8,0.2,0.0223,RENT,EDUCATION,N,0
62,79000,1.1,11600,10.4,0.1468,8,0.1818,0.0153,RENT,EDUCATION,N,0
48,31800,2.3,20900,20.21,0.6572,12,0.4,0.1328,RENT,MEDICAL,Y,1
41,46500,0.6,7900,10.19,0.1699,2,0.087,0.0173,OTHER,MEDICAL,N,0
47,71500,1.5,11700,9.39,0.1636,15,0.5172,0.0154,MORTGAGE,EDUCATION,N,0
36,82300,2.2,5600,8.61,0.068,8,0.4444,0.0059,MORTGAGE,DEBTCONSOLIDATION,N,0
51,29900,1.0,9700,13.37,0.3244,2,0.0606,0.0434,MORTGAGE,PERSONAL,N,0
39,59600,0.9,5900,9.95,0.099,6,0.2857,0.0099,RENT,HOMEIMPROVEMENT,N,0
33,120300,12.1,18300,12.11,0.1521,5,0.3333,0.0184,RENT,PERSONAL,Y,0
40,22100,1.1,15600,16.36,0.7059,9,0.4091,0.1155,MORTGAGE,PERSONAL,N,0
51,59300,7.6,11600,11.52,0.1956,8,0.2424,0.0225,MORTGAGE,EDUCATION,N,0
61,45600,7.5,8100,11.9,0.1776,2,0.0465,0.0211,RENT,DEBTCONSOLIDATION,N,0
41,24600,6.1,9900,16.84,0.4024,2,0.087,0.0678,RENT,PERSONAL,N,0
43,96000,3.6,28400,11.85,0.2958,3,0.12,0.0351,RENT,MEDICAL,N,0
43,65600,0.9,11200,8.08,0.1707,7,0.28,0.0138,RENT,MEDICAL,N,0
46,40500,10.2,21500,,0.5309,3,0.1071,0.0672,MORTGAGE,DEBTCONSOLIDATION,Y,1
57,30400,6.7,23200,19.39,0.7632,5,0.1282,0.148,MORTGAGE,VENTURE,N,1
39,41500,5.8,13000,11.56,0.3133,2,0.0952,0.0362,RENT,EDUCATION,N,0
46,33100,0.8,13700,12.98,0.4139,4,0.1429,0.0537,RENT,HOMEIMPROVEMENT,Y,0
62,171800,3.4,20200,10.99,0.1176,3,0.0682,0.0129,RENT,VENTURE,N,0
68,97300,4.7,15900,10.78,0.1634,2,0.04,0.0176,RENT,EDUCATION,Y,0
39,65000,1.3,12600,7.94,0.1938,3,0.1429,0.0154,MORTGAGE,MEDICAL,N,0
65,36400,1.1,25500,21.18,0.7005,4,0.0851,0.1484,RENT,VENTURE,Y,1
43,56800,17.2,17600,,0.3099,2,0.08,0.0392,RENT,VENTURE,N,0
41,35800,0.6,27200,20.77,0.7598,4,0.1739,0.1578,MORTGAGE,EDUCATION,Y,0
33,39500,8.1,11100,14.23,0.281,8,0.5333,0.04,MORTGAGE,VENTURE,N,0
49,39300,10.9,15500,15.45,0.3944,12,0.3871,0.0609,MORTGAGE,EDUCATION,Y,0
41,119400,0.2,21600,10.93,0.1809,9,0.3913,0.0198,MORTGAGE,EDUCATION,N,0
40,36000,0.6,13700,16.02,0.3806,5,0.2273,0.061,MORTGAGE,VENTURE,Y,1
51,80500,9.5,6300,10.87,0.0783,6,0.1818,0.0085,MORTGAGE,PERSONAL,N,0
41,15600,16.9,15500,,0.9936,8,0.3478,0.1258,RENT,VENTURE,N,1
54,41400,8.3,8900,11.38,0.215,10,0.2778,0.0245,MORTGAGE,EDUCATION,N,0
50,66600,6.5,13900,9.88,0.2087,8,0.25,0.0206,RENT,MEDICAL,N,0
50,38300,7.5,11200,13.55,0.2924,4,0.125,0.0396,RENT,MEDICAL,Y,0
41,66600,2.9,17400,15.01,0.2613,8,0.3478,0.0392,MORTGAGE,PERSONAL,N,0
37,35000,10.5,6600,7.46,0.1886,2,0.1053,0.0141,RENT,DEBTCONSOLIDATION,N,1
48,18300,0.1,8900,17.16,0.4863,5,0.1667,0.0834,MORTGAGE,PERSONAL,N,1
40,31600,4.3,30300,22.41,0.9589,4,0.1818,0.2149,RENT,MEDICAL,Y,1
40,62100,2.3,19400,14.32,0.3124,7,0.3182,0.0447,RENT,VENTURE,N,0
39,71700,9.5,5600,6.34,0.0781,2,0.0952,0.005,RENT,MEDICAL,N,0
44,61500,2.7,8900,11.72,0.1447,12,0.4615,0.017,RENT,VENTURE,N,0
56,37800,5.0,15800,16.49,0.418,8,0.2105,0.0689,OWN,HOMEIMPROVEMENT,Y,0
34,41800,3.1,10900,12.62,0.2608,4,0.25,0.0329,RENT,PERSONAL,N,0
41,107200,17.4,25200,11.37,0.2351,2,0.087,0.0267,RENT,PERSONAL,Y,1
38,55500,12.0,25400,18.74,0.4577,9,0.45,0.0858,OTHER,HOMEIMPROVEMENT,N,1
56,56900,7.5,14100,13.11,0.2478,6,0.1579,0.0325,MORTGAGE,DEBTCONSOLIDATION,N,0
33,35300,1.8,6800,13.43,0.1926,3,0.2,0.0259,RENT,VENTURE,Y,0
45,46200,3.1,7500,10.36,0.1623,5,0.1852,0.0168,MORTGAGE,VENTURE,N,0
43,102000,4.3,8100,5.42,0.0794,9,0.36,0.0043,OWN,VENTURE,N,0
34,35400,0.4,5900,10.6,0.1667,10,0.625,0.0177,RENT,MEDICAL,N,0
35,143600,0.5,31200,11.07,0.2173,2,0.1176,0.0241,RENT,PERSONAL,N,0
36,82000,0.7,20300,12.93,0.2476,7,0.3889,0.032,RENT,HOMEIMPROVEMENT,N,0
40,28000,4.1,22400,17.29,0.8,5,0.2273,0.1383,MORTGAGE,EDUCATION,N,1
45,52900,6.6,19900,13.69,0.3762,8,0.2963,0.0515,RENT,DEBTCONSOLIDATION,Y,0
49,44000,2.1,15200,13.33,0.3455,5,0.1613,0.0461,RENT,EDUCATION,N,0
43,78200,1.4,24500,13.12,0.3133,18,0.72,0.0411,RENT,DEBTCONSOLIDATION,N,0
42,78300,5.8,12600,9.39,0.1609,5,0.2083,0.0151,RENT,EDUCATION,N,0
43,56400,0.8,19000,11.39,0.3369,3,0.12,0.0384,MORTGAGE,MEDICAL,N,0
41,70900,,32400,16.37,0.457,8,0.3478,0.0748,RENT,MEDICAL,N,0
32,19800,3.7,12900,17.45,0.6515,12,0.8571,0.1137,RENT,MEDICAL,Y,1
51,46000,2.0,19700,15.33,0.4283,4,0.1212,0.0657,RENT,VENTURE,Y,1
41,38600,0.5,9700,12.8,0.2513,5,0.2174,0.0322,OTHER,MEDICAL,N,1
55,250000,3.2,16100,10.67,0.0644,8,0.2162,0.0069,RENT,VENTURE,N,0
53,163800,3.9,14400,10.66,0.0879,2,0.0571,0.0094,MORTGAGE,VENTURE,N,0
38,62100,3.0,8900,7.19,0.1433,5,0.25,0.0103,MORTGAGE,EDUCATION,N,0
47,68900,1.0,16900,11.04,0.2453,6,0.2069,0.0271,MORTGAGE,VENTURE,N,0
48,57000,0.3,12500,11.66,0.2193,4,0.1333,0.0256,RENT,VENTURE,N,0
40,13400,3.6,8000,17.48,0.597,7,0.3182,0.1044,RENT,PERSONAL,N,1
46,48600,6.6,13200,12.77,0.2716,7,0.25,0.0347,RENT,EDUCATION,N,0
46,69800,0.6,7200,10.15,0.1032,8,0.2857,0.0105,RENT,VENTURE,N,0
43,53300,0.3,3700,10.1,0.0694,9,0.36,0.007,RENT,MEDICAL,N,0
36,37800,7.7,8600,11.35,0.2275,10,0.5556,0.0258,MORTGAGE,MEDICAL,Y,1
37,35300,0.5,10800,10.4,0.3059,7,0.3684,0.0318,RENT,PERSONAL,N,0
45,47300,5.4,13300,12.68,0.2812,4,0.1481,0.0357,RENT,DEBTCONSOLIDATION,N,0
49,26000,,34400,18.88,1.3231,2,0.0645,0.2498,RENT,PERSONAL,Y,1
51,78000,8.5,4200,10.41,0.0538,10,0.303,0.0056,RENT,PERSONAL,Y,0
55,107700,10.5,29500,15.17,0.2739,5,0.1351,0.0416,MORTGAGE,HOMEIMPROVEMENT,N,0
31,28000,,22200,16.99,0.7929,13,1.0,0.1347,RENT,VENTURE,Y,1
59,78500,9.4,12600,9.96,0.1605,5,0.122,0.016,OWN,MEDICAL,N,0
39,119900,3.5,12600,12.15,0.1051,11,0.5238,0.0128,RENT,HOMEIMPROVEMENT,N,0
27,41200,8.8,18800,12.35,0.4563,9,1.0,0.0564,RENT,PERSONAL,Y,1
50,36800,,6900,10.92,0.1875,2,0.0625,0.0205,MORTGAGE,VENTURE,N,0
38,23500,2.9,8000,14.95,0.3404,5,0.25,0.0509,RENT,VENTURE,N,0
38,44000,0.2,21800,,0.4955,3,0.15,0.0627,MORTGAGE,PERSONAL,N,0
61,40500,3.1,11700,16.7,0.2889,6,0.1395,0.0482,RENT,DEBTCONSOLIDATION,N,0
56,35500,1.7,6000,7.45,0.169,7,0.1842,0.0126,MORTGAGE,PERSONAL,N,0
68,48600,0.6,19000,15.11,0.3909,2,0.04,0.0591,RENT,VENTURE,N,1
56,37400,1.8,19200,18.58,0.5134,16,0.4211,0.0954,RENT,DEBTCONSOLIDATION,N,1
39,60100,2.3,31900,17.14,0.5308,7,0.3333,0.091,RENT,MEDICAL,N,0
56,82200,16.7,23000,12.1,0.2798,2,0.0526,0.0339,RENT,DEBTCONSOLIDATION,Y,0
59,49400,7.5,13900,10.58,0.2814,7,0.1707,0.0298,RENT,EDUCATION,N,0
51,81500,3.9,23800,,0.292,5,0.1515,0.037,RENT,MEDICAL,N,0
35,70200,1.8,14600,10.46,0.208,9,0.5294,0.0218,RENT,PERSONAL,N,0
58,16500,2.9,6400,14.03,0.3879,4,0.1,0.0544,RENT,EDUCATION,N,0
41,55000,5.8,11200,13.24,0.2036,8,0.3478,0.027,MORTGAGE,DEBTCONSOLIDATION,N,0
51,31000,6.3,11200,15.7,0.3613,2,0.0606,0.0567,RENT,VENTURE,N,0
50,29500,1.3,7300,14.15,0.2475,28,0.875,0.035,RENT,DEBTCONSOLIDATION,N,0
56,36700,6.5,8200,8.19,0.2234,7,0.1842,0.0183,MORTGAGE,VENTURE,N,0
32,149100,10.4,2100,9.38,0.0141,3,0.2143,0.0013,MORTGAGE,VENTURE,N,0
36,117200,14.3,18500,8.43,0.1578,7,0.3889,0.0133,MORTGAGE,MEDICAL,Y,0
48,96400,3.8,15300,8.97,0.1587,22,0.7333,0.0142,RENT,EDUCATION,N,0
48,49700,1.3,13300,,0.2676,6,0.2,0.0339,MORTGAGE,MEDICAL,Y,0
56,37200,2.6,13100,13.04,0.3522,7,0.1842,0.0459,RENT,DEBTCONSOLIDATION,Y,1
63,83800,0.6,13000,,0.1551,12,0.2667,0.0196,RENT,DEBTCONSOLIDATION,N,1
44,144300,1.0,4600,7.48,0.0319,7,0.2692,0.0024,RENT,PERSONAL,N,0
45,33500,2.3,24200,17.69,0.7224,4,0.1481,0.1278,RENT,PERSONAL,Y,1
38,114600,1.1,15500,11.53,0.1353,3,0.15,0.0156,RENT,MEDICAL,N,0
35,63000,10.8,12200,10.58,0.1937,5,0.2941,0.0205,MORTGAGE,MEDICAL,N,1
39,36000,3.9,13600,12.06,0.3778,8,0.381,0.0456,MORTGAGE,VENTURE,N,0
70,72500,1.5,22100,15.08,0.3048,10,0.1923,0.046,RENT,VENTURE,N,0
42,47900,1.0,18800,14.69,0.3925,7,0.2917,0.0577,RENT,MEDICAL,N,1
45,34800,,14000,14.51,0.4023,2,0.0741,0.0584,RENT,VENTURE,N,0
52,40500,2.6,9400,11.07,0.2321,5,0.1471,0.0257,RENT,EDUCATION,N,1
49,28800,0.6,18500,17.31,0.6424,11,0.3548,0.1112,RENT,EDUCATION,N,1
44,52900,1.3,10100,9.6,0.1909,7,0.2692,0.0183,MORTGAGE,HOMEIMPROVEMENT,N,0
32,57600,,11600,7.24,0.2014,7,0.5,0.0146,RENT,HOMEIMPROVEMENT,N,0
43,114500,4.2,26700,11.99,0.2332,8,0.32,0.028,RENT,MEDICAL,N,0
54,36200,0.9,11400,13.33,0.3149,8,0.2222,0.042,MORTGAGE,VENTURE,N,0
59,27500,8.5,11000,15.03,0.4,6,0.1463,0.0601,MORTGAGE,PERSONAL,N,0
58,49500,0.4,27800,13.98,0.5616,10,0.25,0.0785,RENT,PERSONAL,N,0
60,28600,1.2,14100,15.66,0.493,5,0.119,0.0772,OTHER,PERSONAL,N,1
52,28200,3.9,28500,18.8,1.0106,8,0.2353,0.19,RENT,EDUCATION,N,1
58,39500,0.5,11900,13.79,0.3013,7,0.175,0.0415,OWN,PERSONAL,N,0
40,93000,3.8,11600,11.96,0.1247,8,0.3636,0.0149,RENT,VENTURE,N,1
33,54200,2.4,29400,16.97,0.5424,7,0.4667,0.092,MORTGAGE,EDUCATION,N,0
41,96900,0.2,16200,11.93,0.1672,3,0.1304,0.0199,OWN,DEBTCONSOLIDATION,N,0
40,14500,4.1,17500,17.25,1.2069,7,0.3182,0.2082,MORTGAGE,EDUCATION,Y,1
46,26900,6.7,8900,14.32,0.3309,2,0.0714,0.0474,MORTGAGE,EDUCATION,N,0
49,130800,3.1,10000,7.36,0.0765,4,0.129,0.0056,MORTGAGE,MEDICAL,N,0
32,58100,9.8,12900,10.61,0.222,5,0.3571,0.0236,MORTGAGE,EDUCATION,N,0
51,25800,,9800,11.5,0.3798,8,0.2424,0.0437,MORTGAGE,EDUCATION,N,0
45,87500,0.7,4800,10.02,0.0549,2,0.0741,0.0055,MORTGAGE,EDUCATION,N,0
46,30100,2.2,12500,15.1,0.4153,2,0.0714,0.0627,RENT,VENTURE,Y,0
70,60400,8.2,8700,8.59,0.144,7,0.1346,0.0124,RENT,MEDICAL,N,0
49,47700,16.2,10200,10.5,0.2138,6,0.1935,0.0224,MORTGAGE,MEDICAL,N,0
63,120300,2.0,9600,8.93,0.0798,3,0.0667,0.0071,RENT,VENTURE,N,0
39,63700,1.0,20200,14.01,0.3171,5,0.2381,0.0444,MORTGAGE,MEDICAL,Y,1
41,27900,5.7,9500,15.84,0.3405,3,0.1304,0.0539,RENT,VENTURE,N,0
45,85900,2.7,18200,10.04,0.2119,6,0.2222,0.0213,MORTGAGE,DEBTCONSOLIDATION,N,0
43,22900,1.3,25400,20.44,1.1092,2,0.08,0.2267,MORTGAGE,DEBTCONSOLIDATION,Y,1
41,49900,4.9,12800,11.82,0.2565,4,0.1739,0.0303,RENT,VENTURE,N,0
34,64300,2.7,4100,7.8,0.0638,9,0.5625,0.005,MORTGAGE,EDUCATION,N,0
47,30800,13.2,21400,17.85,0.6948,5,0.1724,0.124,MORTGAGE,PERSONAL,N,0
41,92700,0.6,23100,,0.2492,10,0.4348,0.0315,RENT,PERSONAL,N,0
37,64200,0.3,10200,12.1,0.1589,10,0.5263,0.0192,RENT,HOMEIMPROVEMENT,N,0
43,44200,1.1,8300,,0.1878,5,0.2,0.0238,RENT,VENTURE,N,0
50,88000,1.1,12400,12.68,0.1409,3,0.0938,0.0179,RENT,EDUCATION,N,0
46,42500,10.6,17400,11.45,0.4094,2,0.0714,0.0469,MORTGAGE,MEDICAL,N,0
47,66500,20.6,6600,10.72,0.0992,8,0.2759,0.0106,RENT,PERSONAL,Y,0
45,59900,14.0,18100,18.19,0.3022,4,0.1481,0.055,MORTGAGE,DEBTCONSOLIDATION,N,0
41,49000,12.3,7000,8.41,0.1429,2,0.087,0.012,RENT,DEBTCONSOLIDATION,N,0
37,50000,1.5,29200,18.17,0.584,8,0.4211,0.1061,RENT,MEDICAL,N,1
45,88700,1.2,2000,7.75,0.0225,5,0.1852,0.0017,RENT,PERSONAL,N,0
54,110100,24.1,3700,7.4,0.0336,5,0.1389,0.0025,RENT,EDUCATION,N,0
48,25900,0.8,9400,13.92,0.3629,5,0.1667,0.0505,RENT,DEBTCONSOLIDATION,Y,1
43,38200,2.6,19900,15.55,0.5209,3,0.12,0.081,MORTGAGE,HOMEIMPROVEMENT,Y,1
40,17200,5.8,7700,12.8,0.4477,5,0.2273,0.0573,RENT,EDUCATION,N,0
38,113000,0.3,13900,11.5,0.123,10,0.5,0.0141,RENT,DEBTCONSOLIDATION,N,0
52,34400,1.1,30400,18.05,0.8837,4,0.1176,0.1595,RENT,MEDICAL,Y,1
36,107700,7.7,15400,8.36,0.143,5,0.2778,0.012,RENT,DEBTCONSOLIDATION,N,0
55,37500,2.4,18800,16.92,0.5013,7,0.1892,0.0848,RENT,VENTURE,N,1
38,35200,4.7,7500,10.37,0.2131,4,0.2,0.0221,RENT,VENTURE,N,0
48,27100,0.8,26700,22.15,0.9852,7,0.2333,0.2182,OWN,VENTURE,Y,1
43,39700,3.5,24000,18.23,0.6045,11,0.44,0.1102,MORTGAGE,VENTURE,Y,1
47,26100,,16500,18.55,0.6322,7,0.2414,0.1173,MORTGAGE,VENTURE,Y,1
52,74100,4.5,21400,16.33,0.2888,6,0.1765,0.0472,MORTGAGE,VENTURE,N,0
38,95900,8.7,13900,8.6,0.1449,4,0.2,0.0125,RENT,EDUCATION,N,0
58,59400,6.0,20800,16.5,0.3502,9,0.225,0.0578,RENT,DEBTCONSOLIDATION,Y,1
32,54800,2.3,15000,9.32,0.2737,3,0.2143,0.0255,RENT,MEDICAL,N,0
44,54300,1.0,28300,17.05,0.5212,5,0.1923,0.0889,MORTGAGE,MEDICAL,Y,0
33,27100,0.6,9700,13.26,0.3579,5,0.3333,0.0475,MORTGAGE,MEDICAL,Y,1
43,62400,3.5,11100,15.37,0.1779,3,0.12,0.0273,MORTGAGE,VENTURE,N,0
49,45800,2.1,15200,13.43,0.3319,6,0.1935,0.0446,RENT,MEDICAL,N,1
33,51100,7.1,5900,9.42,0.1155,8,0.5333,0.0109,MORTGAGE,EDUCATION,N,0
35,110600,6.9,12000,8.55,0.1085,9,0.5294,0.0093,RENT,VENTURE,N,0
40,50500,3.6,16200,,0.3208,7,0.3182,0.0406,RENT,MEDICAL,N,0
66,40300,0.8,19800,17.05,0.4913,9,0.1875,0.0838,MORTGAGE,EDUCATION,Y,1
44,35400,10.3,20100,,0.5678,2,0.0769,0.0719,RENT,HOMEIMPROVEMENT,Y,1
26,53100,4.8,10300,8.45,0.194,3,0.375,0.0164,RENT,DEBTCONSOLIDATION,N,0
49,56100,3.3,9800,12.48,0.1747,9,0.2903,0.0218,MORTGAGE,VENTURE,N,0
43,16100,7.9,6300,14.77,0.3913,4,0.16,0.0578,RENT,HOMEIMPROVEMENT,N,0
40,82300,7.8,10500,12.41,0.1276,17,0.7727,0.0158,RENT,HOMEIMPROVEMENT,N,0
43,23300,9.7,26500,20.72,1.1373,3,0.12,0.2356,RENT,VENTURE,Y,1
54,44600,0.3,3700,6.79,0.083,5,0.1389,0.0056,RENT,EDUCATION,N,0
36,108300,0.8,10000,,0.0923,9,0.5,0.0117,RENT,VENTURE,N,0
27,70400,9.0,14800,8.2,0.2102,4,0.4444,0.0172,OWN,PERSONAL,N,0
47,64100,8.1,24300,11.7,0.3791,7,0.2414,0.0444,MORTGAGE,PERSONAL,N,0
45,29000,1.8,9100,13.93,0.3138,3,0.1111,0.0437,RENT,EDUCATION,Y,0
37,27100,0.6,7700,14.81,0.2841,2,0.1053,0.0421,MORTGAGE,VENTURE,Y,0
37,52200,6.7,12700,10.2,0.2433,10,0.5263,0.0248,MORTGAGE,EDUCATION,N,0
43,75500,8.2,14300,10.39,0.1894,2,0.08,0.0197,RENT,MEDICAL,N,0
41,30700,7.2,24100,17.52,0.785,8,0.3478,0.1375,MORTGAGE,DEBTCONSOLIDATION,Y,1
41,106900,,5300,11.4,0.0496,16,0.6957,0.0057,RENT,DEBTCONSOLIDATION,N,0
28,57700,6.2,12600,,0.2184,10,1.0,0.0276,RENT,EDUCATION,Y,0
45,143000,0.8,17500,10.84,0.1224,5,0.1852,0.0133,RENT,PERSONAL,N,0
45,98800,5.4,10400,11.6,0.1053,3,0.1111,0.0122,MORTGAGE,EDUCATION,N,0
37,39900,10.8,21900,20.35,0.5489,7,0.3684,0.1117,RENT,MEDICAL,Y,1
40,50200,,7300,11.63,0.1454,8,0.3636,0.0169,RENT,VENTURE,N,0
39,56500,1.9,29600,15.0,0.5239,5,0.2381,0.0786,MORTGAGE,PERSONAL,N,0
64,57400,0.1,23400,16.08,0.4077,2,0.0435,0.0656,RENT,PERSONAL,N,1
39,36600,0.6,12600,,0.3443,8,0.381,0.0436,RENT,MEDICAL,N,1
35,141900,3.0,20700,11.43,0.1459,3,0.1765,0.0167,MORTGAGE,PERSONAL,N,0
38,49100,12.9,8400,9.62,0.1711,6,0.3,0.0165,RENT,DEBTCONSOLIDATION,N,0
41,37100,2.1,17300,12.86,0.4663,13,0.5652,0.06,MORTGAGE,MEDICAL,Y,1
58,76900,8.4,22100,11.82,0.2874,8,0.2,0.034,RENT,EDUCATION,N,0
31,50200,6.7,13700,12.41,0.2729,2,0.1538,0.0339,MORTGAGE,EDUCATION,N,0
46,60500,2.3,9400,12.18,0.1554,8,0.2857,0.0189,RENT,HOMEIMPROVEMENT,N,0
42,49300,3.0,21900,15.63,0.4442,10,0.4167,0.0694,RENT,EDUCATION,N,0
45,37100,5.7,4600,11.08,0.124,8,0.2963,0.0137,MORTGAGE,EDUCATION,N,0
34,41300,1.7,9400,13.49,0.2276,2,0.125,0.0307,MORTGAGE,DEBTCONSOLIDATION,N,0
41,42200,4.4,17100,14.78,0.4052,4,0.1739,0.0599,RENT,PERSONAL,N,1
50,21000,0.5,23400,19.06,1.1143,8,0.25,0.2124,RENT,PERSONAL,Y,1
35,53500,4.5,8100,12.8,0.1514,9,0.5294,0.0194,MORTGAGE,PERSONAL,N,0
44,22700,11.7,31000,21.95,1.3656,6,0.2308,0.2997,MORTGAGE,EDUCATION,N,0
42,81900,0.3,22600,15.15,0.2759,4,0.1667,0.0418,RENT,MEDICAL,N,1
50,143300,14.3,3400,8.57,0.0237,7,0.2188,0.002,MORTGAGE,MEDICAL,N,0
38,162200,13.1,12900,7.28,0.0795,9,0.45,0.0058,RENT,PERSONAL,N,0
54,71500,0.2,18500,10.62,0.2587,4,0.1111,0.0275,RENT,PERSONAL,N,0
39,61200,8.1,30500,13.93,0.4984,4,0.1905,0.0694,RENT,MEDICAL,N,1
46,54500,3.5,18200,12.19,0.3339,6,0.2143,0.0407,RENT,HOMEIMPROVEMENT,Y,0
45,78900,1.4,8700,11.17,0.1103,7,0.2593,0.0123,RENT,VENTURE,N,0
41,13700,2.6,10300,23.22,0.7518,7,0.3043,0.1746,RENT,VENTURE,Y,1
43,36400,0.4,7900,,0.217,7,0.28,0.0275,MORTGAGE,PERSONAL,N,0
34,26300,6.8,25000,18.55,0.9506,4,0.25,0.1763,MORTGAGE,EDUCATION,N,0
46,107500,0.7,20100,13.12,0.187,6,0.2143,0.0245,MORTGAGE,VENTURE,N,0
40,45000,2.3,5400,5.42,0.12,9,0.4091,0.0065,RENT,PERSONAL,N,0
38,55300,0.3,20900,12.37,0.3779,8,0.4,0.0467,MORTGAGE,EDUCATION,Y,0
31,77600,3.0,19100,13.94,0.2461,3,0.2308,0.0343,RENT,EDUCATION,N,0
48,76700,10.0,7400,6.64,0.0965,2,0.0667,0.0064,MORTGAGE,MEDICAL,N,0
35,32100,2.9,20100,16.81,0.6262,7,0.4118,0.1053,RENT,PERSONAL,Y,1
41,49300,2.2,14400,12.64,0.2921,2,0.087,0.0369,RENT,VENTURE,Y,0
38,35400,5.4,11800,10.77,0.3333,3,0.15,0.0359,RENT,HOMEIMPROVEMENT,N,0
57,78500,2.0,8400,,0.107,7,0.1795,0.0135,RENT,MEDICAL,N,0
45,134100,5.0,14000,11.2,0.1044,7,0.2593,0.0117,RENT,DEBTCONSOLIDATION,N,0
39,122500,1.5,15000,9.45,0.1224,6,0.2857,0.0116,MORTGAGE,DEBTCONSOLIDATION,N,0
48,61700,10.7,20300,15.71,0.329,8,0.2667,0.0517,MORTGAGE,EDUCATION,N,0
58,51000,4.8,8300,9.51,0.1627,2,0.05,0.0155,RENT,MEDICAL,N,0
33,110900,10.9,18000,11.78,0.1623,15,1.0,0.0191,RENT,MEDICAL,N,0
40,33500,9.6,25900,23.22,0.7731,2,0.0909,0.1795,MORTGAGE,VENTURE,Y,1
42,127500,1.1,21800,10.61,0.171,5,0.2083,0.0181,MORTGAGE,MEDICAL,N,0
36,149500,6.4,25900,10.25,0.1732,4,0.2222,0.0178,MORTGAGE,EDUCATION,N,0
33,51900,3.9,4600,8.69,0.0886,2,0.1333,0.0077,RENT,MEDICAL,N,0
49,69000,0.8,7900,10.65,0.1145,3,0.0968,0.0122,RENT,PERSONAL,N,0
48,92200,4.7,7200,11.04,0.0781,3,0.1,0.0086,MORTGAGE,VENTURE,N,0
44,23100,3.8,11600,,0.5022,2,0.0769,0.0636,RENT,MEDICAL,N,1
47,71900,9.9,23500,14.82,0.3268,3,0.1034,0.0484,RENT,PERSONAL,N,0
45,51900,3.9,8300,10.53,0.1599,3,0.1111,0.0168,MORTGAGE,EDUCATION,N,0
40,30400,0.9,16200,16.34,0.5329,6,0.2727,0.0871,RENT,PERSONAL,Y,1
66,64900,12.8,8500,11.06,0.131,8,0.1667,0.0145,RENT,MEDICAL,N,0
39,52400,1.3,6200,9.81,0.1183,2,0.0952,0.0116,MORTGAGE,HOMEIMPROVEMENT,N,0
42,77400,2.1,24800,13.69,0.3204,4,0.1667,0.0439,RENT,VENTURE,Y,1
42,128600,0.1,6800,9.27,0.0529,9,0.375,0.0049,MORTGAGE,EDUCATION,N,0
37,128300,1.1,26300,9.84,0.205,7,0.3684,0.0202,MORTGAGE,HOMEIMPROVEMENT,N,0
48,65700,11.5,8000,9.41,0.1218,4,0.1333,0.0115,MORTGAGE,EDUCATION,N,0
53,78600,2.0,13500,13.27,0.1718,2,0.0571,0.0228,MORTGAGE,VENTURE,Y,0
40,80600,4.6,5600,,0.0695,8,0.3636,0.0088,MORTGAGE,PERSONAL,N,0
37,61100,0.6,17500,,0.2864,4,0.2105,0.0363,MORTGAGE,EDUCATION,N,0
39,79100,11.9,17200,12.85,0.2174,9,0.4286,0.0279,OWN,EDUCATION,N,0
34,91800,0.9,10400,8.06,0.1133,8,0.5,0.0091,RENT,MEDICAL,N,0
30,61000,9.8,18700,9.97,0.3066,6,0.5,0.0306,RENT,EDUCATION,N,0
50,56200,0.5,9000,,0.1601,4,0.125,0.0203,RENT,PERSONAL,N,0
44,47400,4.1,14000,13.67,0.2954,11,0.4231,0.0404,OWN,EDUCATION,N,0
33,97000,2.2,20600,11.9,0.2124,6,0.4,0.0253,MORTGAGE,MEDICAL,N,0
40,31100,2.7,11400,16.86,0.3666,14,0.6364,0.0618,RENT,DEBTCONSOLIDATION,N,1
44,34800,1.9,20200,16.78,0.5805,9,0.3462,0.0974,RENT,VENTURE,N,0
43,19800,2.0,18100,18.42,0.9141,2,0.08,0.1684,RENT,MEDICAL,Y,1
52,45700,0.5,15800,14.24,0.3457,6,0.1765,0.0492,MORTGAGE,DEBTCONSOLIDATION,N,0
55,72900,6.6,26800,15.51,0.3676,7,0.1892,0.057,MORTGAGE,MEDICAL,N,0
57,43700,0.5,12500,11.83,0.286,9,0.2308,0.0338,MORTGAGE,EDUCATION,N,0
48,109600,1.7,4600,11.46,0.042,2,0.0667,0.0048,MORTGAGE,DEBTCONSOLIDATION,N,0
44,24800,2.9,11100,16.72,0.4476,5,0.1923,0.0748,OWN,VENTURE,N,0
30,80800,6.2,23800,14.32,0.2946,6,0.5,0.0422,MORTGAGE,HOMEIMPROVEMENT,N,0
36,26100,,7400,17.7,0.2835,6,0.3333,0.0502,RENT,VENTURE,N,0
47,56800,2.8,11500,10.8,0.2025,8,0.2759,0.0219,RENT,EDUCATION,N,0
42,69300,1.3,17800,10.9,0.2569,5,0.2083,0.028,MORTGAGE,VENTURE,N,0
49,23400,9.4,26200,18.5,1.1197,6,0.1935,0.2071,MORTGAGE,EDUCATION,Y,0
62,25000,,4300,10.07,0.172,5,0.1136,0.0173,MORTGAGE,HOMEIMPROVEMENT,N,0
44,58500,17.1,6400,12.16,0.1094,5,0.1923,0.0133,RENT,PERSONAL,N,0
62,88900,2.5,6500,9.67,0.0731,11,0.25,0.0071,MORTGAGE,PERSONAL,N,0
64,55500,0.4,18900,14.91,0.3405,4,0.087,0.0508,RENT,VENTURE,N,0
49,49100,0.9,9900,12.27,0.2016,4,0.129,0.0247,MORTGAGE,DEBTCONSOLIDATION,N,0
44,41100,13.8,10600,14.15,0.2579,2,0.0769,0.0365,RENT,EDUCATION,Y,0
45,82000,0.7,5500,,0.0671,2,0.0741,0.0085,RENT,PERSONAL,Y,0
30,27400,1.7,29700,15.74,1.0839,8,0.6667,0.1706,MORTGAGE,EDUCATION,N,1
45,20300,14.4,26000,20.77,1.2808,7,0.2593,0.266,RENT,VENTURE,N,1
53,35100,2.2,8500,12.39,0.2422,4,0.1143,0.03,RENT,MEDICAL,N,1
42,117900,13.2,10300,7.73,0.0874,5,0.2083,0.0068,RENT,EDUCATION,N,0
55,29200,5.6,14500,19.48,0.4966,19,0.5135,0.0967,RENT,PERSONAL,N,0
30,83100,,12400,10.93,0.1492,5,0.4167,0.0163,RENT,PERSONAL,N,0
48,72400,1.6,17300,11.18,0.239,5,0.1667,0.0267,RENT,MEDICAL,N,0
37,14500,2.9,14500,17.43,1.0,7,0.3684,0.1743,RENT,EDUCATION,Y,1
48,14900,4.2,19500,19.56,1.3087,10,0.3333,0.256,MORTGAGE,PERSONAL,Y,1
55,53900,0.0,18700,12.98,0.3469,2,0.0541,0.045,MORTGAGE,MEDICAL,N,1
52,35600,0.9,2400,12.36,0.0674,7,0.2059,0.0083,RENT,VENTURE,N,0
50,173500,,7400,10.96,0.0427,5,0.1562,0.0047,MORTGAGE,VENTURE,N,0
48,53400,4.8,16300,16.25,0.3052,6,0.2,0.0496,RENT,MEDICAL,N,0
48,25700,4.3,14500,16.83,0.5642,6,0.2,0.095,MORTGAGE,EDUCATION,Y,1
37,30900,6.5,16200,19.42,0.5243,3,0.1579,0.1018,MORTGAGE,MEDICAL,N,1
42,57100,6.4,8100,9.81,0.1419,5,0.2083,0.0139,RENT,EDUCATION,N,0
37,31300,0.9,16800,14.47,0.5367,11,0.5789,0.0777,MORTGAGE,EDUCATION,N,0
55,74100,4.4,24800,,0.3347,15,0.4054,0.0424,RENT,MEDICAL,Y,1
43,40400,2.2,10300,13.95,0.255,11,0.44,0.0356,RENT,VENTURE,N,0
39,35200,1.9,8200,11.0,0.233,3,0.1429,0.0256,MORTGAGE,EDUCATION,N,0
40,152500,9.1,8900,5.87,0.0584,6,0.2727,0.0034,RENT,EDUCATION,N,0
48,50500,5.1,24400,18.44,0.4832,4,0.1333,0.0891,RENT,PERSONAL,N,1
52,23600,4.7,7900,12.29,0.3347,5,0.1471,0.0411,MORTGAGE,EDUCATION,N,0
47,54600,1.1,12600,15.08,0.2308,4,0.1379,0.0348,RENT,DEBTCONSOLIDATION,Y,1
41,31800,0.9,7300,10.07,0.2296,5,0.2174,0.0231,RENT,EDUCATION,N,0
45,36800,3.1,14400,15.25,0.3913,2,0.0741,0.0597,MORTGAGE,PERSONAL,N,0
43,55500,5.1,8000,,0.1441,11,0.44,0.0182,MORTGAGE,MEDICAL,N,0
48,31100,0.5,30000,20.15,0.9646,3,0.1,0.1944,RENT,PERSONAL,N,0
47,89200,3.8,18000,11.45,0.2018,12,0.4138,0.0231,RENT,MEDICAL,Y,0
48,55700,3.3,3200,9.41,0.0575,12,0.4,0.0054,RENT,EDUCATION,N,0
48,98900,15.6,10800,8.58,0.1092,9,0.3,0.0094,RENT,EDUCATION,N,0
34,45600,9.5,8300,10.74,0.182,5,0.3125,0.0195,MORTGAGE,MEDICAL,N,0
34,57700,11.3,14400,17.58,0.2496,3,0.1875,0.0439,RENT,VENTURE,Y,0
40,26100,6.2,25000,18.72,0.9579,2,0.0909,0.1793,RENT,VENTURE,Y,1
36,61600,4.4,14200,13.05,0.2305,8,0.4444,0.0301,RENT,VENTURE,N,1
42,21400,1.0,8500,14.56,0.3972,3,0.125,0.0578,MORTGAGE,MEDICAL,N,1
47,23600,4.2,26200,16.83,1.1102,10,0.3448,0.1868,RENT,MEDICAL,Y,1
40,40000,1.9,8700,13.84,0.2175,6,0.2727,0.0301,RENT,HOMEIMPROVEMENT,N,0
39,48200,1.3,9500,9.79,0.1971,6,0.2857,0.0193,RENT,EDUCATION,N,0
40,28300,5.4,13700,12.73,0.4841,8,0.3636,0.0616,RENT,EDUCATION,N,0
28,41000,8.1,19000,13.92,0.4634,8,0.8,0.0645,RENT,VENTURE,N,0
38,90900,3.8,8400,,0.0924,14,0.7,0.0117,RENT,EDUCATION,N,0
33,15900,2.8,7100,17.93,0.4465,7,0.4667,0.0801,RENT,DEBTCONSOLIDATION,N,1
43,76300,7.8,12800,12.34,0.1678,6,0.24,0.0207,RENT,DEBTCONSOLIDATION,N,0
41,68200,3.3,27100,15.86,0.3974,3,0.1304,0.063,RENT,MEDICAL,Y,1
29,41000,2.6,14800,17.95,0.361,4,0.3636,0.0648,RENT,DEBTCONSOLIDATION,N,1
34,48100,4.1,3800,8.68,0.079,4,0.25,0.0069,RENT,VENTURE,N,0
48,21100,2.8,16900,18.59,0.8009,8,0.2667,0.1489,MORTGAGE,EDUCATION,Y,1
38,53800,13.3,9000,13.45,0.1673,9,0.45,0.0225,RENT,DEBTCONSOLIDATION,N,0
43,38700,2.4,6200,12.04,0.1602,2,0.08,0.0193,RENT,VENTURE,N,1
55,68300,0.5,11400,13.01,0.1669,11,0.2973,0.0217,OTHER,DEBTCONSOLIDATION,N,0
40,30900,0.1,17800,17.88,0.5761,6,0.2727,0.103,OWN,EDUCATION,N,1
56,82300,0.6,7800,12.79,0.0948,4,0.1053,0.0121,MORTGAGE,VENTURE,N,0
47,71400,0.3,7800,8.7,0.1092,3,0.1034,0.0095,MORTGAGE,VENTURE,N,0
34,38900,9.7,18300,19.03,0.4704,7,0.4375,0.0895,RENT,VENTURE,Y,0
45,110800,10.8,23500,12.47,0.2121,10,0.3704,0.0264,OTHER,PERSONAL,N,0
48,28700,9.4,11600,17.02,0.4042,3,0.1,0.0688,RENT,DEBTCONSOLIDATION,N,1
33,123000,1.4,17800,10.82,0.1447,6,0.4,0.0157,RENT,VENTURE,N,1
56,108400,0.0,11600,8.08,0.107,6,0.1579,0.0086,MORTGAGE,EDUCATION,N,0
46,42100,11.7,11900,14.67,0.2827,5,0.1786,0.0415,RENT,MEDICAL,N,0
40,32800,0.4,26900,20.91,0.8201,2,0.0909,0.1715,MORTGAGE,DEBTCONSOLIDATION,N,1
33,35300,9.0,12400,13.0,0.3513,2,0.1333,0.0457,MORTGAGE,MEDICAL,N,1
40,53900,4.8,22000,13.4,0.4082,4,0.1818,0.0547,MORTGAGE,MEDICAL,N,0
29,42700,3.3,6500,12.21,0.1522,2,0.1818,0.0186,MORTGAGE,VENTURE,Y,0
42,84200,2.8,11600,10.16,0.1378,2,0.0833,0.014,RENT,EDUCATION,N,0
27,22200,5.6,33100,17.99,1.491,9,1.0,0.2682,MORTGAGE,EDUCATION,Y,1
35,65100,3.1,8600,9.05,0.1321,7,0.4118,0.012,MORTGAGE,EDUCATION,N,1
48,23600,2.0,19500,19.15,0.8263,2,0.0667,0.1582,RENT,VENTURE,Y,1
39,85400,1.4,16100,14.42,0.1885,14,0.6667,0.0272,RENT,VENTURE,N,0
47,35100,9.5,21700,18.39,0.6182,6,0.2069,0.1137,RENT,PERSONAL,N,1
38,38400,6.6,11100,10.72,0.2891,14,0.7,0.031,MORTGAGE,PERSONAL,N,0
30,17700,12.0,9600,18.26,0.5424,7,0.5833,0.099,OWN,MEDICAL,N,1
48,33300,0.2,14700,,0.4414,6,0.2,0.0559,MORTGAGE,HOMEIMPROVEMENT,N,0
48,34300,0.4,2300,8.8,0.0671,2,0.0667,0.0059,MORTGAGE,EDUCATION,N,0
57,41000,8.1,5600,9.06,0.1366,12,0.3077,0.0124,MORTGAGE,MEDICAL,N,0
39,130500,3.7,15700,12.34,0.1203,2,0.0952,0.0148,MORTGAGE,VENTURE,N,0
39,50000,11.9,29200,19.17,0.584,6,0.2857,0.112,RENT,DEBTCONSOLIDATION,Y,1
56,54400,0.8,8400,8.32,0.1544,8,0.2105,0.0128,RENT,EDUCATION,N,0
66,87700,0.4,23600,,0.2691,5,0.1042,0.0341,RENT,PERSONAL,N,0
43,44600,2.5,4800,8.4,0.1076,7,0.28,0.009,MORTGAGE,MEDICAL,N,0
43,84300,,14300,11.04,0.1696,4,0.16,0.0187,RENT,MEDICAL,N,0
49,23800,6.5,17700,20.2,0.7437,7,0.2258,0.1502,RENT,EDUCATION,Y,1
40,12000,9.6,5200,17.92,0.4333,2,0.0909,0.0776,RENT,VENTURE,N,1
53,59300,6.8,11800,10.58,0.199,4,0.1143,0.0211,RENT,EDUCATION,N,1
44,40800,1.5,8600,11.1,0.2108,6,0.2308,0.0234,RENT,PERSONAL,N,0
42,26600,,25900,18.9,0.9737,6,0.25,0.184,RENT,PERSONAL,Y,1
32,103600,0.4,12800,10.72,0.1236,5,0.3571,0.0132,RENT,EDUCATION,N,0
55,49300,1.6,14200,12.84,0.288,10,0.2703,0.037,RENT,MEDICAL,N,0
44,39900,3.9,21200,17.42,0.5313,11,0.4231,0.0926,OWN,EDUCATION,N,1
39,27200,1.8,16200,18.69,0.5956,13,0.619,0.1113,RENT,PERSONAL,Y,1
44,78800,0.7,18100,13.6,0.2297,3,0.1154,0.0312,RENT,DEBTCONSOLIDATION,N,0
59,140700,9.7,11800,12.99,0.0839,16,0.3902,0.0109,RENT,VENTURE,N,0
38,43700,8.2,24200,16.65,0.5538,5,0.25,0.0922,OWN,MEDICAL,N,0
35,50000,1.3,9800,11.75,0.196,9,0.5294,0.023,OWN,HOMEIMPROVEMENT,Y,0
27,34900,5.6,13500,16.97,0.3868,9,1.0,0.0656,MORTGAGE,MEDICAL,Y,1
50,38800,1.3,23300,20.41,0.6005,7,0.2188,0.1226,RENT,MEDICAL,N,1
45,27700,0.2,25900,16.92,0.935,10,0.3704,0.1582,MORTGAGE,VENTURE,N,1
36,106700,0.7,9500,11.61,0.089,5,0.2778,0.0103,RENT,MEDICAL,N,0
43,90700,5.6,24200,8.24,0.2668,5,0.2,0.022,OWN,EDUCATION,N,0
41,46600,2.9,14300,17.33,0.3069,3,0.1304,0.0532,MORTGAGE,EDUCATION,N,0
39,74400,3.3,30400,16.49,0.4086,4,0.1905,0.0674,MORTGAGE,DEBTCONSOLIDATION,N,0
43,46600,15.1,25800,19.37,0.5536,6,0.24,0.1072,MORTGAGE,VENTURE,Y,1
55,55200,2.3,18900,12.53,0.3424,2,0.0541,0.0429,RENT,HOMEIMPROVEMENT,N,0
42,33400,1.2,8600,9.91,0.2575,2,0.0833,0.0255,MORTGAGE,EDUCATION,N,0
61,131800,2.3,13500,11.64,0.1024,4,0.093,0.0119,RENT,DEBTCONSOLIDATION,N,0
56,165500,2.4,14800,6.97,0.0894,14,0.3684,0.0062,RENT,VENTURE,N,0
46,56600,3.4,10400,11.18,0.1837,5,0.1786,0.0205,RENT,DEBTCONSOLIDATION,N,0
49,48500,1.1,8200,11.42,0.1691,5,0.1613,0.0193,MORTGAGE,VENTURE,N,0
42,28700,1.5,3800,12.65,0.1324,5,0.2083,0.0167,MORTGAGE,DEBTCONSOLIDATION,N,0
60,39900,4.2,21900,15.27,0.5489,6,0.1429,0.0838,MORTGAGE,HOMEIMPROVEMENT,Y,1
36,70600,12.6,10800,10.18,0.153,4,0.2222,0.0156,RENT,PERSONAL,N,0
39,66000,3.4,23300,10.26,0.353,9,0.4286,0.0362,RENT,PERSONAL,N,0
27,58300,4.0,9000,10.64,0.1544,5,0.5556,0.0164,OWN,PERSONAL,N,0
50,40100,6.5,19800,17.15,0.4938,3,0.0938,0.0847,RENT,EDUCATION,Y,1
46,37700,7.4,23200,18.26,0.6154,7,0.25,0.1124,OWN,EDUCATION,N,1
38,60400,1.8,10100,9.42,0.1672,8,0.4,0.0158,RENT,EDUCATION,N,0
51,18800,2.0,17600,22.81,0.9362,4,0.1212,0.2135,RENT,EDUCATION,N,1
52,36500,4.1,19800,17.3,0.5425,4,0.1176,0.0939,RENT,MEDICAL,N,0
43,36800,0.1,17100,17.89,0.4647,6,0.24,0.0831,RENT,MEDICAL,N,0
39,168900,1.6,27400,8.8,0.1622,8,0.381,0.0143,RENT,MEDICAL,Y,0
41,26900,0.3,5800,8.72,0.2156,12,0.5217,0.0188,RENT,VENTURE,N,0
33,37800,2.1,9800,9.47,0.2593,11,0.7333,0.0246,MORTGAGE,EDUCATION,N,1
36,44100,1.2,32700,18.85,0.7415,18,1.0,0.1398,RENT,EDUCATION,Y,1
35,98800,5.0,8200,,0.083,3,0.1765,0.0105,RENT,HOMEIMPROVEMENT,Y,0
37,83200,1.0,22900,16.04,0.2752,8,0.4211,0.0441,MORTGAGE,DEBTCONSOLIDATION,N,0
38,54300,3.6,24700,13.79,0.4549,7,0.35,0.0627,RENT,EDUCATION,N,0
45,43700,6.6,27100,18.93,0.6201,7,0.2593,0.1174,MORTGAGE,VENTURE,N,1
38,82200,0.3,10000,9.3,0.1217,6,0.3,0.0113,MORTGAGE,HOMEIMPROVEMENT,N,0
43,75400,9.7,18200,14.22,0.2414,4,0.16,0.0343,MORTGAGE,EDUCATION,N,0
42,101200,0.9,27900,13.09,0.2757,5,0.2083,0.0361,RENT,EDUCATION,Y,1
36,88000,8.5,20300,11.34,0.2307,4,0.2222,0.0262,MORTGAGE,HOMEIMPROVEMENT,N,0
43,47100,2.8,22700,15.15,0.482,12,0.48,0.073,MORTGAGE,HOMEIMPROVEMENT,N,1
45,103300,1.6,15100,11.29,0.1462,2,0.0741,0.0165,RENT,EDUCATION,N,0
34,36700,5.8,22700,17.49,0.6185,6,0.375,0.1082,MORTGAGE,HOMEIMPROVEMENT,Y,1
55,91900,3.4,2700,9.16,0.0294,3,0.0811,0.0027,OWN,VENTURE,N,0
49,103500,11.0,13700,9.35,0.1324,15,0.4839,0.0124,RENT,EDUCATION,N,0
70,40500,1.9,32500,19.33,0.8025,3,0.0577,0.1551,MORTGAGE,PERSONAL,Y,1
42,56800,1.6,7500,10.08,0.132,8,0.3333,0.0133,OWN,VENTURE,N,0
38,39800,0.2,23100,15.92,0.5804,3,0.15,0.0924,MORTGAGE,EDUCATION,N,0
50,66500,0.8,5200,8.9,0.0782,3,0.0938,0.007,RENT,EDUCATION,N,0
38,33900,2.1,23700,21.17,0.6991,5,0.25,0.148,MORTGAGE,EDUCATION,Y,1
29,85100,11.0,10800,,0.1269,7,0.6364,0.0161,MORTGAGE,MEDICAL,N,0
43,55500,1.9,28800,12.7,0.5189,6,0.24,0.0659,OWN,VENTURE,N,0
37,109700,6.3,14100,5.93,0.1285,2,0.1053,0.0076,RENT,VENTURE,N,0
43,73300,3.2,15500,14.39,0.2115,4,0.16,0.0304,RENT,DEBTCONSOLIDATION,N,0
50,79500,1.9,11200,10.33,0.1409,7,0.2188,0.0146,OWN,HOMEIMPROVEMENT,N,0
40,102900,5.2,8700,11.63,0.0845,6,0.2727,0.0098,MORTGAGE,EDUCATION,N,0
58,21800,5.8,10800,15.47,0.4954,3,0.075,0.0766,RENT,PERSONAL,Y,1
35,71000,1.1,9000,13.74,0.1268,4,0.2353,0.0174,MORTGAGE,DEBTCONSOLIDATION,N,0
50,28700,4.1,8400,13.91,0.2927,9,0.2812,0.0407,RENT,EDUCATION,N,0
33,19500,15.0,10000,16.99,0.5128,3,0.2,0.0871,RENT,DEBTCONSOLIDATION,N,1
33,55000,0.9,23100,17.72,0.42,3,0.2,0.0744,MORTGAGE,PERSONAL,Y,0
48,70500,,6100,8.22,0.0865,4,0.1333,0.0071,MORTGAGE,PERSONAL,N,0
44,97300,11.6,18000,,0.185,3,0.1154,0.0234,RENT,MEDICAL,N,0
47,19600,3.8,15600,19.04,0.7959,9,0.3103,0.1515,MORTGAGE,EDUCATION,Y,1
60,24800,7.4,17100,16.57,0.6895,7,0.1667,0.1143,RENT,MEDICAL,N,1
50,64900,6.2,26400,,0.4068,4,0.125,0.0515,MORTGAGE,PERSONAL,N,0
36,59300,10.4,21800,11.89,0.3676,18,1.0,0.0437,OWN,PERSONAL,N,0
38,107100,4.4,17600,11.01,0.1643,4,0.2,0.0181,RENT,EDUCATION,Y,0
37,63000,1.1,11300,12.24,0.1794,13,0.6842,0.022,MORTGAGE,DEBTCONSOLIDATION,N,0
35,64100,0.7,19600,13.28,0.3058,6,0.3529,0.0406,MORTGAGE,PERSONAL,N,0
33,20400,1.8,13500,20.37,0.6618,3,0.2,0.1348,RENT,PERSONAL,N,1
70,82300,0.9,22700,9.95,0.2758,3,0.0577,0.0274,OTHER,HOMEIMPROVEMENT,N,0
52,21400,6.7,7500,,0.3505,6,0.1765,0.0444,OWN,PERSONAL,N,0
31,120300,,26900,12.8,0.2236,9,0.6923,0.0286,OWN,HOMEIMPROVEMENT,N,0
46,97100,13.2,15700,12.72,0.1617,6,0.2143,0.0206,RENT,VENTURE,N,0
47,86700,0.0,7800,8.33,0.09,4,0.1379,0.0075,RENT,EDUCATION,N,0
43,22700,1.3,8000,,0.3524,2,0.08,0.0446,MORTGAGE,EDUCATION,N,0
54,47000,0.3,8300,10.18,0.1766,5,0.1389,0.018,RENT,EDUCATION,N,0
43,121000,2.7,12500,8.47,0.1033,5,0.2,0.0087,RENT,PERSONAL,N,0
47,71900,13.2,23400,13.87,0.3255,8,0.2759,0.0451,MORTGAGE,HOMEIMPROVEMENT,N,0
51,111800,3.9,5700,11.54,0.051,3,0.0909,0.0059,RENT,MEDICAL,N,0
46,79700,9.3,18700,12.76,0.2346,7,0.25,0.0299,RENT,MEDICAL,N,0
39,59600,5.6,8800,13.25,0.1477,2,0.0952,0.0196,MORTGAGE,EDUCATION,N,0
40,35800,2.4,8400,11.07,0.2346,5,0.2273,0.026,RENT,PERSONAL,N,0
30,127900,5.7,10400,5.42,0.0813,10,0.8333,0.0044,MORTGAGE,EDUCATION,N,0
44,85800,0.1,7900,13.82,0.0921,9,0.3462,0.0127,RENT,EDUCATION,Y,0
47,60000,0.0,16700,13.39,0.2783,13,0.4483,0.0373,RENT,EDUCATION,Y,1
36,32200,0.1,3900,12.51,0.1211,17,0.9444,0.0151,RENT,DEBTCONSOLIDATION,N,0
24,19200,6.0,21900,22.41,1.1406,4,0.6667,0.2556,RENT,VENTURE,Y,1
48,45600,5.9,24600,15.9,0.5395,9,0.3,0.0858,RENT,EDUCATION,N,1
51,16900,11.4,21000,,1.2426,13,0.3939,0.1573,MORTGAGE,EDUCATION,N,1
58,33300,3.5,7600,14.83,0.2282,3,0.075,0.0338,OTHER,DEBTCONSOLIDATION,N,0
37,47600,12.9,7400,13.19,0.1555,6,0.3158,0.0205,MORTGAGE,HOMEIMPROVEMENT,N,0
33,33000,1.5,7500,,0.2273,11,0.7333,0.0288,MORTGAGE,MEDICAL,N,0
36,66800,2.4,14200,14.94,0.2126,2,0.1111,0.0318,RENT,EDUCATION,N,0
45,55800,2.8,20500,14.45,0.3674,5,0.1852,0.0531,RENT,EDUCATION,N,0
42,51800,5.6,17400,13.97,0.3359,11,0.4583,0.0469,MORTGAGE,PERSONAL,N,1
45,42600,5.5,20000,15.14,0.4695,10,0.3704,0.0711,RENT,VENTURE,N,1
52,35400,5.5,5600,9.6,0.1582,5,0.1471,0.0152,OWN,EDUCATION,N,0
46,67600,13.7,8300,10.05,0.1228,7,0.25,0.0123,MORTGAGE,EDUCATION,N,0
44,70300,2.9,10000,11.46,0.1422,5,0.1923,0.0163,RENT,EDUCATION,N,0
49,47600,5.9,4500,10.18,0.0945,3,0.0968,0.0096,RENT,VENTURE,N,0
55,64400,3.8,10000,10.76,0.1553,3,0.0811,0.0167,MORTGAGE,PERSONAL,N,0
40,83300,1.6,24700,12.06,0.2965,4,0.1818,0.0358,RENT,EDUCATION,N,0
64,160800,,12500,12.51,0.0777,8,0.1739,0.0097,RENT,DEBTCONSOLIDATION,N,0
42,21200,3.3,30600,,1.4434,5,0.2083,0.1827,RENT,HOMEIMPROVEMENT,N,1
38,111600,3.3,7600,7.84,0.0681,3,0.15,0.0053,RENT,EDUCATION,N,0
43,37300,0.3,12200,14.33,0.3271,9,0.36,0.0469,RENT,VENTURE,Y,0
40,45400,2.0,10100,12.56,0.2225,10,0.4545,0.0279,RENT,PERSONAL,N,1
49,63600,5.7,7200,13.56,0.1132,3,0.0968,0.0153,MORTGAGE,DEBTCONSOLIDATION,N,0
43,109400,9.9,16400,8.78,0.1499,17,0.68,0.0132,RENT,MEDICAL,N,0
38,79100,7.6,11000,8.34,0.1391,7,0.35,0.0116,RENT,PERSONAL,N,0
45,55200,1.2,28900,15.62,0.5236,9,0.3333,0.0818,RENT,MEDICAL,Y,1
51,68500,3.7,19800,9.42,0.2891,4,0.1212,0.0272,RENT,EDUCATION,N,0
30,49100,8.0,3200,9.69,0.0652,10,0.8333,0.0063,RENT,EDUCATION,N,0
52,51700,7.8,28100,17.43,0.5435,2,0.0588,0.0947,MORTGAGE,EDUCATION,Y,0
38,50100,2.0,6800,,0.1357,6,0.3,0.0172,RENT,PERSONAL,Y,0
49,189900,3.2,10100,9.85,0.0532,2,0.0645,0.0052,RENT,VENTURE,N,0
49,21800,2.5,7500,14.39,0.344,7,0.2258,0.0495,RENT,VENTURE,N,0
48,28000,4.0,24300,20.83,0.8679,3,0.1,0.1808,MORTGAGE,MEDICAL,Y,1
39,36900,4.3,21700,17.56,0.5881,5,0.2381,0.1033,RENT,EDUCATION,Y,0
38,181400,4.1,23100,10.68,0.1273,2,0.1,0.0136,MORTGAGE,DEBTCONSOLIDATION,N,0
41,83500,4.4,15900,5.64,0.1904,5,0.2174,0.0107,OWN,EDUCATION,Y,0
45,95500,3.3,2400,11.04,0.0251,7,0.2593,0.0028,RENT,VENTURE,N,0
52,60900,3.6,20400,12.7,0.335,5,0.1471,0.0425,RENT,EDUCATION,Y,0
41,47900,3.7,31200,20.62,0.6514,5,0.2174,0.1343,MORTGAGE,MEDICAL,Y,1
44,84600,5.4,30700,16.04,0.3629,9,0.3462,0.0582,RENT,PERSONAL,Y,1
38,22100,10.7,17500,19.97,0.7919,4,0.2,0.1581,MORTGAGE,VENTURE,N,1
38,31400,1.4,22200,18.24,0.707,3,0.15,0.129,MORTGAGE,HOMEIMPROVEMENT,Y,1
52,69300,0.9,8100,12.09,0.1169,5,0.1471,0.0141,RENT,VENTURE,N,0
63,60900,1.6,27200,16.73,0.4466,4,0.0889,0.0747,MORTGAGE,MEDICAL,Y,1
32,120900,6.1,5900,10.51,0.0488,4,0.2857,0.0051,MORTGAGE,EDUCATION,N,0
31,37800,3.9,26100,20.29,0.6905,7,0.5385,0.1401,OWN,DEBTCONSOLIDATION,N,1
39,43700,0.7,26000,,0.595,9,0.4286,0.0753,MORTGAGE,HOMEIMPROVEMENT,N,1
40,67200,5.5,18000,12.67,0.2679,11,0.5,0.0339,MORTGAGE,VENTURE,N,0
46,61100,5.3,19800,12.72,0.3241,3,0.1071,0.0412,RENT,EDUCATION,Y,0
41,62400,4.1,8800,12.99,0.141,10,0.4348,0.0183,RENT,EDUCATION,N,0
47,30100,10.2,8200,17.28,0.2724,5,0.1724,0.0471,MORTGAGE,EDUCATION,N,0
37,60000,6.7,32500,14.39,0.5417,19,1.0,0.078,RENT,HOMEIMPROVEMENT,N,0
44,38000,6.2,15000,14.44,0.3947,9,0.3462,0.057,MORTGAGE,DEBTCONSOLIDATION,N,0
41,48400,1.3,16800,13.18,0.3471,5,0.2174,0.0457,RENT,EDUCATION,N,0
36,65100,0.4,11700,11.89,0.1797,7,0.3889,0.0214,MORTGAGE,MEDICAL,N,0
38,58800,5.7,9200,11.76,0.1565,2,0.1,0.0184,OWN,EDUCATION,N,0
61,50800,3.9,11700,11.93,0.2303,8,0.186,0.0275,RENT,VENTURE,N,0
46,69100,9.4,30500,16.23,0.4414,10,0.3571,0.0716,RENT,MEDICAL,Y,1
44,61000,6.3,33000,17.92,0.541,21,0.8077,0.0969,RENT,VENTURE,Y,1
44,91500,2.7,15000,8.33,0.1639,8,0.3077,0.0137,RENT,VENTURE,N,0
45,32300,0.7,11900,15.26,0.3684,6,0.2222,0.0562,RENT,MEDICAL,N,0
69,32200,4.9,9200,11.28,0.2857,2,0.0392,0.0322,MORTGAGE,MEDICAL,N,0
53,27800,8.5,16800,16.25,0.6043,7,0.2,0.0982,MORTGAGE,VENTURE,Y,1
38,43500,3.5,13800,13.36,0.3172,4,0.2,0.0424,RENT,EDUCATION,N,0
41,67700,1.8,16000,9.13,0.2363,4,0.1739,0.0216,RENT,EDUCATION,N,0
40,106300,1.4,14200,9.43,0.1336,2,0.0909,0.0126,RENT,VENTURE,N,0
49,125900,2.3,26200,13.2,0.2081,2,0.0645,0.0275,MORTGAGE,MEDICAL,N,0
39,33400,10.1,15900,16.66,0.476,5,0.2381,0.0793,RENT,PERSONAL,Y,1
33,61700,1.3,21500,13.11,0.3485,7,0.4667,0.0457,MORTGAGE,PERSONAL,N,0
44,59500,1.4,26700,16.94,0.4487,6,0.2308,0.076,RENT,EDUCATION,N,0
46,250000,0.3,26100,11.08,0.1044,3,0.1071,0.0116,MORTGAGE,EDUCATION,N,0
49,58300,9.8,8400,9.36,0.1441,5,0.1613,0.0135,MORTGAGE,MEDICAL,N,0
32,59100,,18000,14.4,0.3046,6,0.4286,0.0439,RENT,HOMEIMPROVEMENT,N,1
48,90200,7.1,30000,9.67,0.3326,2,0.0667,0.0322,RENT,EDUCATION,N,0
50,154000,12.8,7900,8.72,0.0513,2,0.0625,0.0045,RENT,MEDICAL,N,0
31,92800,13.0,11300,8.7,0.1218,8,0.6154,0.0106,RENT,EDUCATION,N,0
45,108500,0.4,33300,14.13,0.3069,7,0.2593,0.0434,RENT,VENTURE,N,0
57,31900,2.4,15900,17.76,0.4984,10,0.2564,0.0885,RENT,PERSONAL,Y,1
38,60900,2.2,10400,9.75,0.1708,10,0.5,0.0167,MORTGAGE,MEDICAL,N,0
48,45400,23.0,16800,13.35,0.37,9,0.3,0.0494,MORTGAGE,VENTURE,N,0
38,26600,1.9,15900,20.08,0.5977,9,0.45,0.12,MORTGAGE,PERSONAL,Y,1
40,157800,7.1,26200,11.84,0.166,9,0.4091,0.0197,MORTGAGE,VENTURE,N,0
37,64200,,23700,17.2,0.3692,15,0.7895,0.0635,MORTGAGE,EDUCATION,N,0
60,46500,1.5,27200,15.63,0.5849,2,0.0476,0.0914,RENT,EDUCATION,Y,1
47,77000,2.9,6800,6.09,0.0883,2,0.069,0.0054,RENT,PERSONAL,N,0
42,19700,13.8,31300,19.16,1.5888,2,0.0833,0.3044,RENT,MEDICAL,Y,1
36,144000,5.8,15000,10.2,0.1042,4,0.2222,0.0106,RENT,PERSONAL,N,0
50,131100,11.5,5900,8.05,0.045,6,0.1875,0.0036,MORTGAGE,MEDICAL,N,0
47,43600,10.1,5000,10.89,0.1147,12,0.4138,0.0125,RENT,VENTURE,N,1
70,28700,3.8,15300,17.29,0.5331,8,0.1538,0.0922,MORTGAGE,PERSONAL,Y,1
35,20200,0.1,4700,,0.2327,8,0.4706,0.0295,OWN,PERSONAL,N,0
34,36100,1.2,15500,11.74,0.4294,3,0.1875,0.0504,MORTGAGE,EDUCATION,Y,1
37,72400,1.4,18000,15.19,0.2486,5,0.2632,0.0378,RENT,DEBTCONSOLIDATION,N,0
41,62700,8.0,7600,7.42,0.1212,12,0.5217,0.009,RENT,MEDICAL,N,0
51,54100,8.4,12800,12.71,0.2366,14,0.4242,0.0301,OWN,MEDICAL,N,0
37,102000,0.9,5600,7.34,0.0549,9,0.4737,0.004,MORTGAGE,DEBTCONSOLIDATION,N,0
50,68600,5.8,22200,12.69,0.3236,8,0.25,0.0411,MORTGAGE,EDUCATION,N,0
63,48400,2.0,22000,12.42,0.4545,3,0.0667,0.0564,MORTGAGE,EDUCATION,N,0
45,16800,0.8,5400,20.66,0.3214,4,0.1481,0.0664,MORTGAGE,DEBTCONSOLIDATION,N,1
38,57700,13.3,12000,8.86,0.208,11,0.55,0.0184,MORTGAGE,PERSONAL,N,0
37,27200,11.2,21100,17.37,0.7757,13,0.6842,0.1347,MORTGAGE,EDUCATION,N,1
53,31800,3.8,18900,18.17,0.5943,8,0.2286,0.108,RENT,EDUCATION,Y,0
41,81400,5.3,15300,10.43,0.188,15,0.6522,0.0196,OWN,HOMEIMPROVEMENT,N,0
38,50600,2.3,20900,15.97,0.413,4,0.2,0.066,MORTGAGE,DEBTCONSOLIDATION,N,0
65,24500,3.1,5800,13.09,0.2367,6,0.1277,0.031,MORTGAGE,MEDICAL,N,1
51,38900,4.6,16900,14.4,0.4344,10,0.303,0.0626,RENT,EDUCATION,N,0
37,128400,4.7,9400,9.94,0.0732,6,0.3158,0.0073,MORTGAGE,MEDICAL,N,0
40,27300,0.7,20100,17.1,0.7363,11,0.5,0.1259,RENT,EDUCATION,Y,1
37,86500,4.0,27700,17.5,0.3202,3,0.1579,0.056,RENT,MEDICAL,N,0
32,43900,4.4,8900,11.42,0.2027,10,0.7143,0.0231,RENT,DEBTCONSOLIDATION,N,1
63,82100,8.7,12400,10.29,0.151,6,0.1333,0.0155,RENT,PERSONAL,N,0
49,66700,2.0,13400,11.51,0.2009,14,0.4516,0.0231,MORTGAGE,DEBTCONSOLIDATION,N,0
57,45900,0.2,6200,9.47,0.1351,5,0.1282,0.0128,RENT,MEDICAL,N,0
36,69000,,25300,13.19,0.3667,5,0.2778,0.0484,RENT,HOMEIMPROVEMENT,N,0
31,83500,2.7,7900,6.85,0.0946,6,0.4615,0.0065,MORTGAGE,EDUCATION,N,0
70,42600,3.7,12800,,0.3005,5,0.0962,0.038,RENT,HOMEIMPROVEMENT,N,1
58,94300,15.1,24500,10.51,0.2598,21,0.525,0.0273,RENT,MEDICAL,N,0
46,78200,3.3,13900,10.31,0.1777,7,0.25,0.0183,RENT,EDUCATION,N,0
50,48300,1.9,18800,15.04,0.3892,6,0.1875,0.0585,RENT,VENTURE,Y,0
70,85000,4.7,5200,8.17,0.0612,12,0.2308,0.005,RENT,EDUCATION,N,1
56,61600,1.4,17200,12.41,0.2792,13,0.3421,0.0346,RENT,PERSONAL,N,0
58,77900,4.6,15100,9.48,0.1938,4,0.1,0.0184,RENT,EDUCATION,N,0
29,70800,7.3,28600,10.58,0.404,11,1.0,0.0427,RENT,EDUCATION,N,0
45,43300,2.0,13400,14.08,0.3095,2,0.0741,0.0436,MORTGAGE,PERSONAL,N,1
31,48700,7.9,17800,17.4,0.3655,13,1.0,0.0636,MORTGAGE,DEBTCONSOLIDATION,N,1
57,18800,7.7,5600,11.85,0.2979,5,0.1282,0.0353,RENT,VENTURE,N,0
70,52800,9.0,8600,12.94,0.1629,14,0.2692,0.0211,RENT,EDUCATION,N,0
45,76600,3.2,14800,12.99,0.1932,6,0.2222,0.0251,RENT,DEBTCONSOLIDATION,N,0
52,63800,3.7,12500,12.04,0.1959,10,0.2941,0.0236,MORTGAGE,VENTURE,N,0
46,51800,1.2,21200,16.42,0.4093,2,0.0714,0.0672,OWN,MEDICAL,N,0
48,66800,0.5,19400,12.84,0.2904,6,0.2,0.0373,RENT,PERSONAL,N,0
33,84800,2.5,15500,,0.1828,9,0.6,0.0231,MORTGAGE,PERSONAL,N,0
48,25700,1.1,5900,11.97,0.2296,5,0.1667,0.0275,RENT,EDUCATION,N,0
52,33500,6.2,23100,17.75,0.6896,9,0.2647,0.1224,RENT,HOMEIMPROVEMENT,Y,1
35,27400,,7000,13.22,0.2555,5,0.2941,0.0338,MORTGAGE,PERSONAL,Y,0
57,43000,1.3,5600,8.4,0.1302,5,0.1282,0.0109,MORTGAGE,DEBTCONSOLIDATION,N,0
43,47800,17.9,13100,13.44,0.2741,8,0.32,0.0368,MORTGAGE,EDUCATION,N,0
51,31800,0.3,16900,15.56,0.5314,11,0.3333,0.0827,MORTGAGE,PERSONAL,Y,1
66,72700,1.0,2500,12.29,0.0344,3,0.0625,0.0042,MORTGAGE,MEDICAL,N,0
29,37600,3.4,25200,17.61,0.6702,11,1.0,0.118,MORTGAGE,PERSONAL,Y,1
67,36100,3.5,9900,,0.2742,3,0.0612,0.0347,MORTGAGE,PERSONAL,N,0
42,68500,2.1,11100,13.69,0.162,4,0.1667,0.0222,RENT,EDUCATION,N,0
51,72200,11.9,18600,8.2,0.2576,2,0.0606,0.0211,RENT,MEDICAL,N,0
70,15300,0.9,11900,19.26,0.7778,6,0.1154,0.1498,MORTGAGE,VENTURE,Y,1
52,167700,2.5,12300,9.62,0.0733,2,0.0588,0.0071,MORTGAGE,VENTURE,N,0
31,47400,12.2,16600,14.93,0.3502,9,0.6923,0.0523,RENT,MEDICAL,N,0
30,54900,6.4,22000,13.69,0.4007,9,0.75,0.0549,MORTGAGE,EDUCATION,N,0
28,44300,10.0,11600,8.11,0.2619,7,0.7,0.0212,RENT,PERSONAL,N,0
37,41400,2.8,14900,14.18,0.3599,6,0.3158,0.051,RENT,HOMEIMPROVEMENT,N,0
50,43100,0.2,24100,15.97,0.5592,3,0.0938,0.0893,MORTGAGE,PERSONAL,N,0
53,69700,3.3,17700,13.47,0.2539,7,0.2,0.0342,RENT,PERSONAL,N,0
39,39500,0.4,12300,13.1,0.3114,3,0.1429,0.0408,MORTGAGE,DEBTCONSOLIDATION,N,0
63,87700,2.4,9100,10.07,0.1038,6,0.1333,0.0105,RENT,VENTURE,N,0
48,85500,2.3,18300,13.82,0.214,6,0.2,0.0296,RENT,MEDICAL,N,0
53,56900,3.4,16400,10.2,0.2882,9,0.2571,0.0294,OWN,EDUCATION,N,0
39,12000,0.7,13700,20.39,1.1417,8,0.381,0.2328,RENT,PERSONAL,Y,1
43,37900,3.3,20600,18.41,0.5435,6,0.24,0.1001,MORTGAGE,MEDICAL,Y,1
35,76700,8.3,16900,13.38,0.2203,9,0.5294,0.0295,MORTGAGE,EDUCATION,N,0
39,54900,0.5,13000,11.45,0.2368,19,0.9048,0.0271,RENT,PERSONAL,N,0
50,73300,,8800,5.42,0.1201,12,0.375,0.0065,RENT,EDUCATION,N,0
29,65000,1.5,15200,11.66,0.2338,5,0.4545,0.0273,MORTGAGE,EDUCATION,N,0
45,70200,4.5,25400,16.27,0.3618,16,0.5926,0.0589,MORTGAGE,DEBTCONSOLIDATION,N,0
40,59500,11.5,12900,6.06,0.2168,6,0.2727,0.0131,RENT,HOMEIMPROVEMENT,N,0
29,73100,6.2,7400,8.3,0.1012,7,0.6364,0.0084,RENT,EDUCATION,N,0
45,16400,9.8,8200,16.87,0.5,4,0.1481,0.0844,RENT,PERSONAL,N,0
39,59900,4.7,26500,,0.4424,3,0.1429,0.056,RENT,MEDICAL,Y,1
48,42200,2.3,23400,16.44,0.5545,5,0.1667,0.0912,MORTGAGE,EDUCATION,Y,1
48,85700,22.5,8900,8.27,0.1039,4,0.1333,0.0086,OTHER,HOMEIMPROVEMENT,N,0
59,94800,7.7,27700,10.84,0.2922,4,0.0976,0.0317,MORTGAGE,EDUCATION,Y,1
67,85200,1.3,22400,11.63,0.2629,5,0.102,0.0306,MORTGAGE,EDUCATION,N,0
49,157100,1.9,22000,11.46,0.14,8,0.2581,0.016,OTHER,HOMEIMPROVEMENT,N,0
55,39000,1.7,24700,20.27,0.6333,7,0.1892,0.1284,RENT,HOMEIMPROVEMENT,Y,1
39,32600,7.7,21900,18.9,0.6718,4,0.1905,0.127,MORTGAGE,EDUCATION,Y,1
48,54600,14.3,24100,13.59,0.4414,5,0.1667,0.06,MORTGAGE,EDUCATION,N,0
31,40600,2.1,18700,13.12,0.4606,3,0.2308,0.0604,RENT,HOMEIMPROVEMENT,N,1
38,90400,0.5,22100,16.1,0.2445,8,0.4,0.0394,MORTGAGE,VENTURE,N,1
35,54200,0.9,7500,11.06,0.1384,10,0.5882,0.0153,MORTGAGE,PERSONAL,N,0
32,172700,0.3,13500,7.72,0.0782,7,0.5,0.006,RENT,HOMEIMPROVEMENT,N,0
37,33400,1.9,3400,11.79,0.1018,10,0.5263,0.012,MORTGAGE,EDUCATION,N,0
42,35200,8.0,21500,20.12,0.6108,19,0.7917,0.1229,MORTGAGE,VENTURE,Y,1
51,46700,0.6,23000,16.56,0.4925,2,0.0606,0.0816,RENT,MEDICAL,Y,1
33,43200,1.9,10200,13.19,0.2361,4,0.2667,0.0311,MORTGAGE,PERSONAL,N,0
34,66400,11.2,13800,9.62,0.2078,3,0.1875,0.02,OWN,PERSONAL,Y,0
46,76100,,13500,10.31,0.1774,5,0.1786,0.0183,MORTGAGE,MEDICAL,N,0
39,49600,10.5,6200,13.07,0.125,3,0.1429,0.0163,RENT,DEBTCONSOLIDATION,N,0
49,24400,2.2,11700,16.46,0.4795,12,0.3871,0.0789,MORTGAGE,DEBTCONSOLIDATION,Y,0
49,38100,0.2,18400,14.06,0.4829,13,0.4194,0.0679,MORTGAGE,EDUCATION,N,0
52,41500,9.7,12800,13.05,0.3084,5,0.1471,0.0402,RENT,VENTURE,N,0
51,54400,,18400,12.07,0.3382,8,0.2424,0.0408,MORTGAGE,PERSONAL,N,0
30,86000,8.4,4300,8.95,0.05,11,0.9167,0.0045,MORTGAGE,PERSONAL,N,0
36,100500,6.0,21000,13.39,0.209,4,0.2222,0.028,RENT,DEBTCONSOLIDATION,N,0
37,34300,4.0,18500,16.26,0.5394,4,0.2105,0.0877,RENT,PERSONAL,Y,1
59,95000,4.0,20600,9.11,0.2168,7,0.1707,0.0198,RENT,PERSONAL,N,0
60,45900,11.9,18400,15.45,0.4009,8,0.1905,0.0619,MORTGAGE,EDUCATION,N,0
55,47200,5.9,16800,16.27,0.3559,5,0.1351,0.0579,RENT,EDUCATION,Y,0
42,15900,0.1,10000,21.11,0.6289,14,0.5833,0.1328,RENT,PERSONAL,N,1
45,44700,1.5,8500,10.35,0.1902,4,0.1481,0.0197,MORTGAGE,PERSONAL,N,0
41,47900,6.0,11000,9.77,0.2296,16,0.6957,0.0224,RENT,EDUCATION,N,0
36,47100,7.3,29500,16.9,0.6263,7,0.3889,0.1058,MORTGAGE,EDUCATION,N,1
47,90400,3.2,19000,11.36,0.2102,6,0.2069,0.0239,RENT,EDUCATION,N,0
52,78100,2.1,5600,10.88,0.0717,6,0.1765,0.0078,RENT,EDUCATION,Y,0
32,37700,12.7,13900,13.68,0.3687,4,0.2857,0.0504,MORTGAGE,PERSONAL,Y,0
46,110500,19.2,8500,12.19,0.0769,9,0.3214,0.0094,RENT,DEBTCONSOLIDATION,N,0
46,65600,15.1,5500,9.76,0.0838,7,0.25,0.0082,MORTGAGE,PERSONAL,N,0
37,173900,2.9,6300,10.06,0.0362,14,0.7368,0.0036,RENT,MEDICAL,N,0
37,21300,0.1,25800,18.29,1.2113,7,0.3684,0.2215,MORTGAGE,EDUCATION,Y,1
46,44200,2.2,12200,10.49,0.276,4,0.1429,0.029,RENT,EDUCATION,N,0
49,33900,1.4,29100,23.22,0.8584,4,0.129,0.1993,MORTGAGE,DEBTCONSOLIDATION,N,1
49,59700,1.2,14000,13.22,0.2345,23,0.7419,0.031,OWN,MEDICAL,N,0
37,42100,9.2,11400,12.83,0.2708,10,0.5263,0.0347,MORTGAGE,PERSONAL,N,0
37,35600,6.3,18800,15.92,0.5281,4,0.2105,0.0841,OTHER,EDUCATION,N,1
58,100900,2.9,20300,11.29,0.2012,8,0.2,0.0227,RENT,VENTURE,N,1
42,37700,0.4,3800,7.74,0.1008,3,0.125,0.0078,MORTGAGE,PERSONAL,N,0
55,100000,4.9,22200,12.54,0.222,3,0.0811,0.0278,MORTGAGE,EDUCATION,N,0
59,55600,4.9,23700,14.09,0.4263,4,0.0976,0.0601,OWN,PERSONAL,N,0
37,158400,9.4,16600,12.07,0.1048,3,0.1579,0.0126,RENT,PERSONAL,N,1
43,30600,5.0,25100,20.04,0.8203,3,0.12,0.1644,RENT,EDUCATION,Y,1
70,122600,8.3,9600,8.13,0.0783,3,0.0577,0.0064,RENT,MEDICAL,N,0
29,169300,4.6,2300,6.14,0.0136,7,0.6364,0.0008,RENT,PERSONAL,N,0
48,65900,4.4,15600,9.53,0.2367,14,0.4667,0.0226,MORTGAGE,HOMEIMPROVEMENT,N,0
48,17700,4.6,24800,22.11,1.4011,11,0.3667,0.3098,RENT,PERSONAL,Y,1
43,56400,3.5,10600,8.78,0.1879,8,0.32,0.0165,MORTGAGE,EDUCATION,N,0
43,55900,4.3,14000,8.12,0.2504,6,0.24,0.0203,RENT,PERSONAL,N,0
40,102700,2.0,16700,10.94,0.1626,16,0.7273,0.0178,OWN,PERSONAL,N,0
39,46100,4.2,7400,12.03,0.1605,6,0.2857,0.0193,RENT,VENTURE,N,0
45,68100,14.6,21800,14.13,0.3201,5,0.1852,0.0452,RENT,VENTURE,N,0
41,29000,0.7,5500,11.34,0.1897,2,0.087,0.0215,OWN,DEBTCONSOLIDATION,N,0
63,139200,6.5,14300,6.75,0.1027,7,0.1556,0.0069,RENT,EDUCATION,Y,0
44,93700,1.4,18100,14.18,0.1932,9,0.3462,0.0274,OWN,DEBTCONSOLIDATION,N,0
45,73400,5.2,7400,9.8,0.1008,4,0.1481,0.0099,MORTGAGE,MEDICAL,N,0
38,33400,1.7,14600,13.95,0.4371,13,0.65,0.061,MORTGAGE,VENTURE,Y,0
33,48500,2.2,13300,13.16,0.2742,14,0.9333,0.0361,RENT,MEDICAL,N,0
54,55900,,29600,13.98,0.5295,7,0.1944,0.074,RENT,MEDICAL,Y,1
37,85600,19.0,2600,9.56,0.0304,10,0.5263,0.0029,MORTGAGE,DEBTCONSOLIDATION,N,0
50,42800,4.4,12600,12.45,0.2944,5,0.1562,0.0367,MORTGAGE,EDUCATION,N,0
53,46700,3.8,3400,7.9,0.0728,8,0.2286,0.0058,MORTGAGE,VENTURE,N,0
39,50200,6.2,10300,8.2,0.2052,3,0.1429,0.0168,RENT,EDUCATION,Y,1
36,79400,6.3,11600,9.09,0.1461,11,0.6111,0.0133,MORTGAGE,MEDICAL,N,0
58,46500,3.0,14100,16.29,0.3032,7,0.175,0.0494,RENT,VENTURE,N,1
32,54000,2.7,4500,,0.0833,9,0.6429,0.0105,OWN,DEBTCONSOLIDATION,Y,0
32,71900,6.7,19700,13.48,0.274,14,1.0,0.0369,RENT,PERSONAL,N,0
47,40000,3.9,21800,19.19,0.545,4,0.1379,0.1046,OWN,PERSONAL,N,0
38,22600,5.5,32700,18.22,1.4469,6,0.3,0.2636,RENT,EDUCATION,Y,1
42,45900,1.1,4900,9.83,0.1068,8,0.3333,0.0105,RENT,EDUCATION,N,0
51,34200,1.6,16500,19.78,0.4825,2,0.0606,0.0954,RENT,DEBTCONSOLIDATION,Y,0
43,109500,5.7,10700,8.7,0.0977,9,0.36,0.0085,MORTGAGE,VENTURE,N,0
56,56300,0.2,30400,17.18,0.54,13,0.3421,0.0928,MORTGAGE,PERSONAL,N,1
48,33000,0.1,20200,,0.6121,5,0.1667,0.0775,MORTGAGE,PERSONAL,Y,1
37,118800,1.9,11700,10.42,0.0985,3,0.1579,0.0103,MORTGAGE,PERSONAL,N,0
35,87200,9.1,11600,11.24,0.133,8,0.4706,0.0149,RENT,EDUCATION,N,0
33,60400,3.1,12700,7.96,0.2103,5,0.3333,0.0167,MORTGAGE,EDUCATION,N,0
41,62100,5.2,24400,15.4,0.3929,9,0.3913,0.0605,OTHER,EDUCATION,N,0
39,68000,3.8,20700,14.62,0.3044,5,0.2381,0.0445,RENT,PERSONAL,Y,1
36,41000,5.1,28700,21.54,0.7,5,0.2778,0.1508,OWN,DEBTCONSOLIDATION,Y,1
48,30900,4.7,17100,16.86,0.5534,2,0.0667,0.0933,MORTGAGE,PERSONAL,N,1
48,37300,6.9,26400,20.66,0.7078,6,0.2,0.1462,RENT,MEDICAL,Y,1
55,204600,4.8,9100,,0.0445,8,0.2162,0.0056,OWN,PERSONAL,N,0
35,43400,17.0,22800,19.44,0.5253,4,0.2353,0.1021,MORTGAGE,MEDICAL,N,1
41,48600,2.8,24500,16.93,0.5041,6,0.2609,0.0853,MORTGAGE,PERSONAL,Y,1
39,44200,6.7,4400,11.98,0.0995,3,0.1429,0.0119,RENT,PERSONAL,N,0
54,117500,4.2,25700,11.72,0.2187,11,0.3056,0.0256,MORTGAGE,EDUCATION,N,0
45,91500,0.2,1900,11.68,0.0208,7,0.2593,0.0024,RENT,VENTURE,N,0
48,91900,10.3,6500,11.67,0.0707,7,0.2333,0.0083,MORTGAGE,PERSONAL,N,0
59,158200,16.5,15200,10.61,0.0961,3,0.0732,0.0102,RENT,DEBTCONSOLIDATION,N,0
41,26800,23.0,17900,18.91,0.6679,11,0.4783,0.1263,RENT,MEDICAL,Y,1
53,40300,0.7,15000,13.67,0.3722,4,0.1143,0.0509,MORTGAGE,HOMEIMPROVEMENT,N,1
51,61600,1.7,14100,12.29,0.2289,6,0.1818,0.0281,RENT,DEBTCONSOLIDATION,N,1
51,42500,13.7,13500,15.45,0.3176,17,0.5152,0.0491,RENT,HOMEIMPROVEMENT,N,0
47,59100,0.8,20100,15.05,0.3401,4,0.1379,0.0512,RENT,PERSONAL,N,0
53,37400,6.9,8200,,0.2193,10,0.2857,0.0278,RENT,VENTURE,N,0
33,44800,0.1,24500,16.21,0.5469,2,0.1333,0.0887,OWN,PERSONAL,N,0
48,23100,0.2,21800,16.57,0.9437,8,0.2667,0.1564,MORTGAGE,EDUCATION,N,1
43,34000,1.9,23800,20.95,0.7,14,0.56,0.1466,MORTGAGE,VENTURE,N,1
46,36700,0.9,13300,15.64,0.3624,3,0.1071,0.0567,RENT,PERSONAL,N,0
32,106500,0.2,11800,12.98,0.1108,9,0.6429,0.0144,MORTGAGE,DEBTCONSOLIDATION,N,0
50,70700,2.7,21700,14.74,0.3069,7,0.2188,0.0452,OWN,DEBTCONSOLIDATION,Y,0
68,50900,3.4,8600,11.13,0.169,6,0.12,0.0188,MORTGAGE,VENTURE,N,0
35,43900,1.6,30400,16.66,0.6925,16,0.9412,0.1154,MORTGAGE,HOMEIMPROVEMENT,Y,1
37,85200,3.3,9700,9.52,0.1138,7,0.3684,0.0108,MORTGAGE,EDUCATION,N,0
40,19400,5.3,10300,15.87,0.5309,16,0.7273,0.0843,MORTGAGE,MEDICAL,Y,1
41,73700,4.9,16700,13.78,0.2266,2,0.087,0.0312,RENT,PERSONAL,N,0
36,85000,14.8,23100,12.53,0.2718,6,0.3333,0.0341,MORTGAGE,VENTURE,N,0
44,58300,7.5,29400,16.2,0.5043,3,0.1154,0.0817,MORTGAGE,MEDICAL,N,0
36,37200,1.2,8600,13.71,0.2312,6,0.3333,0.0317,RENT,EDUCATION,N,0
40,67700,2.5,27100,13.6,0.4003,10,0.4545,0.0544,OWN,EDUCATION,N,0
44,90100,0.3,10900,11.49,0.121,5,0.1923,0.0139,RENT,VENTURE,N,0
51,36800,14.7,18700,15.46,0.5082,9,0.2727,0.0786,RENT,PERSONAL,N,0
43,50500,3.0,6000,11.85,0.1188,6,0.24,0.0141,RENT,MEDICAL,N,0
37,77500,2.6,8800,,0.1135,8,0.4211,0.0144,MORTGAGE,EDUCATION,N,1
28,54900,10.0,10100,10.98,0.184,3,0.3,0.0202,RENT,VENTURE,N,0
50,42000,11.7,4700,10.06,0.1119,6,0.1875,0.0113,RENT,MEDICAL,N,0
40,78300,3.0,12600,9.14,0.1609,5,0.2273,0.0147,RENT,DEBTCONSOLIDATION,N,0
34,101700,4.8,20200,11.42,0.1986,2,0.125,0.0227,MORTGAGE,EDUCATION,N,0
36,73900,11.8,27000,13.09,0.3654,5,0.2778,0.0478,RENT,MEDICAL,N,1
39,90400,5.3,30000,11.71,0.3319,4,0.1905,0.0389,RENT,HOMEIMPROVEMENT,N,0
55,63000,0.4,23900,16.3,0.3794,8,0.2162,0.0618,MORTGAGE,EDUCATION,N,0
42,30800,0.5,18700,18.92,0.6071,8,0.3333,0.1149,RENT,MEDICAL,N,1
43,74400,2.3,11100,9.69,0.1492,4,0.16,0.0145,MORTGAGE,MEDICAL,N,0
60,76700,5.2,20500,12.79,0.2673,5,0.119,0.0342,OWN,MEDICAL,N,0
54,88900,0.8,7800,7.05,0.0877,5,0.1389,0.0062,RENT,EDUCATION,N,0
47,100800,3.4,23100,13.88,0.2292,13,0.4483,0.0318,MORTGAGE,VENTURE,N,0
42,29700,4.1,18900,17.89,0.6364,15,0.625,0.1139,MORTGAGE,EDUCATION,N,0
40,55500,0.4,12400,10.56,0.2234,8,0.3636,0.0236,MORTGAGE,HOMEIMPROVEMENT,Y,0
33,78700,3.3,21500,13.23,0.2732,6,0.4,0.0361,RENT,DEBTCONSOLIDATION,N,1
55,33700,11.1,15200,14.38,0.451,6,0.1622,0.0649,MORTGAGE,PERSONAL,Y,1
61,50000,14.8,16800,15.97,0.336,2,0.0465,0.0537,OWN,MEDICAL,N,0
42,59000,0.9,11700,14.05,0.1983,9,0.375,0.0279,MORTGAGE,DEBTCONSOLIDATION,N,0
44,32800,0.1,9900,,0.3018,4,0.1538,0.0382,MORTGAGE,PERSONAL,N,0
41,41000,0.2,11000,12.37,0.2683,6,0.2609,0.0332,RENT,VENTURE,N,1
47,54800,1.3,15700,14.49,0.2865,4,0.1379,0.0415,RENT,VENTURE,N,1
54,65800,0.3,27600,15.29,0.4195,7,0.1944,0.0641,RENT,EDUCATION,N,0
30,28500,2.9,17600,20.08,0.6175,8,0.6667,0.124,MORTGAGE,HOMEIMPROVEMENT,Y,1
37,85300,5.5,18800,10.63,0.2204,2,0.1053,0.0234,MORTGAGE,VENTURE,N,0
61,66000,8.4,17900,14.09,0.2712,12,0.2791,0.0382,RENT,DEBTCONSOLIDATION,N,1
70,27100,3.1,8700,12.85,0.321,6,0.1154,0.0412,RENT,VENTURE,N,1
42,40100,1.7,21500,15.75,0.5362,2,0.0833,0.0845,RENT,MEDICAL,N,1
48,73500,5.5,7500,12.81,0.102,7,0.2333,0.0131,RENT,MEDICAL,Y,0
33,102300,4.6,17600,12.0,0.172,5,0.3333,0.0206,OWN,EDUCATION,N,0
35,211400,3.0,17900,8.94,0.0847,5,0.2941,0.0076,RENT,MEDICAL,N,0
38,26600,3.0,21600,18.61,0.812,5,0.25,0.1511,RENT,VENTURE,Y,1
35,164000,3.7,12400,7.59,0.0756,2,0.1176,0.0057,RENT,EDUCATION,N,0
45,33300,18.5,17200,,0.5165,2,0.0741,0.0654,MORTGAGE,MEDICAL,N,0
42,39600,4.3,19100,20.68,0.4823,7,0.2917,0.0997,RENT,VENTURE,N,1
36,105600,1.8,13000,8.02,0.1231,2,0.1111,0.0099,OWN,MEDICAL,N,0
35,83100,10.2,6400,9.2,0.077,2,0.1176,0.0071,RENT,EDUCATION,N,1
43,14200,2.5,19600,16.41,1.3803,7,0.28,0.2265,MORTGAGE,EDUCATION,N,0
70,131200,2.1,31100,9.6,0.237,7,0.1346,0.0228,MORTGAGE,PERSONAL,N,0
61,43800,2.1,24500,16.59,0.5594,4,0.093,0.0928,RENT,EDUCATION,N,1
46,36300,2.5,10600,13.98,0.292,7,0.25,0.0408,RENT,PERSONAL,N,0
52,172200,6.8,17200,7.46,0.0999,8,0.2353,0.0075,RENT,MEDICAL,N,0
55,38000,5.9,9400,12.19,0.2474,4,0.1081,0.0302,MORTGAGE,MEDICAL,N,1
46,56800,2.5,9600,11.5,0.169,6,0.2143,0.0194,MORTGAGE,VENTURE,Y,0
39,18700,9.9,7700,18.99,0.4118,6,0.2857,0.0782,RENT,DEBTCONSOLIDATION,N,0
38,44600,1.8,26300,21.28,0.5897,6,0.3,0.1255,RENT,VENTURE,N,0
35,57600,3.8,12200,12.32,0.2118,7,0.4118,0.0261,RENT,DEBTCONSOLIDATION,N,0
54,47700,3.0,29600,18.94,0.6205,2,0.0556,0.1175,RENT,MEDICAL,N,1
52,74400,1.8,27400,17.93,0.3683,7,0.2059,0.066,MORTGAGE,EDUCATION,Y,0
46,202800,2.9,29200,13.65,0.144,2,0.0714,0.0197,MORTGAGE,MEDICAL,N,0
55,47700,7.4,10900,11.28,0.2285,7,0.1892,0.0258,RENT,MEDICAL,N,0
42,42900,3.1,11700,,0.2727,11,0.4583,0.0345,RENT,PERSONAL,N,0
55,25800,4.3,9500,,0.3682,2,0.0541,0.0466,MORTGAGE,PERSONAL,N,0
49,32000,5.3,15600,,0.4875,6,0.1935,0.0617,OTHER,PERSONAL,N,0
49,75400,11.0,14100,14.76,0.187,8,0.2581,0.0276,OWN,MEDICAL,N,0
36,66500,1.1,7900,8.91,0.1188,3,0.1667,0.0106,MORTGAGE,MEDICAL,N,0
40,24700,1.1,12200,16.07,0.4939,6,0.2727,0.0794,MORTGAGE,EDUCATION,N,0
45,37800,13.6,23000,18.21,0.6085,2,0.0741,0.1108,RENT,EDUCATION,N,0
44,40500,6.4,15900,14.26,0.3926,5,0.1923,0.056,MORTGAGE,HOMEIMPROVEMENT,N,0
49,52400,2.9,9200,12.62,0.1756,7,0.2258,0.0222,RENT,EDUCATION,Y,1
43,90300,13.1,7300,10.21,0.0808,6,0.24,0.0082,RENT,PERSONAL,N,0
36,97200,0.7,4600,10.27,0.0473,2,0.1111,0.0049,RENT,EDUCATION,N,0
54,73200,2.0,18100,,0.2473,9,0.25,0.0313,MORTGAGE,EDUCATION,N,0
37,58900,0.4,12500,6.51,0.2122,17,0.8947,0.0138,MORTGAGE,EDUCATION,N,0
42,53000,6.3,19500,17.4,0.3679,15,0.625,0.064,MORTGAGE,MEDICAL,Y,1
58,23800,0.8,5000,15.28,0.2101,5,0.125,0.0321,RENT,MEDICAL,N,0
35,48200,0.5,22700,13.17,0.471,6,0.3529,0.062,MORTGAGE,EDUCATION,N,0
45,36800,3.3,13300,13.3,0.3614,18,0.6667,0.0481,RENT,PERSONAL,N,1
37,76900,0.5,3700,6.94,0.0481,7,0.3684,0.0033,MORTGAGE,VENTURE,N,0
40,38500,10.3,4900,9.57,0.1273,6,0.2727,0.0122,MORTGAGE,VENTURE,N,0
26,146900,,1900,10.13,0.0129,6,0.75,0.0013,RENT,PERSONAL,N,0
36,36100,0.4,26000,18.05,0.7202,7,0.3889,0.13,RENT,MEDICAL,Y,1
40,30100,3.0,10500,12.67,0.3488,3,0.1364,0.0442,OWN,PERSONAL,N,0
44,30600,14.3,13000,16.6,0.4248,8,0.3077,0.0705,MORTGAGE,DEBTCONSOLIDATION,Y,1
30,66400,9.4,11800,10.64,0.1777,7,0.5833,0.0189,OWN,DEBTCONSOLIDATION,N,0
43,27100,12.2,21200,18.41,0.7823,5,0.2,0.144,MORTGAGE,EDUCATION,N,1
30,104000,10.3,21500,13.22,0.2067,12,1.0,0.0273,MORTGAGE,VENTURE,N,0
37,117100,4.1,16100,10.06,0.1375,2,0.1053,0.0138,RENT,EDUCATION,N,0
45,56800,3.3,7500,8.35,0.132,3,0.1111,0.011,RENT,PERSONAL,N,0
52,33400,3.6,5800,10.89,0.1737,4,0.1176,0.0189,MORTGAGE,MEDICAL,N,0
36,40300,1.9,15300,17.39,0.3797,3,0.1667,0.066,MORTGAGE,EDUCATION,N,0
47,28300,9.9,22200,,0.7845,9,0.3103,0.0993,RENT,EDUCATION,Y,1
49,149400,0.3,18300,10.66,0.1225,2,0.0645,0.0131,MORTGAGE,EDUCATION,N,0
39,74800,0.1,14700,10.66,0.1965,3,0.1429,0.0209,MORTGAGE,EDUCATION,N,0
38,69400,10.3,17200,12.43,0.2478,2,0.1,0.0308,MORTGAGE,HOMEIMPROVEMENT,N,1
35,32000,,7500,10.48,0.2344,11,0.6471,0.0246,MORTGAGE,EDUCATION,N,0
27,21000,3.5,13400,18.48,0.6381,9,1.0,0.1179,MORTGAGE,DEBTCONSOLIDATION,Y,1
34,77000,0.4,9300,10.12,0.1208,4,0.25,0.0122,MORTGAGE,PERSONAL,Y,0
37,65200,13.7,12000,16.17,0.184,9,0.4737,0.0298,MORTGAGE,PERSONAL,N,0
38,83300,,10300,8.86,0.1236,7,0.35,0.011,RENT,PERSONAL,N,0
41,62400,0.0,25300,14.82,0.4054,3,0.1304,0.0601,MORTGAGE,MEDICAL,N,0
48,57800,0.0,17800,9.92,0.308,5,0.1667,0.0306,RENT,EDUCATION,N,1
57,76800,3.8,21000,13.01,0.2734,4,0.1026,0.0356,RENT,VENTURE,N,0
44,31700,5.3,5100,12.54,0.1609,4,0.1538,0.0202,RENT,EDUCATION,N,0
46,64900,6.6,25800,15.4,0.3975,15,0.5357,0.0612,OWN,MEDICAL,N,0
45,40600,1.1,2600,5.42,0.064,6,0.2222,0.0035,MORTGAGE,HOMEIMPROVEMENT,N,0
37,54800,0.3,26100,15.8,0.4763,2,0.1053,0.0753,OTHER,EDUCATION,N,0
50,33100,4.6,9700,13.1,0.2931,6,0.1875,0.0384,RENT,PERSONAL,Y,0
37,32800,2.7,7900,10.38,0.2409,6,0.3158,0.025,RENT,EDUCATION,N,0
48,12500,2.2,12000,16.73,0.96,2,0.0667,0.1606,RENT,MEDICAL,Y,1
32,35900,6.4,29900,19.18,0.8329,3,0.2143,0.1598,RENT,DEBTCONSOLIDATION,N,0
45,170000,4.2,31300,13.94,0.1841,12,0.4444,0.0257,MORTGAGE,EDUCATION,N,0
42,83500,10.6,19100,10.14,0.2287,4,0.1667,0.0232,MORTGAGE,PERSONAL,N,0
53,33800,11.3,17200,17.47,0.5089,5,0.1429,0.0889,RENT,MEDICAL,Y,1
49,89300,4.7,7700,10.46,0.0862,9,0.2903,0.009,MORTGAGE,PERSONAL,N,0
46,73100,1.6,13700,13.38,0.1874,7,0.25,0.0251,MORTGAGE,MEDICAL,N,0
39,33200,1.1,14500,16.47,0.4367,2,0.0952,0.0719,MORTGAGE,PERSONAL,Y,0
45,111000,8.9,11500,11.13,0.1036,5,0.1852,0.0115,MORTGAGE,DEBTCONSOLIDATION,N,0
39,35500,6.0,16300,22.32,0.4592,2,0.0952,0.1025,MORTGAGE,DEBTCONSOLIDATION,N,1
41,64900,1.1,8100,8.7,0.1248,5,0.2174,0.0109,RENT,EDUCATION,N,0
31,75300,9.5,21100,13.79,0.2802,5,0.3846,0.0386,MORTGAGE,EDUCATION,N,0
70,59900,0.3,15400,10.45,0.2571,8,0.1538,0.0269,OWN,VENTURE,N,0
41,147900,5.4,21100,7.28,0.1427,5,0.2174,0.0104,RENT,PERSONAL,N,0
36,59400,6.9,4300,8.66,0.0724,8,0.4444,0.0063,MORTGAGE,VENTURE,N,0
48,51800,6.7,13400,10.63,0.2587,6,0.2,0.0275,RENT,PERSONAL,N,0
66,55500,8.1,24500,16.19,0.4414,6,0.125,0.0715,RENT,EDUCATION,N,0
40,92500,,6800,8.88,0.0735,3,0.1364,0.0065,RENT,EDUCATION,Y,0
43,50700,25.0,11500,8.76,0.2268,8,0.32,0.0199,RENT,EDUCATION,N,0
28,46000,0.5,12900,9.8,0.2804,2,0.2,0.0275,RENT,MEDICAL,N,1
38,85000,0.4,2200,9.56,0.0259,4,0.2,0.0025,RENT,VENTURE,N,0
42,86600,9.8,27100,13.76,0.3129,3,0.125,0.0431,RENT,PERSONAL,N,0
35,30600,4.4,13300,16.65,0.4346,5,0.2941,0.0724,RENT,MEDICAL,N,0
51,22300,0.7,26100,20.23,1.1704,2,0.0606,0.2368,RENT,MEDICAL,N,1
39,64300,1.6,10300,11.03,0.1602,6,0.2857,0.0177,RENT,PERSONAL,Y,0
61,37100,5.8,3800,,0.1024,4,0.093,0.013,RENT,VENTURE,N,0
37,54400,2.7,20900,14.35,0.3842,5,0.2632,0.0551,RENT,EDUCATION,N,1
53,68600,1.0,6600,9.9,0.0962,3,0.0857,0.0095,MORTGAGE,PERSONAL,N,0
46,43800,6.6,31700,18.78,0.7237,11,0.3929,0.1359,MORTGAGE,VENTURE,N,1
44,52600,2.5,16600,14.14,0.3156,4,0.1538,0.0446,MORTGAGE,VENTURE,Y,0
35,101700,8.9,20600,12.94,0.2026,8,0.4706,0.0262,MORTGAGE,PERSONAL,N,0
38,32500,6.6,31400,17.77,0.9662,5,0.25,0.1717,MORTGAGE,EDUCATION,Y,1
44,27000,6.1,8700,12.14,0.3222,8,0.3077,0.0391,MORTGAGE,EDUCATION,N,0
45,152100,0.3,8200,13.57,0.0539,3,0.1111,0.0073,OWN,DEBTCONSOLIDATION,N,0
53,45700,2.8,31600,20.08,0.6915,10,0.2857,0.1389,RENT,EDUCATION,N,1
40,36900,4.4,18000,15.01,0.4878,2,0.0909,0.0732,RENT,PERSONAL,Y,0
42,83100,2.9,27000,15.1,0.3249,7,0.2917,0.0491,RENT,HOMEIMPROVEMENT,N,0
36,43600,2.6,13900,13.02,0.3188,15,0.8333,0.0415,MORTGAGE,EDUCATION,N,0
47,22300,11.2,31600,16.97,1.417,6,0.2069,0.2405,OWN,PERSONAL,Y,1
37,26700,3.1,15700,17.03,0.588,12,0.6316,0.1001,MORTGAGE,PERSONAL,Y,1
39,96600,8.3,17100,7.86,0.177,5,0.2381,0.0139,RENT,VENTURE,N,0
39,61900,13.2,13500,7.79,0.2181,6,0.2857,0.017,MORTGAGE,EDUCATION,N,0
31,34800,1.0,23000,19.73,0.6609,4,0.3077,0.1304,RENT,DEBTCONSOLIDATION,N,1
38,17100,3.2,29100,22.45,1.7018,4,0.2,0.3821,RENT,VENTURE,Y,1
34,63900,4.9,21300,14.95,0.3333,9,0.5625,0.0498,RENT,MEDICAL,Y,0
55,30400,6.2,11200,15.85,0.3684,5,0.1351,0.0584,RENT,EDUCATION,N,0
44,20900,2.3,9200,15.44,0.4402,2,0.0769,0.068,MORTGAGE,DEBTCONSOLIDATION,N,0
39,78200,3.0,19700,9.25,0.2519,17,0.8095,0.0233,MORTGAGE,EDUCATION,N,0
42,39500,1.8,22900,,0.5797,7,0.2917,0.0734,RENT,EDUCATION,Y,0
43,33500,13.4,9100,18.15,0.2716,8,0.32,0.0493,RENT,DEBTCONSOLIDATION,N,0
38,49200,2.9,26600,17.1,0.5407,3,0.15,0.0925,RENT,EDUCATION,N,1
33,36500,0.9,9100,9.06,0.2493,9,0.6,0.0226,MORTGAGE,EDUCATION,N,0
51,42500,4.0,16200,13.54,0.3812,3,0.0909,0.0516,MORTGAGE,MEDICAL,N,0
64,34000,13.8,16600,,0.4882,3,0.0652,0.0618,RENT,DEBTCONSOLIDATION,Y,1
38,79200,,10800,10.3,0.1364,10,0.5,0.014,OWN,DEBTCONSOLIDATION,N,0
31,18900,3.0,5300,10.35,0.2804,4,0.3077,0.029,MORTGAGE,EDUCATION,N,0
37,114100,6.7,5900,9.42,0.0517,4,0.2105,0.0049,MORTGAGE,VENTURE,N,0
38,72600,1.9,18800,10.63,0.259,6,0.3,0.0275,MORTGAGE,EDUCATION,N,0
48,43400,2.1,14400,14.46,0.3318,13,0.4333,0.048,RENT,PERSONAL,N,0
39,26100,7.9,10700,14.67,0.41,4,0.1905,0.0601,MORTGAGE,EDUCATION,N,1
44,96400,1.2,22900,11.58,0.2376,4,0.1538,0.0275,MORTGAGE,EDUCATION,N,0
56,49000,7.1,7400,,0.151,2,0.0526,0.0191,RENT,MEDICAL,N,0
43,84700,1.6,11800,10.01,0.1393,6,0.24,0.0139,OWN,EDUCATION,N,0
44,71200,6.9,9300,8.3,0.1306,8,0.3077,0.0108,RENT,MEDICAL,N,0
30,46700,1.4,29400,16.96,0.6296,2,0.1667,0.1068,RENT,EDUCATION,N,1
47,117600,9.5,19400,13.96,0.165,7,0.2414,0.023,OWN,DEBTCONSOLIDATION,N,0
55,21900,8.6,22800,17.33,1.0411,14,0.3784,0.1804,RENT,EDUCATION,Y,1
43,61600,1.7,18300,,0.2971,3,0.12,0.0376,MORTGAGE,PERSONAL,N,0
27,40300,0.3,7800,12.25,0.1935,9,1.0,0.0237,MORTGAGE,DEBTCONSOLIDATION,N,0
64,30900,4.0,4900,8.28,0.1586,6,0.1304,0.0131,RENT,VENTURE,N,0
61,52600,4.0,11300,10.1,0.2148,12,0.2791,0.0217,RENT,MEDICAL,N,0
48,79600,1.5,9800,9.7,0.1231,6,0.2,0.0119,RENT,MEDICAL,N,0
31,17300,6.3,5400,12.79,0.3121,7,0.5385,0.0399,MORTGAGE,DEBTCONSOLIDATION,N,0
53,71500,,8400,12.13,0.1175,9,0.2571,0.0143,RENT,VENTURE,N,0
55,26600,3.1,10500,16.54,0.3947,12,0.3243,0.0653,RENT,DEBTCONSOLIDATION,N,0
35,27700,6.6,6900,14.05,0.2491,11,0.6471,0.035,MORTGAGE,DEBTCONSOLIDATION,Y,0
42,34400,4.0,9300,15.71,0.2703,2,0.0833,0.0425,MORTGAGE,VENTURE,N,0
48,66100,3.1,9200,11.11,0.1392,9,0.3,0.0155,MORTGAGE,DEBTCONSOLIDATION,N,0
43,102800,0.4,14500,9.83,0.1411,2,0.08,0.0139,OWN,DEBTCONSOLIDATION,N,0
51,35400,2.7,13800,16.09,0.3898,3,0.0909,0.0627,RENT,VENTURE,Y,0
41,33900,5.7,20000,17.06,0.59,9,0.3913,0.1007,MORTGAGE,HOMEIMPROVEMENT,Y,1
49,21600,1.2,15000,23.22,0.6944,7,0.2258,0.1612,RENT,DEBTCONSOLIDATION,N,1
30,82900,0.0,13100,10.51,0.158,2,0.1667,0.0166,RENT,EDUCATION,N,0
50,82400,1.6,16000,11.79,0.1942,12,0.375,0.0229,RENT,MEDICAL,N,0
44,70800,1.6,10000,9.15,0.1412,5,0.1923,0.0129,MORTGAGE,PERSONAL,N,0
50,85200,6.9,30500,,0.358,7,0.2188,0.0453,MORTGAGE,EDUCATION,Y,0
49,28500,12.8,12500,15.66,0.4386,7,0.2258,0.0687,RENT,VENTURE,N,0
52,66200,18.5,4600,5.82,0.0695,5,0.1471,0.004,OWN,MEDICAL,N,0
48,23400,0.6,16200,18.28,0.6923,11,0.3667,0.1266,MORTGAGE,MEDICAL,Y,1
45,44400,7.0,14100,14.01,0.3176,2,0.0741,0.0445,RENT,VENTURE,N,1
50,29800,2.2,28000,17.95,0.9396,2,0.0625,0.1687,MORTGAGE,EDUCATION,Y,1
49,50200,0.9,10300,12.03,0.2052,7,0.2258,0.0247,MORTGAGE,HOMEIMPROVEMENT,N,0
50,60900,2.8,13300,12.01,0.2184,7,0.2188,0.0262,MORTGAGE,DEBTCONSOLIDATION,Y,0
38,41000,0.5,4900,,0.1195,8,0.4,0.0151,RENT,MEDICAL,N,0
33,54700,5.6,29500,21.2,0.5393,2,0.1333,0.1143,MORTGAGE,DEBTCONSOLIDATION,Y,1
42,22700,12.5,2700,10.87,0.1189,7,0.2917,0.0129,MORTGAGE,DEBTCONSOLIDATION,N,0
48,75100,16.1,20500,10.2,0.273,8,0.2667,0.0278,MORTGAGE,HOMEIMPROVEMENT,Y,0
48,60000,15.2,16100,10.49,0.2683,5,0.1667,0.0281,MORTGAGE,HOMEIMPROVEMENT,N,0
59,54900,3.9,24800,,0.4517,4,0.0976,0.0572,MORTGAGE,MEDICAL,N,0
35,55200,,4000,10.02,0.0725,9,0.5294,0.0073,RENT,MEDICAL,N,0
49,77700,1.2,6300,9.07,0.0811,11,0.3548,0.0074,RENT,EDUCATION,N,0
56,33000,1.6,6700,11.53,0.203,2,0.0526,0.0234,MORTGAGE,EDUCATION,N,0
34,75600,5.8,5500,10.69,0.0728,8,0.5,0.0078,MORTGAGE,PERSONAL,N,0
63,160500,4.0,10700,11.17,0.0667,7,0.1556,0.0075,RENT,MEDICAL,N,0
52,57000,1.5,21100,15.09,0.3702,4,0.1176,0.0559,RENT,PERSONAL,N,0
50,19900,13.6,12700,22.48,0.6382,4,0.125,0.1435,OTHER,EDUCATION,N,1
37,73800,2.5,29500,14.06,0.3997,6,0.3158,0.0562,OWN,EDUCATION,N,0
44,17000,,4800,12.52,0.2824,13,0.5,0.0354,MORTGAGE,MEDICAL,N,1
47,52500,1.3,6400,10.06,0.1219,13,0.4483,0.0123,RENT,MEDICAL,Y,0
63,27300,6.0,9500,10.83,0.348,3,0.0667,0.0377,MORTGAGE,MEDICAL,N,0
37,116500,2.4,18000,9.11,0.1545,15,0.7895,0.0141,OWN,EDUCATION,N,0
43,47700,2.0,13400,12.56,0.2809,7,0.28,0.0353,RENT,EDUCATION,Y,1
34,43300,1.9,24200,17.85,0.5589,3,0.1875,0.0998,RENT,EDUCATION,Y,1
45,40100,13.0,5000,11.43,0.1247,8,0.2963,0.0143,RENT,EDUCATION,N,0
41,25000,2.2,28300,20.41,1.132,9,0.3913,0.231,MORTGAGE,EDUCATION,N,1
47,26700,13.1,8200,14.05,0.3071,3,0.1034,0.0431,RENT,EDUCATION,Y,1
58,92400,2.0,23900,12.52,0.2587,6,0.15,0.0324,OWN,MEDICAL,N,0
54,25700,0.4,16100,18.24,0.6265,5,0.1389,0.1143,MORTGAGE,HOMEIMPROVEMENT,N,1
63,62000,9.0,15300,8.96,0.2468,16,0.3556,0.0221,RENT,HOMEIMPROVEMENT,N,0
49,43000,4.7,23400,17.04,0.5442,7,0.2258,0.0927,RENT,MEDICAL,Y,1
50,75400,10.5,27400,14.48,0.3634,3,0.0938,0.0526,RENT,DEBTCONSOLIDATION,N,0
32,111300,0.4,30200,10.87,0.2713,7,0.5,0.0295,MORTGAGE,EDUCATION,N,0
38,113400,2.0,24600,13.08,0.2169,5,0.25,0.0284,MORTGAGE,EDUCATION,N,0
33,50500,3.9,21800,14.26,0.4317,3,0.2,0.0616,MORTGAGE,DEBTCONSOLIDATION,N,1
44,48400,7.3,29100,18.12,0.6012,5,0.1923,0.1089,RENT,HOMEIMPROVEMENT,N,0
35,54700,3.4,11700,10.55,0.2139,3,0.1765,0.0226,RENT,DEBTCONSOLIDATION,N,0
37,32500,8.4,11800,15.13,0.3631,5,0.2632,0.0549,RENT,MEDICAL,N,0
56,24600,1.0,5900,14.63,0.2398,8,0.2105,0.0351,RENT,VENTURE,N,1
63,95800,3.4,17100,11.68,0.1785,22,0.4889,0.0208,MORTGAGE,EDUCATION,N,0
34,19000,0.4,13700,17.15,0.7211,5,0.3125,0.1237,MORTGAGE,EDUCATION,N,0
41,110400,1.2,10600,9.32,0.096,5,0.2174,0.0089,RENT,DEBTCONSOLIDATION,N,0
53,31800,1.8,20100,20.87,0.6321,13,0.3714,0.1319,MORTGAGE,DEBTCONSOLIDATION,N,0
40,136600,3.4,3600,8.15,0.0264,3,0.1364,0.0022,RENT,PERSONAL,N,0
50,88800,3.1,18000,10.8,0.2027,4,0.125,0.0219,MORTGAGE,MEDICAL,N,0
48,117400,1.6,17500,6.8,0.1491,4,0.1333,0.0101,MORTGAGE,EDUCATION,N,0
43,38800,2.7,17000,14.74,0.4381,6,0.24,0.0646,MORTGAGE,PERSONAL,N,0
63,73200,2.6,18900,15.29,0.2582,13,0.2889,0.0395,RENT,DEBTCONSOLIDATION,Y,1
49,45900,5.5,9400,11.42,0.2048,6,0.1935,0.0234,RENT,HOMEIMPROVEMENT,N,0
41,124200,14.0,22000,10.96,0.1771,6,0.2609,0.0194,MORTGAGE,MEDICAL,N,0
47,36600,12.1,16900,16.35,0.4617,7,0.2414,0.0755,RENT,EDUCATION,N,0
54,63700,,26100,16.05,0.4097,13,0.3611,0.0658,RENT,VENTURE,Y,0
60,62000,29.7,10600,,0.171,10,0.2381,0.0216,OTHER,PERSONAL,N,0
37,42600,0.6,24000,15.24,0.5634,7,0.3684,0.0859,MORTGAGE,MEDICAL,N,1
39,48700,9.2,5700,12.33,0.117,19,0.9048,0.0144,RENT,VENTURE,N,0
37,50800,0.7,16600,12.74,0.3268,10,0.5263,0.0416,MORTGAGE,VENTURE,N,0
48,108000,4.9,20000,9.33,0.1852,6,0.2,0.0173,RENT,PERSONAL,N,0
52,64800,2.7,12800,11.35,0.1975,8,0.2353,0.0224,OWN,PERSONAL,N,0
53,120500,8.3,7700,8.64,0.0639,9,0.2571,0.0055,RENT,MEDICAL,N,1
56,32100,2.7,9500,13.8,0.296,2,0.0526,0.0408,RENT,MEDICAL,N,0
51,36300,7.6,14400,16.66,0.3967,6,0.1818,0.0661,MORTGAGE,MEDICAL,Y,1
36,27800,5.6,8700,12.17,0.3129,6,0.3333,0.0381,RENT,EDUCATION,N,0
41,75100,8.0,14900,9.04,0.1984,6,0.2609,0.0179,RENT,EDUCATION,N,0
41,35100,6.6,9800,11.79,0.2792,19,0.8261,0.0329,RENT,PERSONAL,N,0
36,122700,4.1,4700,11.99,0.0383,9,0.5,0.0046,MORTGAGE,EDUCATION,N,0
38,55900,9.6,15000,10.6,0.2683,2,0.1,0.0284,RENT,EDUCATION,N,0
53,75600,5.4,24900,13.91,0.3294,3,0.0857,0.0458,MORTGAGE,PERSONAL,N,0
54,41500,6.5,22800,19.03,0.5494,4,0.1111,0.1046,RENT,PERSONAL,Y,1
43,90500,1.3,20000,9.74,0.221,3,0.12,0.0215,RENT,MEDICAL,N,0
49,29500,2.2,6600,14.98,0.2237,8,0.2581,0.0335,MORTGAGE,DEBTCONSOLIDATION,N,1
53,20900,6.1,18900,18.45,0.9043,8,0.2286,0.1668,OWN,MEDICAL,Y,0
42,71900,4.4,11000,9.87,0.153,5,0.2083,0.0151,RENT,HOMEIMPROVEMENT,N,0
44,53800,8.2,11500,12.34,0.2138,11,0.4231,0.0264,RENT,HOMEIMPROVEMENT,N,0
53,54600,0.8,20500,17.32,0.3755,8,0.2286,0.065,RENT,VENTURE,N,0
42,43600,1.2,13300,14.43,0.305,5,0.2083,0.044,MORTGAGE,EDUCATION,N,0
42,81800,4.7,1500,10.59,0.0183,2,0.0833,0.0019,OTHER,VENTURE,N,0
47,122500,3.6,9700,10.3,0.0792,15,0.5172,0.0082,MORTGAGE,VENTURE,N,0
55,82300,15.9,9000,10.25,0.1094,2,0.0541,0.0112,RENT,VENTURE,N,0
48,62600,9.7,23200,13.54,0.3706,2,0.0667,0.0502,RENT,EDUCATION,N,1
42,29900,2.0,6200,5.98,0.2074,3,0.125,0.0124,RENT,MEDICAL,N,0
36,98900,12.0,9100,9.3,0.092,8,0.4444,0.0086,RENT,EDUCATION,N,0
33,31300,14.0,9900,14.07,0.3163,7,0.4667,0.0445,MORTGAGE,VENTURE,N,1
49,43400,6.1,18100,16.87,0.4171,3,0.0968,0.0704,RENT,VENTURE,N,1
49,41100,1.1,21300,13.74,0.5182,5,0.1613,0.0712,MORTGAGE,EDUCATION,N,1
43,50600,0.1,7400,11.69,0.1462,3,0.12,0.0171,RENT,MEDICAL,N,0
42,117900,,9300,9.55,0.0789,15,0.625,0.0075,RENT,VENTURE,N,0
43,142600,22.1,10000,9.78,0.0701,7,0.28,0.0069,RENT,VENTURE,N,0
41,105200,4.6,12500,9.07,0.1188,5,0.2174,0.0108,RENT,VENTURE,N,0
42,33200,2.2,30200,17.21,0.9096,8,0.3333,0.1565,RENT,HOMEIMPROVEMENT,Y,1
49,48100,2.9,28500,17.93,0.5925,13,0.4194,0.1062,MORTGAGE,DEBTCONSOLIDATION,Y,1
41,65500,3.8,10400,13.06,0.1588,2,0.087,0.0207,MORTGAGE,MEDICAL,N,0
33,52300,5.9,6400,15.5,0.1224,2,0.1333,0.019,RENT,VENTURE,N,0
42,70400,0.6,6900,9.46,0.098,5,0.2083,0.0093,OWN,EDUCATION,N,0
30,55500,4.1,9100,13.64,0.164,9,0.75,0.0224,RENT,MEDICAL,N,0
54,45900,2.0,16700,17.09,0.3638,7,0.1944,0.0622,RENT,HOMEIMPROVEMENT,N,1
52,34600,0.9,8300,13.54,0.2399,3,0.0882,0.0325,MORTGAGE,PERSONAL,N,0
41,39200,,9400,13.16,0.2398,4,0.1739,0.0316,MORTGAGE,HOMEIMPROVEMENT,Y,0
41,58900,2.4,30800,15.28,0.5229,10,0.4348,0.0799,RENT,MEDICAL,N,0
33,141500,9.4,20000,10.98,0.1413,8,0.5333,0.0155,RENT,VENTURE,N,0
62,67400,0.9,8800,11.08,0.1306,7,0.1591,0.0145,OWN,MEDICAL,N,0
57,28800,0.5,18200,17.54,0.6319,2,0.0513,0.1108,RENT,MEDICAL,N,0
44,52800,3.0,31300,18.81,0.5928,10,0.3846,0.1115,MORTGAGE,EDUCATION,Y,1
45,114200,5.5,24700,12.83,0.2163,10,0.3704,0.0278,RENT,HOMEIMPROVEMENT,N,0
34,41100,0.1,10800,8.89,0.2628,8,0.5,0.0234,RENT,MEDICAL,N,0
36,45400,8.6,9400,10.36,0.207,5,0.2778,0.0214,RENT,MEDICAL,N,0
42,14800,2.8,15800,15.98,1.0676,4,0.1667,0.1706,MORTGAGE,EDUCATION,Y,1
47,59200,6.0,19800,12.74,0.3345,4,0.1379,0.0426,RENT,VENTURE,N,0
37,22500,2.8,31300,19.61,1.3911,3,0.1579,0.2728,OWN,EDUCATION,N,1
45,88000,0.3,24000,12.52,0.2727,10,0.3704,0.0341,MORTGAGE,HOMEIMPROVEMENT,N,0
44,128600,2.3,4200,8.5,0.0327,4,0.1538,0.0028,OWN,MEDICAL,N,0
42,42000,2.1,18700,16.45,0.4452,15,0.625,0.0732,RENT,DEBTCONSOLIDATION,N,1
47,81100,2.7,11800,11.38,0.1455,7,0.2414,0.0166,MORTGAGE,PERSONAL,N,0
47,12000,5.5,13100,18.91,1.0917,10,0.3448,0.2064,RENT,EDUCATION,N,1
52,54300,16.6,4000,11.14,0.0737,8,0.2353,0.0082,MORTGAGE,VENTURE,N,0
54,22200,1.4,5700,12.25,0.2568,7,0.1944,0.0315,RENT,MEDICAL,N,0
43,26600,7.1,13700,18.56,0.515,3,0.12,0.0956,RENT,EDUCATION,Y,1
38,83300,2.9,14700,11.41,0.1765,12,0.6,0.0201,MORTGAGE,VENTURE,N,0
35,54400,2.4,18700,15.28,0.3438,4,0.2353,0.0525,MORTGAGE,EDUCATION,N,0
36,94800,3.6,3600,8.58,0.038,5,0.2778,0.0033,RENT,PERSONAL,N,0
47,87100,4.8,5100,8.01,0.0586,2,0.069,0.0047,RENT,PERSONAL,N,0
42,13000,2.5,17500,21.08,1.3462,7,0.2917,0.2838,RENT,MEDICAL,Y,1
48,33600,7.3,4300,12.66,0.128,12,0.4,0.0162,RENT,VENTURE,N,0
48,41000,3.1,4500,8.44,0.1098,3,0.1,0.0093,RENT,EDUCATION,N,0
55,91400,1.7,16000,14.54,0.1751,6,0.1622,0.0255,RENT,VENTURE,N,0
44,12900,5.7,11100,22.03,0.8605,10,0.3846,0.1896,OTHER,EDUCATION,N,1
37,51600,3.6,33500,18.13,0.6492,5,0.2632,0.1177,MORTGAGE,EDUCATION,N,0
54,35000,4.7,17400,18.3,0.4971,7,0.1944,0.091,MORTGAGE,VENTURE,Y,1
50,21600,1.8,27200,18.25,1.2593,14,0.4375,0.2298,MORTGAGE,MEDICAL,Y,1
49,24500,0.4,31600,20.89,1.2898,13,0.4194,0.2694,OWN,PERSONAL,N,1
44,110400,1.1,26400,13.0,0.2391,15,0.5769,0.0311,RENT,EDUCATION,N,0
70,39800,2.1,9800,13.62,0.2462,4,0.0769,0.0335,RENT,PERSONAL,Y,1
57,28800,6.2,11400,15.82,0.3958,13,0.3333,0.0626,MORTGAGE,HOMEIMPROVEMENT,Y,1
40,99600,9.5,5900,9.42,0.0592,5,0.2273,0.0056,RENT,EDUCATION,N,0
36,63400,2.6,21700,12.79,0.3423,11,0.6111,0.0438,MORTGAGE,PERSONAL,N,0
44,36200,1.0,14500,15.83,0.4006,5,0.1923,0.0634,MORTGAGE,EDUCATION,N,0
39,48600,6.1,10600,8.79,0.2181,2,0.0952,0.0192,RENT,DEBTCONSOLIDATION,N,0
37,74800,14.3,15600,11.38,0.2086,2,0.1053,0.0237,OWN,MEDICAL,N,0
32,43100,3.1,8400,8.43,0.1949,3,0.2143,0.0164,RENT,PERSONAL,N,0
45,82200,2.7,22700,10.96,0.2762,10,0.3704,0.0303,MORTGAGE,HOMEIMPROVEMENT,N,0
38,48800,2.1,13700,11.2,0.2807,9,0.45,0.0314,RENT,MEDICAL,N,0
59,72500,0.1,5200,10.84,0.0717,6,0.1463,0.0078,RENT,PERSONAL,Y,0
53,24100,7.0,18700,19.97,0.7759,6,0.1714,0.1549,MORTGAGE,VENTURE,Y,1
33,24700,10.1,8400,10.7,0.3401,9,0.6,0.0364,MORTGAGE,EDUCATION,N,0
50,35100,7.1,29100,17.3,0.8291,6,0.1875,0.1434,MORTGAGE,PERSONAL,Y,1
40,30600,0.3,15700,17.06,0.5131,16,0.7273,0.0875,RENT,VENTURE,Y,1
35,62900,4.1,29700,13.92,0.4722,2,0.1176,0.0657,RENT,PERSONAL,N,0
40,75700,3.2,22400,13.37,0.2959,7,0.3182,0.0396,MORTGAGE,VENTURE,Y,0
53,39600,8.9,7500,11.1,0.1894,5,0.1429,0.021,MORTGAGE,EDUCATION,N,0
40,29900,2.8,19400,15.6,0.6488,12,0.5455,0.1012,MORTGAGE,EDUCATION,N,0
49,38000,8.4,22900,17.58,0.6026,4,0.129,0.1059,MORTGAGE,EDUCATION,Y,1
48,51100,2.2,19000,16.02,0.3718,7,0.2333,0.0596,MORTGAGE,MEDICAL,Y,1
44,53500,2.1,22800,11.89,0.4262,4,0.1538,0.0507,MORTGAGE,EDUCATION,N,0
41,77800,1.3,11300,12.62,0.1452,8,0.3478,0.0183,MORTGAGE,VENTURE,Y,0
42,30700,5.8,24200,18.3,0.7883,9,0.375,0.1443,MORTGAGE,MEDICAL,Y,1
38,86300,6.4,23100,13.36,0.2677,7,0.35,0.0358,RENT,MEDICAL,N,0
39,47600,2.9,6700,9.81,0.1408,4,0.1905,0.0138,RENT,EDUCATION,N,0
38,121100,0.5,11500,8.3,0.095,7,0.35,0.0079,RENT,PERSONAL,N,0
35,43900,9.1,18800,13.79,0.4282,6,0.3529,0.059,RENT,HOMEIMPROVEMENT,Y,0
41,70700,23.0,20000,13.68,0.2829,10,0.4348,0.0387,MORTGAGE,PERSONAL,N,0
40,71500,14.2,19400,10.46,0.2713,4,0.1818,0.0284,MORTGAGE,VENTURE,N,0
44,140900,1.4,25300,11.64,0.1796,5,0.1923,0.0209,MORTGAGE,DEBTCONSOLIDATION,N,0
36,46400,10.3,20800,17.15,0.4483,7,0.3889,0.0769,MORTGAGE,PERSONAL,N,0
44,90200,0.8,25400,12.34,0.2816,2,0.0769,0.0347,MORTGAGE,MEDICAL,N,0
42,71700,5.2,9600,9.63,0.1339,6,0.25,0.0129,RENT,VENTURE,N,0
45,64100,1.7,14100,10.12,0.22,7,0.2593,0.0223,MORTGAGE,MEDICAL,N,0
36,25800,2.5,16100,17.24,0.624,2,0.1111,0.1076,MORTGAGE,MEDICAL,N,1
30,33600,4.8,29500,17.47,0.878,10,0.8333,0.1534,RENT,MEDICAL,Y,1
42,59700,0.9,6500,7.14,0.1089,2,0.0833,0.0078,RENT,EDUCATION,N,0
61,70800,0.4,9500,10.91,0.1342,7,0.1628,0.0146,RENT,PERSONAL,N,0
57,104600,4.2,8300,8.03,0.0793,19,0.4872,0.0064,RENT,PERSONAL,N,0
44,29400,2.3,20600,20.88,0.7007,5,0.1923,0.1463,RENT,EDUCATION,Y,1
52,139800,9.2,27100,9.26,0.1938,5,0.1471,0.0179,MORTGAGE,MEDICAL,Y,0
40,67300,0.2,17000,12.96,0.2526,5,0.2273,0.0327,MORTGAGE,VENTURE,N,1
47,71100,3.8,10600,12.71,0.1491,16,0.5517,0.019,RENT,VENTURE,N,0
51,131700,1.1,14700,9.66,0.1116,2,0.0606,0.0108,MORTGAGE,DEBTCONSOLIDATION,N,0
47,42000,,18800,12.76,0.4476,11,0.3793,0.0571,MORTGAGE,EDUCATION,N,0
30,40500,3.6,8700,13.36,0.2148,12,1.0,0.0287,RENT,DEBTCONSOLIDATION,N,1
61,74000,10.7,7100,8.56,0.0959,6,0.1395,0.0082,RENT,PERSONAL,N,0
51,35900,5.5,10600,,0.2953,6,0.1818,0.0374,RENT,MEDICAL,N,0
59,51400,4.5,3400,11.28,0.0661,7,0.1707,0.0075,MORTGAGE,DEBTCONSOLIDATION,N,0
40,27400,2.4,17000,17.37,0.6204,8,0.3636,0.1078,MORTGAGE,PERSONAL,Y,1
64,76400,19.8,31000,15.0,0.4058,8,0.1739,0.0609,MORTGAGE,EDUCATION,N,0
32,30400,1.5,20900,20.08,0.6875,7,0.5,0.138,MORTGAGE,DEBTCONSOLIDATION,Y,1
36,82100,1.3,13900,8.21,0.1693,4,0.2222,0.0139,RENT,EDUCATION,N,0
41,49600,0.8,13700,10.23,0.2762,4,0.1739,0.0283,RENT,EDUCATION,N,0
33,19000,0.4,7300,12.12,0.3842,5,0.3333,0.0466,MORTGAGE,EDUCATION,N,0
45,62500,2.4,29600,19.15,0.4736,8,0.2963,0.0907,MORTGAGE,VENTURE,N,0
31,40900,13.0,13000,12.34,0.3178,12,0.9231,0.0392,OWN,EDUCATION,N,0
32,32700,1.8,12200,14.03,0.3731,7,0.5,0.0523,RENT,VENTURE,N,0
57,38400,2.7,22400,16.14,0.5833,6,0.1538,0.0941,RENT,HOMEIMPROVEMENT,Y,1
39,41800,0.5,14400,14.36,0.3445,6,0.2857,0.0495,MORTGAGE,DEBTCONSOLIDATION,N,0
36,45400,2.5,19500,15.93,0.4295,8,0.4444,0.0684,OWN,MEDICAL,N,0
37,128100,10.1,19500,9.79,0.1522,5,0.2632,0.0149,MORTGAGE,DEBTCONSOLIDATION,N,0
38,59000,1.7,8000,9.45,0.1356,3,0.15,0.0128,RENT,EDUCATION,N,0
58,43500,3.2,13800,14.96,0.3172,6,0.15,0.0475,OTHER,MEDICAL,N,0
38,113200,1.0,13500,8.37,0.1193,5,0.25,0.01,MORTGAGE,MEDICAL,N,0
54,94800,2.9,4800,8.32,0.0506,9,0.25,0.0042,MORTGAGE,PERSONAL,N,0
55,127100,1.6,16800,11.5,0.1322,9,0.2432,0.0152,RENT,DEBTCONSOLIDATION,N,0
42,53700,1.3,22800,,0.4246,7,0.2917,0.0538,RENT,VENTURE,N,1
40,146100,2.7,21500,,0.1472,4,0.1818,0.0186,MORTGAGE,MEDICAL,N,0
50,56100,1.0,16500,11.74,0.2941,5,0.1562,0.0345,OWN,PERSONAL,N,0
45,26200,1.9,13500,,0.5153,6,0.2222,0.0652,MORTGAGE,VENTURE,Y,1
40,33200,2.7,21600,18.65,0.6506,9,0.4091,0.1213,MORTGAGE,VENTURE,Y,1
52,16900,1.9,28400,16.45,1.6805,7,0.2059,0.2764,RENT,VENTURE,N,1
39,33300,7.3,26000,21.46,0.7808,6,0.2857,0.1676,RENT,MEDICAL,Y,1
38,77100,5.6,11300,12.56,0.1466,6,0.3,0.0184,RENT,MEDICAL,N,0
45,104400,2.0,10200,9.43,0.0977,7,0.2593,0.0092,RENT,PERSONAL,N,0
52,33700,1.4,6200,,0.184,12,0.3529,0.0233,RENT,PERSONAL,N,0
49,36800,16.2,12000,11.99,0.3261,3,0.0968,0.0391,MORTGAGE,HOMEIMPROVEMENT,N,0
44,32100,9.5,20700,19.31,0.6449,17,0.6538,0.1245,MORTGAGE,EDUCATION,Y,1
41,38800,3.0,9300,10.49,0.2397,10,0.4348,0.0251,MORTGAGE,PERSONAL,N,0
54,43900,5.4,8000,,0.1822,2,0.0556,0.0231,MORTGAGE,HOMEIMPROVEMENT,Y,1
47,40500,2.3,7400,,0.1827,5,0.1724,0.0231,MORTGAGE,EDUCATION,N,0
33,250000,0.7,13500,9.22,0.054,9,0.6,0.005,MORTGAGE,EDUCATION,N,0
51,76500,6.3,12900,11.19,0.1686,2,0.0606,0.0189,MORTGAGE,MEDICAL,N,0
29,23600,0.0,13000,18.24,0.5508,6,0.5455,0.1005,MORTGAGE,VENTURE,Y,1
45,20400,4.4,18700,20.12,0.9167,7,0.2593,0.1844,RENT,MEDICAL,Y,1
53,82500,9.6,15100,12.12,0.183,2,0.0571,0.0222,RENT,HOMEIMPROVEMENT,N,0
51,99600,3.3,3400,6.66,0.0341,7,0.2121,0.0023,RENT,MEDICAL,Y,0
38,54600,0.6,7700,10.14,0.141,6,0.3,0.0143,RENT,MEDICAL,N,0
64,56600,14.5,19200,14.94,0.3392,7,0.1522,0.0507,RENT,VENTURE,N,0
34,50700,1.4,4900,8.29,0.0966,4,0.25,0.008,MORTGAGE,DEBTCONSOLIDATION,N,0
44,88400,1.2,10100,9.02,0.1143,20,0.7692,0.0103,MORTGAGE,EDUCATION,N,0
40,24800,0.5,4000,9.99,0.1613,4,0.1818,0.0161,MORTGAGE,HOMEIMPROVEMENT,N,1
55,60200,4.8,18800,,0.3123,6,0.1622,0.0395,OWN,MEDICAL,N,0
56,97200,5.7,23700,12.52,0.2438,2,0.0526,0.0305,RENT,EDUCATION,N,0
45,79500,3.0,8100,7.69,0.1019,5,0.1852,0.0078,MORTGAGE,DEBTCONSOLIDATION,N,0
40,43900,9.0,8900,10.31,0.2027,7,0.3182,0.0209,RENT,MEDICAL,Y,0
40,115400,3.4,22600,6.81,0.1958,7,0.3182,0.0133,RENT,PERSONAL,N,0
44,102400,8.1,31200,10.97,0.3047,5,0.1923,0.0334,MORTGAGE,MEDICAL,N,0
42,115600,3.2,18200,11.14,0.1574,3,0.125,0.0175,MORTGAGE,MEDICAL,N,0
38,43500,3.5,17800,13.8,0.4092,16,0.8,0.0565,RENT,MEDICAL,Y,1
37,105200,2.8,22600,12.16,0.2148,19,1.0,0.0261,OWN,MEDICAL,Y,0
35,26400,2.7,20300,20.52,0.7689,4,0.2353,0.1578,MORTGAGE,PERSONAL,Y,1
41,45600,1.1,23700,16.35,0.5197,3,0.1304,0.085,OWN,EDUCATION,N,0
38,31500,4.2,10700,14.04,0.3397,5,0.25,0.0477,MORTGAGE,HOMEIMPROVEMENT,N,0
47,76200,2.5,2100,8.96,0.0276,7,0.2414,0.0025,RENT,EDUCATION,N,0
69,38900,4.2,5500,11.04,0.1414,4,0.0784,0.0156,MORTGAGE,EDUCATION,N,0
41,47700,4.1,16300,,0.3417,6,0.2609,0.0433,RENT,VENTURE,N,0
37,81000,0.5,11600,12.0,0.1432,7,0.3684,0.0172,OWN,EDUCATION,N,0
56,46400,7.8,9300,10.39,0.2004,10,0.2632,0.0208,MORTGAGE,EDUCATION,N,0
46,32000,1.9,13200,16.26,0.4125,11,0.3929,0.0671,OWN,MEDICAL,Y,0
54,77400,0.2,11500,7.8,0.1486,16,0.4444,0.0116,RENT,MEDICAL,N,0
54,23900,8.6,19700,20.07,0.8243,5,0.1389,0.1654,MORTGAGE,DEBTCONSOLIDATION,Y,1
41,82900,7.6,18200,12.28,0.2195,2,0.087,0.027,RENT,MEDICAL,N,0
48,63500,1.4,23400,12.68,0.3685,8,0.2667,0.0467,OWN,MEDICAL,N,0
34,40200,2.3,11200,16.33,0.2786,2,0.125,0.0455,RENT,PERSONAL,N,0
47,142000,17.9,16800,8.51,0.1183,9,0.3103,0.0101,RENT,EDUCATION,N,0
61,35400,13.7,13400,11.51,0.3785,7,0.1628,0.0436,MORTGAGE,MEDICAL,N,0
45,42500,0.3,2500,9.92,0.0588,8,0.2963,0.0058,MORTGAGE,MEDICAL,N,0
49,52300,2.5,24500,15.62,0.4685,8,0.2581,0.0732,MORTGAGE,EDUCATION,N,0
48,24500,1.1,8200,14.92,0.3347,3,0.1,0.0499,OWN,VENTURE,N,0
61,74900,3.3,6100,10.06,0.0814,2,0.0465,0.0082,RENT,PERSONAL,N,0
63,117600,3.3,15400,7.32,0.131,6,0.1333,0.0096,MORTGAGE,EDUCATION,N,0
37,49500,0.4,13500,15.01,0.2727,11,0.5789,0.0409,RENT,HOMEIMPROVEMENT,N,0
40,136700,9.9,24700,11.11,0.1807,4,0.1818,0.0201,MORTGAGE,MEDICAL,N,0
48,56300,12.4,11400,13.03,0.2025,7,0.2333,0.0264,RENT,DEBTCONSOLIDATION,N,0
43,94900,24.1,14200,8.42,0.1496,6,0.24,0.0126,RENT,HOMEIMPROVEMENT,N,0
35,61800,2.1,11400,11.45,0.1845,9,0.5294,0.0211,MORTGAGE,EDUCATION,N,0
51,65900,1.6,5800,10.35,0.088,8,0.2424,0.0091,OWN,EDUCATION,N,0
30,144700,6.2,10900,7.65,0.0753,2,0.1667,0.0058,RENT,MEDICAL,N,0
43,31000,7.7,12700,16.64,0.4097,7,0.28,0.0682,RENT,HOMEIMPROVEMENT,N,1
44,60400,1.1,7200,7.77,0.1192,18,0.6923,0.0093,RENT,EDUCATION,N,0
45,42600,5.4,24600,21.02,0.5775,8,0.2963,0.1214,RENT,HOMEIMPROVEMENT,N,1
48,55200,7.1,16300,14.14,0.2953,4,0.1333,0.0418,MORTGAGE,PERSONAL,N,0
51,170900,6.0,20800,11.34,0.1217,4,0.1212,0.0138,RENT,PERSONAL,N,0
45,59900,12.1,12300,11.16,0.2053,3,0.1111,0.0229,MORTGAGE,EDUCATION,N,0
32,67700,0.9,11200,8.98,0.1654,6,0.4286,0.0149,MORTGAGE,VENTURE,N,0
28,41100,3.9,15400,10.54,0.3747,10,1.0,0.0395,RENT,MEDICAL,N,0
29,42600,8.9,12800,,0.3005,6,0.5455,0.038,RENT,MEDICAL,N,1
61,29200,6.9,18400,19.69,0.6301,13,0.3023,0.1241,RENT,DEBTCONSOLIDATION,Y,1
34,75700,8.2,15600,12.41,0.2061,3,0.1875,0.0256,RENT,PERSONAL,N,0
50,110300,12.2,13500,9.07,0.1224,13,0.4062,0.0111,RENT,PERSONAL,N,0
41,66300,13.8,4400,8.55,0.0664,5,0.2174,0.0057,RENT,EDUCATION,N,0
45,81300,7.1,5800,9.53,0.0713,9,0.3333,0.0068,MORTGAGE,PERSONAL,N,0
34,71500,10.4,14400,12.85,0.2014,16,1.0,0.0259,MORTGAGE,EDUCATION,N,0
36,229500,5.6,24500,12.65,0.1068,4,0.2222,0.0135,MORTGAGE,MEDICAL,N,0
39,82400,7.4,21900,11.13,0.2658,10,0.4762,0.0296,RENT,VENTURE,N,0
49,58100,1.5,14800,11.52,0.2547,8,0.2581,0.0293,MORTGAGE,EDUCATION,Y,0
60,26700,,7200,8.97,0.2697,12,0.2857,0.0242,MORTGAGE,EDUCATION,N,0
42,51000,5.6,17700,13.84,0.3471,4,0.1667,0.048,RENT,MEDICAL,N,0
45,54000,5.6,23900,15.61,0.4426,4,0.1481,0.0691,MORTGAGE,EDUCATION,N,0
36,56600,5.2,15900,10.75,0.2809,4,0.2222,0.0302,MORTGAGE,DEBTCONSOLIDATION,N,0
54,45300,1.6,27800,18.64,0.6137,5,0.1389,0.1144,MORTGAGE,EDUCATION,Y,1
38,30200,3.4,7800,11.47,0.2583,3,0.15,0.0296,RENT,MEDICAL,N,1
40,95300,6.8,6800,12.23,0.0714,12,0.5455,0.0087,RENT,EDUCATION,N,0
39,20200,13.2,23400,17.44,1.1584,6,0.2857,0.202,MORTGAGE,MEDICAL,Y,1
54,155600,15.0,29800,10.43,0.1915,8,0.2222,0.02,RENT,DEBTCONSOLIDATION,N,0
61,32400,11.6,5800,10.16,0.179,5,0.1163,0.0182,MORTGAGE,EDUCATION,N,0
57,250000,5.7,9900,6.64,0.0396,11,0.2821,0.0026,MORTGAGE,PERSONAL,N,0
31,66900,0.3,22800,15.84,0.3408,6,0.4615,0.054,RENT,MEDICAL,N,1
44,48000,7.7,5200,8.95,0.1083,9,0.3462,0.0097,OWN,MEDICAL,N,0
36,36300,5.4,14600,13.3,0.4022,2,0.1111,0.0535,MORTGAGE,MEDICAL,Y,0
56,41000,,22000,20.67,0.5366,3,0.0789,0.1109,RENT,VENTURE,N,1
39,58100,0.7,14700,11.65,0.253,3,0.1429,0.0295,RENT,PERSONAL,N,0
39,68200,5.9,28900,,0.4238,9,0.4286,0.0537,OWN,MEDICAL,N,0
39,71500,1.8,19900,13.85,0.2783,6,0.2857,0.0385,RENT,MEDICAL,N,0
56,44000,1.2,7200,12.97,0.1636,8,0.2105,0.0212,OWN,PERSONAL,N,0
42,110400,0.2,9300,7.24,0.0842,6,0.25,0.0061,RENT,EDUCATION,N,0
41,46200,2.8,14100,11.47,0.3052,4,0.1739,0.035,MORTGAGE,PERSONAL,N,0
45,25700,5.1,8900,12.47,0.3463,6,0.2222,0.0432,RENT,EDUCATION,N,0
64,79300,5.8,12700,9.81,0.1602,2,0.0435,0.0157,RENT,MEDICAL,N,0
51,24500,4.7,11500,15.44,0.4694,11,0.3333,0.0725,MORTGAGE,EDUCATION,N,0
53,33800,7.4,3200,8.63,0.0947,12,0.3429,0.0082,OTHER,EDUCATION,N,0
47,92100,2.9,13800,9.57,0.1498,5,0.1724,0.0143,RENT,VENTURE,N,0
55,26200,9.9,12300,18.59,0.4695,5,0.1351,0.0873,RENT,VENTURE,N,1
49,67700,6.9,26500,,0.3914,3,0.0968,0.0496,MORTGAGE,PERSONAL,N,0
37,95600,2.2,8800,10.48,0.0921,2,0.1053,0.0097,MORTGAGE,EDUCATION,N,0
38,36700,1.6,13500,14.06,0.3678,4,0.2,0.0517,MORTGAGE,EDUCATION,N,1
39,38100,4.3,12100,13.51,0.3176,13,0.619,0.0429,RENT,PERSONAL,N,1
37,45600,,8600,11.6,0.1886,5,0.2632,0.0219,RENT,PERSONAL,N,0
49,34700,3.4,16200,13.91,0.4669,5,0.1613,0.0649,RENT,PERSONAL,N,1
37,144600,0.4,2700,11.67,0.0187,2,0.1053,0.0022,RENT,MEDICAL,N,0
39,76800,1.6,12000,11.79,0.1562,10,0.4762,0.0184,MORTGAGE,MEDICAL,N,0
30,57200,,16000,14.41,0.2797,12,1.0,0.0403,RENT,HOMEIMPROVEMENT,Y,1
53,174900,22.1,11300,8.31,0.0646,3,0.0857,0.0054,RENT,EDUCATION,N,0
36,85100,2.4,2800,,0.0329,8,0.4444,0.0042,RENT,EDUCATION,N,0
45,35100,12.1,11100,13.27,0.3162,9,0.3333,0.042,RENT,DEBTCONSOLIDATION,N,0
51,21400,0.0,2100,10.87,0.0981,10,0.303,0.0107,RENT,DEBTCONSOLIDATION,N,1
45,62600,4.7,16700,15.03,0.2668,4,0.1481,0.0401,MORTGAGE,EDUCATION,N,0
48,33600,2.7,12200,13.56,0.3631,2,0.0667,0.0492,OWN,MEDICAL,N,0
51,73400,0.9,25300,13.8,0.3447,6,0.1818,0.0476,MORTGAGE,MEDICAL,N,0
35,113800,,21200,12.45,0.1863,7,0.4118,0.0232,RENT,VENTURE,N,0
55,34700,1.9,24500,18.25,0.7061,7,0.1892,0.1289,MORTGAGE,VENTURE,Y,1
30,51000,3.1,22400,16.77,0.4392,4,0.3333,0.0737,RENT,MEDICAL,N,1
37,41400,11.2,15600,15.73,0.3768,3,0.1579,0.0593,RENT,PERSONAL,N,0
45,38900,23.5,27700,19.34,0.7121,5,0.1852,0.1377,RENT,MEDICAL,N,1
39,110500,1.6,21900,13.11,0.1982,2,0.0952,0.026,RENT,PERSONAL,N,0
47,89800,1.4,11000,11.35,0.1225,5,0.1724,0.0139,MORTGAGE,EDUCATION,N,0
36,95400,,9800,9.4,0.1027,6,0.3333,0.0097,RENT,HOMEIMPROVEMENT,N,0
57,82800,3.2,21700,13.16,0.2621,10,0.2564,0.0345,MORTGAGE,PERSONAL,N,0
63,112700,9.5,11100,12.3,0.0985,8,0.1778,0.0121,OWN,DEBTCONSOLIDATION,N,0
41,77100,8.9,20400,12.29,0.2646,6,0.2609,0.0325,RENT,PERSONAL,Y,0
37,79300,0.3,9200,,0.116,11,0.5789,0.0147,RENT,MEDICAL,N,0
47,123900,0.1,10400,10.47,0.0839,9,0.3103,0.0088,RENT,PERSONAL,N,0
55,21300,4.4,11100,16.92,0.5211,3,0.0811,0.0882,RENT,PERSONAL,N,1
55,42800,6.6,7700,10.52,0.1799,4,0.1081,0.0189,RENT,EDUCATION,N,0
54,55000,0.2,8600,12.04,0.1564,3,0.0833,0.0188,RENT,VENTURE,N,0
49,104100,6.9,8300,10.24,0.0797,5,0.1613,0.0082,MORTGAGE,EDUCATION,N,0
45,21400,9.7,10800,18.95,0.5047,4,0.1481,0.0956,MORTGAGE,DEBTCONSOLIDATION,N,0
55,31200,2.5,18300,16.68,0.5865,3,0.0811,0.0978,RENT,EDUCATION,N,1
57,72400,6.2,8300,7.77,0.1146,10,0.2564,0.0089,OWN,MEDICAL,N,0
37,64000,3.8,8800,8.34,0.1375,6,0.3158,0.0115,MORTGAGE,MEDICAL,N,0
33,81000,2.1,18700,10.68,0.2309,7,0.4667,0.0247,MORTGAGE,MEDICAL,Y,0
44,45600,9.5,15100,14.14,0.3311,4,0.1538,0.0468,MORTGAGE,MEDICAL,N,1
41,46900,1.3,7200,10.68,0.1535,2,0.087,0.0164,RENT,DEBTCONSOLIDATION,N,0
44,26400,2.0,30400,18.53,1.1515,9,0.3462,0.2134,MORTGAGE,VENTURE,Y,1
45,51000,8.6,9300,13.28,0.1824,14,0.5185,0.0242,RENT,DEBTCONSOLIDATION,N,0
35,193900,9.4,8100,10.24,0.0418,7,0.4118,0.0043,RENT,DEBTCONSOLIDATION,N,0
39,29600,,19700,19.06,0.6655,6,0.2857,0.1268,RENT,MEDICAL,Y,1
38,69800,1.3,6800,7.54,0.0974,6,0.3,0.0073,MORTGAGE,EDUCATION,N,0
46,39500,3.3,26800,20.54,0.6785,5,0.1786,0.1394,OWN,DEBTCONSOLIDATION,N,1
38,14400,9.8,25400,17.11,1.7639,4,0.2,0.3018,MORTGAGE,MEDICAL,N,0
62,47800,0.8,13800,12.57,0.2887,12,0.2727,0.0363,MORTGAGE,MEDICAL,N,0
34,31400,2.3,5400,11.7,0.172,2,0.125,0.0201,RENT,PERSONAL,N,0
42,67900,6.0,19600,13.8,0.2887,5,0.2083,0.0398,RENT,PERSONAL,N,0
42,62500,10.0,17300,11.71,0.2768,12,0.5,0.0324,RENT,MEDICAL,N,0
57,44400,2.2,24600,16.53,0.5541,6,0.1538,0.0916,MORTGAGE,HOMEIMPROVEMENT,N,0
43,76500,2.3,11100,11.43,0.1451,6,0.24,0.0166,RENT,EDUCATION,N,0
43,29800,14.3,27400,17.51,0.9195,9,0.36,0.161,RENT,MEDICAL,Y,1
45,35300,,18300,17.35,0.5184,7,0.2593,0.0899,RENT,VENTURE,Y,1
61,26200,4.4,19100,21.16,0.729,8,0.186,0.1543,RENT,DEBTCONSOLIDATION,Y,1
41,63100,11.6,8900,10.99,0.141,11,0.4783,0.0155,OWN,DEBTCONSOLIDATION,N,0
57,15700,1.8,19900,19.09,1.2675,3,0.0769,0.242,RENT,VENTURE,Y,1
51,97300,4.8,21000,12.04,0.2158,7,0.2121,0.026,MORTGAGE,PERSONAL,N,0
28,47200,4.5,8100,12.15,0.1716,9,0.9,0.0208,MORTGAGE,VENTURE,N,0
43,27700,9.7,10000,10.54,0.361,6,0.24,0.038,MORTGAGE,MEDICAL,N,0
50,57500,3.6,19200,16.83,0.3339,7,0.2188,0.0562,MORTGAGE,MEDICAL,Y,1
38,51800,6.5,24100,17.56,0.4653,10,0.5,0.0817,RENT,DEBTCONSOLIDATION,N,0
35,132400,4.8,14200,14.02,0.1073,2,0.1176,0.015,MORTGAGE,VENTURE,N,0
44,40600,10.4,21600,14.95,0.532,11,0.4231,0.0795,RENT,MEDICAL,N,0
44,35300,2.6,12800,12.7,0.3626,10,0.3846,0.0461,OTHER,MEDICAL,N,1
43,84800,10.4,4300,12.41,0.0507,14,0.56,0.0063,OWN,DEBTCONSOLIDATION,N,0
56,55400,3.0,8500,10.02,0.1534,6,0.1579,0.0154,RENT,MEDICAL,N,0
36,49700,10.5,12400,15.89,0.2495,7,0.3889,0.0396,MORTGAGE,VENTURE,N,0
50,59600,15.6,4700,9.28,0.0789,2,0.0625,0.0073,OWN,PERSONAL,N,0
47,92300,18.1,21200,12.33,0.2297,5,0.1724,0.0283,MORTGAGE,PERSONAL,N,0
43,22100,11.8,14700,17.21,0.6652,6,0.24,0.1145,MORTGAGE,EDUCATION,N,1
46,154100,0.2,24900,7.84,0.1616,8,0.2857,0.0127,MORTGAGE,EDUCATION,N,0
44,54700,3.3,13700,12.03,0.2505,6,0.2308,0.0301,RENT,DEBTCONSOLIDATION,Y,0
58,44300,5.5,9300,8.91,0.2099,4,0.1,0.0187,MORTGAGE,EDUCATION,N,0
42,62500,0.9,3800,8.32,0.0608,4,0.1667,0.0051,RENT,PERSONAL,N,0
32,30900,2.8,20400,19.2,0.6602,11,0.7857,0.1268,MORTGAGE,MEDICAL,Y,1
43,99800,8.1,8200,10.43,0.0822,5,0.2,0.0086,MORTGAGE,DEBTCONSOLIDATION,N,0
49,26300,3.1,19800,19.37,0.7529,6,0.1935,0.1458,RENT,MEDICAL,Y,1
47,66000,,7800,12.82,0.1182,5,0.1724,0.0152,MORTGAGE,DEBTCONSOLIDATION,N,0
49,108000,0.5,15300,8.96,0.1417,2,0.0645,0.0127,RENT,DEBTCONSOLIDATION,N,0
38,52100,1.0,26500,18.29,0.5086,8,0.4,0.093,RENT,MEDICAL,Y,1
46,77400,5.8,17700,15.37,0.2287,7,0.25,0.0352,MORTGAGE,PERSONAL,N,0
29,64800,9.0,20700,12.32,0.3194,7,0.6364,0.0394,MORTGAGE,HOMEIMPROVEMENT,N,0
41,77000,9.8,15100,9.72,0.1961,3,0.1304,0.0191,MORTGAGE,MEDICAL,N,0
35,88200,3.1,15800,12.02,0.1791,3,0.1765,0.0215,MORTGAGE,HOMEIMPROVEMENT,N,0
37,40500,0.8,15100,16.92,0.3728,16,0.8421,0.0631,RENT,EDUCATION,N,0
70,34800,1.6,12200,16.58,0.3506,3,0.0577,0.0581,MORTGAGE,EDUCATION,N,0
52,107400,8.4,5600,10.36,0.0521,3,0.0882,0.0054,OTHER,VENTURE,N,0
45,34600,2.6,9500,13.67,0.2746,2,0.0741,0.0375,MORTGAGE,EDUCATION,N,1
39,44800,4.6,8000,8.43,0.1786,4,0.1905,0.0151,MORTGAGE,PERSONAL,N,0
48,28100,10.5,6200,10.44,0.2206,9,0.3,0.023,MORTGAGE,DEBTCONSOLIDATION,N,0
39,115000,2.4,15100,9.48,0.1313,8,0.381,0.0124,RENT,HOMEIMPROVEMENT,N,0
47,140000,1.6,26300,,0.1879,2,0.069,0.0238,RENT,MEDICAL,N,0
46,68100,1.1,4800,10.14,0.0705,6,0.2143,0.0071,RENT,MEDICAL,N,0
30,43000,,4800,12.29,0.1116,10,0.8333,0.0137,RENT,VENTURE,N,0
50,74800,5.3,12500,10.27,0.1671,2,0.0625,0.0172,MORTGAGE,VENTURE,N,0
50,49700,,3200,9.64,0.0644,7,0.2188,0.0062,MORTGAGE,PERSONAL,N,0
48,35900,3.4,8100,14.35,0.2256,6,0.2,0.0324,RENT,VENTURE,N,0
38,69500,0.8,23300,12.22,0.3353,3,0.15,0.041,RENT,MEDICAL,N,0
50,82500,0.6,18200,14.3,0.2206,7,0.2188,0.0315,OWN,DEBTCONSOLIDATION,N,0
50,76700,1.9,7100,9.77,0.0926,8,0.25,0.009,RENT,PERSONAL,N,0
47,50000,2.8,16800,15.32,0.336,12,0.4138,0.0515,MORTGAGE,MEDICAL,Y,0
27,65300,3.5,19800,15.66,0.3032,6,0.6667,0.0475,OTHER,DEBTCONSOLIDATION,Y,1
50,35900,7.4,22400,19.99,0.624,4,0.125,0.1247,MORTGAGE,PERSONAL,Y,1
49,74100,13.8,21500,11.53,0.2901,5,0.1613,0.0334,RENT,HOMEIMPROVEMENT,N,0
33,54600,3.9,19900,13.96,0.3645,6,0.4,0.0509,MORTGAGE,MEDICAL,N,0
36,43600,1.5,27200,15.64,0.6239,3,0.1667,0.0976,MORTGAGE,HOMEIMPROVEMENT,Y,1
40,64700,2.8,4500,10.44,0.0696,5,0.2273,0.0073,RENT,HOMEIMPROVEMENT,N,0
42,27700,4.1,24100,22.09,0.87,4,0.1667,0.1922,MORTGAGE,DEBTCONSOLIDATION,Y,1
38,104700,2.9,6000,,0.0573,4,0.2,0.0073,MORTGAGE,EDUCATION,N,0
39,44100,3.2,17500,15.11,0.3968,4,0.1905,0.06,RENT,EDUCATION,Y,1
37,26500,2.6,6100,11.93,0.2302,5,0.2632,0.0275,MORTGAGE,VENTURE,N,0
31,170200,9.8,25200,10.85,0.1481,4,0.3077,0.0161,RENT,DEBTCONSOLIDATION,N,0
61,23000,2.2,6300,11.77,0.2739,6,0.1395,0.0322,MORTGAGE,EDUCATION,N,0
50,43600,2.9,17600,14.52,0.4037,14,0.4375,0.0586,MORTGAGE,EDUCATION,N,0
48,135700,0.3,20000,12.36,0.1474,5,0.1667,0.0182,RENT,PERSONAL,N,0
32,82600,1.2,27100,14.77,0.3281,7,0.5,0.0485,MORTGAGE,MEDICAL,N,0
41,37800,,15200,17.4,0.4021,8,0.3478,0.07,MORTGAGE,DEBTCONSOLIDATION,Y,1
32,50100,3.8,11100,,0.2216,3,0.2143,0.0281,RENT,VENTURE,N,1
57,32700,8.7,11800,,0.3609,4,0.1026,0.0457,RENT,PERSONAL,N,0
29,106500,0.3,5400,6.47,0.0507,5,0.4545,0.0033,RENT,EDUCATION,N,0
43,61800,6.6,25000,16.12,0.4045,5,0.2,0.0652,RENT,DEBTCONSOLIDATION,Y,1
36,80700,3.5,13200,12.36,0.1636,4,0.2222,0.0202,MORTGAGE,EDUCATION,N,0
37,62600,1.5,16200,10.35,0.2588,7,0.3684,0.0268,RENT,MEDICAL,N,0
37,130300,1.5,6100,10.82,0.0468,10,0.5263,0.0051,RENT,VENTURE,N,0
26,96500,8.0,9400,7.62,0.0974,7,0.875,0.0074,RENT,EDUCATION,N,0
39,90200,3.2,17500,11.11,0.194,5,0.2381,0.0216,RENT,EDUCATION,N,0
36,138000,1.1,8900,12.28,0.0645,2,0.1111,0.0079,MORTGAGE,EDUCATION,N,0
44,70400,2.7,14300,14.66,0.2031,7,0.2692,0.0298,RENT,DEBTCONSOLIDATION,N,0
54,26200,,5700,10.85,0.2176,11,0.3056,0.0236,MORTGAGE,PERSONAL,N,0
60,67500,5.5,33500,12.4,0.4963,8,0.1905,0.0615,OTHER,MEDICAL,Y,0
33,77400,5.6,8300,9.29,0.1072,5,0.3333,0.01,RENT,HOMEIMPROVEMENT,N,0
54,37300,3.2,6400,14.8,0.1716,4,0.1111,0.0254,MORTGAGE,EDUCATION,N,0
56,38000,1.9,18900,19.76,0.4974,6,0.1579,0.0983,OTHER,EDUCATION,N,1
54,47100,2.0,10900,8.39,0.2314,5,0.1389,0.0194,RENT,EDUCATION,N,0
36,231900,3.1,10400,7.26,0.0448,4,0.2222,0.0033,RENT,MEDICAL,N,0
49,26800,18.2,13000,17.83,0.4851,2,0.0645,0.0865,MORTGAGE,PERSONAL,N,0
37,64200,5.5,13400,9.44,0.2087,12,0.6316,0.0197,OTHER,EDUCATION,N,0
57,92000,0.7,5500,11.77,0.0598,10,0.2564,0.007,OTHER,MEDICAL,N,0
39,50400,2.5,3600,9.46,0.0714,2,0.0952,0.0068,RENT,PERSONAL,N,0
37,62200,,12500,13.18,0.201,10,0.5263,0.0265,RENT,VENTURE,N,0
42,48500,6.5,3300,7.64,0.068,3,0.125,0.0052,RENT,PERSONAL,N,0
46,67500,7.4,9300,10.0,0.1378,11,0.3929,0.0138,RENT,DEBTCONSOLIDATION,N,0
53,39400,1.6,11600,13.02,0.2944,5,0.1429,0.0383,RENT,PERSONAL,N,0
56,66400,18.5,30000,15.13,0.4518,8,0.2105,0.0684,RENT,HOMEIMPROVEMENT,Y,0
48,66300,4.8,16600,11.13,0.2504,5,0.1667,0.0279,RENT,VENTURE,Y,0
44,37200,5.1,14400,14.37,0.3871,4,0.1538,0.0556,MORTGAGE,EDUCATION,Y,1
41,12000,1.3,6400,14.23,0.5333,6,0.2609,0.0759,MORTGAGE,VENTURE,N,0
42,149200,13.5,14500,9.91,0.0972,6,0.25,0.0096,MORTGAGE,PERSONAL,N,0
39,159700,0.2,23400,7.35,0.1465,5,0.2381,0.0108,OWN,PERSONAL,N,0
40,43800,2.9,8200,13.26,0.1872,4,0.1818,0.0248,MORTGAGE,MEDICAL,N,1
27,129400,9.0,23800,10.74,0.1839,9,1.0,0.0198,MORTGAGE,HOMEIMPROVEMENT,N,0
46,67000,5.1,8500,7.12,0.1269,4,0.1429,0.009,MORTGAGE,EDUCATION,N,0
48,84900,0.5,26600,12.83,0.3133,10,0.3333,0.0402,OWN,EDUCATION,N,0
43,82500,,20100,10.98,0.2436,11,0.44,0.0267,RENT,EDUCATION,N,0
46,121700,3.3,14700,6.95,0.1208,21,0.75,0.0084,MORTGAGE,HOMEIMPROVEMENT,N,0
30,40000,2.9,19600,17.62,0.49,12,1.0,0.0863,MORTGAGE,VENTURE,N,0
39,28900,3.5,18400,19.51,0.6367,15,0.7143,0.1242,MORTGAGE,EDUCATION,N,1
42,44200,1.7,22400,16.33,0.5068,6,0.25,0.0828,MORTGAGE,VENTURE,Y,1
38,48500,5.8,7100,,0.1464,4,0.2,0.0185,MORTGAGE,DEBTCONSOLIDATION,N,0
60,72100,0.3,9600,10.73,0.1331,5,0.119,0.0143,MORTGAGE,PERSONAL,Y,0
39,83400,16.0,27100,12.16,0.3249,4,0.1905,0.0395,OWN,VENTURE,N,0
37,47200,0.1,9800,8.58,0.2076,6,0.3158,0.0178,MORTGAGE,PERSONAL,Y,0
45,38700,0.2,12700,11.97,0.3282,6,0.2222,0.0393,RENT,MEDICAL,N,0
34,42900,0.2,6300,10.7,0.1469,2,0.125,0.0157,MORTGAGE,PERSONAL,N,0
44,103000,2.6,10000,9.95,0.0971,3,0.1154,0.0097,RENT,DEBTCONSOLIDATION,N,0
28,42700,5.9,32400,16.94,0.7588,5,0.5,0.1285,RENT,EDUCATION,Y,1
56,36200,6.2,16500,16.18,0.4558,6,0.1579,0.0737,RENT,MEDICAL,N,1
33,46200,0.2,13400,16.62,0.29,6,0.4,0.0482,MORTGAGE,DEBTCONSOLIDATION,Y,0
66,62900,5.7,20700,,0.3291,6,0.125,0.0417,MORTGAGE,VENTURE,N,0
31,56600,2.9,10400,8.26,0.1837,4,0.3077,0.0152,MORTGAGE,PERSONAL,N,0
45,43400,3.8,10200,10.74,0.235,6,0.2222,0.0252,MORTGAGE,EDUCATION,N,0
44,68100,7.0,12900,12.52,0.1894,9,0.3462,0.0237,RENT,PERSONAL,Y,0
41,19800,1.4,14700,19.23,0.7424,6,0.2609,0.1428,RENT,EDUCATION,N,1
38,41300,2.6,15000,16.24,0.3632,7,0.35,0.059,MORTGAGE,DEBTCONSOLIDATION,N,1
28,52100,10.0,16700,16.3,0.3205,5,0.5,0.0522,RENT,VENTURE,N,0
33,139900,13.0,11100,10.39,0.0793,4,0.2667,0.0082,RENT,MEDICAL,N,0
29,139700,,17200,8.45,0.1231,4,0.3636,0.0104,MORTGAGE,VENTURE,N,0
44,44900,4.0,21900,14.78,0.4878,11,0.4231,0.0721,MORTGAGE,VENTURE,N,1
39,12400,0.5,10200,21.27,0.8226,6,0.2857,0.175,MORTGAGE,HOMEIMPROVEMENT,Y,1
47,30700,1.1,22800,,0.7427,5,0.1724,0.094,RENT,DEBTCONSOLIDATION,Y,1
55,62400,1.6,11200,10.48,0.1795,5,0.1351,0.0188,RENT,EDUCATION,N,0
37,21900,5.6,15200,19.28,0.6941,2,0.1053,0.1338,RENT,DEBTCONSOLIDATION,N,1
39,37300,1.7,17300,16.2,0.4638,10,0.4762,0.0751,MORTGAGE,PERSONAL,N,0
48,53600,1.9,3800,10.21,0.0709,3,0.1,0.0072,RENT,MEDICAL,N,0
36,243000,3.3,12900,10.36,0.0531,6,0.3333,0.0055,RENT,MEDICAL,N,0
32,135500,3.3,29400,13.21,0.217,6,0.4286,0.0287,MORTGAGE,VENTURE,N,0
44,77800,13.7,3500,8.19,0.045,2,0.0769,0.0037,MORTGAGE,MEDICAL,N,0
35,24100,1.3,18800,16.76,0.7801,7,0.4118,0.1307,MORTGAGE,EDUCATION,N,1
39,74800,0.0,28700,17.05,0.3837,5,0.2381,0.0654,RENT,VENTURE,N,0
29,119300,3.8,17900,10.03,0.15,5,0.4545,0.015,OWN,EDUCATION,N,0
50,35500,3.0,12600,14.61,0.3549,8,0.25,0.0519,MORTGAGE,VENTURE,N,0
35,63600,2.1,23600,15.44,0.3711,2,0.1176,0.0573,RENT,DEBTCONSOLIDATION,N,0
43,74800,2.6,10100,7.12,0.135,3,0.12,0.0096,RENT,PERSONAL,N,0
45,50800,3.9,23300,15.32,0.4587,5,0.1852,0.0703,MORTGAGE,MEDICAL,N,0
31,85800,3.1,18100,9.95,0.211,9,0.6923,0.021,RENT,DEBTCONSOLIDATION,N,0
43,34000,0.8,11800,15.31,0.3471,4,0.16,0.0531,RENT,PERSONAL,N,0
38,88700,6.2,13300,11.01,0.1499,5,0.25,0.0165,RENT,PERSONAL,N,0
39,118200,1.5,13400,10.91,0.1134,7,0.3333,0.0124,RENT,MEDICAL,N,0
39,90100,0.3,8100,10.48,0.0899,8,0.381,0.0094,MORTGAGE,VENTURE,N,0
42,221700,23.0,13400,10.54,0.0604,4,0.1667,0.0064,OWN,PERSONAL,N,0
44,107400,11.6,28100,15.19,0.2616,12,0.4615,0.0397,MORTGAGE,VENTURE,N,0
63,50600,5.0,14600,13.44,0.2885,12,0.2667,0.0388,OWN,MEDICAL,N,1
50,26300,13.5,10200,13.74,0.3878,8,0.25,0.0533,RENT,HOMEIMPROVEMENT,N,1
33,40200,3.1,20700,17.76,0.5149,2,0.1333,0.0914,MORTGAGE,VENTURE,N,0
36,22800,7.4,23000,17.54,1.0088,9,0.5,0.1769,MORTGAGE,EDUCATION,N,1
44,43000,6.0,9200,9.44,0.214,6,0.2308,0.0202,MORTGAGE,PERSONAL,N,0
46,34400,1.5,9200,9.39,0.2674,4,0.1429,0.0251,RENT,EDUCATION,N,0
46,157200,0.8,12100,11.2,0.077,11,0.3929,0.0086,RENT,EDUCATION,N,0
36,118000,1.1,6300,8.74,0.0534,3,0.1667,0.0047,RENT,MEDICAL,N,0
43,26600,,11200,13.45,0.4211,3,0.12,0.0566,MORTGAGE,PERSONAL,Y,0
42,31400,3.2,19900,19.27,0.6338,5,0.2083,0.1221,RENT,PERSONAL,Y,1
47,44500,2.0,20700,15.52,0.4652,6,0.2069,0.0722,MORTGAGE,VENTURE,N,1
51,60900,12.1,33100,18.25,0.5435,3,0.0909,0.0992,RENT,VENTURE,N,1
62,43100,0.5,14000,12.25,0.3248,2,0.0455,0.0398,MORTGAGE,MEDICAL,N,0
30,39400,12.0,14900,16.18,0.3782,2,0.1667,0.0612,RENT,MEDICAL,Y,1
36,49600,11.1,5700,10.28,0.1149,6,0.3333,0.0118,MORTGAGE,HOMEIMPROVEMENT,N,0
52,52800,1.1,18700,11.53,0.3542,4,0.1176,0.0408,MORTGAGE,PERSONAL,N,1
44,129000,1.4,10300,10.33,0.0798,10,0.3846,0.0082,MORTGAGE,HOMEIMPROVEMENT,N,0
50,25400,9.6,11500,14.32,0.4528,6,0.1875,0.0648,RENT,EDUCATION,Y,1
43,43700,13.7,5400,9.51,0.1236,8,0.32,0.0118,RENT,EDUCATION,N,0
37,87600,11.4,7300,11.64,0.0833,2,0.1053,0.0097,RENT,DEBTCONSOLIDATION,Y,0
47,74200,1.1,6000,9.65,0.0809,5,0.1724,0.0078,MORTGAGE,EDUCATION,N,0
43,50500,1.3,21400,12.2,0.4238,13,0.52,0.0517,MORTGAGE,PERSONAL,N,0
39,88000,2.4,14900,9.5,0.1693,13,0.619,0.0161,MORTGAGE,HOMEIMPROVEMENT,N,0
42,57800,1.1,7700,,0.1332,16,0.6667,0.0169,MORTGAGE,EDUCATION,N,0
47,68700,0.3,22200,12.3,0.3231,3,0.1034,0.0397,RENT,VENTURE,Y,1
48,12500,11.0,5800,14.8,0.464,10,0.3333,0.0687,MORTGAGE,EDUCATION,Y,1
59,30200,0.1,11700,16.11,0.3874,8,0.1951,0.0624,MORTGAGE,PERSONAL,N,0
40,89900,,10200,12.43,0.1135,4,0.1818,0.0141,MORTGAGE,VENTURE,N,0
32,39500,4.2,15900,14.38,0.4025,6,0.4286,0.0579,MORTGAGE,HOMEIMPROVEMENT,N,0
42,25500,1.0,1700,8.37,0.0667,10,0.4167,0.0056,RENT,MEDICAL,N,0
42,102400,13.0,31000,12.2,0.3027,13,0.5417,0.0369,MORTGAGE,VENTURE,N,0
45,77500,4.1,28400,,0.3665,3,0.1111,0.0464,RENT,DEBTCONSOLIDATION,Y,1
47,41700,1.7,32400,19.73,0.777,6,0.2069,0.1533,MORTGAGE,HOMEIMPROVEMENT,N,1
52,112600,1.2,16400,9.89,0.1456,8,0.2353,0.0144,RENT,EDUCATION,N,0
53,67000,6.5,2900,6.14,0.0433,6,0.1714,0.0027,RENT,PERSONAL,N,0
57,15100,1.8,13400,21.72,0.8874,2,0.0513,0.1927,RENT,DEBTCONSOLIDATION,N,1
62,57200,8.9,20800,13.52,0.3636,5,0.1136,0.0492,RENT,EDUCATION,N,0
42,28100,2.7,13900,12.92,0.4947,8,0.3333,0.0639,RENT,HOMEIMPROVEMENT,Y,1
49,62200,8.1,8400,11.52,0.135,5,0.1613,0.0156,RENT,PERSONAL,N,0
42,107700,9.0,9400,5.74,0.0873,5,0.2083,0.005,MORTGAGE,PERSONAL,N,0
47,48000,3.6,9000,10.47,0.1875,2,0.069,0.0196,RENT,VENTURE,Y,0
46,90000,7.7,30800,15.17,0.3422,18,0.6429,0.0519,MORTGAGE,HOMEIMPROVEMENT,N,0
45,109100,1.4,26100,11.95,0.2392,10,0.3704,0.0286,MORTGAGE,EDUCATION,N,0
47,142200,0.5,1700,8.75,0.012,10,0.3448,0.001,RENT,PERSONAL,N,0
32,158800,3.5,4500,,0.0283,7,0.5,0.0036,RENT,DEBTCONSOLIDATION,N,0
42,44600,0.5,13800,12.59,0.3094,2,0.0833,0.039,RENT,HOMEIMPROVEMENT,N,0
43,74700,1.5,5200,7.02,0.0696,4,0.16,0.0049,MORTGAGE,MEDICAL,N,0
39,64000,11.1,7200,9.39,0.1125,4,0.1905,0.0106,RENT,PERSONAL,N,0
57,33000,5.3,15000,17.41,0.4545,9,0.2308,0.0791,MORTGAGE,MEDICAL,Y,1
70,33600,1.1,7100,12.28,0.2113,9,0.1731,0.0259,OWN,HOMEIMPROVEMENT,N,0
33,174900,1.1,21200,7.89,0.1212,8,0.5333,0.0096,OTHER,EDUCATION,N,0
37,84400,7.4,9300,11.11,0.1102,7,0.3684,0.0122,RENT,EDUCATION,N,1
61,33200,3.5,19500,17.01,0.5873,7,0.1628,0.0999,RENT,MEDICAL,Y,1
47,76600,6.9,31100,14.94,0.406,5,0.1724,0.0607,RENT,VENTURE,N,0
31,43400,0.4,28300,21.21,0.6521,5,0.3846,0.1383,MORTGAGE,PERSONAL,N,0
39,49300,9.4,10500,12.67,0.213,11,0.5238,0.027,RENT,VENTURE,Y,0
42,67000,19.8,9100,13.19,0.1358,4,0.1667,0.0179,MORTGAGE,DEBTCONSOLIDATION,N,0
45,59300,0.2,4600,9.47,0.0776,8,0.2963,0.0073,RENT,VENTURE,N,0
45,63900,4.0,21000,12.32,0.3286,3,0.1111,0.0405,MORTGAGE,VENTURE,N,0
44,165100,1.9,14000,5.72,0.0848,3,0.1154,0.0049,RENT,EDUCATION,N,0
47,84300,12.5,11000,9.79,0.1305,8,0.2759,0.0128,RENT,PERSONAL,N,0
54,31100,0.0,9700,12.66,0.3119,5,0.1389,0.0395,RENT,DEBTCONSOLIDATION,N,0
30,32700,5.7,15000,16.68,0.4587,7,0.5833,0.0765,OTHER,MEDICAL,N,0
60,27200,1.8,10500,13.0,0.386,7,0.1667,0.0502,RENT,VENTURE,N,0
52,50400,12.3,18600,11.62,0.369,6,0.1765,0.0429,MORTGAGE,VENTURE,N,0
52,57600,0.3,17200,,0.2986,8,0.2353,0.0378,RENT,VENTURE,N,0
37,45100,4.3,3900,5.59,0.0865,13,0.6842,0.0048,OWN,PERSONAL,N,0
36,79000,2.1,14000,12.45,0.1772,7,0.3889,0.0221,RENT,EDUCATION,N,0
32,37100,3.5,14800,17.99,0.3989,6,0.4286,0.0718,RENT,DEBTCONSOLIDATION,Y,0
41,23600,5.9,24900,18.92,1.0551,5,0.2174,0.1996,MORTGAGE,HOMEIMPROVEMENT,Y,1
42,71500,4.1,13100,,0.1832,4,0.1667,0.0232,MORTGAGE,EDUCATION,N,0
37,95200,9.8,8500,8.88,0.0893,12,0.6316,0.0079,MORTGAGE,HOMEIMPROVEMENT,N,0
61,36900,10.9,1900,12.45,0.0515,5,0.1163,0.0064,MORTGAGE,DEBTCONSOLIDATION,N,0
40,22300,,6600,14.65,0.296,7,0.3182,0.0434,MORTGAGE,DEBTCONSOLIDATION,N,0
48,27900,3.6,20800,20.19,0.7455,7,0.2333,0.1505,RENT,VENTURE,Y,1
38,116600,0.7,7000,6.89,0.06,5,0.25,0.0041,RENT,HOMEIMPROVEMENT,N,0
41,63200,3.3,16500,11.03,0.2611,8,0.3478,0.0288,RENT,MEDICAL,Y,1
49,42400,4.2,10800,11.36,0.2547,8,0.2581,0.0289,OWN,MEDICAL,N,0
47,33300,0.4,28700,18.9,0.8619,4,0.1379,0.1629,RENT,EDUCATION,Y,1
38,29100,6.7,20600,21.4,0.7079,12,0.6,0.1515,RENT,PERSONAL,Y,1
27,33800,9.0,12600,15.93,0.3728,7,0.7778,0.0594,RENT,PERSONAL,N,0
50,99500,5.2,29900,11.61,0.3005,15,0.4688,0.0349,MORTGAGE,PERSONAL,N,0
28,65400,8.0,12000,12.29,0.1835,4,0.4,0.0226,RENT,EDUCATION,N,0
43,36000,0.2,21200,17.56,0.5889,5,0.2,0.1034,RENT,PERSONAL,Y,0
25,72100,7.0,5800,11.99,0.0804,7,1.0,0.0096,OWN,MEDICAL,N,0
40,91300,8.3,17800,8.47,0.195,4,0.1818,0.0165,RENT,EDUCATION,N,0
36,50700,1.1,10700,9.62,0.211,9,0.5,0.0203,RENT,PERSONAL,N,0
70,66000,3.3,21300,12.64,0.3227,12,0.2308,0.0408,RENT,PERSONAL,N,0
56,59800,2.0,26600,19.15,0.4448,7,0.1842,0.0852,MORTGAGE,VENTURE,N,0
33,40600,0.7,13600,12.63,0.335,3,0.2,0.0423,RENT,VENTURE,N,0
60,117300,2.1,9000,11.78,0.0767,7,0.1667,0.009,MORTGAGE,DEBTCONSOLIDATION,N,0
46,63500,2.0,19500,,0.3071,4,0.1429,0.0389,MORTGAGE,VENTURE,N,0
51,78900,3.5,14500,13.49,0.1838,6,0.1818,0.0248,RENT,MEDICAL,N,1
34,54200,12.5,12400,9.95,0.2288,4,0.25,0.0228,MORTGAGE,EDUCATION,N,0
38,53000,6.7,14300,15.61,0.2698,10,0.5,0.0421,RENT,EDUCATION,Y,0
55,36600,7.7,13800,16.02,0.377,6,0.1622,0.0604,RENT,DEBTCONSOLIDATION,N,0
40,38400,4.5,7200,13.36,0.1875,2,0.0909,0.025,RENT,DEBTCONSOLIDATION,N,0
36,51100,1.2,12100,14.67,0.2368,5,0.2778,0.0347,RENT,VENTURE,N,0
45,121800,5.7,31100,11.65,0.2553,5,0.1852,0.0297,MORTGAGE,HOMEIMPROVEMENT,N,0
42,45000,2.0,5600,11.87,0.1244,6,0.25,0.0148,RENT,VENTURE,N,0
37,171700,3.8,13000,7.86,0.0757,10,0.5263,0.006,RENT,MEDICAL,N,0
52,26800,0.4,5400,8.72,0.2015,5,0.1471,0.0176,RENT,PERSONAL,Y,1
64,113500,0.8,6600,8.36,0.0581,11,0.2391,0.0049,RENT,VENTURE,N,0
45,33400,0.2,16200,14.04,0.485,12,0.4444,0.0681,MORTGAGE,EDUCATION,Y,0
37,32600,4.3,12400,16.74,0.3804,9,0.4737,0.0637,MORTGAGE,PERSONAL,Y,1
46,79900,0.3,5600,7.96,0.0701,4,0.1429,0.0056,MORTGAGE,HOMEIMPROVEMENT,N,0
58,54500,5.1,27400,19.62,0.5028,3,0.075,0.0986,MORTGAGE,VENTURE,Y,1
44,105200,9.3,11200,12.68,0.1065,2,0.0769,0.0135,OWN,DEBTCONSOLIDATION,N,0
45,113900,,11200,9.45,0.0983,3,0.1111,0.0093,MORTGAGE,MEDICAL,Y,0
38,150900,0.5,13100,10.93,0.0868,5,0.25,0.0095,MORTGAGE,VENTURE,N,0
40,83400,2.5,20700,13.7,0.2482,19,0.8636,0.034,RENT,EDUCATION,N,0
62,34900,0.2,5100,11.57,0.1461,6,0.1364,0.0169,RENT,PERSONAL,N,0
38,91300,10.3,13000,6.78,0.1424,10,0.5,0.0097,RENT,EDUCATION,N,0
55,118300,4.9,30700,13.3,0.2595,5,0.1351,0.0345,RENT,VENTURE,N,0
34,61400,7.8,17600,11.24,0.2866,3,0.1875,0.0322,RENT,DEBTCONSOLIDATION,Y,0
37,25600,0.0,14100,17.03,0.5508,5,0.2632,0.0938,OWN,EDUCATION,N,0
36,71800,1.7,14300,8.89,0.1992,2,0.1111,0.0177,MORTGAGE,MEDICAL,N,0
52,48000,6.3,10900,13.22,0.2271,5,0.1471,0.03,RENT,VENTURE,N,0
46,93900,5.9,19200,15.13,0.2045,10,0.3571,0.0309,MORTGAGE,MEDICAL,N,0
36,66400,0.6,11800,12.73,0.1777,7,0.3889,0.0226,MORTGAGE,EDUCATION,N,0
51,43900,2.9,8900,13.52,0.2027,4,0.1212,0.0274,RENT,DEBTCONSOLIDATION,Y,0
33,100200,0.3,18600,11.62,0.1856,6,0.4,0.0216,RENT,PERSONAL,N,0
31,38300,0.3,7200,8.07,0.188,13,1.0,0.0152,RENT,EDUCATION,Y,0
30,26300,5.4,11300,15.94,0.4297,7,0.5833,0.0685,MORTGAGE,HOMEIMPROVEMENT,N,0
57,25100,0.5,14700,21.15,0.5857,3,0.0769,0.1239,RENT,MEDICAL,N,1
70,26600,3.9,8000,12.43,0.3008,2,0.0385,0.0374,MORTGAGE,VENTURE,N,0
37,52700,3.6,23000,17.04,0.4364,4,0.2105,0.0744,RENT,VENTURE,N,1
41,60300,4.0,9000,9.88,0.1493,5,0.2174,0.0148,RENT,VENTURE,N,0
45,66500,4.8,15400,11.78,0.2316,4,0.1481,0.0273,RENT,HOMEIMPROVEMENT,N,1
55,250000,7.2,23500,11.36,0.094,8,0.2162,0.0107,MORTGAGE,MEDICAL,N,0
31,28400,1.6,19300,19.3,0.6796,5,0.3846,0.1312,RENT,EDUCATION,Y,0
48,45500,3.9,7600,6.23,0.167,11,0.3667,0.0104,MORTGAGE,MEDICAL,N,0
48,36700,2.9,7200,9.33,0.1962,2,0.0667,0.0183,MORTGAGE,MEDICAL,N,0
47,22400,4.7,21100,17.92,0.942,11,0.3793,0.1688,RENT,PERSONAL,N,1
51,63800,3.1,23400,18.42,0.3668,10,0.303,0.0676,OWN,VENTURE,N,0
38,62300,9.3,14600,12.88,0.2343,14,0.7,0.0302,RENT,DEBTCONSOLIDATION,N,0
36,55600,15.7,8500,11.68,0.1529,3,0.1667,0.0179,RENT,EDUCATION,N,0
55,56300,2.9,22100,14.33,0.3925,10,0.2703,0.0562,MORTGAGE,VENTURE,N,0
34,55600,1.3,27100,,0.4874,12,0.75,0.0617,RENT,EDUCATION,N,0
44,13300,11.1,8800,20.32,0.6617,2,0.0769,0.1345,RENT,VENTURE,Y,1
48,83600,4.4,15100,9.67,0.1806,11,0.3667,0.0175,MORTGAGE,MEDICAL,N,0
48,84500,0.7,17500,11.27,0.2071,2,0.0667,0.0233,MORTGAGE,MEDICAL,N,0
33,145100,15.0,11000,9.19,0.0758,2,0.1333,0.007,RENT,MEDICAL,N,0
41,48900,3.2,23300,15.48,0.4765,4,0.1739,0.0738,MORTGAGE,PERSONAL,N,1
47,67800,8.1,10800,11.69,0.1593,7,0.2414,0.0186,MORTGAGE,MEDICAL,N,0
52,135500,17.3,9900,9.2,0.0731,2,0.0588,0.0067,MORTGAGE,VENTURE,N,0
43,27900,5.6,9100,15.74,0.3262,8,0.32,0.0513,RENT,DEBTCONSOLIDATION,N,1
39,59600,2.0,15900,9.46,0.2668,7,0.3333,0.0252,RENT,MEDICAL,N,0
62,137500,0.1,5800,11.63,0.0422,3,0.0682,0.0049,RENT,VENTURE,N,0
46,112500,1.3,23200,12.16,0.2062,4,0.1429,0.0251,OWN,EDUCATION,N,0
61,32000,0.7,18400,18.37,0.575,2,0.0465,0.1056,RENT,VENTURE,Y,1
26,92600,1.0,17600,13.52,0.1901,8,1.0,0.0257,MORTGAGE,PERSONAL,N,1
33,80200,3.1,10100,7.66,0.1259,6,0.4,0.0096,OWN,MEDICAL,N,0
50,100000,2.2,16300,6.61,0.163,3,0.0938,0.0108,MORTGAGE,PERSONAL,N,0
64,71500,2.3,15700,14.3,0.2196,2,0.0435,0.0314,RENT,DEBTCONSOLIDATION,N,0
45,133400,4.4,20100,12.51,0.1507,11,0.4074,0.0189,MORTGAGE,MEDICAL,N,0
42,32900,1.1,6000,13.27,0.1824,4,0.1667,0.0242,MORTGAGE,VENTURE,N,0
49,84800,3.2,19100,13.23,0.2252,5,0.1613,0.0298,MORTGAGE,PERSONAL,N,0
41,82400,0.3,14800,8.29,0.1796,16,0.6957,0.0149,MORTGAGE,MEDICAL,Y,0
35,135800,4.3,12200,8.38,0.0898,9,0.5294,0.0075,MORTGAGE,VENTURE,Y,0
40,66400,6.3,19800,14.81,0.2982,5,0.2273,0.0442,MORTGAGE,MEDICAL,N,0
41,30700,7.5,27700,22.04,0.9023,5,0.2174,0.1989,MORTGAGE,PERSONAL,N,1
35,40900,0.2,24500,17.32,0.599,14,0.8235,0.1037,RENT,EDUCATION,Y,1
48,86000,2.3,18600,10.96,0.2163,2,0.0667,0.0237,RENT,EDUCATION,N,0
55,44300,,17700,16.69,0.3995,9,0.2432,0.0667,RENT,EDUCATION,N,1
47,68500,6.4,31300,16.8,0.4569,3,0.1034,0.0768,MORTGAGE,PERSONAL,N,0
44,60000,2.7,11500,,0.1917,8,0.3077,0.0243,RENT,MEDICAL,Y,0
50,28300,2.9,28900,21.04,1.0212,11,0.3438,0.2149,RENT,VENTURE,N,1
42,91300,1.0,17300,9.24,0.1895,5,0.2083,0.0175,MORTGAGE,HOMEIMPROVEMENT,N,0
51,49100,2.1,11700,13.58,0.2383,7,0.2121,0.0324,RENT,EDUCATION,N,0
41,33200,10.0,24900,22.51,0.75,5,0.2174,0.1688,RENT,DEBTCONSOLIDATION,N,1
49,111200,0.9,20900,11.25,0.1879,2,0.0645,0.0211,RENT,PERSONAL,N,0
32,44800,2.7,8300,11.86,0.1853,7,0.5,0.022,MORTGAGE,EDUCATION,Y,0
43,82700,4.5,17700,8.82,0.214,9,0.36,0.0189,MORTGAGE,HOMEIMPROVEMENT,N,0
68,72900,1.8,29100,13.48,0.3992,3,0.06,0.0538,RENT,HOMEIMPROVEMENT,Y,1
41,26000,9.6,32300,19.11,1.2423,11,0.4783,0.2374,MORTGAGE,VENTURE,N,1
32,43300,,10200,12.52,0.2356,3,0.2143,0.0295,MORTGAGE,PERSONAL,N,0
29,93400,5.9,15300,10.69,0.1638,11,1.0,0.0175,RENT,MEDICAL,N,0
38,108800,18.3,11600,,0.1066,5,0.25,0.0135,RENT,EDUCATION,N,0
44,68000,0.6,8700,9.78,0.1279,4,0.1538,0.0125,OWN,PERSONAL,N,0
39,51200,6.9,9200,13.84,0.1797,3,0.1429,0.0249,RENT,VENTURE,Y,0
43,61600,,10600,,0.1721,4,0.16,0.0218,RENT,VENTURE,N,0
64,119100,2.1,12100,8.23,0.1016,11,0.2391,0.0084,MORTGAGE,PERSONAL,N,0
42,46500,11.4,28600,20.73,0.6151,6,0.25,0.1275,RENT,VENTURE,N,1
55,57400,2.3,18100,11.99,0.3153,2,0.0541,0.0378,MORTGAGE,DEBTCONSOLIDATION,N,0
48,44300,7.3,17400,17.4,0.3928,5,0.1667,0.0683,MORTGAGE,PERSONAL,N,0
46,100300,6.3,7500,8.06,0.0748,5,0.1786,0.006,RENT,DEBTCONSOLIDATION,N,0
40,40700,0.1,5700,11.98,0.14,6,0.2727,0.0168,RENT,MEDICAL,N,1
50,71400,1.3,13200,12.53,0.1849,13,0.4062,0.0232,RENT,EDUCATION,N,0
48,91900,6.6,19300,15.48,0.21,9,0.3,0.0325,RENT,EDUCATION,N,0
44,73300,7.2,9500,10.86,0.1296,5,0.1923,0.0141,RENT,PERSONAL,N,0
39,49800,11.4,12300,12.87,0.247,6,0.2857,0.0318,RENT,HOMEIMPROVEMENT,N,0
47,81600,12.8,8100,,0.0993,9,0.3103,0.0126,RENT,EDUCATION,N,0
44,126800,19.4,19900,12.77,0.1569,10,0.3846,0.02,MORTGAGE,HOMEIMPROVEMENT,N,0
44,25400,1.4,5500,13.24,0.2165,11,0.4231,0.0287,OWN,PERSONAL,N,0
67,26400,1.3,19900,21.77,0.7538,2,0.0408,0.1641,RENT,DEBTCONSOLIDATION,Y,1
44,47400,6.0,20800,16.57,0.4388,2,0.0769,0.0727,RENT,HOMEIMPROVEMENT,N,1
49,41600,1.8,8000,18.72,0.1923,9,0.2903,0.036,MORTGAGE,EDUCATION,N,1
43,49900,0.2,13800,11.72,0.2766,3,0.12,0.0324,MORTGAGE,VENTURE,N,0
30,31100,2.4,17800,15.34,0.5723,3,0.25,0.0878,MORTGAGE,EDUCATION,Y,1
37,69800,2.9,17400,14.48,0.2493,4,0.2105,0.0361,RENT,MEDICAL,N,0
40,31000,3.2,18800,16.92,0.6065,6,0.2727,0.1026,MORTGAGE,MEDICAL,N,1
34,106500,5.4,27200,11.99,0.2554,4,0.25,0.0306,MORTGAGE,VENTURE,N,0
29,204000,5.6,12500,8.17,0.0613,5,0.4545,0.005,MORTGAGE,MEDICAL,N,0
37,90300,1.3,25800,14.38,0.2857,4,0.2105,0.0411,MORTGAGE,PERSONAL,Y,0
46,69900,14.4,17800,14.88,0.2546,2,0.0714,0.0379,OWN,MEDICAL,N,0
45,56500,3.3,7700,9.42,0.1363,5,0.1852,0.0128,OWN,EDUCATION,N,0
36,29300,12.7,7400,12.77,0.2526,2,0.1111,0.0323,MORTGAGE,VENTURE,N,0
54,137900,0.0,16500,10.09,0.1197,9,0.25,0.0121,RENT,EDUCATION,N,0
47,98900,1.2,9100,9.17,0.092,9,0.3103,0.0084,RENT,HOMEIMPROVEMENT,N,1
45,29500,,7700,15.45,0.261,4,0.1481,0.0403,RENT,DEBTCONSOLIDATION,N,1
59,22500,2.0,15600,20.44,0.6933,3,0.0732,0.1417,RENT,EDUCATION,Y,1
32,97900,2.9,8700,,0.0889,5,0.3571,0.0113,MORTGAGE,EDUCATION,N,0
37,111400,0.9,17300,13.22,0.1553,14,0.7368,0.0205,RENT,PERSONAL,N,0
32,75600,2.7,6300,10.78,0.0833,10,0.7143,0.009,MORTGAGE,VENTURE,N,0
50,27500,3.2,20100,22.35,0.7309,7,0.2188,0.1634,RENT,EDUCATION,Y,1
33,76200,14.5,18800,11.49,0.2467,8,0.5333,0.0283,MORTGAGE,HOMEIMPROVEMENT,Y,0
38,97000,,8400,9.48,0.0866,5,0.25,0.0082,RENT,MEDICAL,N,0
57,49800,4.6,13700,10.68,0.2751,5,0.1282,0.0294,RENT,PERSONAL,N,0
60,58500,1.5,18100,11.89,0.3094,8,0.1905,0.0368,MORTGAGE,EDUCATION,N,0
52,70800,4.7,9700,10.02,0.137,6,0.1765,0.0137,RENT,EDUCATION,N,0
34,119800,1.2,30300,13.79,0.2529,3,0.1875,0.0349,MORTGAGE,HOMEIMPROVEMENT,N,0
69,48500,0.6,5700,13.84,0.1175,8,0.1569,0.0163,RENT,VENTURE,N,0
32,63800,0.4,18900,15.55,0.2962,7,0.5,0.0461,OWN,DEBTCONSOLIDATION,N,0
48,75300,3.7,3300,6.16,0.0438,5,0.1667,0.0027,RENT,MEDICAL,N,0
35,62700,6.0,12900,10.57,0.2057,5,0.2941,0.0217,RENT,HOMEIMPROVEMENT,N,1
44,73200,1.4,17500,12.78,0.2391,8,0.3077,0.0306,MORTGAGE,HOMEIMPROVEMENT,N,0
38,69200,8.9,8900,12.44,0.1286,4,0.2,0.016,RENT,VENTURE,Y,0
59,145200,3.1,19200,12.01,0.1322,8,0.1951,0.0159,RENT,EDUCATION,N,0
59,82300,2.0,12600,13.21,0.1531,8,0.1951,0.0202,MORTGAGE,VENTURE,N,0
46,119000,2.6,13900,10.99,0.1168,13,0.4643,0.0128,MORTGAGE,EDUCATION,N,0
44,95900,6.6,14700,11.55,0.1533,2,0.0769,0.0177,MORTGAGE,HOMEIMPROVEMENT,N,0
44,79400,15.7,22400,14.72,0.2821,14,0.5385,0.0415,RENT,VENTURE,N,0
57,51500,2.6,15000,12.39,0.2913,5,0.1282,0.0361,RENT,VENTURE,Y,0
36,48100,4.0,25800,22.31,0.5364,5,0.2778,0.1197,MORTGAGE,EDUCATION,Y,1
70,57400,2.6,10900,10.41,0.1899,6,0.1154,0.0198,RENT,VENTURE,N,1
49,49100,1.1,10200,12.51,0.2077,11,0.3548,0.026,RENT,EDUCATION,N,1
57,77600,9.6,11600,10.84,0.1495,4,0.1026,0.0162,RENT,DEBTCONSOLIDATION,N,0
55,36700,3.5,8400,13.72,0.2289,3,0.0811,0.0314,RENT,EDUCATION,N,0
43,39400,11.3,13700,14.61,0.3477,6,0.24,0.0508,RENT,EDUCATION,Y,0
37,52000,1.0,17200,14.26,0.3308,19,1.0,0.0472,MORTGAGE,EDUCATION,N,0
49,49700,17.3,22200,18.63,0.4467,8,0.2581,0.0832,RENT,EDUCATION,Y,1
41,30300,12.1,7500,13.19,0.2475,2,0.087,0.0326,RENT,VENTURE,N,0
41,47100,5.0,20400,15.14,0.4331,8,0.3478,0.0656,RENT,EDUCATION,N,0
43,50900,12.3,10800,12.06,0.2122,10,0.4,0.0256,MORTGAGE,EDUCATION,N,0
45,65700,3.4,19500,13.61,0.2968,3,0.1111,0.0404,MORTGAGE,EDUCATION,N,0
47,32700,2.8,8200,11.49,0.2508,6,0.2069,0.0288,RENT,HOMEIMPROVEMENT,N,0
48,47500,7.8,18600,16.78,0.3916,10,0.3333,0.0657,MORTGAGE,MEDICAL,N,0
32,35300,4.8,27200,17.92,0.7705,7,0.5,0.1381,MORTGAGE,EDUCATION,Y,1
53,77100,5.6,9000,11.16,0.1167,4,0.1143,0.013,MORTGAGE,VENTURE,N,0
43,90900,13.0,6400,8.11,0.0704,4,0.16,0.0057,MORTGAGE,PERSONAL,N,0
40,37700,1.0,9400,10.72,0.2493,4,0.1818,0.0267,MORTGAGE,PERSONAL,Y,0
35,82900,1.0,10300,7.82,0.1242,16,0.9412,0.0097,RENT,MEDICAL,N,0
36,28400,2.9,2500,7.81,0.088,5,0.2778,0.0069,OTHER,DEBTCONSOLIDATION,N,0
33,54200,14.5,28000,17.07,0.5166,2,0.1333,0.0882,MORTGAGE,HOMEIMPROVEMENT,Y,1
57,42000,2.5,7500,10.39,0.1786,4,0.1026,0.0186,MORTGAGE,EDUCATION,N,0
33,69100,5.8,7300,9.58,0.1056,15,1.0,0.0101,OWN,DEBTCONSOLIDATION,Y,0
45,29000,6.5,22600,19.3,0.7793,12,0.4444,0.1504,RENT,MEDICAL,Y,1
36,22100,4.2,31700,20.58,1.4344,18,1.0,0.2952,MORTGAGE,DEBTCONSOLIDATION,Y,1
51,37400,1.5,14000,12.95,0.3743,7,0.2121,0.0485,MORTGAGE,PERSONAL,N,0
49,65900,0.2,11500,9.56,0.1745,11,0.3548,0.0167,OTHER,EDUCATION,N,0
47,163700,0.9,3100,8.2,0.0189,7,0.2414,0.0015,OWN,VENTURE,N,0
56,61000,11.9,30300,16.89,0.4967,6,0.1579,0.0839,MORTGAGE,EDUCATION,N,0
70,33300,0.5,3800,6.25,0.1141,4,0.0769,0.0071,RENT,EDUCATION,Y,0
36,74500,1.8,10500,8.86,0.1409,4,0.2222,0.0125,MORTGAGE,MEDICAL,N,0
58,30100,3.6,20000,21.29,0.6645,5,0.125,0.1415,OTHER,EDUCATION,Y,1
50,37700,8.0,19400,,0.5146,4,0.125,0.0651,RENT,EDUCATION,N,1
59,44700,4.8,14500,12.42,0.3244,4,0.0976,0.0403,RENT,MEDICAL,N,0
36,26500,6.4,12200,14.97,0.4604,5,0.2778,0.0689,OWN,VENTURE,N,0
48,42800,6.2,27800,19.37,0.6495,2,0.0667,0.1258,RENT,EDUCATION,Y,1
39,46100,1.6,10200,11.02,0.2213,5,0.2381,0.0244,MORTGAGE,EDUCATION,N,0
53,47800,2.6,20100,16.69,0.4205,3,0.0857,0.0702,RENT,PERSONAL,N,1
38,96700,0.4,20700,15.27,0.2141,5,0.25,0.0327,RENT,PERSONAL,N,0
56,36100,1.8,8800,14.43,0.2438,3,0.0789,0.0352,RENT,VENTURE,N,0
33,77500,4.8,16400,15.45,0.2116,5,0.3333,0.0327,RENT,VENTURE,Y,0
46,55000,0.7,8300,11.24,0.1509,8,0.2857,0.017,RENT,EDUCATION,N,0
45,42700,1.2,14700,15.59,0.3443,5,0.1852,0.0537,MORTGAGE,DEBTCONSOLIDATION,N,0
43,56300,1.1,17500,14.97,0.3108,6,0.24,0.0465,MORTGAGE,DEBTCONSOLIDATION,N,0
47,66600,0.9,10700,10.9,0.1607,8,0.2759,0.0175,MORTGAGE,EDUCATION,N,0
46,43400,0.9,16700,15.87,0.3848,6,0.2143,0.0611,MORTGAGE,PERSONAL,N,1
60,37400,1.6,21000,21.17,0.5615,2,0.0476,0.1189,OWN,EDUCATION,N,1
44,21000,3.5,7700,11.93,0.3667,5,0.1923,0.0437,RENT,MEDICAL,N,0
62,53000,1.6,7400,10.1,0.1396,5,0.1136,0.0141,RENT,PERSONAL,N,0
35,28700,3.1,6300,12.7,0.2195,10,0.5882,0.0279,MORTGAGE,MEDICAL,N,0
40,143900,10.8,10600,13.63,0.0737,2,0.0909,0.01,MORTGAGE,DEBTCONSOLIDATION,N,0
43,22300,0.8,13400,22.95,0.6009,11,0.44,0.1379,MORTGAGE,DEBTCONSOLIDATION,N,1
62,119500,5.6,18700,,0.1565,3,0.0682,0.0198,OWN,EDUCATION,N,0
57,105900,1.1,26500,13.47,0.2502,5,0.1282,0.0337,MORTGAGE,VENTURE,Y,0
49,64600,2.5,13300,12.66,0.2059,5,0.1613,0.0261,RENT,VENTURE,N,0
42,48300,1.4,16600,13.28,0.3437,5,0.2083,0.0456,RENT,PERSONAL,N,0
41,54900,3.3,12600,11.38,0.2295,2,0.087,0.0261,MORTGAGE,MEDICAL,N,0
46,133500,7.5,11000,9.8,0.0824,2,0.0714,0.0081,MORTGAGE,EDUCATION,N,0
32,82900,4.1,14500,14.73,0.1749,10,0.7143,0.0258,MORTGAGE,VENTURE,N,0
49,23500,2.9,26500,19.14,1.1277,11,0.3548,0.2158,MORTGAGE,EDUCATION,Y,1
49,37300,11.7,5000,8.17,0.134,8,0.2581,0.0109,MORTGAGE,MEDICAL,N,0
43,59400,10.2,13000,10.69,0.2189,8,0.32,0.0234,RENT,VENTURE,N,0
42,120200,1.5,16500,10.18,0.1373,10,0.4167,0.014,MORTGAGE,HOMEIMPROVEMENT,N,0
48,58800,0.4,28900,17.82,0.4915,5,0.1667,0.0876,MORTGAGE,VENTURE,N,0
53,48100,3.7,12700,13.08,0.264,2,0.0571,0.0345,RENT,HOMEIMPROVEMENT,N,0
36,31700,11.0,22800,19.87,0.7192,6,0.3333,0.1429,MORTGAGE,VENTURE,Y,1
41,15600,0.6,17300,19.11,1.109,9,0.3913,0.2119,RENT,VENTURE,N,1
42,23200,,13200,15.09,0.569,10,0.4167,0.0859,RENT,EDUCATION,Y,1
38,79300,0.2,4300,8.78,0.0542,4,0.2,0.0048,RENT,EDUCATION,N,0
43,84300,2.4,15000,8.25,0.1779,14,0.56,0.0147,MORTGAGE,HOMEIMPROVEMENT,N,0
31,96500,1.4,23200,11.73,0.2404,4,0.3077,0.0282,RENT,HOMEIMPROVEMENT,Y,1
58,106500,6.8,8700,7.25,0.0817,5,0.125,0.0059,MORTGAGE,HOMEIMPROVEMENT,N,0
43,51800,6.5,15000,,0.2896,2,0.08,0.0367,MORTGAGE,EDUCATION,N,0
46,70100,7.5,27100,15.36,0.3866,13,0.4643,0.0594,MORTGAGE,PERSONAL,N,0
52,120400,14.6,10500,10.49,0.0872,7,0.2059,0.0091,MORTGAGE,PERSONAL,N,0
44,74900,26.0,24500,15.31,0.3271,2,0.0769,0.0501,OWN,VENTURE,Y,0
58,71800,18.6,13100,10.69,0.1825,10,0.25,0.0195,RENT,EDUCATION,N,0
40,51800,10.2,12900,11.44,0.249,5,0.2273,0.0285,MORTGAGE,PERSONAL,N,0
46,121500,5.5,5200,9.29,0.0428,6,0.2143,0.004,RENT,DEBTCONSOLIDATION,N,0
52,99600,19.4,11800,6.54,0.1185,2,0.0588,0.0077,RENT,HOMEIMPROVEMENT,N,0
46,30800,22.1,7700,10.38,0.25,2,0.0714,0.026,RENT,MEDICAL,N,1
38,118400,20.0,8700,7.87,0.0735,8,0.4,0.0058,OTHER,VENTURE,N,0
43,22300,6.6,32700,15.73,1.4664,3,0.12,0.2307,MORTGAGE,HOMEIMPROVEMENT,N,1
33,88300,5.0,29800,,0.3375,5,0.3333,0.0427,MORTGAGE,VENTURE,N,0
60,53300,8.4,5100,11.33,0.0957,10,0.2381,0.0108,RENT,DEBTCONSOLIDATION,N,0
42,67600,6.7,15900,18.49,0.2352,5,0.2083,0.0435,MORTGAGE,DEBTCONSOLIDATION,N,0
53,29300,3.0,15600,21.73,0.5324,9,0.2571,0.1157,RENT,MEDICAL,Y,1
50,78300,3.2,21800,13.39,0.2784,5,0.1562,0.0373,RENT,EDUCATION,N,1
48,58800,,19000,13.78,0.3231,10,0.3333,0.0445,MORTGAGE,VENTURE,N,0
52,79900,2.6,11800,9.33,0.1477,6,0.1765,0.0138,RENT,MEDICAL,N,0
63,85900,0.6,14400,12.84,0.1676,10,0.2222,0.0215,RENT,VENTURE,N,0
59,80600,13.0,19900,14.89,0.2469,10,0.2439,0.0368,MORTGAGE,VENTURE,N,0
54,126500,11.9,15500,11.33,0.1225,13,0.3611,0.0139,MORTGAGE,HOMEIMPROVEMENT,N,0
45,159900,3.5,6300,5.46,0.0394,7,0.2593,0.0022,RENT,PERSONAL,N,0
59,87200,7.5,27700,13.32,0.3177,8,0.1951,0.0423,RENT,EDUCATION,N,0
44,66900,1.9,18600,12.79,0.278,6,0.2308,0.0356,RENT,MEDICAL,N,0
48,62100,0.0,21900,14.81,0.3527,14,0.4667,0.0522,RENT,EDUCATION,Y,0
38,27800,5.8,3500,7.7,0.1259,2,0.1,0.0097,MORTGAGE,PERSONAL,N,0
32,95200,14.0,7900,7.63,0.083,9,0.6429,0.0063,RENT,DEBTCONSOLIDATION,N,0
54,30700,1.1,25600,18.61,0.8339,4,0.1111,0.1552,RENT,VENTURE,Y,0
45,41700,2.2,25400,18.46,0.6091,13,0.4815,0.1124,MORTGAGE,EDUCATION,Y,1
56,40600,6.5,9500,11.72,0.234,5,0.1316,0.0274,MORTGAGE,MEDICAL,N,0
48,17300,14.0,27700,20.1,1.6012,6,0.2,0.3218,OWN,EDUCATION,N,1
47,38800,6.3,8100,10.66,0.2088,6,0.2069,0.0223,RENT,EDUCATION,N,0
48,57400,12.4,6400,7.51,0.1115,7,0.2333,0.0084,MORTGAGE,EDUCATION,N,0
42,66900,3.4,29700,17.22,0.4439,7,0.2917,0.0764,MORTGAGE,PERSONAL,N,1
36,33000,6.6,12600,10.84,0.3818,3,0.1667,0.0414,OWN,PERSONAL,Y,1
35,47400,1.1,4900,8.56,0.1034,8,0.4706,0.0089,RENT,VENTURE,N,0
37,121600,2.8,13500,7.95,0.111,9,0.4737,0.0088,MORTGAGE,MEDICAL,N,0
41,46000,4.6,7100,10.99,0.1543,11,0.4783,0.017,RENT,PERSONAL,N,0
48,50200,,24500,,0.488,6,0.2,0.0618,MORTGAGE,DEBTCONSOLIDATION,N,0
38,38600,4.6,10500,12.79,0.272,4,0.2,0.0348,MORTGAGE,DEBTCONSOLIDATION,N,0
36,51600,5.3,23800,17.65,0.4612,4,0.2222,0.0814,RENT,PERSONAL,Y,1
42,25300,4.5,21500,21.0,0.8498,13,0.5417,0.1785,RENT,VENTURE,N,0
43,48700,4.8,13500,12.49,0.2772,3,0.12,0.0346,MORTGAGE,EDUCATION,N,0
40,48800,7.7,4400,9.74,0.0902,5,0.2273,0.0088,MORTGAGE,EDUCATION,N,0
45,25500,11.1,20800,21.93,0.8157,7,0.2593,0.1789,OWN,PERSONAL,N,1
43,51200,7.2,16300,12.26,0.3184,4,0.16,0.039,MORTGAGE,VENTURE,N,1
46,68700,10.5,18500,15.24,0.2693,2,0.0714,0.041,MORTGAGE,VENTURE,N,0
43,18200,15.8,8700,14.94,0.478,11,0.44,0.0714,MORTGAGE,VENTURE,Y,0
66,55700,4.7,18000,15.79,0.3232,6,0.125,0.051,MORTGAGE,EDUCATION,N,1
56,43000,,5200,,0.1209,7,0.1842,0.0153,OTHER,MEDICAL,N,0
46,29600,5.9,15800,15.67,0.5338,3,0.1071,0.0836,RENT,PERSONAL,N,1
45,27100,3.0,10200,18.34,0.3764,8,0.2963,0.069,RENT,HOMEIMPROVEMENT,N,1
57,18500,1.5,26100,18.45,1.4108,13,0.3333,0.2603,RENT,MEDICAL,N,1
37,59100,3.8,22800,19.03,0.3858,2,0.1053,0.0734,RENT,DEBTCONSOLIDATION,Y,1
47,22200,4.8,9100,,0.4099,14,0.4828,0.0519,MORTGAGE,DEBTCONSOLIDATION,Y,1
38,12000,1.8,13000,15.57,1.0833,4,0.2,0.1687,RENT,MEDICAL,Y,1
44,50800,0.1,14400,15.21,0.2835,9,0.3462,0.0431,MORTGAGE,EDUCATION,N,0
57,49300,14.2,12900,12.09,0.2617,5,0.1282,0.0316,RENT,PERSONAL,Y,0
51,156400,4.7,6300,7.31,0.0403,6,0.1818,0.0029,RENT,VENTURE,N,0
60,250000,1.9,18300,,0.0732,8,0.1905,0.0093,MORTGAGE,DEBTCONSOLIDATION,N,0
36,72300,8.8,8500,12.89,0.1176,7,0.3889,0.0152,MORTGAGE,EDUCATION,N,0
43,56000,0.8,12100,10.89,0.2161,13,0.52,0.0235,MORTGAGE,PERSONAL,N,0
47,63600,5.6,15900,10.98,0.25,11,0.3793,0.0274,RENT,VENTURE,N,0
38,32500,6.6,24000,16.73,0.7385,16,0.8,0.1236,MORTGAGE,VENTURE,Y,1
43,48100,,18100,15.81,0.3763,3,0.12,0.0595,RENT,DEBTCONSOLIDATION,N,0
60,99800,0.8,13800,9.07,0.1383,3,0.0714,0.0125,MORTGAGE,PERSONAL,N,0
47,38500,3.0,10100,12.61,0.2623,4,0.1379,0.0331,RENT,DEBTCONSOLIDATION,N,0
50,50600,6.4,24700,17.12,0.4881,3,0.0938,0.0836,RENT,HOMEIMPROVEMENT,N,0
55,28600,2.3,16900,18.43,0.5909,7,0.1892,0.1089,RENT,HOMEIMPROVEMENT,Y,1
57,79300,6.4,8600,8.3,0.1084,2,0.0513,0.009,RENT,MEDICAL,N,0
46,70100,3.0,8200,7.14,0.117,3,0.1071,0.0084,MORTGAGE,MEDICAL,N,0
63,69600,5.7,16700,10.2,0.2399,7,0.1556,0.0245,RENT,EDUCATION,Y,0
35,143400,6.7,5600,11.89,0.0391,4,0.2353,0.0046,MORTGAGE,VENTURE,N,0
49,90300,7.2,24200,10.04,0.268,7,0.2258,0.0269,RENT,HOMEIMPROVEMENT,N,0
47,39500,1.6,14400,12.19,0.3646,7,0.2414,0.0444,RENT,VENTURE,N,0
46,45600,0.8,27400,19.79,0.6009,7,0.25,0.1189,MORTGAGE,EDUCATION,Y,1
56,66400,3.2,18800,11.51,0.2831,6,0.1579,0.0326,OWN,PERSONAL,N,0
41,58600,5.7,5400,7.37,0.0922,2,0.087,0.0068,RENT,EDUCATION,N,0
44,25700,,4600,13.18,0.179,15,0.5769,0.0236,RENT,VENTURE,N,0
44,47000,2.4,9800,,0.2085,13,0.5,0.0264,RENT,EDUCATION,N,0
36,47100,2.1,14700,13.48,0.3121,5,0.2778,0.0421,MORTGAGE,DEBTCONSOLIDATION,N,0
68,134600,1.9,30800,10.07,0.2288,8,0.16,0.023,MORTGAGE,MEDICAL,N,0
33,42500,0.3,4300,,0.1012,4,0.2667,0.0128,RENT,VENTURE,N,0
42,29600,2.7,13800,16.11,0.4662,8,0.3333,0.0751,RENT,MEDICAL,Y,1
42,49900,3.6,8600,7.9,0.1723,6,0.25,0.0136,MORTGAGE,PERSONAL,N,0
39,216300,,19100,11.46,0.0883,8,0.381,0.0101,MORTGAGE,DEBTCONSOLIDATION,N,0
37,87400,5.2,29100,15.33,0.333,10,0.5263,0.051,RENT,VENTURE,Y,0
32,29700,1.9,13600,18.73,0.4579,3,0.2143,0.0858,MORTGAGE,HOMEIMPROVEMENT,Y,1
35,53700,3.6,11900,11.92,0.2216,6,0.3529,0.0264,OTHER,DEBTCONSOLIDATION,N,0
44,50200,8.0,13300,12.83,0.2649,2,0.0769,0.034,RENT,DEBTCONSOLIDATION,N,0
29,59100,6.3,9900,9.17,0.1675,9,0.8182,0.0154,RENT,MEDICAL,N,0
43,38600,1.7,19800,16.41,0.513,12,0.48,0.0842,RENT,EDUCATION,Y,1
48,44100,2.5,9700,8.67,0.22,5,0.1667,0.0191,RENT,EDUCATION,N,0
66,23700,12.6,13900,21.78,0.5865,11,0.2292,0.1277,RENT,DEBTCONSOLIDATION,Y,1
44,85800,1.5,31000,14.28,0.3613,2,0.0769,0.0516,RENT,EDUCATION,N,0
45,47400,,27500,20.0,0.5802,9,0.3333,0.116,OWN,EDUCATION,N,0
55,66200,3.2,6500,9.38,0.0982,9,0.2432,0.0092,RENT,PERSONAL,N,0
36,29400,0.9,3700,9.15,0.1259,6,0.3333,0.0115,MORTGAGE,EDUCATION,N,0
60,35300,1.4,7200,,0.204,3,0.0714,0.0258,MORTGAGE,PERSONAL,N,0
50,76600,1.9,24200,12.81,0.3159,6,0.1875,0.0405,MORTGAGE,PERSONAL,Y,1
34,127700,1.5,26900,12.89,0.2106,7,0.4375,0.0271,RENT,EDUCATION,N,0
57,36000,1.4,21100,17.94,0.5861,4,0.1026,0.1051,RENT,VENTURE,Y,1
54,80200,4.5,18100,11.16,0.2257,7,0.1944,0.0252,OWN,EDUCATION,N,0
54,15300,3.7,9500,17.73,0.6209,11,0.3056,0.1101,MORTGAGE,EDUCATION,N,1
37,35700,8.3,6500,12.16,0.1821,7,0.3684,0.0221,MORTGAGE,EDUCATION,N,0
56,61400,13.6,16000,9.56,0.2606,8,0.2105,0.0249,MORTGAGE,EDUCATION,N,0
41,54700,4.2,8100,10.5,0.1481,4,0.1739,0.0156,RENT,MEDICAL,N,0
52,75300,0.1,7200,11.08,0.0956,6,0.1765,0.0106,RENT,DEBTCONSOLIDATION,N,0
49,17200,6.6,7500,15.09,0.436,4,0.129,0.0658,RENT,EDUCATION,Y,1
58,112300,,14200,7.14,0.1264,4,0.1,0.009,RENT,EDUCATION,N,0
48,39400,4.3,3900,7.72,0.099,4,0.1333,0.0076,MORTGAGE,EDUCATION,N,0
39,43600,4.7,25100,21.21,0.5757,4,0.1905,0.1221,MORTGAGE,MEDICAL,Y,1
48,122400,8.1,18900,10.5,0.1544,7,0.2333,0.0162,MORTGAGE,EDUCATION,N,0
32,106900,1.9,4900,11.11,0.0458,2,0.1429,0.0051,MORTGAGE,EDUCATION,N,0
33,14200,2.9,30200,22.46,2.1268,11,0.7333,0.4777,RENT,EDUCATION,Y,1
70,120800,5.4,25500,14.37,0.2111,3,0.0577,0.0303,RENT,DEBTCONSOLIDATION,N,0
40,43600,22.0,13200,17.87,0.3028,4,0.1818,0.0541,OWN,PERSONAL,N,0
38,72700,6.2,7500,8.66,0.1032,9,0.45,0.0089,OWN,MEDICAL,N,0
44,27700,0.8,20100,19.92,0.7256,3,0.1154,0.1445,RENT,DEBTCONSOLIDATION,Y,1
38,104100,4.2,13500,10.05,0.1297,4,0.2,0.013,MORTGAGE,MEDICAL,N,0
27,32200,5.2,8100,17.07,0.2516,8,0.8889,0.0429,RENT,PERSONAL,N,0
44,63600,3.4,15300,14.52,0.2406,7,0.2692,0.0349,MORTGAGE,VENTURE,N,0
36,98200,1.7,11000,8.49,0.112,4,0.2222,0.0095,OTHER,MEDICAL,N,0
44,123600,0.4,23000,9.09,0.1861,17,0.6538,0.0169,RENT,HOMEIMPROVEMENT,N,0
41,77200,0.5,10000,10.51,0.1295,2,0.087,0.0136,MORTGAGE,DEBTCONSOLIDATION,N,0
40,44700,2.7,13600,13.82,0.3043,2,0.0909,0.0421,RENT,VENTURE,N,1
33,57900,5.0,23100,16.19,0.399,4,0.2667,0.0646,RENT,VENTURE,N,1
36,35700,9.5,11400,11.18,0.3193,5,0.2778,0.0357,MORTGAGE,EDUCATION,N,0
41,52700,15.2,16200,14.55,0.3074,8,0.3478,0.0447,MORTGAGE,EDUCATION,N,0
48,72600,,13800,8.69,0.1901,8,0.2667,0.0165,MORTGAGE,PERSONAL,Y,0
34,33200,8.5,24900,20.94,0.75,10,0.625,0.157,RENT,EDUCATION,Y,1
46,49100,1.4,21700,19.4,0.442,3,0.1071,0.0857,MORTGAGE,DEBTCONSOLIDATION,Y,1
34,26100,8.7,24500,18.18,0.9387,6,0.375,0.1707,MORTGAGE,PERSONAL,N,1
34,69400,3.7,10600,7.04,0.1527,10,0.625,0.0108,OWN,HOMEIMPROVEMENT,N,0
56,64700,4.5,23500,13.93,0.3632,10,0.2632,0.0506,RENT,EDUCATION,N,0
48,84500,5.0,20500,11.55,0.2426,6,0.2,0.028,MORTGAGE,VENTURE,N,0
47,39300,3.7,10600,11.41,0.2697,4,0.1379,0.0308,MORTGAGE,VENTURE,N,0
47,32800,0.5,12500,14.1,0.3811,7,0.2414,0.0537,RENT,EDUCATION,N,0
46,69700,2.8,18200,11.93,0.2611,7,0.25,0.0311,RENT,HOMEIMPROVEMENT,N,0
41,117500,0.2,26300,11.26,0.2238,11,0.4783,0.0252,MORTGAGE,VENTURE,N,0
34,16700,3.7,21100,21.15,1.2635,10,0.625,0.2672,RENT,DEBTCONSOLIDATION,Y,1
41,46600,0.8,25800,16.78,0.5536,6,0.2609,0.0929,MORTGAGE,HOMEIMPROVEMENT,N,1
43,80300,2.6,7900,12.79,0.0984,3,0.12,0.0126,RENT,MEDICAL,N,0
46,33100,1.3,19700,,0.5952,7,0.25,0.0754,RENT,PERSONAL,N,1
51,60300,2.0,5700,11.39,0.0945,9,0.2727,0.0108,MORTGAGE,EDUCATION,N,0
42,72300,3.6,19900,13.09,0.2752,3,0.125,0.036,OWN,EDUCATION,N,0
46,50300,1.3,9000,10.57,0.1789,14,0.5,0.0189,RENT,PERSONAL,N,0
57,20800,2.1,15700,18.32,0.7548,5,0.1282,0.1383,RENT,PERSONAL,Y,1
29,33400,0.0,10900,14.42,0.3263,4,0.3636,0.0471,RENT,EDUCATION,N,1
36,71400,9.8,6300,11.59,0.0882,8,0.4444,0.0102,MORTGAGE,DEBTCONSOLIDATION,N,0
35,127100,2.8,13200,9.06,0.1039,7,0.4118,0.0094,RENT,EDUCATION,Y,0
31,33300,,9800,13.19,0.2943,2,0.1538,0.0388,RENT,EDUCATION,Y,0
40,44500,3.2,4300,12.41,0.0966,5,0.2273,0.012,OWN,VENTURE,N,0
51,15400,2.7,9200,19.14,0.5974,5,0.1515,0.1143,MORTGAGE,MEDICAL,Y,1
34,110700,8.0,14400,9.74,0.1301,3,0.1875,0.0127,RENT,VENTURE,N,0
48,65100,0.7,9700,9.74,0.149,8,0.2667,0.0145,RENT,EDUCATION,N,0
40,51100,1.9,14400,12.39,0.2818,4,0.1818,0.0349,RENT,VENTURE,N,0
46,41900,0.1,22900,18.04,0.5465,4,0.1429,0.0986,MORTGAGE,EDUCATION,Y,1
47,46500,14.9,20300,,0.4366,3,0.1034,0.0553,RENT,PERSONAL,Y,0
35,83900,4.3,31500,17.46,0.3754,9,0.5294,0.0655,MORTGAGE,VENTURE,N,0
41,38400,6.5,23900,19.96,0.6224,7,0.3043,0.1242,RENT,VENTURE,N,1
39,28400,12.5,18800,20.24,0.662,12,0.5714,0.134,OWN,VENTURE,Y,0
49,96200,6.3,6600,9.02,0.0686,9,0.2903,0.0062,RENT,VENTURE,N,0
37,19500,9.7,19900,22.24,1.0205,5,0.2632,0.227,MORTGAGE,VENTURE,Y,1
38,44100,0.5,17300,17.52,0.3923,10,0.5,0.0687,MORTGAGE,VENTURE,N,1
44,100100,14.0,14800,,0.1479,8,0.3077,0.0187,RENT,PERSONAL,N,0
43,39500,1.8,31500,18.3,0.7975,2,0.08,0.1459,RENT,EDUCATION,Y,1
39,137000,12.7,17300,10.95,0.1263,3,0.1429,0.0138,MORTGAGE,PERSONAL,N,0
62,123300,4.5,15700,7.91,0.1273,2,0.0455,0.0101,MORTGAGE,MEDICAL,N,0
49,36900,1.8,15500,14.77,0.4201,4,0.129,0.062,MORTGAGE,MEDICAL,N,1
49,62400,13.5,18800,13.92,0.3013,7,0.2258,0.0419,OTHER,VENTURE,N,0
42,89500,10.6,22800,13.17,0.2547,5,0.2083,0.0335,RENT,PERSONAL,N,0
46,40600,1.6,15100,17.7,0.3719,5,0.1786,0.0658,RENT,DEBTCONSOLIDATION,Y,0
45,43400,0.5,21100,15.84,0.4862,6,0.2222,0.077,MORTGAGE,MEDICAL,Y,0
48,36100,1.5,5500,13.67,0.1524,2,0.0667,0.0208,RENT,VENTURE,N,0
39,87400,7.5,3300,6.05,0.0378,2,0.0952,0.0023,MORTGAGE,MEDICAL,N,0
59,35800,1.4,17300,15.39,0.4832,8,0.1951,0.0744,MORTGAGE,EDUCATION,N,0
46,66600,0.7,28900,15.45,0.4339,2,0.0714,0.067,MORTGAGE,HOMEIMPROVEMENT,N,0
48,28700,8.4,17600,,0.6132,6,0.2,0.0776,MORTGAGE,MEDICAL,N,1
41,58400,12.0,20900,15.07,0.3579,7,0.3043,0.0539,RENT,MEDICAL,Y,1
35,41800,0.7,30200,,0.7225,5,0.2941,0.0915,RENT,EDUCATION,N,1
43,250000,2.5,3000,10.42,0.012,9,0.36,0.0013,MORTGAGE,VENTURE,N,0
32,59000,0.2,23300,17.3,0.3949,4,0.2857,0.0683,MORTGAGE,EDUCATION,Y,0
42,32800,10.4,11100,14.8,0.3384,10,0.4167,0.0501,OWN,VENTURE,N,0
43,169900,1.0,10300,9.8,0.0606,4,0.16,0.0059,MORTGAGE,DEBTCONSOLIDATION,N,0
42,29200,4.0,4200,12.74,0.1438,16,0.6667,0.0183,RENT,HOMEIMPROVEMENT,N,0
39,34700,7.0,17900,,0.5159,6,0.2857,0.0653,MORTGAGE,PERSONAL,N,1
42,35700,3.7,7000,13.17,0.1961,5,0.2083,0.0258,RENT,EDUCATION,N,0
68,76200,14.4,19500,12.95,0.2559,2,0.04,0.0331,MORTGAGE,PERSONAL,N,0
49,14500,6.1,7500,20.87,0.5172,2,0.0645,0.1079,RENT,MEDICAL,Y,1
45,138100,9.2,10500,5.42,0.076,8,0.2963,0.0041,OWN,PERSONAL,N,0
55,52500,2.0,25800,17.97,0.4914,7,0.1892,0.0883,RENT,EDUCATION,Y,1
32,128600,4.4,14200,7.93,0.1104,6,0.4286,0.0088,RENT,HOMEIMPROVEMENT,N,0
45,23300,7.2,18800,19.61,0.8069,5,0.1852,0.1582,RENT,MEDICAL,N,1
49,125200,8.6,4900,6.44,0.0391,6,0.1935,0.0025,RENT,MEDICAL,N,0
37,127700,1.4,29500,13.52,0.231,8,0.4211,0.0312,RENT,EDUCATION,N,0
64,16700,0.2,28000,19.63,1.6766,6,0.1304,0.3291,RENT,VENTURE,N,1
55,51600,2.6,16200,14.03,0.314,11,0.2973,0.0441,MORTGAGE,MEDICAL,Y,0
34,29300,,3900,10.79,0.1331,5,0.3125,0.0144,OWN,VENTURE,N,0
45,63300,3.6,6400,,0.1011,2,0.0741,0.0128,MORTGAGE,PERSONAL,N,0
34,83700,0.1,11900,10.56,0.1422,4,0.25,0.015,RENT,EDUCATION,N,0
42,71000,1.5,28300,13.95,0.3986,5,0.2083,0.0556,MORTGAGE,HOMEIMPROVEMENT,N,0
48,35600,2.7,11100,11.03,0.3118,9,0.3,0.0344,MORTGAGE,VENTURE,N,0
59,105100,6.3,19900,11.28,0.1893,10,0.2439,0.0214,MORTGAGE,VENTURE,Y,1
52,44900,3.7,12400,14.65,0.2762,5,0.1471,0.0405,MORTGAGE,EDUCATION,N,0
44,61000,1.9,20200,14.45,0.3311,11,0.4231,0.0478,MORTGAGE,HOMEIMPROVEMENT,N,0
36,33900,6.1,19900,17.25,0.587,2,0.1111,0.1013,RENT,MEDICAL,N,1
33,71700,0.6,7400,9.18,0.1032,4,0.2667,0.0095,MORTGAGE,MEDICAL,N,0
50,23400,5.4,6000,14.09,0.2564,10,0.3125,0.0361,MORTGAGE,EDUCATION,N,0
43,78400,14.5,15100,11.91,0.1926,19,0.76,0.0229,RENT,EDUCATION,N,0
52,44000,2.3,19700,11.63,0.4477,2,0.0588,0.0521,RENT,HOMEIMPROVEMENT,N,0
32,83100,0.4,8700,7.69,0.1047,2,0.1429,0.0081,MORTGAGE,EDUCATION,N,0
46,37700,0.0,15800,18.11,0.4191,3,0.1071,0.0759,RENT,EDUCATION,N,0
58,27500,2.7,7500,11.14,0.2727,9,0.225,0.0304,OWN,MEDICAL,N,0
50,68100,3.7,9500,10.85,0.1395,5,0.1562,0.0151,RENT,PERSONAL,N,0
47,92700,2.6,21500,10.26,0.2319,4,0.1379,0.0238,RENT,PERSONAL,N,0
44,74900,4.9,14100,12.2,0.1883,6,0.2308,0.023,RENT,DEBTCONSOLIDATION,N,0
32,41200,0.9,17000,18.24,0.4126,12,0.8571,0.0753,RENT,HOMEIMPROVEMENT,N,0
46,138900,1.3,16100,11.08,0.1159,9,0.3214,0.0128,RENT,DEBTCONSOLIDATION,N,0
48,53400,1.9,12200,8.57,0.2285,6,0.2,0.0196,MORTGAGE,HOMEIMPROVEMENT,N,0
40,59900,10.2,18700,12.39,0.3122,6,0.2727,0.0387,MORTGAGE,EDUCATION,N,0
65,76300,12.5,6500,9.53,0.0852,2,0.0426,0.0081,RENT,PERSONAL,N,0
45,64600,0.6,6400,6.37,0.0991,3,0.1111,0.0063,OWN,VENTURE,N,0
32,47200,1.4,27900,16.71,0.5911,8,0.5714,0.0988,RENT,PERSONAL,Y,1
60,94300,3.8,29100,14.02,0.3086,4,0.0952,0.0433,MORTGAGE,EDUCATION,N,0
37,46200,11.1,21700,19.07,0.4697,11,0.5789,0.0896,MORTGAGE,VENTURE,N,0
48,94600,1.4,24500,11.58,0.259,4,0.1333,0.03,MORTGAGE,HOMEIMPROVEMENT,N,0
35,98700,4.9,9300,13.54,0.0942,6,0.3529,0.0128,MORTGAGE,MEDICAL,N,0
38,64400,0.7,15900,10.44,0.2469,5,0.25,0.0258,MORTGAGE,MEDICAL,N,0
35,50700,3.7,28000,19.21,0.5523,5,0.2941,0.1061,MORTGAGE,VENTURE,Y,1
45,42100,0.9,20300,16.51,0.4822,10,0.3704,0.0796,RENT,EDUCATION,Y,0
44,48900,3.0,9300,10.74,0.1902,6,0.2308,0.0204,RENT,EDUCATION,N,0
48,64500,1.1,18900,13.06,0.293,10,0.3333,0.0383,RENT,VENTURE,N,0
39,80900,1.0,5300,7.56,0.0655,2,0.0952,0.005,OTHER,MEDICAL,N,0
67,133000,,9100,7.64,0.0684,7,0.1429,0.0052,RENT,MEDICAL,N,0
41,64100,4.2,10700,13.46,0.1669,13,0.5652,0.0225,RENT,DEBTCONSOLIDATION,N,0
39,85100,10.4,10100,11.45,0.1187,7,0.3333,0.0136,MORTGAGE,DEBTCONSOLIDATION,N,0
54,60200,0.8,5300,9.84,0.088,10,0.2778,0.0087,RENT,EDUCATION,N,0
41,33900,14.7,6200,12.55,0.1829,14,0.6087,0.023,MORTGAGE,MEDICAL,N,0
51,194100,1.0,20200,9.4,0.1041,3,0.0909,0.0098,MORTGAGE,VENTURE,N,0
43,73300,3.4,7400,11.97,0.101,3,0.12,0.0121,MORTGAGE,PERSONAL,N,0
46,250000,1.9,9500,6.35,0.038,7,0.25,0.0024,MORTGAGE,VENTURE,N,0
48,58100,7.1,11300,11.15,0.1945,2,0.0667,0.0217,MORTGAGE,VENTURE,N,0
25,80000,6.4,27900,14.63,0.3488,7,1.0,0.051,MORTGAGE,DEBTCONSOLIDATION,N,1
53,64200,0.1,14900,,0.2321,6,0.1714,0.0294,MORTGAGE,MEDICAL,N,0
32,65700,5.7,20700,12.95,0.3151,4,0.2857,0.0408,MORTGAGE,EDUCATION,N,1
34,72900,1.8,1400,10.83,0.0192,2,0.125,0.0021,RENT,DEBTCONSOLIDATION,N,0
37,50400,1.8,15000,8.25,0.2976,7,0.3684,0.0246,MORTGAGE,MEDICAL,N,0
36,194600,0.0,17600,7.69,0.0904,6,0.3333,0.007,RENT,PERSONAL,N,0
52,129700,1.3,21700,10.03,0.1673,3,0.0882,0.0168,RENT,PERSONAL,N,0
62,62000,0.1,17500,15.16,0.2823,4,0.0909,0.0428,MORTGAGE,VENTURE,N,0
68,17600,6.9,13100,19.84,0.7443,14,0.28,0.1477,RENT,EDUCATION,Y,1
39,39200,1.1,12500,9.73,0.3189,2,0.0952,0.031,RENT,MEDICAL,N,0
52,106600,0.8,6400,7.87,0.06,2,0.0588,0.0047,MORTGAGE,MEDICAL,N,0
48,53500,0.9,12800,10.2,0.2393,5,0.1667,0.0244,MORTGAGE,PERSONAL,N,0
42,29200,0.7,13900,17.86,0.476,7,0.2917,0.085,MORTGAGE,EDUCATION,N,0
42,87700,6.1,10500,7.56,0.1197,4,0.1667,0.009,MORTGAGE,EDUCATION,N,0
36,80100,2.2,30100,13.79,0.3758,6,0.3333,0.0518,OWN,VENTURE,N,0
41,52500,8.5,29100,18.65,0.5543,3,0.1304,0.1034,RENT,EDUCATION,Y,1
42,65000,0.3,9900,10.43,0.1523,5,0.2083,0.0159,MORTGAGE,EDUCATION,N,0
50,28700,2.8,28700,18.55,1.0,7,0.2188,0.1855,MORTGAGE,VENTURE,Y,1
48,17300,1.5,24000,22.79,1.3873,2,0.0667,0.3162,MORTGAGE,EDUCATION,N,1
46,70400,4.9,9100,9.81,0.1293,8,0.2857,0.0127,RENT,VENTURE,N,0
37,56500,9.6,6800,,0.1204,4,0.2105,0.0152,RENT,VENTURE,N,0
37,56900,2.4,23500,15.56,0.413,2,0.1053,0.0643,RENT,PERSONAL,Y,1
36,83700,0.1,15000,11.71,0.1792,7,0.3889,0.021,RENT,PERSONAL,N,0
36,87400,5.9,16900,9.22,0.1934,6,0.3333,0.0178,OWN,EDUCATION,N,0
35,113200,6.9,11700,7.68,0.1034,8,0.4706,0.0079,RENT,VENTURE,N,0
57,34200,14.4,16300,19.47,0.4766,10,0.2564,0.0928,RENT,DEBTCONSOLIDATION,N,1
37,36200,7.6,14700,17.89,0.4061,8,0.4211,0.0727,OWN,MEDICAL,N,0
32,65300,0.6,4500,7.64,0.0689,5,0.3571,0.0053,MORTGAGE,PERSONAL,N,0
36,47300,4.0,18100,15.94,0.3827,5,0.2778,0.061,MORTGAGE,MEDICAL,N,0
42,28400,0.4,17800,19.97,0.6268,17,0.7083,0.1252,RENT,PERSONAL,N,0
41,53800,12.3,16600,15.47,0.3086,7,0.3043,0.0477,RENT,MEDICAL,N,1
32,41100,1.2,16400,14.96,0.399,4,0.2857,0.0597,OTHER,DEBTCONSOLIDATION,N,0
61,63800,3.2,11600,11.11,0.1818,2,0.0465,0.0202,MORTGAGE,EDUCATION,N,0
53,71100,0.1,11600,,0.1632,3,0.0857,0.0207,RENT,PERSONAL,N,0
41,94800,,7300,8.54,0.077,5,0.2174,0.0066,MORTGAGE,MEDICAL,N,0
48,25800,2.6,19100,20.76,0.7403,3,0.1,0.1537,MORTGAGE,PERSONAL,Y,1
50,88000,3.1,15900,,0.1807,5,0.1562,0.0229,RENT,MEDICAL,N,0
39,134600,7.5,19700,10.64,0.1464,10,0.4762,0.0156,RENT,MEDICAL,N,0
44,72800,,10200,9.33,0.1401,6,0.2308,0.0131,MORTGAGE,PERSONAL,N,0
35,99300,0.1,19800,14.67,0.1994,4,0.2353,0.0293,RENT,MEDICAL,N,0
38,25900,2.2,16100,21.23,0.6216,3,0.15,0.132,OTHER,DEBTCONSOLIDATION,Y,1
35,52300,,26300,18.61,0.5029,9,0.5294,0.0936,RENT,VENTURE,N,0
60,90400,0.1,16400,7.8,0.1814,9,0.2143,0.0141,MORTGAGE,EDUCATION,N,0
39,75100,9.1,25700,16.36,0.3422,7,0.3333,0.056,RENT,DEBTCONSOLIDATION,N,1
42,48900,0.2,23300,19.11,0.4765,4,0.1667,0.0911,MORTGAGE,VENTURE,N,1
50,34400,1.9,9200,15.44,0.2674,4,0.125,0.0413,RENT,EDUCATION,N,0
53,62500,8.8,11900,11.61,0.1904,6,0.1714,0.0221,RENT,PERSONAL,Y,0
56,25800,1.9,16200,17.06,0.6279,7,0.1842,0.1071,MORTGAGE,PERSONAL,N,1
44,54700,2.4,8200,11.47,0.1499,13,0.5,0.0172,MORTGAGE,PERSONAL,N,0
37,42100,13.3,16400,13.21,0.3895,12,0.6316,0.0515,RENT,MEDICAL,N,0
41,135200,1.5,25700,12.32,0.1901,5,0.2174,0.0234,RENT,EDUCATION,N,0
44,15400,8.6,11900,19.32,0.7727,5,0.1923,0.1493,MORTGAGE,PERSONAL,Y,1
40,92000,0.7,14800,13.2,0.1609,2,0.0909,0.0212,MORTGAGE,VENTURE,Y,0
50,71500,3.3,32100,,0.449,4,0.125,0.0568,RENT,DEBTCONSOLIDATION,N,1
48,36500,1.0,18300,,0.5014,10,0.3333,0.0635,OWN,EDUCATION,N,0
43,67100,3.2,11200,12.99,0.1669,8,0.32,0.0217,MORTGAGE,MEDICAL,N,0
34,23200,1.1,14800,18.98,0.6379,15,0.9375,0.1211,RENT,VENTURE,Y,1
55,61400,17.0,13400,11.2,0.2182,14,0.3784,0.0244,MORTGAGE,HOMEIMPROVEMENT,Y,0
50,21300,9.1,16100,,0.7559,3,0.0938,0.0957,RENT,EDUCATION,Y,1
31,29200,,16700,16.64,0.5719,4,0.3077,0.0952,RENT,MEDICAL,Y,1
54,42100,27.1,19100,17.88,0.4537,4,0.1111,0.0811,RENT,DEBTCONSOLIDATION,N,0
50,33700,0.3,4500,,0.1335,13,0.4062,0.0169,RENT,DEBTCONSOLIDATION,Y,0
45,50100,8.7,24000,16.56,0.479,4,0.1481,0.0793,RENT,DEBTCONSOLIDATION,Y,1
49,93100,0.5,18300,13.44,0.1966,5,0.1613,0.0264,RENT,VENTURE,N,1
32,34800,2.1,4400,10.81,0.1264,14,1.0,0.0137,MORTGAGE,MEDICAL,N,0
52,58200,1.7,20700,13.58,0.3557,3,0.0882,0.0483,OWN,VENTURE,N,0
32,210600,4.9,8200,7.23,0.0389,6,0.4286,0.0028,RENT,HOMEIMPROVEMENT,N,0
42,45500,1.8,30400,18.4,0.6681,2,0.0833,0.1229,RENT,EDUCATION,Y,1
43,36500,5.8,29000,19.75,0.7945,7,0.28,0.1569,RENT,MEDICAL,Y,1
30,48700,1.6,20100,14.65,0.4127,6,0.5,0.0605,RENT,EDUCATION,Y,1
50,49800,0.6,15600,14.56,0.3133,9,0.2812,0.0456,RENT,VENTURE,Y,0
61,120800,0.7,12400,10.18,0.1026,6,0.1395,0.0104,RENT,VENTURE,N,0
55,58800,1.8,24700,16.89,0.4201,4,0.1081,0.071,RENT,EDUCATION,N,0
60,45700,2.6,4600,10.13,0.1007,9,0.2143,0.0102,RENT,EDUCATION,Y,0
38,12500,1.0,12900,22.65,1.032,3,0.15,0.2337,MORTGAGE,MEDICAL,Y,1
51,21700,0.4,15700,16.57,0.7235,7,0.2121,0.1199,MORTGAGE,DEBTCONSOLIDATION,N,1
35,78700,9.5,10300,11.49,0.1309,3,0.1765,0.015,RENT,MEDICAL,Y,1
44,71400,9.3,10600,,0.1485,8,0.3077,0.0188,RENT,MEDICAL,N,0
41,47000,4.7,4800,8.5,0.1021,8,0.3478,0.0087,RENT,EDUCATION,N,0
39,73200,1.6,23500,15.07,0.321,2,0.0952,0.0484,MORTGAGE,HOMEIMPROVEMENT,N,0
50,63300,16.2,10800,8.92,0.1706,2,0.0625,0.0152,RENT,DEBTCONSOLIDATION,N,0
67,44600,4.8,24500,17.54,0.5493,4,0.0816,0.0963,MORTGAGE,VENTURE,N,1
33,47400,4.9,14800,14.67,0.3122,7,0.4667,0.0458,RENT,EDUCATION,N,0
39,34600,1.9,19400,14.89,0.5607,7,0.3333,0.0835,MORTGAGE,EDUCATION,N,0
35,58200,1.2,21500,12.22,0.3694,4,0.2353,0.0451,MORTGAGE,EDUCATION,N,0
41,52200,0.5,22000,13.79,0.4215,7,0.3043,0.0581,RENT,VENTURE,N,0
48,27100,2.0,4800,11.81,0.1771,11,0.3667,0.0209,RENT,VENTURE,Y,1
33,79100,6.9,11100,12.77,0.1403,3,0.2,0.0179,RENT,VENTURE,N,0
35,33200,,13500,,0.4066,8,0.4706,0.0515,MORTGAGE,VENTURE,N,0
62,35300,2.6,18500,15.1,0.5241,2,0.0455,0.0791,RENT,EDUCATION,N,0
42,53700,2.3,21600,18.72,0.4022,10,0.4167,0.0753,RENT,EDUCATION,N,1
36,33700,2.5,5900,11.09,0.1751,7,0.3889,0.0194,MORTGAGE,VENTURE,N,0
44,78300,3.5,23300,14.72,0.2976,11,0.4231,0.0438,RENT,MEDICAL,N,0
33,44100,1.4,10800,12.09,0.2449,3,0.2,0.0296,MORTGAGE,DEBTCONSOLIDATION,N,0
31,70800,4.3,18400,12.63,0.2599,9,0.6923,0.0328,RENT,EDUCATION,N,0
43,36400,2.8,12100,9.83,0.3324,8,0.32,0.0327,MORTGAGE,HOMEIMPROVEMENT,N,0
39,27300,2.1,15400,18.36,0.5641,2,0.0952,0.1036,RENT,EDUCATION,Y,0
50,61400,9.2,7300,10.44,0.1189,4,0.125,0.0124,MORTGAGE,EDUCATION,Y,1
50,141500,3.7,16700,11.5,0.118,9,0.2812,0.0136,RENT,EDUCATION,N,0
40,72200,0.8,22200,10.98,0.3075,5,0.2273,0.0338,RENT,PERSONAL,N,0
61,26400,4.5,17700,16.93,0.6705,13,0.3023,0.1135,RENT,EDUCATION,Y,1
42,57000,2.4,17600,11.11,0.3088,3,0.125,0.0343,RENT,PERSONAL,N,0
50,22900,5.2,7600,14.95,0.3319,2,0.0625,0.0496,RENT,VENTURE,N,0
37,25200,0.5,21700,19.74,0.8611,4,0.2105,0.17,MORTGAGE,EDUCATION,Y,1
39,87600,16.8,8100,7.39,0.0925,7,0.3333,0.0068,OWN,MEDICAL,N,0
36,161700,1.6,22200,10.49,0.1373,3,0.1667,0.0144,OWN,VENTURE,N,0
47,37700,11.7,20400,23.15,0.5411,4,0.1379,0.1253,RENT,DEBTCONSOLIDATION,Y,1
36,37200,9.0,9900,11.51,0.2661,8,0.4444,0.0306,MORTGAGE,EDUCATION,N,0
44,30500,0.8,17700,19.1,0.5803,15,0.5769,0.1108,RENT,VENTURE,Y,1
44,27400,6.9,9400,13.81,0.3431,4,0.1538,0.0474,RENT,VENTURE,N,0
37,46700,4.3,7500,9.15,0.1606,6,0.3158,0.0147,RENT,VENTURE,N,0
45,29600,0.1,19100,17.6,0.6453,7,0.2593,0.1136,MORTGAGE,PERSONAL,N,0
38,30800,17.7,7800,10.14,0.2532,3,0.15,0.0257,MORTGAGE,PERSONAL,N,0
51,50400,6.5,11500,12.84,0.2282,7,0.2121,0.0293,RENT,DEBTCONSOLIDATION,N,0
42,41900,4.5,3400,11.62,0.0811,10,0.4167,0.0094,MORTGAGE,MEDICAL,N,0
40,114800,1.9,17400,7.02,0.1516,5,0.2273,0.0106,RENT,EDUCATION,Y,0
48,68700,4.5,7000,12.13,0.1019,10,0.3333,0.0124,OWN,EDUCATION,N,0
55,39400,5.0,8000,12.82,0.203,5,0.1351,0.026,RENT,EDUCATION,Y,0
28,73300,2.6,28000,11.9,0.382,2,0.2,0.0455,RENT,MEDICAL,N,0
40,92100,4.8,10400,9.27,0.1129,6,0.2727,0.0105,RENT,VENTURE,N,0
50,83600,0.7,17800,10.0,0.2129,14,0.4375,0.0213,RENT,MEDICAL,Y,0
51,85600,2.7,24500,13.05,0.2862,2,0.0606,0.0373,MORTGAGE,MEDICAL,N,0
53,46200,16.3,29700,21.35,0.6429,6,0.1714,0.1373,RENT,PERSONAL,Y,1
53,82400,6.6,10900,10.12,0.1323,15,0.4286,0.0134,MORTGAGE,MEDICAL,N,0
64,128100,1.7,26300,9.23,0.2053,3,0.0652,0.0189,OWN,MEDICAL,N,0
30,36200,2.6,16500,14.92,0.4558,3,0.25,0.068,RENT,VENTURE,Y,0
35,34900,1.8,26300,18.53,0.7536,7,0.4118,0.1396,RENT,EDUCATION,Y,1
46,48400,7.4,5800,11.49,0.1198,2,0.0714,0.0138,RENT,EDUCATION,N,0
54,47400,0.8,21200,15.39,0.4473,5,0.1389,0.0688,RENT,MEDICAL,Y,1
39,50500,0.8,15500,13.49,0.3069,15,0.7143,0.0414,MORTGAGE,VENTURE,N,0
47,57800,6.9,4400,6.1,0.0761,7,0.2414,0.0046,MORTGAGE,EDUCATION,N,0
41,40300,6.5,11400,12.87,0.2829,11,0.4783,0.0364,RENT,EDUCATION,N,0
44,33100,3.9,6300,10.09,0.1903,3,0.1154,0.0192,RENT,MEDICAL,N,0
36,17400,5.5,12100,20.38,0.6954,2,0.1111,0.1417,MORTGAGE,PERSONAL,Y,1
30,35500,10.5,29500,19.63,0.831,7,0.5833,0.1631,RENT,MEDICAL,Y,1
36,51300,7.2,23300,15.05,0.4542,3,0.1667,0.0684,MORTGAGE,VENTURE,N,0
48,176500,2.0,12000,13.87,0.068,4,0.1333,0.0094,RENT,VENTURE,N,0
40,171200,1.7,19300,12.96,0.1127,12,0.5455,0.0146,RENT,PERSONAL,N,0
33,52100,0.8,30600,20.75,0.5873,8,0.5333,0.1219,RENT,PERSONAL,N,1
39,38100,5.6,22200,15.68,0.5827,2,0.0952,0.0914,MORTGAGE,EDUCATION,Y,1
41,162700,2.7,10600,6.53,0.0652,7,0.3043,0.0043,RENT,HOMEIMPROVEMENT,N,0
46,43100,5.2,8600,12.99,0.1995,9,0.3214,0.0259,MORTGAGE,EDUCATION,N,0
54,28700,2.5,18400,19.97,0.6411,10,0.2778,0.128,MORTGAGE,VENTURE,N,0
37,33600,1.7,15000,13.04,0.4464,12,0.6316,0.0582,OWN,VENTURE,Y,0
56,59700,3.7,15900,13.63,0.2663,4,0.1053,0.0363,MORTGAGE,VENTURE,N,0
44,36000,2.1,12200,14.0,0.3389,7,0.2692,0.0474,RENT,VENTURE,N,0
40,31000,0.1,17000,16.77,0.5484,5,0.2273,0.092,MORTGAGE,PERSONAL,Y,1
29,65000,5.0,7300,9.06,0.1123,10,0.9091,0.0102,RENT,VENTURE,N,0
50,31800,4.3,9500,16.0,0.2987,10,0.3125,0.0478,MORTGAGE,VENTURE,Y,1
63,69700,1.4,7200,8.96,0.1033,16,0.3556,0.0093,RENT,EDUCATION,N,0
64,48900,5.4,18700,12.72,0.3824,3,0.0652,0.0486,MORTGAGE,HOMEIMPROVEMENT,N,0
40,29300,11.5,8300,13.56,0.2833,9,0.4091,0.0384,RENT,MEDICAL,N,0
39,52700,4.4,31300,19.19,0.5939,4,0.1905,0.114,RENT,EDUCATION,N,1
40,54500,4.0,9500,9.54,0.1743,5,0.2273,0.0166,RENT,EDUCATION,N,0
33,40400,1.8,20200,18.99,0.5,12,0.8,0.0949,RENT,VENTURE,Y,1
35,59000,4.6,22600,16.69,0.3831,9,0.5294,0.0639,RENT,EDUCATION,N,0
39,41400,2.8,18500,,0.4469,7,0.3333,0.0566,MORTGAGE,MEDICAL,Y,1
55,86900,0.8,12100,11.2,0.1392,6,0.1622,0.0156,RENT,VENTURE,N,0
43,64200,1.6,8300,8.15,0.1293,13,0.52,0.0105,RENT,PERSONAL,N,0
62,47400,6.6,11900,12.62,0.2511,4,0.0909,0.0317,OTHER,VENTURE,N,0
42,19100,4.9,17300,18.6,0.9058,3,0.125,0.1685,RENT,MEDICAL,Y,1
57,38000,2.0,10100,12.44,0.2658,7,0.1795,0.0331,RENT,EDUCATION,N,0
39,47700,2.2,10000,12.66,0.2096,7,0.3333,0.0265,OWN,MEDICAL,Y,0
42,30800,1.6,14200,,0.461,5,0.2083,0.0584,RENT,PERSONAL,Y,1
40,37700,22.0,30500,19.37,0.809,14,0.6364,0.1567,MORTGAGE,PERSONAL,Y,1
43,47800,4.7,2600,5.52,0.0544,4,0.16,0.003,MORTGAGE,EDUCATION,N,0
47,38400,3.7,29600,20.08,0.7708,14,0.4828,0.1548,RENT,VENTURE,Y,1
67,31000,5.1,19500,19.39,0.629,10,0.2041,0.122,MORTGAGE,DEBTCONSOLIDATION,N,1
49,63800,2.0,12800,10.28,0.2006,9,0.2903,0.0206,RENT,HOMEIMPROVEMENT,N,0
48,52000,0.4,17100,,0.3288,6,0.2,0.0416,MORTGAGE,EDUCATION,N,0
41,44900,2.1,30500,19.96,0.6793,8,0.3478,0.1356,RENT,PERSONAL,N,1
35,122800,1.9,4600,9.66,0.0375,2,0.1176,0.0036,MORTGAGE,VENTURE,N,0
25,204900,0.5,17300,8.83,0.0844,7,1.0,0.0075,OTHER,MEDICAL,N,0
51,65200,9.8,8400,10.25,0.1288,5,0.1515,0.0132,MORTGAGE,EDUCATION,N,0
45,59000,0.8,9400,10.57,0.1593,13,0.4815,0.0168,MORTGAGE,VENTURE,N,0
32,38800,4.4,21700,17.74,0.5593,5,0.3571,0.0992,OTHER,DEBTCONSOLIDATION,N,0
49,100500,5.7,15100,8.97,0.1502,7,0.2258,0.0135,RENT,EDUCATION,N,0
57,232600,0.1,7100,10.24,0.0305,4,0.1026,0.0031,RENT,MEDICAL,Y,0
31,34700,6.7,30000,20.5,0.8646,2,0.1538,0.1772,MORTGAGE,EDUCATION,Y,1
36,79200,,16500,9.62,0.2083,5,0.2778,0.02,MORTGAGE,EDUCATION,N,0
38,106900,3.8,10800,14.51,0.101,2,0.1,0.0147,MORTGAGE,DEBTCONSOLIDATION,N,0
49,43100,,8300,9.53,0.1926,4,0.129,0.0184,OTHER,MEDICAL,N,0
45,53100,15.1,21800,15.32,0.4105,5,0.1852,0.0629,MORTGAGE,EDUCATION,N,1
36,45000,4.7,26900,20.05,0.5978,6,0.3333,0.1199,RENT,EDUCATION,N,0
66,34700,4.0,11200,10.34,0.3228,8,0.1667,0.0334,RENT,MEDICAL,N,0
43,40100,0.7,8800,,0.2195,4,0.16,0.0278,OWN,EDUCATION,N,0
43,72100,1.6,3400,7.51,0.0472,2,0.08,0.0035,MORTGAGE,VENTURE,N,0
40,29400,1.1,15100,20.42,0.5136,3,0.1364,0.1049,MORTGAGE,PERSONAL,N,0
34,75500,1.5,10800,9.68,0.143,3,0.1875,0.0138,MORTGAGE,EDUCATION,Y,0
41,111800,1.4,18600,12.34,0.1664,6,0.2609,0.0205,RENT,MEDICAL,N,0
52,76000,3.0,24900,13.69,0.3276,8,0.2353,0.0448,MORTGAGE,DEBTCONSOLIDATION,Y,1
53,38600,0.3,24200,18.78,0.6269,6,0.1714,0.1177,RENT,EDUCATION,Y,1
29,52500,1.5,8000,,0.1524,11,1.0,0.0193,OWN,EDUCATION,N,0
35,118500,3.2,10400,10.17,0.0878,5,0.2941,0.0089,MORTGAGE,PERSONAL,N,0
51,77400,2.6,16000,12.64,0.2067,6,0.1818,0.0261,RENT,DEBTCONSOLIDATION,N,0
37,69900,16.8,8600,,0.123,4,0.2105,0.0156,OWN,MEDICAL,N,0
36,23800,,10400,15.73,0.437,2,0.1111,0.0687,MORTGAGE,EDUCATION,N,1
41,67400,7.0,9000,8.76,0.1335,8,0.3478,0.0117,RENT,EDUCATION,N,0
50,91900,2.2,18700,9.62,0.2035,2,0.0625,0.0196,OTHER,HOMEIMPROVEMENT,N,0
35,79600,0.6,9300,9.22,0.1168,14,0.8235,0.0108,RENT,EDUCATION,Y,0
54,41900,5.1,8500,12.4,0.2029,7,0.1944,0.0252,MORTGAGE,DEBTCONSOLIDATION,N,0
31,75200,2.8,21100,11.24,0.2806,2,0.1538,0.0315,RENT,PERSONAL,N,0
43,37800,7.0,28500,20.29,0.754,7,0.28,0.153,RENT,PERSONAL,N,1
49,24300,9.2,5700,8.81,0.2346,2,0.0645,0.0207,RENT,EDUCATION,N,0
41,93800,6.1,8100,9.94,0.0864,5,0.2174,0.0086,RENT,VENTURE,N,0
44,48400,6.7,9300,10.71,0.1921,5,0.1923,0.0206,MORTGAGE,EDUCATION,N,0
48,53700,0.5,23600,12.01,0.4395,6,0.2,0.0528,RENT,MEDICAL,Y,1
45,46900,1.8,24400,19.7,0.5203,13,0.4815,0.1025,MORTGAGE,PERSONAL,Y,1
34,60200,3.1,15800,9.71,0.2625,3,0.1875,0.0255,RENT,HOMEIMPROVEMENT,Y,1
64,58100,7.7,13800,13.14,0.2375,7,0.1522,0.0312,MORTGAGE,MEDICAL,N,0
33,44000,3.6,8000,13.24,0.1818,5,0.3333,0.0241,RENT,DEBTCONSOLIDATION,N,0
34,27800,,16400,19.44,0.5899,10,0.625,0.1147,RENT,DEBTCONSOLIDATION,N,1
50,49100,0.7,29500,14.47,0.6008,3,0.0938,0.0869,RENT,MEDICAL,N,1
51,64700,4.6,6700,7.99,0.1036,4,0.1212,0.0083,RENT,VENTURE,N,0
39,33000,1.5,11900,14.07,0.3606,4,0.1905,0.0507,RENT,HOMEIMPROVEMENT,Y,1
38,45400,2.8,29500,,0.6498,7,0.35,0.0823,MORTGAGE,PERSONAL,N,1
40,34100,,8400,,0.2463,3,0.1364,0.0312,RENT,DEBTCONSOLIDATION,N,1
46,105700,0.7,14300,7.3,0.1353,2,0.0714,0.0099,RENT,MEDICAL,Y,0
55,75100,8.3,13400,12.37,0.1784,7,0.1892,0.0221,RENT,MEDICAL,N,0
45,53000,2.3,7500,13.29,0.1415,6,0.2222,0.0188,RENT,DEBTCONSOLIDATION,N,0
44,25100,3.5,12400,16.09,0.494,6,0.2308,0.0795,MORTGAGE,PERSONAL,Y,1
54,70300,5.4,9300,,0.1323,8,0.2222,0.0167,RENT,EDUCATION,N,0
50,56200,9.3,22100,16.18,0.3932,12,0.375,0.0636,MORTGAGE,HOMEIMPROVEMENT,N,0
44,27800,0.3,10600,14.09,0.3813,7,0.2692,0.0537,MORTGAGE,PERSONAL,N,0
52,69500,9.9,16400,14.99,0.236,14,0.4118,0.0354,RENT,VENTURE,N,0
52,41600,2.4,21700,15.95,0.5216,5,0.1471,0.0832,MORTGAGE,MEDICAL,N,1
51,31200,8.9,6500,13.86,0.2083,3,0.0909,0.0289,OWN,EDUCATION,N,0
62,53000,5.6,7400,9.39,0.1396,5,0.1136,0.0131,RENT,EDUCATION,N,0
39,68800,2.1,25300,13.72,0.3677,4,0.1905,0.0504,RENT,EDUCATION,N,0
41,29600,1.6,29200,,0.9865,12,0.5217,0.1249,RENT,PERSONAL,Y,1
67,27100,2.3,4200,11.46,0.155,10,0.2041,0.0178,MORTGAGE,DEBTCONSOLIDATION,N,0
67,23100,2.4,22600,21.54,0.9784,4,0.0816,0.2107,OWN,MEDICAL,Y,1
37,51100,,18600,13.72,0.364,8,0.4211,0.0499,MORTGAGE,MEDICAL,N,0
47,64800,3.4,26800,13.93,0.4136,7,0.2414,0.0576,MORTGAGE,VENTURE,N,0
55,54900,2.8,26100,16.66,0.4754,7,0.1892,0.0792,MORTGAGE,EDUCATION,N,0
55,21800,4.2,9000,14.37,0.4128,6,0.1622,0.0593,RENT,PERSONAL,N,0
33,31900,0.1,8100,13.43,0.2539,3,0.2,0.0341,MORTGAGE,DEBTCONSOLIDATION,Y,0
37,43300,2.9,17300,13.49,0.3995,9,0.4737,0.0539,MORTGAGE,HOMEIMPROVEMENT,Y,0
39,37700,7.0,6600,13.8,0.1751,5,0.2381,0.0242,MORTGAGE,DEBTCONSOLIDATION,N,0
36,104500,7.9,12300,8.23,0.1177,8,0.4444,0.0097,RENT,EDUCATION,N,0
40,18000,4.9,7600,14.12,0.4222,9,0.4091,0.0596,RENT,EDUCATION,N,0
44,84700,10.3,15500,8.56,0.183,5,0.1923,0.0157,MORTGAGE,EDUCATION,N,0
38,38500,1.6,15300,13.86,0.3974,6,0.3,0.0551,RENT,EDUCATION,N,1
42,63700,3.1,13900,13.67,0.2182,2,0.0833,0.0298,RENT,PERSONAL,N,0
52,80600,0.3,11900,11.06,0.1476,5,0.1471,0.0163,MORTGAGE,EDUCATION,N,0
51,85500,8.5,18100,10.85,0.2117,4,0.1212,0.023,MORTGAGE,EDUCATION,N,0
63,82400,7.1,11600,11.63,0.1408,5,0.1111,0.0164,MORTGAGE,PERSONAL,N,0
45,38700,1.4,22600,18.49,0.584,6,0.2222,0.108,OWN,EDUCATION,N,1
34,47300,1.1,6700,10.66,0.1416,3,0.1875,0.0151,MORTGAGE,MEDICAL,N,0
35,37600,1.2,13600,13.19,0.3617,7,0.4118,0.0477,RENT,MEDICAL,N,0
51,22600,3.2,18400,20.25,0.8142,4,0.1212,0.1649,OWN,MEDICAL,Y,1
29,60100,2.5,13900,12.45,0.2313,9,0.8182,0.0288,MORTGAGE,EDUCATION,N,0
61,52900,2.6,24100,16.35,0.4556,4,0.093,0.0745,RENT,MEDICAL,N,1
48,51500,19.3,17200,15.76,0.334,3,0.1,0.0526,RENT,MEDICAL,N,0
53,46200,,7900,12.15,0.171,8,0.2286,0.0208,MORTGAGE,HOMEIMPROVEMENT,N,0
47,37000,2.4,16600,15.37,0.4486,5,0.1724,0.0689,RENT,PERSONAL,Y,0
38,106900,4.0,8500,11.74,0.0795,2,0.1,0.0093,RENT,MEDICAL,N,0
31,46900,5.9,24200,19.75,0.516,5,0.3846,0.1019,MORTGAGE,PERSONAL,Y,1
34,19000,1.5,13900,21.42,0.7316,16,1.0,0.1567,RENT,EDUCATION,Y,1
38,41500,3.7,7800,12.96,0.188,2,0.1,0.0244,RENT,HOMEIMPROVEMENT,N,1
45,182500,2.0,18100,13.23,0.0992,11,0.4074,0.0131,RENT,DEBTCONSOLIDATION,Y,0
59,43000,9.7,13100,14.76,0.3047,4,0.0976,0.045,OWN,MEDICAL,Y,0
46,103400,0.2,10900,11.23,0.1054,4,0.1429,0.0118,RENT,MEDICAL,N,0
45,30000,1.4,18100,14.69,0.6033,13,0.4815,0.0886,RENT,EDUCATION,Y,1
30,23100,4.9,5900,14.43,0.2554,2,0.1667,0.0369,MORTGAGE,EDUCATION,N,1
39,56700,19.0,9400,14.41,0.1658,5,0.2381,0.0239,RENT,DEBTCONSOLIDATION,N,0
44,62900,1.4,29800,16.48,0.4738,3,0.1154,0.0781,MORTGAGE,MEDICAL,N,0
42,83700,0.9,22200,10.41,0.2652,4,0.1667,0.0276,RENT,VENTURE,N,0
43,32800,3.0,29000,21.72,0.8841,14,0.56,0.192,MORTGAGE,VENTURE,N,1
44,41000,7.8,8100,12.46,0.1976,7,0.2692,0.0246,RENT,DEBTCONSOLIDATION,N,0
34,164100,2.0,3800,6.69,0.0232,10,0.625,0.0016,RENT,VENTURE,N,0
37,60500,9.4,14000,14.2,0.2314,5,0.2632,0.0329,RENT,MEDICAL,N,0
53,58200,2.6,22000,13.13,0.378,6,0.1714,0.0496,MORTGAGE,MEDICAL,Y,0
31,35000,12.4,30100,21.36,0.86,5,0.3846,0.1837,RENT,VENTURE,N,1
36,57200,7.2,21800,11.66,0.3811,5,0.2778,0.0444,MORTGAGE,HOMEIMPROVEMENT,N,1
40,64200,3.0,30500,17.84,0.4751,8,0.3636,0.0848,RENT,DEBTCONSOLIDATION,Y,1
42,26500,8.8,20100,19.27,0.7585,2,0.0833,0.1462,MORTGAGE,HOMEIMPROVEMENT,Y,1
32,89600,1.2,3000,9.72,0.0335,11,0.7857,0.0033,MORTGAGE,VENTURE,N,0
32,45900,3.5,26800,20.79,0.5839,4,0.2857,0.1214,RENT,HOMEIMPROVEMENT,N,0
36,34200,4.2,15500,14.76,0.4532,9,0.5,0.0669,OWN,MEDICAL,N,1
45,75700,1.7,18100,11.18,0.2391,11,0.4074,0.0267,RENT,EDUCATION,N,0
53,63600,2.2,17700,10.93,0.2783,3,0.0857,0.0304,RENT,EDUCATION,N,0
36,46800,2.8,21900,16.44,0.4679,12,0.6667,0.0769,RENT,VENTURE,Y,1
46,33200,1.0,4800,9.1,0.1446,4,0.1429,0.0132,MORTGAGE,VENTURE,N,0
57,45100,3.9,7100,10.34,0.1574,16,0.4103,0.0163,MORTGAGE,EDUCATION,N,0
53,64500,0.8,18900,13.09,0.293,11,0.3143,0.0384,MORTGAGE,HOMEIMPROVEMENT,N,0
45,51500,5.6,12600,10.93,0.2447,20,0.7407,0.0267,RENT,MEDICAL,N,0
47,80500,8.2,22700,12.51,0.282,6,0.2069,0.0353,MORTGAGE,MEDICAL,N,0
56,49200,5.0,12000,13.24,0.2439,6,0.1579,0.0323,RENT,EDUCATION,N,0
35,156100,2.0,26900,13.74,0.1723,5,0.2941,0.0237,MORTGAGE,DEBTCONSOLIDATION,N,1
34,55000,2.8,11100,10.99,0.2018,2,0.125,0.0222,RENT,MEDICAL,N,0
53,146800,1.3,29400,14.51,0.2003,2,0.0571,0.0291,RENT,VENTURE,N,0
38,51000,0.8,16600,12.94,0.3255,13,0.65,0.0421,MORTGAGE,PERSONAL,N,0
56,44900,17.7,16000,10.94,0.3563,7,0.1842,0.039,RENT,EDUCATION,N,0
42,54000,4.8,19400,,0.3593,2,0.0833,0.0455,RENT,MEDICAL,N,0
27,193900,1.2,9400,8.37,0.0485,9,1.0,0.0041,MORTGAGE,VENTURE,N,0
35,38700,1.8,11900,12.03,0.3075,2,0.1176,0.037,MORTGAGE,PERSONAL,N,0
44,34900,8.1,20100,18.6,0.5759,7,0.2692,0.1071,MORTGAGE,PERSONAL,N,1
42,94700,6.5,9700,10.32,0.1024,10,0.4167,0.0106,MORTGAGE,DEBTCONSOLIDATION,N,0
49,98600,15.6,24200,14.25,0.2454,2,0.0645,0.035,MORTGAGE,PERSONAL,N,0
40,59000,1.7,15400,,0.261,6,0.2727,0.033,RENT,EDUCATION,N,0
48,73400,3.4,9200,10.51,0.1253,2,0.0667,0.0132,MORTGAGE,PERSONAL,N,0
57,32600,2.4,12100,15.15,0.3712,7,0.1795,0.0562,MORTGAGE,MEDICAL,Y,0
33,72500,1.9,24500,16.78,0.3379,3,0.2,0.0567,MORTGAGE,PERSONAL,Y,1
41,79100,4.1,13100,11.74,0.1656,7,0.3043,0.0194,MORTGAGE,EDUCATION,N,0
34,127500,5.3,13800,8.63,0.1082,7,0.4375,0.0093,RENT,EDUCATION,N,1
41,40100,0.0,10200,13.04,0.2544,9,0.3913,0.0332,RENT,VENTURE,N,0
49,63800,11.6,13500,14.78,0.2116,6,0.1935,0.0313,MORTGAGE,DEBTCONSOLIDATION,Y,0
62,19100,2.9,7500,14.4,0.3927,3,0.0682,0.0565,RENT,EDUCATION,N,1
41,188000,8.0,8600,8.81,0.0457,5,0.2174,0.004,RENT,PERSONAL,N,0
39,40300,0.0,23500,15.82,0.5831,3,0.1429,0.0922,RENT,EDUCATION,N,1
52,111700,1.2,30900,12.82,0.2766,10,0.2941,0.0355,MORTGAGE,EDUCATION,Y,0
38,85500,5.6,26300,17.07,0.3076,5,0.25,0.0525,RENT,VENTURE,N,1
42,40000,2.1,32600,18.34,0.815,7,0.2917,0.1495,RENT,HOMEIMPROVEMENT,Y,1
35,69400,4.0,7800,8.6,0.1124,9,0.5294,0.0097,OWN,MEDICAL,N,0
27,48600,3.5,14300,10.99,0.2942,2,0.2222,0.0323,RENT,EDUCATION,N,0
47,17800,1.2,14700,20.43,0.8258,6,0.2069,0.1687,MORTGAGE,EDUCATION,Y,1
35,71400,11.6,17000,13.93,0.2381,6,0.3529,0.0332,RENT,MEDICAL,N,0
32,24000,2.0,2800,9.35,0.1167,9,0.6429,0.0109,RENT,MEDICAL,N,0
51,37700,3.2,11400,13.41,0.3024,2,0.0606,0.0406,RENT,DEBTCONSOLIDATION,Y,0
46,48900,2.6,15600,14.76,0.319,5,0.1786,0.0471,MORTGAGE,EDUCATION,N,0
53,59500,1.0,24400,14.98,0.4101,6,0.1714,0.0614,MORTGAGE,MEDICAL,Y,0
42,46300,4.0,23300,18.69,0.5032,7,0.2917,0.094,RENT,MEDICAL,N,1
32,61200,0.1,3600,9.42,0.0588,5,0.3571,0.0055,OTHER,VENTURE,N,0
50,23100,1.3,21000,22.55,0.9091,7,0.2188,0.205,RENT,DEBTCONSOLIDATION,Y,1
48,39500,2.4,14300,9.21,0.362,7,0.2333,0.0333,MORTGAGE,PERSONAL,N,0
42,53200,7.0,9300,12.48,0.1748,4,0.1667,0.0218,MORTGAGE,PERSONAL,Y,0
53,194600,4.3,15500,10.19,0.0797,5,0.1429,0.0081,MORTGAGE,DEBTCONSOLIDATION,N,0
42,18300,13.7,19100,21.48,1.0437,4,0.1667,0.2242,MORTGAGE,EDUCATION,N,1
42,52600,0.2,14400,13.8,0.2738,9,0.375,0.0378,RENT,PERSONAL,N,0
47,78500,,14300,9.87,0.1822,6,0.2069,0.018,RENT,EDUCATION,N,0
43,139400,16.9,13900,12.39,0.0997,7,0.28,0.0124,RENT,DEBTCONSOLIDATION,N,0
43,86300,0.9,7900,7.5,0.0915,2,0.08,0.0069,MORTGAGE,EDUCATION,N,0
45,68200,1.7,19800,13.99,0.2903,5,0.1852,0.0406,MORTGAGE,EDUCATION,Y,0
59,57000,11.9,3100,7.94,0.0544,3,0.0732,0.0043,RENT,DEBTCONSOLIDATION,N,0
53,27400,0.1,19700,22.49,0.719,2,0.0571,0.1617,MORTGAGE,PERSONAL,N,1
55,105300,3.2,5300,8.2,0.0503,4,0.1081,0.0041,RENT,MEDICAL,N,0
36,54000,,25200,16.56,0.4667,2,0.1111,0.0773,MORTGAGE,PERSONAL,N,0
28,44600,5.1,15200,15.96,0.3408,3,0.3,0.0544,OWN,DEBTCONSOLIDATION,N,0
53,77100,4.6,17300,11.51,0.2244,3,0.0857,0.0258,RENT,EDUCATION,N,0
52,125400,7.8,14700,8.6,0.1172,7,0.2059,0.0101,MORTGAGE,VENTURE,N,0
60,84400,2.2,9900,11.21,0.1173,2,0.0476,0.0131,MORTGAGE,VENTURE,N,0
45,42900,3.6,9700,14.2,0.2261,2,0.0741,0.0321,MORTGAGE,DEBTCONSOLIDATION,N,0
34,59600,1.1,24500,15.54,0.4111,5,0.3125,0.0639,RENT,VENTURE,Y,1
53,136300,10.0,23300,13.1,0.1709,2,0.0571,0.0224,RENT,VENTURE,N,0
42,51200,1.7,7400,11.47,0.1445,6,0.25,0.0166,RENT,PERSONAL,N,0
56,73600,5.0,10800,10.54,0.1467,13,0.3421,0.0155,RENT,EDUCATION,N,0
43,37900,4.0,7700,8.55,0.2032,5,0.2,0.0174,RENT,MEDICAL,N,0
48,71800,0.2,13000,7.7,0.1811,9,0.3,0.0139,RENT,EDUCATION,N,0
45,173900,3.1,5000,11.6,0.0288,8,0.2963,0.0033,MORTGAGE,MEDICAL,N,0
45,60500,2.4,2700,5.82,0.0446,13,0.4815,0.0026,MORTGAGE,PERSONAL,N,0
30,67400,2.7,9500,10.67,0.1409,5,0.4167,0.015,OWN,EDUCATION,N,0
37,28900,0.5,12600,14.82,0.436,7,0.3684,0.0646,RENT,VENTURE,N,1
38,21200,0.2,5100,12.28,0.2406,5,0.25,0.0295,RENT,VENTURE,N,0
45,122100,11.4,12000,10.84,0.0983,5,0.1852,0.0107,RENT,PERSONAL,N,0
44,17800,14.1,17100,18.5,0.9607,2,0.0769,0.1777,RENT,MEDICAL,Y,1
44,19800,11.9,19000,23.22,0.9596,5,0.1923,0.2228,RENT,DEBTCONSOLIDATION,Y,1
49,47000,3.7,11700,12.35,0.2489,5,0.1613,0.0307,MORTGAGE,MEDICAL,N,0
60,54700,3.2,10800,12.1,0.1974,7,0.1667,0.0239,MORTGAGE,DEBTCONSOLIDATION,N,0
35,28900,0.7,11000,14.54,0.3806,2,0.1176,0.0553,RENT,PERSONAL,N,0
51,63700,5.1,8600,13.07,0.135,6,0.1818,0.0176,RENT,PERSONAL,N,0
39,93700,0.1,14100,10.37,0.1505,8,0.381,0.0156,RENT,EDUCATION,N,0
43,38500,0.1,21000,15.65,0.5455,2,0.08,0.0854,MORTGAGE,EDUCATION,Y,0
37,73700,1.7,13400,13.45,0.1818,4,0.2105,0.0245,MORTGAGE,VENTURE,N,0
34,51200,3.0,19100,,0.373,3,0.1875,0.0472,RENT,MEDICAL,N,0
44,24700,10.3,27800,20.6,1.1255,11,0.4231,0.2319,RENT,MEDICAL,Y,1
55,21600,3.4,24700,22.05,1.1435,5,0.1351,0.2521,RENT,DEBTCONSOLIDATION,N,0
28,63900,8.3,8100,9.86,0.1268,10,1.0,0.0125,MORTGAGE,PERSONAL,N,0
50,60500,3.9,23700,13.0,0.3917,6,0.1875,0.0509,RENT,EDUCATION,N,1
50,58300,7.2,10200,7.88,0.175,6,0.1875,0.0138,MORTGAGE,MEDICAL,N,0
43,193700,1.2,12900,8.44,0.0666,5,0.2,0.0056,MORTGAGE,PERSONAL,N,0
48,139000,1.8,25300,12.66,0.182,3,0.1,0.023,MORTGAGE,VENTURE,N,0
60,47000,2.4,14100,11.95,0.3,4,0.0952,0.0358,RENT,PERSONAL,N,0
50,27000,27.2,10000,13.5,0.3704,7,0.2188,0.05,OWN,VENTURE,N,0
39,43300,15.1,9100,13.01,0.2102,7,0.3333,0.0273,RENT,PERSONAL,N,0
42,94600,,11100,10.29,0.1173,10,0.4167,0.0121,MORTGAGE,VENTURE,N,0
32,35900,,10800,14.27,0.3008,5,0.3571,0.0429,RENT,EDUCATION,N,1
40,55100,5.4,5500,9.61,0.0998,2,0.0909,0.0096,MORTGAGE,EDUCATION,N,0
41,85100,4.2,23500,9.83,0.2761,6,0.2609,0.0271,RENT,EDUCATION,N,0
43,190700,2.3,6500,8.29,0.0341,5,0.2,0.0028,MORTGAGE,VENTURE,N,0
48,52100,,11100,12.94,0.2131,4,0.1333,0.0276,RENT,DEBTCONSOLIDATION,N,0
51,46000,13.7,11700,13.72,0.2543,9,0.2727,0.0349,MORTGAGE,MEDICAL,N,0
30,22000,0.3,17800,21.08,0.8091,12,1.0,0.1706,RENT,MEDICAL,Y,1
47,81100,21.6,24800,11.42,0.3058,2,0.069,0.0349,MORTGAGE,VENTURE,N,0
40,29600,0.2,12500,16.38,0.4223,8,0.3636,0.0692,RENT,HOMEIMPROVEMENT,N,1
45,58100,4.0,30100,14.29,0.5181,11,0.4074,0.074,MORTGAGE,EDUCATION,Y,0
43,41300,2.2,10400,12.58,0.2518,2,0.08,0.0317,RENT,VENTURE,N,0
44,81800,5.4,16500,8.61,0.2017,6,0.2308,0.0174,MORTGAGE,EDUCATION,N,0
48,31300,4.8,9200,12.22,0.2939,12,0.4,0.0359,MORTGAGE,HOMEIMPROVEMENT,Y,0
39,28300,4.6,11200,13.76,0.3958,6,0.2857,0.0545,RENT,PERSONAL,N,0
35,26400,0.1,7300,11.75,0.2765,3,0.1765,0.0325,RENT,MEDICAL,N,0
56,39500,4.8,22700,17.57,0.5747,9,0.2368,0.101,RENT,MEDICAL,Y,0
44,33900,1.9,6700,6.91,0.1976,12,0.4615,0.0137,RENT,MEDICAL,N,0
52,46300,5.6,8000,11.97,0.1728,12,0.3529,0.0207,MORTGAGE,VENTURE,N,0
47,25500,3.2,20100,19.8,0.7882,7,0.2414,0.1561,RENT,PERSONAL,Y,1
58,16200,20.9,12800,18.03,0.7901,5,0.125,0.1425,MORTGAGE,EDUCATION,N,0
36,108000,2.1,22400,11.78,0.2074,9,0.5,0.0244,RENT,MEDICAL,N,0
51,111800,1.1,7100,8.28,0.0635,13,0.3939,0.0053,RENT,HOMEIMPROVEMENT,N,0
38,76800,12.2,9700,8.1,0.1263,6,0.3,0.0102,RENT,EDUCATION,N,0
42,36500,13.5,15800,14.43,0.4329,3,0.125,0.0625,RENT,HOMEIMPROVEMENT,N,0
39,91600,1.2,11400,7.32,0.1245,6,0.2857,0.0091,RENT,HOMEIMPROVEMENT,N,0
49,126400,0.9,11800,7.6,0.0934,3,0.0968,0.0071,MORTGAGE,EDUCATION,Y,1
48,49900,2.1,25700,15.71,0.515,5,0.1667,0.0809,RENT,VENTURE,N,1
37,53100,0.4,17100,15.59,0.322,5,0.2632,0.0502,RENT,DEBTCONSOLIDATION,N,1
50,75900,0.5,9600,8.94,0.1265,8,0.25,0.0113,RENT,EDUCATION,N,0
41,56900,8.7,28700,15.26,0.5044,6,0.2609,0.077,RENT,PERSONAL,N,1
57,63200,4.8,21000,,0.3323,8,0.2051,0.0421,RENT,MEDICAL,N,1
31,42500,3.9,16100,16.95,0.3788,7,0.5385,0.0642,MORTGAGE,DEBTCONSOLIDATION,N,0
44,41400,4.2,21000,15.63,0.5072,6,0.2308,0.0793,MORTGAGE,EDUCATION,N,0
46,66300,1.8,20200,12.32,0.3047,3,0.1071,0.0375,RENT,EDUCATION,N,0
39,90000,0.6,17100,12.15,0.19,12,0.5714,0.0231,RENT,PERSONAL,N,0
68,34000,0.2,10000,12.52,0.2941,7,0.14,0.0368,RENT,PERSONAL,Y,0
53,57900,,13800,11.49,0.2383,2,0.0571,0.0274,MORTGAGE,PERSONAL,N,0
53,78000,,18700,,0.2397,2,0.0571,0.0303,MORTGAGE,MEDICAL,N,0
42,91200,0.1,15000,12.26,0.1645,11,0.4583,0.0202,MORTGAGE,MEDICAL,N,0
65,30100,6.1,6400,9.86,0.2126,8,0.1702,0.021,RENT,MEDICAL,N,0
35,80400,2.4,12800,11.26,0.1592,10,0.5882,0.0179,RENT,PERSONAL,N,0
38,35000,1.6,13700,16.85,0.3914,3,0.15,0.066,RENT,PERSONAL,N,0
59,54100,8.8,11200,12.27,0.207,9,0.2195,0.0254,MORTGAGE,DEBTCONSOLIDATION,Y,1
37,96300,2.1,8500,12.62,0.0883,2,0.1053,0.0111,MORTGAGE,DEBTCONSOLIDATION,N,0
31,78700,10.1,16000,9.22,0.2033,10,0.7692,0.0187,MORTGAGE,EDUCATION,N,0
46,36300,1.6,19400,13.98,0.5344,4,0.1429,0.0747,MORTGAGE,EDUCATION,N,0
62,48400,3.5,17200,11.49,0.3554,9,0.2045,0.0408,RENT,HOMEIMPROVEMENT,N,0
37,47800,9.7,9600,10.17,0.2008,3,0.1579,0.0204,MORTGAGE,EDUCATION,N,0
48,66300,2.8,10000,11.83,0.1508,15,0.5,0.0178,RENT,PERSONAL,N,0
39,39300,0.6,22200,20.36,0.5649,15,0.7143,0.115,RENT,DEBTCONSOLIDATION,Y,1
38,97400,0.8,18500,10.72,0.1899,6,0.3,0.0204,OTHER,VENTURE,N,0
55,24500,2.0,8400,15.06,0.3429,4,0.1081,0.0516,RENT,DEBTCONSOLIDATION,N,0
46,64900,6.0,20000,12.66,0.3082,2,0.0714,0.039,MORTGAGE,EDUCATION,N,0
49,61900,1.6,31200,15.82,0.504,6,0.1935,0.0797,MORTGAGE,MEDICAL,N,1
38,69900,,24300,14.56,0.3476,4,0.2,0.0506,MORTGAGE,DEBTCONSOLIDATION,N,0
70,32200,3.1,7900,14.73,0.2453,7,0.1346,0.0361,RENT,EDUCATION,Y,1
49,40500,3.7,4100,5.96,0.1012,2,0.0645,0.006,RENT,PERSONAL,N,0
42,31300,1.5,19800,18.93,0.6326,8,0.3333,0.1198,OWN,PERSONAL,Y,0
47,58000,3.2,7400,13.07,0.1276,4,0.1379,0.0167,MORTGAGE,DEBTCONSOLIDATION,N,0
50,61000,5.6,25400,14.7,0.4164,8,0.25,0.0612,MORTGAGE,HOMEIMPROVEMENT,N,1
43,35800,2.7,25600,19.26,0.7151,2,0.08,0.1377,MORTGAGE,MEDICAL,N,1
25,52700,7.0,18000,18.3,0.3416,5,0.7143,0.0625,MORTGAGE,DEBTCONSOLIDATION,N,0
44,86300,17.6,10500,8.42,0.1217,4,0.1538,0.0102,MORTGAGE,EDUCATION,N,0
53,120800,3.8,16600,10.66,0.1374,6,0.1714,0.0146,OWN,EDUCATION,N,0
40,77800,1.1,22200,12.01,0.2853,7,0.3182,0.0343,MORTGAGE,EDUCATION,N,0
53,47300,12.6,16300,13.34,0.3446,6,0.1714,0.046,RENT,EDUCATION,Y,0
44,29500,1.4,2600,10.63,0.0881,2,0.0769,0.0094,MORTGAGE,DEBTCONSOLIDATION,N,1
52,31300,1.9,5800,12.32,0.1853,11,0.3235,0.0228,MORTGAGE,VENTURE,Y,0
49,52400,0.3,24900,16.56,0.4752,7,0.2258,0.0787,MORTGAGE,DEBTCONSOLIDATION,Y,1
44,45400,0.0,18900,15.06,0.4163,10,0.3846,0.0627,RENT,MEDICAL,Y,0
41,37800,9.2,11300,11.95,0.2989,8,0.3478,0.0357,MORTGAGE,MEDICAL,N,0
40,65500,8.5,19800,13.66,0.3023,6,0.2727,0.0413,MORTGAGE,MEDICAL,Y,0
42,41800,3.0,11500,10.13,0.2751,7,0.2917,0.0279,OWN,EDUCATION,N,0
49,64500,7.1,19800,11.79,0.307,2,0.0645,0.0362,RENT,PERSONAL,Y,0
50,49100,1.6,4800,8.87,0.0978,10,0.3125,0.0087,RENT,MEDICAL,N,0
56,110800,5.1,11000,12.14,0.0993,11,0.2895,0.0121,RENT,VENTURE,N,0
59,62800,0.1,12100,6.94,0.1927,5,0.122,0.0134,OTHER,EDUCATION,N,0
47,28400,14.0,13100,17.13,0.4613,2,0.069,0.079,RENT,VENTURE,Y,1
53,74400,3.7,19700,12.37,0.2648,4,0.1143,0.0328,MORTGAGE,EDUCATION,N,0
48,62700,0.8,15400,9.65,0.2456,10,0.3333,0.0237,MORTGAGE,MEDICAL,N,0
40,50600,13.2,18200,15.04,0.3597,9,0.4091,0.0541,RENT,MEDICAL,N,1
45,66400,14.5,23900,13.58,0.3599,4,0.1481,0.0489,RENT,DEBTCONSOLIDATION,N,0
44,45800,2.3,22300,16.6,0.4869,13,0.5,0.0808,RENT,MEDICAL,Y,1
34,34900,7.8,9700,14.07,0.2779,5,0.3125,0.0391,MORTGAGE,PERSONAL,N,0
68,67500,,12600,9.75,0.1867,8,0.16,0.0182,RENT,DEBTCONSOLIDATION,N,0
36,29700,1.5,8400,17.47,0.2828,5,0.2778,0.0494,MORTGAGE,VENTURE,N,0
47,40900,7.7,8700,12.2,0.2127,5,0.1724,0.0259,MORTGAGE,VENTURE,N,0
38,24400,5.6,4800,7.31,0.1967,7,0.35,0.0144,RENT,EDUCATION,N,0
40,57800,0.0,4400,10.87,0.0761,11,0.5,0.0083,RENT,MEDICAL,N,0
31,42600,4.2,27700,19.95,0.6502,3,0.2308,0.1297,MORTGAGE,PERSONAL,Y,1
48,66600,0.7,25900,14.68,0.3889,5,0.1667,0.0571,RENT,VENTURE,Y,0
47,46100,8.0,7700,7.8,0.167,8,0.2759,0.013,RENT,PERSONAL,N,0
56,64700,8.7,10900,12.01,0.1685,2,0.0526,0.0202,MORTGAGE,EDUCATION,N,1
41,60400,3.4,14100,14.92,0.2334,6,0.2609,0.0348,RENT,VENTURE,N,0
50,105300,3.8,11300,14.01,0.1073,8,0.25,0.015,MORTGAGE,PERSONAL,N,0
53,56800,,5600,9.45,0.0986,5,0.1429,0.0093,RENT,MEDICAL,N,0
48,29800,4.1,21600,18.8,0.7248,2,0.0667,0.1363,RENT,EDUCATION,N,1
37,35900,0.1,12800,14.74,0.3565,2,0.1053,0.0525,RENT,HOMEIMPROVEMENT,N,0
36,49000,8.4,21100,15.74,0.4306,13,0.7222,0.0678,MORTGAGE,HOMEIMPROVEMENT,Y,1
57,201500,12.3,24600,13.04,0.1221,3,0.0769,0.0159,RENT,PERSONAL,N,0
49,47200,0.5,13000,17.18,0.2754,2,0.0645,0.0473,MORTGAGE,PERSONAL,Y,1
56,93800,8.7,24800,13.22,0.2644,10,0.2632,0.035,MORTGAGE,PERSONAL,Y,1
39,41400,,14900,13.22,0.3599,4,0.1905,0.0476,RENT,HOMEIMPROVEMENT,N,0
53,99400,3.9,22500,12.27,0.2264,4,0.1143,0.0278,RENT,PERSONAL,N,0
42,20500,1.1,23600,20.03,1.1512,5,0.2083,0.2306,RENT,EDUCATION,N,1
47,49100,1.1,19200,12.08,0.391,2,0.069,0.0472,RENT,EDUCATION,N,0
40,25900,6.6,18900,20.7,0.7297,4,0.1818,0.151,RENT,MEDICAL,N,1
38,97600,8.0,14600,11.58,0.1496,6,0.3,0.0173,RENT,MEDICAL,N,0
44,93300,0.8,18700,6.87,0.2004,10,0.3846,0.0138,MORTGAGE,EDUCATION,N,0
35,50500,7.5,14800,14.83,0.2931,6,0.3529,0.0435,RENT,PERSONAL,Y,0
69,82200,10.0,20000,13.62,0.2433,8,0.1569,0.0331,RENT,EDUCATION,N,0
37,34800,4.4,24800,18.3,0.7126,11,0.5789,0.1304,OWN,MEDICAL,Y,1
37,40000,2.9,19200,16.89,0.48,9,0.4737,0.0811,MORTGAGE,EDUCATION,N,0
38,62300,2.1,3100,9.8,0.0498,6,0.3,0.0049,RENT,VENTURE,N,0
54,64300,0.5,12200,13.09,0.1897,11,0.3056,0.0248,MORTGAGE,VENTURE,N,0
35,26700,0.3,14900,18.12,0.5581,4,0.2353,0.1011,MORTGAGE,EDUCATION,N,1
41,119400,1.1,17000,8.61,0.1424,3,0.1304,0.0123,MORTGAGE,EDUCATION,N,0
64,95900,3.3,17200,10.42,0.1794,4,0.087,0.0187,RENT,VENTURE,N,0
42,57800,6.0,11200,10.15,0.1938,11,0.4583,0.0197,RENT,EDUCATION,N,0
40,22200,4.1,8900,14.3,0.4009,5,0.2273,0.0573,MORTGAGE,MEDICAL,N,0
45,55300,4.0,30200,18.05,0.5461,6,0.2222,0.0986,MORTGAGE,MEDICAL,Y,1
52,34000,17.7,10300,12.22,0.3029,2,0.0588,0.037,MORTGAGE,EDUCATION,N,0
38,124900,5.2,19700,11.71,0.1577,5,0.25,0.0185,RENT,HOMEIMPROVEMENT,N,0
42,70900,20.3,15200,11.63,0.2144,4,0.1667,0.0249,MORTGAGE,MEDICAL,N,0
55,58800,3.3,11000,8.17,0.1871,14,0.3784,0.0153,RENT,VENTURE,N,0
41,115400,1.6,17500,10.01,0.1516,8,0.3478,0.0152,MORTGAGE,VENTURE,N,0
70,113800,1.2,20900,9.94,0.1837,6,0.1154,0.0183,RENT,PERSONAL,Y,0
49,111300,4.2,15300,9.94,0.1375,6,0.1935,0.0137,RENT,MEDICAL,N,0
53,65500,0.6,4300,12.51,0.0656,6,0.1714,0.0082,MORTGAGE,VENTURE,N,0
35,108700,2.2,7500,11.2,0.069,13,0.7647,0.0077,OWN,HOMEIMPROVEMENT,N,0
37,70700,10.5,26100,12.66,0.3692,10,0.5263,0.0467,MORTGAGE,PERSONAL,N,0
33,72600,4.8,34100,15.62,0.4697,3,0.2,0.0734,RENT,MEDICAL,N,1
40,54100,8.0,23300,16.83,0.4307,4,0.1818,0.0725,MORTGAGE,EDUCATION,N,0
48,37600,0.7,15300,15.62,0.4069,8,0.2667,0.0636,RENT,EDUCATION,N,1
52,58200,0.1,7300,11.79,0.1254,2,0.0588,0.0148,RENT,MEDICAL,N,0
35,46900,5.4,3200,5.42,0.0682,5,0.2941,0.0037,RENT,EDUCATION,N,0
39,111800,5.3,28500,13.72,0.2549,4,0.1905,0.035,OWN,PERSONAL,N,0
60,71200,6.2,9700,8.16,0.1362,7,0.1667,0.0111,RENT,DEBTCONSOLIDATION,N,0
29,119800,0.6,7700,8.94,0.0643,4,0.3636,0.0057,MORTGAGE,PERSONAL,N,0
42,60300,0.1,8700,11.33,0.1443,2,0.0833,0.0163,RENT,PERSONAL,N,0
39,54800,4.5,13700,12.9,0.25,20,0.9524,0.0322,RENT,VENTURE,N,0
37,21600,2.1,8000,,0.3704,7,0.3684,0.0469,MORTGAGE,VENTURE,N,0
50,20400,0.7,13700,17.44,0.6716,12,0.375,0.1171,MORTGAGE,MEDICAL,Y,0
49,38000,5.5,22500,18.02,0.5921,3,0.0968,0.1067,MORTGAGE,EDUCATION,N,1
36,84600,0.0,16600,7.82,0.1962,2,0.1111,0.0153,RENT,MEDICAL,N,0
56,28600,2.1,23600,18.84,0.8252,6,0.1579,0.1555,RENT,DEBTCONSOLIDATION,Y,1
53,25400,4.1,30500,18.54,1.2008,6,0.1714,0.2226,RENT,MEDICAL,Y,1
46,101400,1.6,3600,10.35,0.0355,6,0.2143,0.0037,MORTGAGE,HOMEIMPROVEMENT,N,0
54,33000,2.8,16400,16.34,0.497,14,0.3889,0.0812,MORTGAGE,EDUCATION,Y,1
30,53300,12.0,25200,,0.4728,5,0.4167,0.0599,RENT,EDUCATION,N,0
33,105900,5.4,3400,8.89,0.0321,3,0.2,0.0029,OTHER,VENTURE,N,0
40,111100,1.9,10800,9.12,0.0972,2,0.0909,0.0089,MORTGAGE,PERSONAL,N,0
46,58500,5.9,21100,14.97,0.3607,9,0.3214,0.054,RENT,EDUCATION,N,0
32,43000,5.2,7900,,0.1837,9,0.6429,0.0233,RENT,MEDICAL,N,0
35,29900,0.5,7500,12.73,0.2508,2,0.1176,0.0319,RENT,VENTURE,N,0
68,63400,2.6,19100,10.06,0.3013,3,0.06,0.0303,MORTGAGE,MEDICAL,N,0
34,91200,4.3,11500,8.56,0.1261,5,0.3125,0.0108,MORTGAGE,DEBTCONSOLIDATION,N,0
42,37100,1.6,10000,12.42,0.2695,5,0.2083,0.0335,MORTGAGE,MEDICAL,N,0
44,50600,9.5,17000,14.73,0.336,3,0.1154,0.0495,MORTGAGE,PERSONAL,N,0
50,44200,0.7,18700,16.18,0.4231,14,0.4375,0.0685,MORTGAGE,VENTURE,N,0
62,38400,2.0,17400,15.94,0.4531,9,0.2045,0.0722,MORTGAGE,MEDICAL,N,0
49,73100,3.3,19200,13.65,0.2627,9,0.2903,0.0359,RENT,MEDICAL,N,0
40,77400,2.9,16500,11.72,0.2132,3,0.1364,0.025,MORTGAGE,VENTURE,N,0
61,57300,1.7,9300,9.78,0.1623,6,0.1395,0.0159,MORTGAGE,EDUCATION,N,0
55,36400,0.4,11100,13.3,0.3049,3,0.0811,0.0406,RENT,VENTURE,Y,0
51,39100,6.6,7700,8.59,0.1969,2,0.0606,0.0169,OWN,MEDICAL,N,0
45,54100,4.9,10200,10.58,0.1885,11,0.4074,0.0199,RENT,PERSONAL,N,0
66,48300,3.1,9300,16.94,0.1925,4,0.0833,0.0326,MORTGAGE,EDUCATION,N,0
48,60700,3.1,10500,7.85,0.173,5,0.1667,0.0136,RENT,HOMEIMPROVEMENT,N,0
35,54000,7.4,3200,11.01,0.0593,5,0.2941,0.0065,RENT,EDUCATION,N,0
48,39200,1.4,4200,6.69,0.1071,6,0.2,0.0072,RENT,VENTURE,N,0
43,58400,5.1,11600,9.22,0.1986,14,0.56,0.0183,RENT,VENTURE,N,0
34,114500,8.5,13400,11.52,0.117,13,0.8125,0.0135,RENT,EDUCATION,Y,0
30,71600,7.3,14000,11.33,0.1955,12,1.0,0.0222,RENT,MEDICAL,N,0
35,23900,4.8,3800,12.19,0.159,3,0.1765,0.0194,MORTGAGE,EDUCATION,N,0
50,45500,1.6,8400,6.3,0.1846,12,0.375,0.0116,MORTGAGE,VENTURE,N,0
52,53900,3.7,32000,21.9,0.5937,3,0.0882,0.13,MORTGAGE,PERSONAL,N,0
48,149500,20.4,11600,10.19,0.0776,7,0.2333,0.0079,RENT,EDUCATION,N,0
43,92700,3.7,4600,8.36,0.0496,8,0.32,0.0041,MORTGAGE,MEDICAL,N,0
34,69800,6.4,6500,7.88,0.0931,6,0.375,0.0073,MORTGAGE,DEBTCONSOLIDATION,N,0
52,102400,1.4,1100,7.02,0.0107,4,0.1176,0.0008,MORTGAGE,HOMEIMPROVEMENT,N,0
35,45100,0.7,20200,15.78,0.4479,12,0.7059,0.0707,RENT,MEDICAL,Y,0
44,21600,0.8,18600,19.31,0.8611,4,0.1538,0.1663,MORTGAGE,EDUCATION,N,1
53,26900,1.4,5000,11.6,0.1859,9,0.2571,0.0216,MORTGAGE,DEBTCONSOLIDATION,Y,0
46,165200,0.4,9200,10.54,0.0557,5,0.1786,0.0059,RENT,PERSONAL,N,0
54,41200,,12800,13.3,0.3107,5,0.1389,0.0413,OTHER,DEBTCONSOLIDATION,N,1
51,20100,0.4,28000,23.22,1.393,7,0.2121,0.3235,MORTGAGE,MEDICAL,N,1
30,43000,0.8,12300,16.34,0.286,2,0.1667,0.0467,MORTGAGE,PERSONAL,N,0
50,70000,,24900,17.09,0.3557,8,0.25,0.0608,RENT,VENTURE,N,0
50,73400,6.2,6200,9.48,0.0845,10,0.3125,0.008,MORTGAGE,DEBTCONSOLIDATION,N,0
44,60100,4.3,19400,18.15,0.3228,7,0.2692,0.0586,RENT,DEBTCONSOLIDATION,N,1
51,31600,6.3,17400,19.02,0.5506,7,0.2121,0.1047,RENT,MEDICAL,Y,1
47,76300,15.8,10900,5.42,0.1429,3,0.1034,0.0077,RENT,EDUCATION,N,0
49,51000,2.6,24100,17.22,0.4725,8,0.2581,0.0814,MORTGAGE,DEBTCONSOLIDATION,Y,1
43,51900,1.8,3000,,0.0578,7,0.28,0.0073,RENT,MEDICAL,N,0
47,59000,10.2,27900,18.56,0.4729,7,0.2414,0.0878,RENT,MEDICAL,N,1
36,88800,0.1,6600,9.13,0.0743,2,0.1111,0.0068,RENT,VENTURE,N,0
44,37800,3.5,22000,17.0,0.582,5,0.1923,0.0989,MORTGAGE,HOMEIMPROVEMENT,Y,1
37,57000,0.5,18200,13.67,0.3193,19,1.0,0.0436,RENT,DEBTCONSOLIDATION,N,0
52,42600,0.2,18200,15.53,0.4272,2,0.0588,0.0663,MORTGAGE,MEDICAL,N,0
67,63300,10.8,22800,14.05,0.3602,20,0.4082,0.0506,OWN,PERSONAL,N,0
43,60100,6.0,15200,9.83,0.2529,6,0.24,0.0249,MORTGAGE,MEDICAL,N,0
41,21500,1.5,10000,14.86,0.4651,5,0.2174,0.0691,RENT,MEDICAL,Y,1
53,38300,15.4,18000,15.28,0.47,3,0.0857,0.0718,RENT,VENTURE,N,0
32,40300,1.3,15400,16.77,0.3821,3,0.2143,0.0641,RENT,VENTURE,N,0
42,60400,16.5,8900,16.02,0.1474,12,0.5,0.0236,MORTGAGE,VENTURE,N,0
41,57300,4.6,10600,13.23,0.185,7,0.3043,0.0245,RENT,PERSONAL,N,0
46,77800,,7000,8.96,0.09,5,0.1786,0.0081,RENT,MEDICAL,Y,0
33,129400,7.0,20700,10.66,0.16,2,0.1333,0.0171,OWN,MEDICAL,N,0
30,68200,0.8,4600,10.42,0.0674,6,0.5,0.007,MORTGAGE,DEBTCONSOLIDATION,N,0
49,78500,1.5,17800,10.74,0.2268,8,0.2581,0.0244,RENT,MEDICAL,N,0
48,38100,8.2,16600,16.39,0.4357,2,0.0667,0.0714,RENT,HOMEIMPROVEMENT,N,1
53,41500,3.8,9800,11.36,0.2361,7,0.2,0.0268,RENT,MEDICAL,N,0
43,58500,1.9,25000,13.98,0.4274,6,0.24,0.0598,RENT,PERSONAL,N,0
44,23800,0.6,16500,18.8,0.6933,9,0.3462,0.1303,RENT,DEBTCONSOLIDATION,Y,1
37,45400,0.1,5100,7.9,0.1123,14,0.7368,0.0089,MORTGAGE,PERSONAL,N,0
44,43700,6.5,6800,6.89,0.1556,2,0.0769,0.0107,MORTGAGE,MEDICAL,N,0
44,167600,2.6,5900,8.42,0.0352,5,0.1923,0.003,MORTGAGE,EDUCATION,N,0
29,48900,3.7,16400,14.95,0.3354,6,0.5455,0.0501,MORTGAGE,VENTURE,N,1
32,58200,2.1,14300,12.14,0.2457,14,1.0,0.0298,RENT,VENTURE,N,0
51,29200,3.1,21300,19.08,0.7295,12,0.3636,0.1392,RENT,VENTURE,Y,1
51,30600,3.1,12900,,0.4216,5,0.1515,0.0534,RENT,PERSONAL,N,1
53,68700,4.4,6000,12.03,0.0873,3,0.0857,0.0105,RENT,EDUCATION,N,0
43,90900,2.6,6000,10.7,0.066,10,0.4,0.0071,RENT,VENTURE,N,0
40,23500,9.4,16200,22.81,0.6894,6,0.2727,0.1573,MORTGAGE,DEBTCONSOLIDATION,Y,1
40,25400,1.8,12200,15.17,0.4803,2,0.0909,0.0729,RENT,PERSONAL,N,1
43,54800,2.7,20900,16.89,0.3814,12,0.48,0.0644,RENT,VENTURE,N,0
57,144400,4.0,22500,11.67,0.1558,2,0.0513,0.0182,RENT,PERSONAL,N,0
43,78600,0.9,15200,13.77,0.1934,11,0.44,0.0266,MORTGAGE,EDUCATION,N,1
42,89500,3.2,8100,7.77,0.0905,7,0.2917,0.007,OTHER,EDUCATION,Y,0
40,52800,4.1,16800,11.66,0.3182,6,0.2727,0.0371,RENT,EDUCATION,Y,1
37,19900,2.5,3800,13.42,0.191,4,0.2105,0.0256,MORTGAGE,PERSONAL,N,0
38,46300,3.9,34000,16.3,0.7343,2,0.1,0.1197,MORTGAGE,MEDICAL,Y,1
45,72700,8.7,20100,7.41,0.2765,5,0.1852,0.0205,RENT,MEDICAL,N,0
70,127600,8.0,10400,,0.0815,4,0.0769,0.0103,RENT,DEBTCONSOLIDATION,N,0
45,50400,3.7,14200,14.06,0.2817,3,0.1111,0.0396,OWN,VENTURE,N,0
43,29000,1.0,24000,19.51,0.8276,4,0.16,0.1615,RENT,EDUCATION,N,1
47,71000,1.0,4600,8.53,0.0648,5,0.1724,0.0055,RENT,EDUCATION,N,0
30,127800,0.3,21100,,0.1651,7,0.5833,0.0209,MORTGAGE,EDUCATION,N,0
37,38900,0.3,11600,17.38,0.2982,4,0.2105,0.0518,OWN,DEBTCONSOLIDATION,N,0
44,51000,5.0,8200,12.96,0.1608,2,0.0769,0.0208,RENT,EDUCATION,N,0
41,12500,5.8,12500,20.98,1.0,13,0.5652,0.2098,RENT,HOMEIMPROVEMENT,Y,1
35,34700,2.5,10200,15.14,0.2939,5,0.2941,0.0445,MORTGAGE,VENTURE,N,0
35,23400,0.6,13200,,0.5641,7,0.4118,0.0714,RENT,EDUCATION,Y,1
47,148000,14.3,25100,10.84,0.1696,6,0.2069,0.0184,RENT,MEDICAL,N,0
36,32400,5.4,29300,21.17,0.9043,3,0.1667,0.1914,RENT,VENTURE,Y,1
37,33000,11.5,8400,11.07,0.2545,4,0.2105,0.0282,RENT,MEDICAL,N,0
44,64900,11.0,7600,,0.1171,6,0.2308,0.0148,MORTGAGE,PERSONAL,N,0
43,54500,10.1,22200,,0.4073,4,0.16,0.0516,RENT,DEBTCONSOLIDATION,N,0
37,37500,3.1,27100,19.36,0.7227,17,0.8947,0.1399,MORTGAGE,PERSONAL,N,1
45,111600,2.0,7400,10.59,0.0663,6,0.2222,0.007,RENT,VENTURE,N,0
41,60600,19.3,22900,13.58,0.3779,10,0.4348,0.0513,RENT,MEDICAL,N,0
40,30600,7.1,11500,11.56,0.3758,3,0.1364,0.0434,MORTGAGE,MEDICAL,N,0
57,72700,0.8,11800,7.94,0.1623,4,0.1026,0.0129,MORTGAGE,PERSONAL,N,0
40,25700,4.5,34300,18.69,1.3346,7,0.3182,0.2494,MORTGAGE,MEDICAL,Y,0
31,23400,3.4,19700,18.71,0.8419,9,0.6923,0.1575,RENT,HOMEIMPROVEMENT,Y,1
57,34300,1.5,7000,9.57,0.2041,2,0.0513,0.0195,MORTGAGE,EDUCATION,N,0
50,62000,5.7,22400,16.05,0.3613,2,0.0625,0.058,MORTGAGE,VENTURE,N,0
49,96900,0.8,14000,11.1,0.1445,15,0.4839,0.016,MORTGAGE,DEBTCONSOLIDATION,N,0
51,90700,5.4,7800,7.84,0.086,9,0.2727,0.0067,MORTGAGE,MEDICAL,N,0
42,31200,9.4,30100,,0.9647,5,0.2083,0.1221,RENT,DEBTCONSOLIDATION,Y,1
27,45300,,7100,9.04,0.1567,9,1.0,0.0142,RENT,MEDICAL,N,0
30,58000,1.7,16800,12.32,0.2897,2,0.1667,0.0357,MORTGAGE,EDUCATION,N,0
47,80400,12.8,21000,12.65,0.2612,10,0.3448,0.033,RENT,MEDICAL,N,0
39,123400,4.9,20600,13.71,0.1669,10,0.4762,0.0229,RENT,VENTURE,N,0
33,39400,0.5,25800,21.83,0.6548,9,0.6,0.1429,MORTGAGE,VENTURE,Y,1
35,33900,4.8,22600,21.28,0.6667,4,0.2353,0.1419,RENT,MEDICAL,Y,1
40,28200,1.9,16700,16.21,0.5922,4,0.1818,0.096,OWN,PERSONAL,N,0
41,19600,0.5,17000,19.86,0.8673,7,0.3043,0.1722,RENT,HOMEIMPROVEMENT,Y,1
41,102900,3.1,16700,,0.1623,4,0.1739,0.0205,OWN,EDUCATION,N,0
36,32600,13.1,4300,10.01,0.1319,15,0.8333,0.0132,OWN,VENTURE,N,0
39,43700,10.2,8000,9.36,0.1831,7,0.3333,0.0171,RENT,EDUCATION,N,0
45,53500,0.2,18600,12.91,0.3477,2,0.0741,0.0449,RENT,DEBTCONSOLIDATION,N,0
51,53700,1.5,12700,10.19,0.2365,3,0.0909,0.0241,RENT,EDUCATION,N,0
46,18600,9.7,20300,20.16,1.0914,5,0.1786,0.22,MORTGAGE,EDUCATION,Y,1
37,163100,6.5,21800,8.78,0.1337,7,0.3684,0.0117,MORTGAGE,EDUCATION,N,0
50,78500,4.3,9200,9.58,0.1172,7,0.2188,0.0112,RENT,PERSONAL,Y,0
38,105800,2.4,10400,5.78,0.0983,5,0.25,0.0057,RENT,EDUCATION,N,0
37,61000,6.9,11600,12.16,0.1902,4,0.2105,0.0231,RENT,HOMEIMPROVEMENT,N,0
63,17000,2.5,14600,17.31,0.8588,6,0.1333,0.1487,OWN,EDUCATION,Y,1
54,56700,0.0,15100,13.3,0.2663,5,0.1389,0.0354,MORTGAGE,VENTURE,Y,0
60,30500,1.8,24500,18.79,0.8033,10,0.2381,0.1509,RENT,EDUCATION,N,1
51,59900,11.3,4800,11.56,0.0801,6,0.1818,0.0093,MORTGAGE,MEDICAL,N,0
42,21100,2.1,25900,22.47,1.2275,7,0.2917,0.2758,RENT,VENTURE,Y,1
43,85100,4.8,19800,11.75,0.2327,4,0.16,0.0273,RENT,VENTURE,N,0
39,21300,12.8,24800,18.34,1.1643,12,0.5714,0.2135,OWN,MEDICAL,Y,1
55,42800,0.2,10100,12.07,0.236,5,0.1351,0.0285,MORTGAGE,DEBTCONSOLIDATION,N,0
49,103600,,6600,6.57,0.0637,5,0.1613,0.0042,RENT,MEDICAL,N,0
55,25700,3.3,24800,20.43,0.965,3,0.0811,0.1971,RENT,VENTURE,Y,1
54,26700,7.3,19300,18.85,0.7228,8,0.2222,0.1362,RENT,EDUCATION,Y,1
60,39100,2.2,14400,13.59,0.3683,8,0.1905,0.0501,MORTGAGE,PERSONAL,N,0
31,96600,6.4,7100,10.13,0.0735,8,0.6154,0.0074,RENT,MEDICAL,N,0
45,50300,9.1,33100,20.09,0.6581,11,0.4074,0.1322,OWN,MEDICAL,Y,1
40,85800,1.3,5400,9.64,0.0629,7,0.3182,0.0061,MORTGAGE,PERSONAL,N,0
30,61800,7.9,20600,13.7,0.3333,10,0.8333,0.0457,MORTGAGE,MEDICAL,N,0
34,54000,4.0,16300,15.13,0.3019,10,0.625,0.0457,MORTGAGE,EDUCATION,N,0
39,82000,7.8,8000,11.57,0.0976,10,0.4762,0.0113,MORTGAGE,MEDICAL,N,0
46,32500,,24000,20.32,0.7385,2,0.0714,0.1501,OTHER,EDUCATION,N,0
46,29700,11.1,27400,17.84,0.9226,3,0.1071,0.1646,MORTGAGE,EDUCATION,Y,1
57,51500,22.1,15200,12.08,0.2951,3,0.0769,0.0356,RENT,EDUCATION,N,0
33,32000,0.9,3300,8.13,0.1031,9,0.6,0.0084,MORTGAGE,EDUCATION,N,0
62,117900,0.3,12800,7.19,0.1086,2,0.0455,0.0078,OWN,MEDICAL,N,0
42,49100,3.7,18200,13.84,0.3707,7,0.2917,0.0513,MORTGAGE,EDUCATION,Y,1
65,36800,2.9,22000,21.96,0.5978,9,0.1915,0.1313,RENT,DEBTCONSOLIDATION,N,1
34,25300,1.6,9900,14.77,0.3913,8,0.5,0.0578,MORTGAGE,HOMEIMPROVEMENT,N,0
61,44000,4.5,11500,11.18,0.2614,3,0.0698,0.0292,RENT,EDUCATION,N,1
40,32400,1.8,14800,16.93,0.4568,5,0.2273,0.0773,MORTGAGE,MEDICAL,Y,1
39,23400,,22200,17.43,0.9487,2,0.0952,0.1654,RENT,EDUCATION,N,1
41,56200,6.6,18600,12.66,0.331,5,0.2174,0.0419,RENT,HOMEIMPROVEMENT,N,0
32,45700,2.8,23100,,0.5055,5,0.3571,0.064,RENT,PERSONAL,N,1
40,81800,4.2,6400,,0.0782,7,0.3182,0.0099,OWN,MEDICAL,N,0
35,75300,0.2,13200,11.66,0.1753,2,0.1176,0.0204,MORTGAGE,HOMEIMPROVEMENT,Y,0
61,41500,0.5,6500,13.19,0.1566,3,0.0698,0.0207,RENT,DEBTCONSOLIDATION,N,0
42,168600,0.2,21200,10.79,0.1257,10,0.4167,0.0136,MORTGAGE,MEDICAL,N,0
42,76300,6.2,12100,,0.1586,5,0.2083,0.0201,MORTGAGE,DEBTCONSOLIDATION,N,1
46,94900,16.2,13500,11.04,0.1423,3,0.1071,0.0157,OWN,DEBTCONSOLIDATION,N,0
56,26800,1.2,8200,10.23,0.306,7,0.1842,0.0313,RENT,PERSONAL,N,0
35,59600,6.2,21500,,0.3607,2,0.1176,0.0457,RENT,MEDICAL,N,1
55,34600,1.6,8800,12.88,0.2543,10,0.2703,0.0328,OWN,PERSONAL,N,0
48,44900,4.2,16300,16.87,0.363,13,0.4333,0.0612,RENT,DEBTCONSOLIDATION,N,0
50,39700,15.8,13500,16.0,0.3401,3,0.0938,0.0544,RENT,EDUCATION,N,0
44,114200,5.7,10100,9.86,0.0884,7,0.2692,0.0087,MORTGAGE,PERSONAL,N,0
36,20700,2.0,26300,20.63,1.2705,7,0.3889,0.2621,MORTGAGE,EDUCATION,Y,1
51,73200,0.1,20000,12.02,0.2732,11,0.3333,0.0328,RENT,DEBTCONSOLIDATION,N,0
46,29500,,12200,14.09,0.4136,20,0.7143,0.0583,RENT,HOMEIMPROVEMENT,N,0
63,66100,4.0,6900,9.42,0.1044,12,0.2667,0.0098,RENT,PERSONAL,N,0
45,55100,2.7,26900,16.94,0.4882,2,0.0741,0.0827,RENT,MEDICAL,Y,1
52,76300,,18900,12.52,0.2477,3,0.0882,0.031,RENT,PERSONAL,N,0
45,30000,13.4,7000,12.39,0.2333,5,0.1852,0.0289,MORTGAGE,EDUCATION,N,0
44,32400,1.6,2700,7.31,0.0833,7,0.2692,0.0061,RENT,MEDICAL,N,0
47,34800,1.3,21100,17.57,0.6063,3,0.1034,0.1065,RENT,MEDICAL,Y,1
36,44400,5.0,8900,5.42,0.2005,10,0.5556,0.0109,RENT,PERSONAL,N,1
44,35100,4.3,20700,19.71,0.5897,7,0.2692,0.1162,RENT,PERSONAL,Y,1
62,71100,6.3,11500,11.29,0.1617,12,0.2727,0.0183,MORTGAGE,VENTURE,N,0
38,139300,0.3,23600,9.46,0.1694,13,0.65,0.016,RENT,VENTURE,N,0
36,27700,,11100,17.22,0.4007,8,0.4444,0.069,RENT,MEDICAL,N,1
35,36700,10.7,17400,,0.4741,3,0.1765,0.06,RENT,EDUCATION,Y,1
49,24100,2.1,16300,18.17,0.6763,12,0.3871,0.1229,OTHER,PERSONAL,Y,0
38,67500,9.1,17200,10.88,0.2548,4,0.2,0.0277,MORTGAGE,DEBTCONSOLIDATION,N,0
38,25900,2.1,15600,16.03,0.6023,5,0.25,0.0965,MORTGAGE,MEDICAL,Y,1
44,178900,2.2,16500,10.48,0.0922,4,0.1538,0.0097,RENT,VENTURE,N,0
46,61400,5.2,10600,10.33,0.1726,5,0.1786,0.0178,MORTGAGE,MEDICAL,N,0
49,40700,,19800,16.48,0.4865,2,0.0645,0.0802,MORTGAGE,HOMEIMPROVEMENT,Y,1
52,61800,2.9,18900,9.98,0.3058,9,0.2647,0.0305,MORTGAGE,PERSONAL,N,0
47,54600,0.3,21000,15.06,0.3846,3,0.1034,0.0579,RENT,PERSONAL,N,0
36,29000,1.0,7600,,0.2621,16,0.8889,0.0332,MORTGAGE,EDUCATION,N,0
56,55900,5.7,7700,10.41,0.1377,4,0.1053,0.0143,RENT,VENTURE,N,0
49,53500,23.0,6100,10.85,0.114,6,0.1935,0.0124,RENT,EDUCATION,N,0
56,102700,12.3,11100,11.67,0.1081,3,0.0789,0.0126,RENT,HOMEIMPROVEMENT,N,1
40,23500,22.0,23900,18.89,1.017,22,1.0,0.1921,RENT,MEDICAL,Y,1
52,121300,1.2,5400,8.07,0.0445,3,0.0882,0.0036,MORTGAGE,PERSONAL,N,0
40,24500,5.1,5600,10.05,0.2286,8,0.3636,0.023,OWN,EDUCATION,N,0
44,97100,1.8,17300,11.23,0.1782,9,0.3462,0.02,RENT,EDUCATION,N,0
38,60800,9.2,17600,14.98,0.2895,2,0.1,0.0434,MORTGAGE,PERSONAL,N,0
57,40200,2.3,7600,9.89,0.1891,5,0.1282,0.0187,RENT,EDUCATION,N,0
41,58200,1.5,5300,9.96,0.0911,2,0.087,0.0091,RENT,MEDICAL,N,1
40,39600,0.3,6800,8.12,0.1717,8,0.3636,0.0139,RENT,PERSONAL,N,0
49,84700,9.1,17500,11.56,0.2066,3,0.0968,0.0239,MORTGAGE,EDUCATION,N,0
36,52900,6.7,17200,13.81,0.3251,3,0.1667,0.0449,RENT,EDUCATION,N,1
47,50000,1.4,25000,16.18,0.5,3,0.1034,0.0809,RENT,HOMEIMPROVEMENT,N,0
53,35200,10.5,3600,11.0,0.1023,6,0.1714,0.0113,RENT,HOMEIMPROVEMENT,N,0
44,129200,1.5,7900,8.79,0.0611,8,0.3077,0.0054,RENT,MEDICAL,N,0
46,58400,4.2,25000,17.01,0.4281,9,0.3214,0.0728,RENT,HOMEIMPROVEMENT,N,0
40,46000,1.2,14700,14.77,0.3196,5,0.2273,0.0472,MORTGAGE,PERSONAL,N,1
56,53400,6.3,10000,13.61,0.1873,5,0.1316,0.0255,MORTGAGE,VENTURE,N,0
46,100600,2.3,15200,8.45,0.1511,9,0.3214,0.0128,RENT,EDUCATION,N,0
41,74700,2.1,9700,8.51,0.1299,14,0.6087,0.0111,MORTGAGE,DEBTCONSOLIDATION,N,0
63,28500,7.1,14000,17.83,0.4912,13,0.2889,0.0876,MORTGAGE,VENTURE,N,0
60,61100,1.9,25900,16.32,0.4239,6,0.1429,0.0692,MORTGAGE,MEDICAL,Y,1
46,45000,2.1,14400,12.98,0.32,8,0.2857,0.0415,RENT,MEDICAL,N,0
48,63400,1.8,13000,14.48,0.205,2,0.0667,0.0297,RENT,MEDICAL,N,0
70,77500,21.6,8100,9.28,0.1045,4,0.0769,0.0097,RENT,HOMEIMPROVEMENT,N,0
33,67100,0.7,23300,14.86,0.3472,4,0.2667,0.0516,MORTGAGE,MEDICAL,N,0
47,20900,11.4,13100,16.38,0.6268,4,0.1379,0.1027,OTHER,EDUCATION,N,1
48,43400,0.2,11600,10.91,0.2673,8,0.2667,0.0292,RENT,EDUCATION,N,0
51,23000,0.8,10100,16.8,0.4391,14,0.4242,0.0738,OWN,VENTURE,N,0
39,123600,9.5,8800,8.26,0.0712,8,0.381,0.0059,MORTGAGE,PERSONAL,N,0
58,83300,2.6,20500,15.7,0.2461,3,0.075,0.0386,MORTGAGE,DEBTCONSOLIDATION,N,0
35,38100,0.2,12600,10.61,0.3307,5,0.2941,0.0351,MORTGAGE,EDUCATION,N,0
50,35100,1.2,7400,11.99,0.2108,7,0.2188,0.0253,MORTGAGE,DEBTCONSOLIDATION,N,0
36,125600,4.4,14800,10.34,0.1178,5,0.2778,0.0122,MORTGAGE,EDUCATION,N,0
37,49400,,10600,11.83,0.2146,5,0.2632,0.0254,RENT,EDUCATION,N,0
44,29500,2.2,9800,14.78,0.3322,9,0.3462,0.0491,RENT,PERSONAL,N,1
37,14400,16.4,18300,20.95,1.2708,7,0.3684,0.2662,RENT,MEDICAL,Y,1
57,31000,0.2,16500,19.6,0.5323,9,0.2308,0.1043,OWN,PERSONAL,Y,1
34,48400,4.6,13800,15.55,0.2851,6,0.375,0.0443,RENT,EDUCATION,N,0
44,42400,1.2,12300,14.03,0.2901,10,0.3846,0.0407,MORTGAGE,VENTURE,N,0
49,52500,5.6,5900,,0.1124,16,0.5161,0.0142,OTHER,EDUCATION,N,0
43,70700,1.7,7900,8.45,0.1117,2,0.08,0.0094,RENT,EDUCATION,N,0
34,37500,3.1,9600,12.14,0.256,9,0.5625,0.0311,RENT,VENTURE,N,0
42,78500,0.7,10100,12.04,0.1287,13,0.5417,0.0155,OTHER,DEBTCONSOLIDATION,N,0
29,38000,0.1,15400,13.23,0.4053,5,0.4545,0.0536,RENT,PERSONAL,N,0
60,67600,1.2,16900,13.62,0.25,8,0.1905,0.034,MORTGAGE,EDUCATION,N,0
44,28900,0.8,25200,20.19,0.872,4,0.1538,0.1761,MORTGAGE,VENTURE,Y,1
38,25500,2.6,13100,18.83,0.5137,3,0.15,0.0967,MORTGAGE,PERSONAL,N,1
66,61800,27.6,29400,17.16,0.4757,6,0.125,0.0816,RENT,MEDICAL,N,0
34,35900,3.3,8900,11.61,0.2479,6,0.375,0.0288,MORTGAGE,MEDICAL,N,0
36,71200,4.6,14900,12.23,0.2093,7,0.3889,0.0256,RENT,EDUCATION,N,1
50,68800,3.3,15900,13.37,0.2311,10,0.3125,0.0309,MORTGAGE,DEBTCONSOLIDATION,N,1
44,21000,1.6,20300,20.53,0.9667,6,0.2308,0.1985,OTHER,MEDICAL,Y,1
36,43200,0.5,22700,16.34,0.5255,3,0.1667,0.0859,RENT,EDUCATION,Y,1
44,32400,8.6,16700,14.35,0.5154,9,0.3462,0.074,RENT,PERSONAL,Y,0
35,44200,3.4,4000,6.99,0.0905,9,0.5294,0.0063,MORTGAGE,EDUCATION,N,0
41,40500,,20600,16.9,0.5086,5,0.2174,0.086,RENT,PERSONAL,N,0
38,83400,3.7,19600,16.03,0.235,2,0.1,0.0377,RENT,MEDICAL,N,0
31,41100,3.9,24800,20.37,0.6034,8,0.6154,0.1229,RENT,DEBTCONSOLIDATION,Y,1
48,23500,12.5,8500,12.65,0.3617,15,0.5,0.0458,RENT,MEDICAL,N,0
40,61600,0.7,2900,8.18,0.0471,7,0.3182,0.0039,MORTGAGE,VENTURE,N,0
44,21800,0.7,8700,16.56,0.3991,5,0.1923,0.0661,RENT,DEBTCONSOLIDATION,Y,0
46,59300,3.0,16300,15.54,0.2749,11,0.3929,0.0427,MORTGAGE,EDUCATION,N,1
50,88400,4.9,30400,9.86,0.3439,9,0.2812,0.0339,RENT,HOMEIMPROVEMENT,N,0
60,42400,1.2,7400,10.12,0.1745,6,0.1429,0.0177,RENT,EDUCATION,N,0
48,137600,2.4,11000,8.61,0.0799,15,0.5,0.0069,RENT,PERSONAL,N,0
40,28100,1.7,18400,21.28,0.6548,4,0.1818,0.1393,RENT,EDUCATION,N,1
44,35900,0.0,8800,11.27,0.2451,4,0.1538,0.0276,OWN,DEBTCONSOLIDATION,N,0
41,44500,1.9,21000,14.13,0.4719,9,0.3913,0.0667,MORTGAGE,EDUCATION,N,1
47,41600,9.9,22700,18.09,0.5457,5,0.1724,0.0987,RENT,MEDICAL,Y,1
35,91000,1.1,11100,10.71,0.122,6,0.3529,0.0131,MORTGAGE,PERSONAL,N,0
48,84200,6.4,6300,5.42,0.0748,12,0.4,0.0041,MORTGAGE,MEDICAL,N,0
38,57400,8.2,13900,11.56,0.2422,10,0.5,0.028,MORTGAGE,EDUCATION,N,0
34,18300,0.0,29300,19.33,1.6011,6,0.375,0.3095,RENT,EDUCATION,Y,1
34,45300,0.6,7200,13.39,0.1589,4,0.25,0.0213,MORTGAGE,DEBTCONSOLIDATION,N,0
33,133800,0.0,9000,10.81,0.0673,6,0.4,0.0073,RENT,HOMEIMPROVEMENT,N,0
48,70300,4.3,14800,,0.2105,6,0.2,0.0266,MORTGAGE,MEDICAL,N,0
42,96700,5.9,24700,10.22,0.2554,5,0.2083,0.0261,RENT,EDUCATION,N,0
37,78600,1.9,24500,17.78,0.3117,5,0.2632,0.0554,MORTGAGE,PERSONAL,Y,1
35,67800,1.7,10700,9.74,0.1578,8,0.4706,0.0154,RENT,PERSONAL,N,0
35,51600,5.2,19300,15.58,0.374,3,0.1765,0.0583,RENT,MEDICAL,N,0
41,105600,1.7,14000,9.29,0.1326,7,0.3043,0.0123,MORTGAGE,EDUCATION,N,0
28,41900,3.2,8500,13.08,0.2029,6,0.6,0.0265,MORTGAGE,PERSONAL,N,0
36,21400,2.1,12200,19.95,0.5701,10,0.5556,0.1137,MORTGAGE,MEDICAL,N,1
36,24300,7.7,14600,16.76,0.6008,8,0.4444,0.1007,MORTGAGE,HOMEIMPROVEMENT,Y,1
23,41100,3.8,4900,11.65,0.1192,3,0.6,0.0139,MORTGAGE,VENTURE,N,0
45,79700,2.9,1500,11.61,0.0188,9,0.3333,0.0022,MORTGAGE,EDUCATION,N,0
46,100800,9.5,14300,9.62,0.1419,2,0.0714,0.0137,RENT,MEDICAL,N,0
32,126000,10.9,12500,14.23,0.0992,11,0.7857,0.0141,MORTGAGE,EDUCATION,N,0
51,106400,20.7,12300,12.26,0.1156,5,0.1515,0.0142,RENT,MEDICAL,N,0
35,38700,1.8,15600,15.41,0.4031,3,0.1765,0.0621,RENT,VENTURE,N,1
42,27700,0.8,8100,,0.2924,3,0.125,0.037,RENT,EDUCATION,N,0
36,122700,1.3,7700,7.54,0.0628,9,0.5,0.0047,MORTGAGE,DEBTCONSOLIDATION,N,0
37,42800,1.2,13000,16.37,0.3037,6,0.3158,0.0497,RENT,EDUCATION,Y,1
34,98300,0.2,7900,,0.0804,16,1.0,0.0102,MORTGAGE,MEDICAL,N,0
49,27500,0.3,8600,9.27,0.3127,8,0.2581,0.029,MORTGAGE,MEDICAL,Y,0
57,106500,1.0,5000,12.63,0.0469,8,0.2051,0.0059,MORTGAGE,DEBTCONSOLIDATION,N,0
38,26600,8.1,9400,16.41,0.3534,5,0.25,0.058,RENT,VENTURE,N,0
48,92600,0.8,13400,12.9,0.1447,5,0.1667,0.0187,RENT,PERSONAL,N,0
43,68500,5.6,27100,13.86,0.3956,8,0.32,0.0548,RENT,EDUCATION,N,0
43,53100,6.4,11900,,0.2241,2,0.08,0.0284,RENT,DEBTCONSOLIDATION,N,0
41,26500,2.9,12800,15.24,0.483,3,0.1304,0.0736,RENT,HOMEIMPROVEMENT,Y,0
37,34900,3.3,29000,17.77,0.8309,2,0.1053,0.1477,RENT,MEDICAL,N,1
47,32300,,11200,15.09,0.3467,8,0.2759,0.0523,MORTGAGE,DEBTCONSOLIDATION,N,0
49,73100,5.4,23000,10.78,0.3146,11,0.3548,0.0339,RENT,EDUCATION,N,0
44,59500,6.0,17500,13.06,0.2941,10,0.3846,0.0384,RENT,EDUCATION,Y,0
35,68200,5.2,7400,7.94,0.1085,2,0.1176,0.0086,RENT,MEDICAL,N,0
43,50000,0.9,29500,22.57,0.59,3,0.12,0.1332,MORTGAGE,DEBTCONSOLIDATION,Y,0
34,66900,9.7,14600,12.4,0.2182,8,0.5,0.0271,RENT,DEBTCONSOLIDATION,N,0
41,31600,6.1,13700,16.08,0.4335,5,0.2174,0.0697,RENT,VENTURE,N,0
47,92200,,11300,10.87,0.1226,8,0.2759,0.0133,MORTGAGE,VENTURE,N,0
37,61500,4.3,16000,12.17,0.2602,3,0.1579,0.0317,RENT,VENTURE,N,0
46,52600,0.6,10700,9.38,0.2034,2,0.0714,0.0191,RENT,EDUCATION,N,0
41,32600,6.2,11000,12.41,0.3374,12,0.5217,0.0419,MORTGAGE,PERSONAL,N,0
63,23600,0.6,12100,,0.5127,10,0.2222,0.0649,RENT,PERSONAL,N,0
37,35100,3.3,9300,12.73,0.265,4,0.2105,0.0337,MORTGAGE,DEBTCONSOLIDATION,N,0
46,44800,4.1,17400,15.53,0.3884,3,0.1071,0.0603,MORTGAGE,PERSONAL,N,0
37,55300,5.7,20600,,0.3725,8,0.4211,0.0472,MORTGAGE,EDUCATION,N,0
44,26200,0.4,17100,16.95,0.6527,8,0.3077,0.1106,MORTGAGE,EDUCATION,N,1
38,32000,8.8,12300,17.09,0.3844,8,0.4,0.0657,OWN,PERSONAL,N,1
43,54400,5.4,7300,11.22,0.1342,9,0.36,0.0151,RENT,HOMEIMPROVEMENT,N,0
50,22900,0.2,7600,17.6,0.3319,6,0.1875,0.0584,RENT,VENTURE,N,1
51,82200,1.5,11800,13.04,0.1436,21,0.6364,0.0187,MORTGAGE,VENTURE,N,0
35,57300,1.8,25300,,0.4415,3,0.1765,0.0559,RENT,VENTURE,Y,1
51,51200,0.1,20400,13.75,0.3984,4,0.1212,0.0548,RENT,MEDICAL,N,1
41,78900,20.6,17200,12.6,0.218,3,0.1304,0.0275,RENT,MEDICAL,Y,0
43,55100,7.5,10100,,0.1833,16,0.64,0.0232,MORTGAGE,MEDICAL,N,0
44,148800,7.4,16100,11.01,0.1082,8,0.3077,0.0119,RENT,EDUCATION,N,0
53,26900,2.1,9800,12.58,0.3643,4,0.1143,0.0458,RENT,MEDICAL,N,0
37,34300,1.0,15200,17.2,0.4431,7,0.3684,0.0762,MORTGAGE,PERSONAL,N,0
42,42200,5.0,19500,15.6,0.4621,2,0.0833,0.0721,RENT,MEDICAL,N,1
46,201500,0.9,5200,,0.0258,13,0.4643,0.0033,RENT,VENTURE,N,0
50,62000,5.9,17000,11.97,0.2742,7,0.2188,0.0328,MORTGAGE,VENTURE,N,0
52,59100,2.2,20200,14.18,0.3418,17,0.5,0.0485,OTHER,MEDICAL,N,0
36,97100,5.5,25900,12.01,0.2667,6,0.3333,0.032,MORTGAGE,PERSONAL,N,0
36,48700,8.0,25900,15.36,0.5318,18,1.0,0.0817,RENT,EDUCATION,N,1
32,48400,,12200,16.07,0.2521,5,0.3571,0.0405,RENT,VENTURE,N,0
40,20800,1.9,10500,16.67,0.5048,6,0.2727,0.0842,RENT,HOMEIMPROVEMENT,Y,1
70,36900,3.4,26400,20.58,0.7154,4,0.0769,0.1472,RENT,VENTURE,Y,1
59,19500,8.8,22700,18.91,1.1641,3,0.0732,0.2201,MORTGAGE,EDUCATION,N,1
50,129500,3.0,32900,14.11,0.2541,9,0.2812,0.0359,MORTGAGE,DEBTCONSOLIDATION,N,0
45,19200,2.3,26200,18.52,1.3646,9,0.3333,0.2527,RENT,EDUCATION,Y,1
55,33900,10.3,20500,20.95,0.6047,8,0.2162,0.1267,MORTGAGE,PERSONAL,N,0
41,74400,4.5,9300,10.79,0.125,2,0.087,0.0135,MORTGAGE,PERSONAL,N,0
53,29000,4.4,11900,14.96,0.4103,4,0.1143,0.0614,RENT,HOMEIMPROVEMENT,N,0
41,72000,2.4,5300,8.77,0.0736,5,0.2174,0.0065,OWN,MEDICAL,N,0
54,18100,20.7,19800,23.22,1.0939,7,0.1944,0.254,MORTGAGE,MEDICAL,N,1
40,24200,4.9,7000,14.24,0.2893,2,0.0909,0.0412,RENT,HOMEIMPROVEMENT,N,0
29,23500,1.1,17600,20.05,0.7489,3,0.2727,0.1502,RENT,EDUCATION,Y,1
62,15200,2.0,20300,20.45,1.3355,7,0.1591,0.2731,MORTGAGE,MEDICAL,Y,1
32,48300,7.0,28500,20.49,0.5901,7,0.5,0.1209,RENT,MEDICAL,Y,1
50,186000,4.4,11400,,0.0613,13,0.4062,0.0078,RENT,PERSONAL,N,0
56,89500,7.0,22300,11.22,0.2492,9,0.2368,0.028,OWN,PERSONAL,N,0
43,186500,0.1,22500,10.97,0.1206,8,0.32,0.0132,MORTGAGE,VENTURE,N,0
56,23400,2.1,16700,16.26,0.7137,2,0.0526,0.116,MORTGAGE,HOMEIMPROVEMENT,Y,1
36,88600,2.4,23300,13.26,0.263,6,0.3333,0.0349,MORTGAGE,VENTURE,N,0
55,92700,1.5,20900,7.53,0.2255,7,0.1892,0.017,RENT,PERSONAL,N,0
52,54200,2.5,19700,18.73,0.3635,3,0.0882,0.0681,RENT,MEDICAL,N,0
50,67400,6.6,10700,8.6,0.1588,7,0.2188,0.0137,MORTGAGE,MEDICAL,N,0
41,41400,0.2,14100,13.69,0.3406,2,0.087,0.0466,MORTGAGE,DEBTCONSOLIDATION,N,1
60,116700,2.0,14300,9.31,0.1225,7,0.1667,0.0114,RENT,PERSONAL,N,0
43,28100,1.9,16900,19.4,0.6014,8,0.32,0.1167,MORTGAGE,DEBTCONSOLIDATION,Y,1
31,69500,1.7,9900,,0.1424,13,1.0,0.018,OWN,VENTURE,N,0
59,100700,0.6,14600,7.84,0.145,5,0.122,0.0114,MORTGAGE,PERSONAL,N,0
32,27600,6.8,24400,19.5,0.8841,8,0.5714,0.1724,OWN,PERSONAL,Y,1
38,44700,1.4,18100,15.88,0.4049,3,0.15,0.0643,RENT,EDUCATION,N,0
68,97300,11.8,19500,13.74,0.2004,5,0.1,0.0275,MORTGAGE,PERSONAL,N,0
53,84100,4.3,8700,9.86,0.1034,5,0.1429,0.0102,MORTGAGE,DEBTCONSOLIDATION,N,0
57,34600,1.5,9400,13.73,0.2717,8,0.2051,0.0373,RENT,DEBTCONSOLIDATION,N,1
39,102900,12.6,5500,9.85,0.0534,6,0.2857,0.0053,MORTGAGE,VENTURE,N,0
42,72500,3.8,32800,16.22,0.4524,5,0.2083,0.0734,RENT,VENTURE,N,0
46,24200,15.6,10100,16.98,0.4174,8,0.2857,0.0709,MORTGAGE,EDUCATION,N,0
49,59200,2.2,9900,12.68,0.1672,2,0.0645,0.0212,MORTGAGE,VENTURE,Y,0
51,34800,1.8,27200,19.43,0.7816,4,0.1212,0.1519,RENT,MEDICAL,Y,1
45,36400,2.2,21900,18.44,0.6016,5,0.1852,0.1109,RENT,EDUCATION,N,1
39,93600,8.6,9800,8.16,0.1047,2,0.0952,0.0085,RENT,MEDICAL,N,0
48,46500,1.5,19600,16.46,0.4215,3,0.1,0.0694,MORTGAGE,DEBTCONSOLIDATION,N,1
37,84800,19.0,12900,7.48,0.1521,5,0.2632,0.0114,RENT,VENTURE,N,0
50,40500,4.1,10700,13.01,0.2642,7,0.2188,0.0344,RENT,VENTURE,N,0
43,82100,0.1,6500,9.92,0.0792,13,0.52,0.0079,MORTGAGE,PERSONAL,N,0
34,56700,1.8,20800,15.21,0.3668,5,0.3125,0.0558,RENT,EDUCATION,N,1
60,68400,1.2,29200,21.37,0.4269,4,0.0952,0.0912,RENT,VENTURE,N,1
46,128300,2.1,18800,7.55,0.1465,2,0.0714,0.0111,MORTGAGE,PERSONAL,N,0
46,38100,1.1,26100,17.91,0.685,19,0.6786,0.1227,RENT,VENTURE,N,1
46,52200,5.2,5300,,0.1015,7,0.25,0.0128,MORTGAGE,PERSONAL,N,0
59,51600,24.5,3600,14.71,0.0698,14,0.3415,0.0103,RENT,EDUCATION,N,0
36,30700,0.4,8700,12.03,0.2834,3,0.1667,0.0341,RENT,MEDICAL,Y,0
45,22800,5.3,11100,12.7,0.4868,7,0.2593,0.0618,OWN,EDUCATION,N,1
40,54800,3.9,13200,12.17,0.2409,3,0.1364,0.0293,RENT,MEDICAL,N,1
43,55200,2.3,9200,11.01,0.1667,7,0.28,0.0184,MORTGAGE,VENTURE,N,0
55,103300,13.2,28900,13.05,0.2798,5,0.1351,0.0365,OWN,MEDICAL,N,0
65,63500,5.0,23200,13.27,0.3654,13,0.2766,0.0485,RENT,VENTURE,N,0
61,39200,2.0,17900,14.96,0.4566,8,0.186,0.0683,RENT,EDUCATION,N,0
33,62900,7.9,7600,11.19,0.1208,7,0.4667,0.0135,RENT,VENTURE,N,0
37,86400,1.0,17300,8.8,0.2002,7,0.3684,0.0176,RENT,MEDICAL,N,0
37,76600,6.9,17000,11.64,0.2219,6,0.3158,0.0258,RENT,DEBTCONSOLIDATION,N,1
53,36400,6.4,23900,16.25,0.6566,7,0.2,0.1067,MORTGAGE,EDUCATION,N,0
35,42900,8.7,8300,9.71,0.1935,4,0.2353,0.0188,MORTGAGE,MEDICAL,N,0
47,71000,2.0,5700,8.57,0.0803,4,0.1379,0.0069,OWN,EDUCATION,N,0
60,58100,3.3,14300,,0.2461,7,0.1667,0.0312,RENT,EDUCATION,N,0
26,60600,4.0,7300,7.79,0.1205,2,0.25,0.0094,RENT,EDUCATION,N,0
46,64200,0.5,5000,9.56,0.0779,7,0.25,0.0074,RENT,EDUCATION,N,0
39,78000,0.3,28000,13.25,0.359,7,0.3333,0.0476,RENT,PERSONAL,N,0
36,36100,6.6,27500,21.71,0.7618,6,0.3333,0.1654,RENT,PERSONAL,Y,1
58,49300,1.7,9900,12.44,0.2008,6,0.15,0.025,RENT,HOMEIMPROVEMENT,N,0
52,88700,5.1,16100,7.96,0.1815,3,0.0882,0.0144,OWN,MEDICAL,N,0
50,96100,7.1,12200,13.16,0.127,5,0.1562,0.0167,RENT,VENTURE,N,0
58,96500,3.0,4000,6.46,0.0415,2,0.05,0.0027,OWN,DEBTCONSOLIDATION,N,0
42,53200,9.7,10400,9.03,0.1955,9,0.375,0.0177,RENT,EDUCATION,N,0
32,109300,8.4,20100,,0.1839,6,0.4286,0.0233,RENT,DEBTCONSOLIDATION,N,0
65,48100,1.5,34400,17.05,0.7152,2,0.0426,0.1219,MORTGAGE,MEDICAL,Y,0
50,30800,2.4,11100,16.69,0.3604,4,0.125,0.0602,RENT,PERSONAL,Y,0
46,41600,7.3,18700,18.25,0.4495,3,0.1071,0.082,MORTGAGE,DEBTCONSOLIDATION,Y,1
44,44200,0.4,22100,16.66,0.5,2,0.0769,0.0833,OWN,PERSONAL,N,0
48,46200,0.8,6700,12.47,0.145,5,0.1667,0.0181,RENT,DEBTCONSOLIDATION,N,0
61,85200,0.4,17400,10.34,0.2042,7,0.1628,0.0211,MORTGAGE,EDUCATION,N,0
34,43300,5.2,16500,13.44,0.3811,8,0.5,0.0512,RENT,HOMEIMPROVEMENT,N,0
54,88300,9.7,6200,11.48,0.0702,12,0.3333,0.0081,MORTGAGE,EDUCATION,N,0
58,62800,10.4,20500,,0.3264,5,0.125,0.0413,OWN,PERSONAL,N,0
49,110100,1.6,18000,8.98,0.1635,6,0.1935,0.0147,OTHER,PERSONAL,N,0
42,99400,0.5,10500,8.69,0.1056,14,0.5833,0.0092,MORTGAGE,HOMEIMPROVEMENT,N,0
59,17700,8.9,19100,18.29,1.0791,15,0.3659,0.1974,MORTGAGE,PERSONAL,N,1
37,73900,,5300,11.13,0.0717,2,0.1053,0.008,OWN,VENTURE,Y,0
47,63900,5.3,9600,10.61,0.1502,2,0.069,0.0159,RENT,VENTURE,N,0
48,78700,6.0,19900,12.44,0.2529,11,0.3667,0.0315,MORTGAGE,MEDICAL,N,0
39,75600,2.9,24900,14.24,0.3294,8,0.381,0.0469,RENT,MEDICAL,N,0
34,68700,3.3,28100,14.83,0.409,2,0.125,0.0607,RENT,EDUCATION,N,0
33,23100,4.7,12800,19.39,0.5541,7,0.4667,0.1074,MORTGAGE,VENTURE,N,1
40,28500,2.8,5500,10.4,0.193,6,0.2727,0.0201,OWN,EDUCATION,N,0
31,84100,0.3,4100,10.71,0.0488,4,0.3077,0.0052,RENT,MEDICAL,N,0
36,77800,10.4,17500,10.93,0.2249,10,0.5556,0.0246,RENT,PERSONAL,N,0
39,47100,0.8,4800,10.33,0.1019,4,0.1905,0.0105,RENT,PERSONAL,Y,0
55,65000,1.1,25500,11.72,0.3923,6,0.1622,0.046,MORTGAGE,MEDICAL,N,0
45,96300,8.1,25200,11.9,0.2617,5,0.1852,0.0311,OTHER,MEDICAL,N,0
50,63700,12.7,29100,16.22,0.4568,4,0.125,0.0741,MORTGAGE,HOMEIMPROVEMENT,N,0
32,31300,6.9,20100,18.9,0.6422,6,0.4286,0.1214,RENT,HOMEIMPROVEMENT,Y,1
40,141700,0.9,25000,9.89,0.1764,3,0.1364,0.0174,RENT,MEDICAL,N,0
35,126800,17.0,30300,,0.239,7,0.4118,0.0303,RENT,DEBTCONSOLIDATION,N,0
41,108800,3.3,22200,12.75,0.204,13,0.5652,0.026,OWN,MEDICAL,Y,0
50,44600,0.7,19800,14.59,0.4439,5,0.1562,0.0648,MORTGAGE,PERSONAL,N,1
47,209300,1.2,14500,11.67,0.0693,2,0.069,0.0081,RENT,VENTURE,N,0
70,59100,3.1,22200,17.46,0.3756,9,0.1731,0.0656,RENT,MEDICAL,N,1
33,43400,3.6,16800,15.1,0.3871,6,0.4,0.0585,MORTGAGE,MEDICAL,N,0
35,72400,5.8,4000,7.26,0.0552,8,0.4706,0.004,MORTGAGE,PERSONAL,N,0
52,55500,2.0,11400,,0.2054,3,0.0882,0.026,RENT,DEBTCONSOLIDATION,N,0
42,95500,18.4,19200,9.76,0.201,2,0.0833,0.0196,MORTGAGE,PERSONAL,N,0
37,28600,1.3,6700,14.61,0.2343,2,0.1053,0.0342,MORTGAGE,VENTURE,N,0
29,72900,6.6,9500,9.77,0.1303,3,0.2727,0.0127,RENT,EDUCATION,N,0
43,21800,6.8,15600,21.23,0.7156,10,0.4,0.1519,MORTGAGE,MEDICAL,N,1
42,45900,17.9,23400,17.71,0.5098,6,0.25,0.0903,MORTGAGE,VENTURE,N,0
31,76500,7.2,13500,9.22,0.1765,10,0.7692,0.0163,RENT,EDUCATION,N,0
40,49100,10.0,9500,13.28,0.1935,13,0.5909,0.0257,MORTGAGE,EDUCATION,N,0
50,52800,2.0,7400,12.17,0.1402,9,0.2812,0.0171,RENT,EDUCATION,N,0
48,28400,13.4,10500,15.44,0.3697,8,0.2667,0.0571,MORTGAGE,DEBTCONSOLIDATION,N,0
39,52000,0.1,18400,11.89,0.3538,6,0.2857,0.0421,MORTGAGE,HOMEIMPROVEMENT,N,0
46,45100,28.0,11000,12.21,0.2439,6,0.2143,0.0298,RENT,DEBTCONSOLIDATION,N,0
45,69100,0.7,5600,8.41,0.081,9,0.3333,0.0068,MORTGAGE,MEDICAL,N,0
43,31100,2.3,17800,19.05,0.5723,4,0.16,0.109,OWN,MEDICAL,Y,1
60,68400,4.4,9900,12.32,0.1447,9,0.2143,0.0178,RENT,EDUCATION,N,0
42,43500,0.1,22000,15.03,0.5057,12,0.5,0.076,RENT,DEBTCONSOLIDATION,N,0
43,77100,8.6,13400,12.61,0.1738,15,0.6,0.0219,RENT,DEBTCONSOLIDATION,N,0
48,48200,2.3,4600,5.54,0.0954,2,0.0667,0.0053,RENT,PERSONAL,N,0
45,84400,4.7,13300,10.49,0.1576,6,0.2222,0.0165,MORTGAGE,DEBTCONSOLIDATION,N,0
39,55800,2.3,2100,9.28,0.0376,3,0.1429,0.0035,MORTGAGE,EDUCATION,N,0
49,54200,2.3,11400,11.94,0.2103,16,0.5161,0.0251,MORTGAGE,VENTURE,N,0
28,26000,1.2,15100,20.0,0.5808,7,0.7,0.1162,MORTGAGE,MEDICAL,Y,1
44,59200,3.0,8400,11.1,0.1419,3,0.1154,0.0158,MORTGAGE,PERSONAL,N,0
62,111100,0.9,16700,9.93,0.1503,5,0.1136,0.0149,RENT,EDUCATION,N,0
69,57200,6.1,14600,13.47,0.2552,5,0.098,0.0344,RENT,DEBTCONSOLIDATION,N,0
46,38700,0.9,25000,19.35,0.646,12,0.4286,0.125,MORTGAGE,HOMEIMPROVEMENT,Y,1
44,33700,3.4,25700,19.62,0.7626,4,0.1538,0.1496,RENT,PERSONAL,N,1
47,75100,2.6,12600,9.81,0.1678,5,0.1724,0.0165,MORTGAGE,MEDICAL,N,1
61,57100,13.1,27800,19.36,0.4869,3,0.0698,0.0943,RENT,EDUCATION,N,1
54,63500,2.1,17400,14.19,0.274,10,0.2778,0.0389,RENT,VENTURE,N,0
40,41000,2.5,13200,10.9,0.322,7,0.3182,0.0351,RENT,MEDICAL,N,0
70,51700,5.8,25300,,0.4894,2,0.0385,0.062,RENT,VENTURE,Y,1
39,24500,13.2,2700,5.42,0.1102,8,0.381,0.006,RENT,VENTURE,N,0
39,48000,6.0,9700,12.6,0.2021,11,0.5238,0.0255,RENT,VENTURE,N,0
44,36500,1.8,10500,,0.2877,6,0.2308,0.0364,RENT,MEDICAL,N,1
39,21100,6.6,27800,19.91,1.3175,6,0.2857,0.2623,MORTGAGE,HOMEIMPROVEMENT,Y,1
35,82500,0.9,18900,17.22,0.2291,6,0.3529,0.0395,RENT,DEBTCONSOLIDATION,N,0
52,36600,0.7,15200,16.97,0.4153,6,0.1765,0.0705,RENT,VENTURE,Y,1
36,53000,2.1,13500,13.21,0.2547,3,0.1667,0.0336,MORTGAGE,PERSONAL,N,0
39,108000,8.8,8500,7.8,0.0787,3,0.1429,0.0061,RENT,VENTURE,N,0
55,56100,4.9,24400,,0.4349,2,0.0541,0.0551,RENT,PERSONAL,Y,0
35,103500,0.1,23700,15.45,0.229,6,0.3529,0.0354,OWN,VENTURE,N,0
38,33300,9.1,5900,11.48,0.1772,7,0.35,0.0203,MORTGAGE,DEBTCONSOLIDATION,N,0
46,54100,8.7,18700,14.25,0.3457,17,0.6071,0.0493,RENT,PERSONAL,N,0
36,37100,3.7,15200,14.17,0.4097,2,0.1111,0.0581,MORTGAGE,VENTURE,N,0
40,46900,22.0,7600,13.92,0.162,7,0.3182,0.0226,RENT,EDUCATION,N,0
47,34700,,13500,14.12,0.389,5,0.1724,0.0549,RENT,PERSONAL,N,0
36,59100,1.2,14400,8.31,0.2437,3,0.1667,0.0203,OWN,MEDICAL,N,0
38,31100,4.2,12700,16.17,0.4084,4,0.2,0.066,RENT,EDUCATION,Y,0
54,33900,2.8,20700,17.23,0.6106,8,0.2222,0.1052,RENT,MEDICAL,N,1
55,22300,15.4,27700,22.34,1.2422,11,0.2973,0.2775,OWN,PERSONAL,N,1
51,44000,2.5,11700,14.63,0.2659,6,0.1818,0.0389,RENT,HOMEIMPROVEMENT,N,0
34,123300,1.0,16300,6.52,0.1322,3,0.1875,0.0086,RENT,EDUCATION,N,0
55,49000,4.2,15700,12.83,0.3204,11,0.2973,0.0411,RENT,EDUCATION,N,0
35,66800,0.1,18100,10.62,0.271,8,0.4706,0.0288,RENT,MEDICAL,N,0
47,89900,0.3,3100,5.47,0.0345,3,0.1034,0.0019,RENT,MEDICAL,N,0
44,32300,2.0,6600,10.84,0.2043,5,0.1923,0.0221,RENT,MEDICAL,N,0
40,54300,2.2,11800,8.24,0.2173,2,0.0909,0.0179,MORTGAGE,HOMEIMPROVEMENT,N,0
41,83400,9.1,13300,11.57,0.1595,9,0.3913,0.0185,MORTGAGE,MEDICAL,Y,0
33,68800,0.1,9500,12.59,0.1381,2,0.1333,0.0174,RENT,VENTURE,N,0
48,178200,,3000,9.22,0.0168,7,0.2333,0.0015,OTHER,VENTURE,Y,0
39,24600,4.7,10200,16.36,0.4146,8,0.381,0.0678,MORTGAGE,DEBTCONSOLIDATION,N,1
47,74700,5.1,10700,14.08,0.1432,4,0.1379,0.0202,OWN,EDUCATION,N,0
62,39800,0.2,8900,15.25,0.2236,6,0.1364,0.0341,RENT,DEBTCONSOLIDATION,Y,1
35,61200,0.6,9400,10.1,0.1536,8,0.4706,0.0155,RENT,DEBTCONSOLIDATION,N,0
55,69500,10.2,17500,10.45,0.2518,4,0.1081,0.0263,OTHER,PERSONAL,N,0
38,48900,4.4,30200,20.1,0.6176,5,0.25,0.1241,RENT,EDUCATION,Y,0
44,46700,8.0,12300,13.3,0.2634,11,0.4231,0.035,MORTGAGE,VENTURE,N,0
32,39400,3.2,25500,16.73,0.6472,3,0.2143,0.1083,RENT,EDUCATION,Y,1
36,21300,6.4,11700,16.53,0.5493,16,0.8889,0.0908,MORTGAGE,VENTURE,N,0
40,12800,5.8,7600,17.62,0.5938,2,0.0909,0.1046,RENT,EDUCATION,N,0
47,50400,6.4,8000,12.27,0.1587,4,0.1379,0.0195,MORTGAGE,EDUCATION,N,0
37,29600,3.2,17100,11.86,0.5777,2,0.1053,0.0685,RENT,PERSONAL,N,0
46,78300,0.8,14900,11.36,0.1903,4,0.1429,0.0216,MORTGAGE,EDUCATION,N,0
63,157600,0.9,19200,8.42,0.1218,8,0.1778,0.0103,MORTGAGE,EDUCATION,N,0
41,60100,1.0,28400,,0.4725,14,0.6087,0.0598,MORTGAGE,EDUCATION,Y,1
54,78200,1.3,6600,6.53,0.0844,8,0.2222,0.0055,MORTGAGE,MEDICAL,N,0
40,26200,1.7,30100,,1.1489,3,0.1364,0.1455,MORTGAGE,EDUCATION,Y,1
41,132200,3.7,27400,,0.2073,15,0.6522,0.0262,MORTGAGE,PERSONAL,N,0
50,68100,11.8,23200,12.04,0.3407,7,0.2188,0.041,RENT,VENTURE,N,0
51,70000,2.7,21000,11.12,0.3,6,0.1818,0.0334,RENT,VENTURE,N,0
41,57300,0.5,3100,10.31,0.0541,8,0.3478,0.0056,RENT,MEDICAL,N,0
34,48000,0.8,11200,11.32,0.2333,5,0.3125,0.0264,MORTGAGE,HOMEIMPROVEMENT,N,0
45,26700,1.1,22200,23.22,0.8315,2,0.0741,0.1931,MORTGAGE,EDUCATION,Y,1
56,34500,0.3,33800,19.78,0.9797,9,0.2368,0.1938,MORTGAGE,EDUCATION,N,1
45,32800,4.1,26200,20.74,0.7988,3,0.1111,0.1657,OWN,VENTURE,N,1
44,95300,1.9,26600,16.66,0.2791,3,0.1154,0.0465,RENT,VENTURE,N,0
39,40600,3.7,9100,11.35,0.2241,4,0.1905,0.0254,MORTGAGE,EDUCATION,N,0
39,28700,4.3,18600,19.48,0.6481,16,0.7619,0.1262,OWN,EDUCATION,N,1
34,61300,0.0,18700,12.83,0.3051,8,0.5,0.0391,RENT,EDUCATION,N,0
51,51300,12.5,19200,12.71,0.3743,16,0.4848,0.0476,RENT,PERSONAL,N,0
53,28900,3.4,10600,18.16,0.3668,2,0.0571,0.0666,RENT,VENTURE,Y,1
47,35800,3.8,21600,17.23,0.6034,4,0.1379,0.104,MORTGAGE,MEDICAL,Y,1
46,115300,6.9,30400,,0.2637,12,0.4286,0.0334,RENT,EDUCATION,N,0
25,45600,,12100,12.51,0.2654,3,0.4286,0.0332,RENT,MEDICAL,N,0
46,53100,1.9,23200,17.99,0.4369,7,0.25,0.0786,OTHER,VENTURE,N,1
45,61000,3.8,19900,14.55,0.3262,2,0.0741,0.0475,MORTGAGE,EDUCATION,N,1
41,26600,0.4,9500,14.7,0.3571,3,0.1304,0.0525,MORTGAGE,PERSONAL,N,1
57,48300,6.9,8600,11.46,0.1781,8,0.2051,0.0204,RENT,DEBTCONSOLIDATION,N,0
55,94800,3.1,16200,8.18,0.1709,9,0.2432,0.014,RENT,HOMEIMPROVEMENT,N,0
44,43700,0.6,14200,18.6,0.3249,8,0.3077,0.0604,MORTGAGE,VENTURE,N,0
42,30000,4.4,8800,13.12,0.2933,9,0.375,0.0385,RENT,PERSONAL,N,1
44,97400,5.5,9200,10.65,0.0945,5,0.1923,0.0101,RENT,MEDICAL,N,0
40,47100,3.5,20600,12.86,0.4374,3,0.1364,0.0562,RENT,MEDICAL,N,0
70,89300,10.7,24800,11.28,0.2777,4,0.0769,0.0313,RENT,PERSONAL,N,0
41,66100,0.3,12300,12.72,0.1861,11,0.4783,0.0237,MORTGAGE,VENTURE,Y,0
48,36300,2.0,18600,14.76,0.5124,6,0.2,0.0756,MORTGAGE,MEDICAL,Y,0
45,102800,1.7,16800,12.62,0.1634,6,0.2222,0.0206,RENT,VENTURE,N,0
33,159300,3.3,7800,9.29,0.049,13,0.8667,0.0046,MORTGAGE,PERSONAL,N,0
37,38400,19.0,13100,15.2,0.3411,2,0.1053,0.0518,MORTGAGE,VENTURE,N,0
41,26000,2.5,16500,17.42,0.6346,4,0.1739,0.1105,OWN,EDUCATION,N,1
44,87800,8.6,10200,10.95,0.1162,3,0.1154,0.0127,OWN,VENTURE,N,0
55,40400,1.2,5800,6.95,0.1436,19,0.5135,0.01,RENT,MEDICAL,N,0
38,37700,3.5,31800,18.82,0.8435,3,0.15,0.1587,OTHER,EDUCATION,Y,1
57,59900,3.6,13100,,0.2187,4,0.1026,0.0277,RENT,DEBTCONSOLIDATION,N,0
35,117100,7.0,10400,10.57,0.0888,3,0.1765,0.0094,MORTGAGE,DEBTCONSOLIDATION,N,0
36,46200,4.3,11100,13.62,0.2403,4,0.2222,0.0327,RENT,DEBTCONSOLIDATION,N,0
40,74000,7.8,8800,9.32,0.1189,7,0.3182,0.0111,MORTGAGE,EDUCATION,N,0
58,62400,2.7,8100,6.04,0.1298,2,0.05,0.0078,RENT,PERSONAL,N,0
36,44400,1.4,20800,16.2,0.4685,8,0.4444,0.0759,MORTGAGE,PERSONAL,Y,0
44,108400,9.1,10700,7.31,0.0987,3,0.1154,0.0072,MORTGAGE,PERSONAL,N,0
41,41700,9.5,9100,9.37,0.2182,14,0.6087,0.0204,RENT,EDUCATION,N,1
47,60900,0.9,11900,,0.1954,7,0.2414,0.0247,MORTGAGE,VENTURE,N,0
42,55100,3.1,14600,14.31,0.265,2,0.0833,0.0379,OWN,PERSONAL,N,0
66,63700,2.3,7100,9.82,0.1115,3,0.0625,0.0109,MORTGAGE,VENTURE,N,0
46,81200,2.6,11700,10.53,0.1441,7,0.25,0.0152,RENT,MEDICAL,N,0
47,109100,,30800,14.05,0.2823,3,0.1034,0.0397,MORTGAGE,EDUCATION,N,0
38,51100,1.7,14700,11.74,0.2877,5,0.25,0.0338,MORTGAGE,MEDICAL,Y,0
38,58900,0.3,12200,12.55,0.2071,9,0.45,0.026,MORTGAGE,VENTURE,N,0
32,18300,14.0,20900,17.8,1.1421,11,0.7857,0.2033,MORTGAGE,EDUCATION,N,0
44,71400,,11500,7.31,0.1611,8,0.3077,0.0118,MORTGAGE,MEDICAL,N,0
45,85200,5.9,14300,12.15,0.1678,9,0.3333,0.0204,MORTGAGE,EDUCATION,N,0
41,41100,12.0,6900,13.43,0.1679,5,0.2174,0.0225,MORTGAGE,EDUCATION,N,0
46,30800,0.6,11800,14.42,0.3831,10,0.3571,0.0552,MORTGAGE,PERSONAL,N,0
58,111900,3.2,10000,,0.0894,3,0.075,0.0113,MORTGAGE,PERSONAL,N,0
57,44300,1.2,23600,,0.5327,3,0.0769,0.0674,MORTGAGE,PERSONAL,Y,1
38,50300,0.7,13500,15.15,0.2684,6,0.3,0.0407,RENT,VENTURE,N,1
55,139800,1.6,7500,10.84,0.0536,2,0.0541,0.0058,MORTGAGE,PERSONAL,N,0
53,57600,1.4,16000,11.53,0.2778,4,0.1143,0.032,RENT,PERSONAL,N,0
37,118900,6.5,17900,7.99,0.1505,6,0.3158,0.012,RENT,MEDICAL,N,0
38,66200,1.5,11800,12.36,0.1782,7,0.35,0.022,MORTGAGE,VENTURE,Y,0
55,77300,16.1,16900,10.39,0.2186,6,0.1622,0.0227,MORTGAGE,HOMEIMPROVEMENT,N,0
42,58900,3.1,19600,14.58,0.3328,5,0.2083,0.0485,RENT,EDUCATION,N,0
37,112100,,11600,8.35,0.1035,2,0.1053,0.0086,RENT,VENTURE,N,0
43,32900,5.5,11300,11.57,0.3435,8,0.32,0.0397,MORTGAGE,MEDICAL,N,0
46,24700,0.9,14900,19.32,0.6032,8,0.2857,0.1165,RENT,EDUCATION,Y,1
31,144200,2.1,15800,12.83,0.1096,6,0.4615,0.0141,MORTGAGE,HOMEIMPROVEMENT,N,0
42,64900,,12900,11.04,0.1988,13,0.5417,0.0219,MORTGAGE,EDUCATION,Y,0
49,32100,3.5,7100,6.99,0.2212,5,0.1613,0.0155,MORTGAGE,VENTURE,N,0
47,30800,6.8,9000,12.88,0.2922,12,0.4138,0.0376,MORTGAGE,EDUCATION,N,0
41,41900,23.0,9900,12.58,0.2363,4,0.1739,0.0297,RENT,MEDICAL,N,0
44,101100,7.3,24800,11.57,0.2453,4,0.1538,0.0284,RENT,VENTURE,N,0
30,33300,2.1,8300,11.77,0.2492,3,0.25,0.0293,MORTGAGE,VENTURE,N,0
39,30600,2.8,8400,10.71,0.2745,21,1.0,0.0294,MORTGAGE,MEDICAL,N,0
44,40400,3.1,31300,20.93,0.7748,8,0.3077,0.1622,RENT,EDUCATION,Y,1
42,33100,6.9,21600,19.48,0.6526,7,0.2917,0.1271,MORTGAGE,VENTURE,N,0
46,41100,1.4,26400,19.54,0.6423,2,0.0714,0.1255,RENT,HOMEIMPROVEMENT,N,1
40,87800,11.7,8800,10.28,0.1002,2,0.0909,0.0103,OWN,EDUCATION,N,0
41,39000,8.5,16100,14.66,0.4128,5,0.2174,0.0605,OTHER,EDUCATION,N,1
65,34100,1.0,25700,19.6,0.7537,4,0.0851,0.1477,RENT,MEDICAL,Y,1
30,26100,0.6,13700,16.74,0.5249,3,0.25,0.0879,MORTGAGE,MEDICAL,Y,0
32,57000,0.3,27400,17.9,0.4807,3,0.2143,0.086,RENT,PERSONAL,N,1
69,101700,2.3,6800,11.25,0.0669,3,0.0588,0.0075,RENT,MEDICAL,N,0
52,34500,5.9,7900,12.27,0.229,4,0.1176,0.0281,OTHER,VENTURE,Y,0
40,34800,1.4,9600,12.63,0.2759,13,0.5909,0.0348,RENT,PERSONAL,N,0
36,23300,0.7,12600,20.4,0.5408,11,0.6111,0.1103,MORTGAGE,PERSONAL,Y,1
61,107700,2.0,7700,9.33,0.0715,6,0.1395,0.0067,RENT,MEDICAL,N,0
70,118700,1.6,30200,14.05,0.2544,7,0.1346,0.0357,RENT,VENTURE,N,0
40,50500,1.3,7000,,0.1386,9,0.4091,0.0175,MORTGAGE,HOMEIMPROVEMENT,N,1
43,32500,3.7,14300,15.81,0.44,8,0.32,0.0696,OTHER,MEDICAL,N,0
37,70000,8.1,13100,12.71,0.1871,3,0.1579,0.0238,RENT,PERSONAL,N,0
48,41500,1.0,22900,17.65,0.5518,4,0.1333,0.0974,MORTGAGE,HOMEIMPROVEMENT,Y,1
46,124000,0.1,16100,10.98,0.1298,9,0.3214,0.0143,OWN,EDUCATION,N,0
47,39100,3.3,29500,20.43,0.7545,15,0.5172,0.1541,OWN,PERSONAL,Y,1
44,37700,1.3,5700,9.04,0.1512,4,0.1538,0.0137,RENT,PERSONAL,N,0
54,25000,7.9,6600,14.92,0.264,2,0.0556,0.0394,MORTGAGE,VENTURE,Y,1
50,35600,12.7,6300,11.66,0.177,5,0.1562,0.0206,MORTGAGE,MEDICAL,N,0
70,119800,4.4,14500,,0.121,5,0.0962,0.0153,RENT,PERSONAL,N,0
37,57200,2.5,7000,9.36,0.1224,2,0.1053,0.0115,RENT,EDUCATION,N,0
45,36200,11.9,17700,15.96,0.489,8,0.2963,0.078,MORTGAGE,PERSONAL,Y,1
39,37400,1.5,15900,14.29,0.4251,3,0.1429,0.0607,RENT,MEDICAL,N,0
32,16600,4.5,8000,19.77,0.4819,7,0.5,0.0953,RENT,VENTURE,N,0
47,42200,1.2,8600,12.15,0.2038,7,0.2414,0.0248,OWN,MEDICAL,N,0
61,40200,2.0,10400,10.57,0.2587,2,0.0465,0.0273,MORTGAGE,EDUCATION,N,0
41,38400,8.9,11400,14.72,0.2969,2,0.087,0.0437,MORTGAGE,VENTURE,N,0
41,27600,10.3,25300,,0.9167,10,0.4348,0.1161,MORTGAGE,MEDICAL,Y,1
62,89300,6.9,28900,17.45,0.3236,15,0.3409,0.0565,RENT,DEBTCONSOLIDATION,N,0
68,40700,0.3,26500,16.9,0.6511,2,0.04,0.11,RENT,MEDICAL,Y,1
35,33900,8.0,9600,12.07,0.2832,7,0.4118,0.0342,RENT,EDUCATION,N,0
44,49100,3.9,6200,8.35,0.1263,14,0.5385,0.0105,RENT,PERSONAL,N,0
55,38400,3.6,10400,11.94,0.2708,8,0.2162,0.0323,RENT,PERSONAL,N,0
52,164400,8.4,20300,13.43,0.1235,2,0.0588,0.0166,OWN,DEBTCONSOLIDATION,N,0
49,32200,3.3,27500,20.29,0.854,3,0.0968,0.1733,RENT,EDUCATION,Y,1
32,68100,1.2,8100,,0.1189,5,0.3571,0.0151,MORTGAGE,EDUCATION,N,0
43,86500,0.7,13000,11.2,0.1503,3,0.12,0.0168,OWN,VENTURE,N,0
31,42900,3.8,24400,,0.5688,4,0.3077,0.072,RENT,MEDICAL,Y,1
34,83400,15.6,15400,11.66,0.1847,5,0.3125,0.0215,RENT,DEBTCONSOLIDATION,N,0
41,89200,,19800,11.49,0.222,7,0.3043,0.0255,RENT,VENTURE,N,0
53,73900,0.2,6100,8.57,0.0825,8,0.2286,0.0071,MORTGAGE,VENTURE,N,0
54,37700,,8600,13.65,0.2281,3,0.0833,0.0311,RENT,VENTURE,N,0
48,54900,0.4,15200,12.75,0.2769,3,0.1,0.0353,MORTGAGE,EDUCATION,Y,1
27,62100,0.5,9500,12.72,0.153,6,0.6667,0.0195,RENT,DEBTCONSOLIDATION,N,0
52,31800,0.4,16400,15.59,0.5157,5,0.1471,0.0804,OTHER,DEBTCONSOLIDATION,Y,1
26,54200,5.4,21900,13.23,0.4041,6,0.75,0.0535,MORTGAGE,EDUCATION,Y,0
26,68700,2.2,13700,11.12,0.1994,8,1.0,0.0222,RENT,MEDICAL,N,0
36,93700,4.1,10200,12.3,0.1089,14,0.7778,0.0134,RENT,MEDICAL,N,0
41,121200,0.3,7700,9.28,0.0635,10,0.4348,0.0059,OWN,VENTURE,N,0
41,38000,2.1,18800,16.27,0.4947,14,0.6087,0.0805,RENT,PERSONAL,N,0
42,30900,18.5,20000,16.83,0.6472,8,0.3333,0.1089,RENT,MEDICAL,Y,1
42,23900,12.2,10000,13.66,0.4184,3,0.125,0.0572,OWN,MEDICAL,N,0
40,25200,9.0,19600,17.1,0.7778,6,0.2727,0.133,MORTGAGE,EDUCATION,Y,1
49,49000,6.7,26100,16.68,0.5327,2,0.0645,0.0889,MORTGAGE,EDUCATION,N,0
41,131600,4.4,2300,9.47,0.0175,7,0.3043,0.0017,MORTGAGE,EDUCATION,N,0
48,105100,3.0,12500,13.08,0.1189,4,0.1333,0.0156,MORTGAGE,MEDICAL,N,0
52,48700,3.5,18300,14.02,0.3758,3,0.0882,0.0527,MORTGAGE,DEBTCONSOLIDATION,N,1
29,21800,4.1,33500,19.0,1.5367,3,0.2727,0.292,MORTGAGE,DEBTCONSOLIDATION,Y,1
37,95700,19.0,14700,8.9,0.1536,10,0.5263,0.0137,OWN,EDUCATION,N,0
47,57500,1.2,11700,11.44,0.2035,5,0.1724,0.0233,RENT,EDUCATION,N,0
43,29500,6.0,8200,11.48,0.278,2,0.08,0.0319,MORTGAGE,PERSONAL,N,0
49,97600,30.5,12300,9.31,0.126,14,0.4516,0.0117,RENT,HOMEIMPROVEMENT,N,0
36,89700,8.6,24400,13.6,0.272,5,0.2778,0.037,RENT,HOMEIMPROVEMENT,N,0
58,107600,1.0,25500,,0.237,4,0.1,0.03,RENT,VENTURE,N,0
53,62400,17.8,18900,9.23,0.3029,2,0.0571,0.028,RENT,EDUCATION,N,0
39,16800,0.7,7000,15.9,0.4167,8,0.381,0.0663,MORTGAGE,DEBTCONSOLIDATION,N,0
27,30300,8.2,6300,9.47,0.2079,6,0.6667,0.0197,RENT,VENTURE,N,0
42,42500,7.0,21700,15.3,0.5106,6,0.25,0.0781,MORTGAGE,DEBTCONSOLIDATION,Y,1
46,59400,6.5,5900,12.66,0.0993,8,0.2857,0.0126,MORTGAGE,EDUCATION,N,0
40,56200,1.0,9300,8.28,0.1655,2,0.0909,0.0137,RENT,EDUCATION,N,0
48,21300,5.5,27100,17.29,1.2723,12,0.4,0.22,MORTGAGE,PERSONAL,N,0
47,83500,10.0,2200,8.75,0.0263,9,0.3103,0.0023,RENT,EDUCATION,N,0
38,88100,3.8,14400,13.42,0.1635,9,0.45,0.0219,MORTGAGE,DEBTCONSOLIDATION,N,0
54,71000,3.0,14800,12.07,0.2085,4,0.1111,0.0252,MORTGAGE,VENTURE,N,0
40,119700,2.3,10400,10.8,0.0869,5,0.2273,0.0094,MORTGAGE,EDUCATION,N,0
46,52500,4.1,13200,12.56,0.2514,3,0.1071,0.0316,RENT,EDUCATION,Y,1
48,23800,7.9,20300,19.31,0.8529,9,0.3,0.1647,RENT,HOMEIMPROVEMENT,Y,1
57,45500,12.3,12300,15.12,0.2703,2,0.0513,0.0409,MORTGAGE,DEBTCONSOLIDATION,N,0
63,49600,13.6,14800,12.87,0.2984,4,0.0889,0.0384,MORTGAGE,VENTURE,N,0
43,45500,16.4,26100,21.0,0.5736,2,0.08,0.1205,RENT,MEDICAL,Y,1
54,111800,3.6,13600,,0.1216,5,0.1389,0.0154,OWN,EDUCATION,N,0
38,104100,6.5,9100,10.19,0.0874,10,0.5,0.0089,RENT,EDUCATION,N,0
51,39000,15.4,10300,12.49,0.2641,6,0.1818,0.033,MORTGAGE,DEBTCONSOLIDATION,N,0
55,82000,1.0,9600,8.39,0.1171,4,0.1081,0.0098,OTHER,PERSONAL,N,0
46,36900,3.1,10600,16.19,0.2873,2,0.0714,0.0465,RENT,PERSONAL,N,1
43,21700,1.4,20000,17.59,0.9217,11,0.44,0.1621,RENT,MEDICAL,N,1
59,85700,5.1,28000,16.26,0.3267,6,0.1463,0.0531,RENT,VENTURE,N,0
36,87800,,9400,8.17,0.1071,4,0.2222,0.0088,RENT,VENTURE,N,0
38,72500,1.3,5800,8.38,0.08,6,0.3,0.0067,MORTGAGE,PERSONAL,N,0
53,54700,6.8,21600,13.87,0.3949,6,0.1714,0.0548,MORTGAGE,MEDICAL,N,0
55,36800,18.2,12300,14.74,0.3342,2,0.0541,0.0493,RENT,VENTURE,N,0
46,64700,0.4,18100,11.93,0.2798,3,0.1071,0.0334,RENT,MEDICAL,N,0
34,64900,6.8,6600,10.5,0.1017,4,0.25,0.0107,MORTGAGE,EDUCATION,N,0
37,27000,5.1,5900,10.5,0.2185,5,0.2632,0.0229,RENT,VENTURE,Y,0
35,49200,4.4,7400,10.81,0.1504,10,0.5882,0.0163,RENT,PERSONAL,N,0
68,45000,16.9,22500,20.56,0.5,5,0.1,0.1028,MORTGAGE,DEBTCONSOLIDATION,N,0
49,119300,9.2,4300,9.99,0.036,4,0.129,0.0036,MORTGAGE,PERSONAL,N,0
43,35700,2.1,21500,19.43,0.6022,8,0.32,0.117,RENT,EDUCATION,Y,0
40,35500,9.0,31700,,0.893,3,0.1364,0.1131,RENT,EDUCATION,Y,0
57,85500,1.5,14300,,0.1673,7,0.1795,0.0212,MORTGAGE,DEBTCONSOLIDATION,N,0
36,86300,8.9,20300,11.49,0.2352,6,0.3333,0.027,RENT,VENTURE,N,0
58,40700,3.5,15300,13.1,0.3759,5,0.125,0.0492,RENT,DEBTCONSOLIDATION,N,1
34,39000,7.0,9700,12.73,0.2487,9,0.5625,0.0317,RENT,HOMEIMPROVEMENT,N,0
51,89800,1.4,3700,10.72,0.0412,6,0.1818,0.0044,MORTGAGE,PERSONAL,N,0
51,182500,0.5,11800,10.35,0.0647,3,0.0909,0.0067,MORTGAGE,EDUCATION,N,0
31,21200,1.4,26800,16.65,1.2642,2,0.1538,0.2105,RENT,DEBTCONSOLIDATION,Y,1
46,71400,0.8,12600,10.84,0.1765,18,0.6429,0.0191,MORTGAGE,EDUCATION,N,0
38,49400,0.2,32300,20.33,0.6538,10,0.5,0.1329,RENT,PERSONAL,N,1
40,80500,0.4,20100,10.15,0.2497,4,0.1818,0.0253,RENT,EDUCATION,N,0
50,30200,2.7,12500,11.97,0.4139,7,0.2188,0.0495,RENT,HOMEIMPROVEMENT,N,0
33,28400,4.4,25600,20.9,0.9014,4,0.2667,0.1884,MORTGAGE,MEDICAL,Y,1
38,54200,4.1,16800,15.16,0.31,4,0.2,0.047,RENT,PERSONAL,N,0
41,67000,1.3,15400,,0.2299,8,0.3478,0.0291,RENT,PERSONAL,N,0
39,26400,2.6,11500,15.29,0.4356,4,0.1905,0.0666,RENT,EDUCATION,N,1
61,61700,11.2,21800,12.63,0.3533,17,0.3953,0.0446,MORTGAGE,EDUCATION,N,0
57,25600,0.0,12200,17.08,0.4766,12,0.3077,0.0814,MORTGAGE,MEDICAL,N,0
42,55100,1.7,17200,10.63,0.3122,3,0.125,0.0332,MORTGAGE,EDUCATION,N,0
55,47800,15.7,30400,18.06,0.636,20,0.5405,0.1149,MORTGAGE,EDUCATION,N,1
32,69400,0.7,10900,,0.1571,4,0.2857,0.0199,RENT,VENTURE,N,0
70,95000,3.3,8000,9.4,0.0842,4,0.0769,0.0079,MORTGAGE,EDUCATION,N,0
37,81300,2.0,21600,15.9,0.2657,4,0.2105,0.0422,RENT,VENTURE,N,0
50,98500,6.1,5300,11.16,0.0538,4,0.125,0.006,MORTGAGE,VENTURE,N,0
38,182400,0.9,8900,9.28,0.0488,5,0.25,0.0045,OTHER,MEDICAL,N,0
48,29700,5.2,14600,16.92,0.4916,12,0.4,0.0832,MORTGAGE,EDUCATION,Y,1
37,33600,8.8,10400,13.43,0.3095,7,0.3684,0.0416,RENT,EDUCATION,Y,0
50,127700,2.4,20500,13.45,0.1605,5,0.1562,0.0216,OWN,EDUCATION,N,0
38,49300,5.1,24600,16.86,0.499,4,0.2,0.0841,RENT,EDUCATION,N,0
36,27000,6.4,19100,18.62,0.7074,7,0.3889,0.1317,MORTGAGE,VENTURE,N,0
38,92300,5.0,11500,6.29,0.1246,4,0.2,0.0078,MORTGAGE,PERSONAL,N,0
45,47500,2.8,4200,10.17,0.0884,10,0.3704,0.009,MORTGAGE,PERSONAL,N,0
40,27300,3.3,13200,14.79,0.4835,9,0.4091,0.0715,MORTGAGE,MEDICAL,Y,1
45,160900,17.5,17900,7.35,0.1112,6,0.2222,0.0082,MORTGAGE,PERSONAL,N,0
36,47500,0.9,26700,18.12,0.5621,5,0.2778,0.1019,OWN,VENTURE,N,0
45,46800,10.9,18500,14.74,0.3953,8,0.2963,0.0583,RENT,PERSONAL,N,0
60,28200,9.7,15300,16.68,0.5426,8,0.1905,0.0905,MORTGAGE,EDUCATION,N,0
33,71800,0.7,8600,9.01,0.1198,6,0.4,0.0108,OTHER,MEDICAL,Y,1
43,149500,0.6,13500,12.03,0.0903,8,0.32,0.0109,MORTGAGE,VENTURE,N,0
41,37900,2.1,25200,19.69,0.6649,9,0.3913,0.1309,MORTGAGE,DEBTCONSOLIDATION,Y,0
50,37000,0.6,16300,14.88,0.4405,6,0.1875,0.0655,MORTGAGE,MEDICAL,N,0
36,22400,0.9,12700,18.25,0.567,5,0.2778,0.1035,MORTGAGE,PERSONAL,N,0
57,64300,6.9,21900,13.04,0.3406,8,0.2051,0.0444,RENT,HOMEIMPROVEMENT,N,0
47,59500,2.8,10500,12.04,0.1765,6,0.2069,0.0213,RENT,PERSONAL,N,0
52,36500,2.6,10400,15.12,0.2849,8,0.2353,0.0431,RENT,PERSONAL,Y,1
25,97800,1.1,18900,12.92,0.1933,3,0.4286,0.025,RENT,EDUCATION,N,0
67,26400,1.0,10800,15.31,0.4091,11,0.2245,0.0626,RENT,VENTURE,N,0
43,65900,0.3,10300,10.66,0.1563,13,0.52,0.0167,MORTGAGE,DEBTCONSOLIDATION,N,0
33,27800,15.0,10300,15.35,0.3705,7,0.4667,0.0569,RENT,EDUCATION,N,0
70,52200,6.5,15100,10.53,0.2893,2,0.0385,0.0305,RENT,EDUCATION,N,0
54,49400,0.3,17900,12.28,0.3623,2,0.0556,0.0445,RENT,MEDICAL,N,0
49,67300,2.1,9000,,0.1337,7,0.2258,0.0169,MORTGAGE,EDUCATION,N,0
36,42900,0.6,8600,11.39,0.2005,3,0.1667,0.0228,MORTGAGE,PERSONAL,N,0
45,102000,3.2,14700,8.94,0.1441,5,0.1852,0.0129,RENT,PERSONAL,N,0
48,38800,1.6,16500,15.84,0.4253,4,0.1333,0.0674,MORTGAGE,MEDICAL,Y,0
48,79600,2.0,30500,14.19,0.3832,2,0.0667,0.0544,RENT,HOMEIMPROVEMENT,N,0
34,83800,2.8,15700,7.8,0.1874,8,0.5,0.0146,RENT,EDUCATION,N,0
40,23000,9.8,7100,13.85,0.3087,6,0.2727,0.0428,RENT,MEDICAL,N,0
41,55100,0.8,10600,14.76,0.1924,4,0.1739,0.0284,OWN,MEDICAL,N,0
34,137700,1.5,10700,11.26,0.0777,4,0.25,0.0087,MORTGAGE,DEBTCONSOLIDATION,Y,0
47,73200,6.3,26600,,0.3634,10,0.3448,0.046,MORTGAGE,MEDICAL,N,0
61,125400,13.4,8800,6.66,0.0702,3,0.0698,0.0047,RENT,MEDICAL,N,0
53,50900,2.4,5300,11.08,0.1041,4,0.1143,0.0115,RENT,EDUCATION,N,0
37,43100,19.0,29900,20.89,0.6937,2,0.1053,0.1449,MORTGAGE,VENTURE,N,0
46,106100,14.3,9300,7.6,0.0877,4,0.1429,0.0067,MORTGAGE,DEBTCONSOLIDATION,N,0
58,130800,6.8,13900,9.9,0.1063,7,0.175,0.0105,MORTGAGE,VENTURE,N,0
33,55300,1.2,30400,17.65,0.5497,6,0.4,0.097,RENT,EDUCATION,N,1
35,47700,5.1,5300,9.59,0.1111,5,0.2941,0.0107,MORTGAGE,MEDICAL,N,0
35,108400,3.0,17600,12.89,0.1624,2,0.1176,0.0209,MORTGAGE,VENTURE,N,0
56,29500,15.6,10300,16.62,0.3492,5,0.1316,0.058,MORTGAGE,PERSONAL,N,1
48,120100,3.3,2900,9.43,0.0241,8,0.2667,0.0023,RENT,EDUCATION,N,0
34,37200,0.8,7600,12.83,0.2043,7,0.4375,0.0262,MORTGAGE,PERSONAL,N,0
38,103500,0.3,8500,9.36,0.0821,17,0.85,0.0077,MORTGAGE,EDUCATION,Y,0
39,28500,6.8,12300,13.61,0.4316,10,0.4762,0.0587,RENT,MEDICAL,Y,0
48,21300,2.7,10000,16.91,0.4695,6,0.2,0.0794,MORTGAGE,HOMEIMPROVEMENT,N,0
62,28600,14.5,16100,16.81,0.5629,7,0.1591,0.0946,OTHER,PERSONAL,Y,1
26,25400,1.7,27400,16.27,1.0787,2,0.25,0.1755,RENT,EDUCATION,Y,1
35,119900,9.2,16000,7.42,0.1334,4,0.2353,0.0099,OWN,MEDICAL,N,0
41,53700,1.7,3000,6.34,0.0559,11,0.4783,0.0035,RENT,EDUCATION,N,0
38,85400,7.4,12300,12.97,0.144,3,0.15,0.0187,RENT,EDUCATION,N,0
39,28700,13.1,10200,12.52,0.3554,3,0.1429,0.0445,MORTGAGE,EDUCATION,N,0
45,50300,7.5,8000,12.92,0.159,6,0.2222,0.0205,RENT,DEBTCONSOLIDATION,Y,1
57,28600,2.4,19300,18.2,0.6748,6,0.1538,0.1228,OWN,DEBTCONSOLIDATION,N,1
66,44500,11.8,6800,7.71,0.1528,5,0.1042,0.0118,RENT,PERSONAL,N,0
41,50200,2.7,12300,12.57,0.245,8,0.3478,0.0308,RENT,EDUCATION,N,0
42,45700,2.0,15100,14.08,0.3304,2,0.0833,0.0465,RENT,VENTURE,Y,0
35,56700,4.0,7400,13.72,0.1305,6,0.3529,0.0179,MORTGAGE,PERSONAL,N,0
45,118500,1.6,15100,11.97,0.1274,8,0.2963,0.0152,MORTGAGE,PERSONAL,N,0
49,48600,0.9,23600,14.39,0.4856,9,0.2903,0.0699,MORTGAGE,MEDICAL,N,1
44,49500,6.1,12200,12.27,0.2465,3,0.1154,0.0302,RENT,DEBTCONSOLIDATION,Y,0
48,60800,3.8,16500,12.85,0.2714,4,0.1333,0.0349,MORTGAGE,VENTURE,N,0
39,93800,10.3,5000,10.67,0.0533,2,0.0952,0.0057,OWN,VENTURE,N,0
34,21300,4.2,7100,14.68,0.3333,2,0.125,0.0489,RENT,EDUCATION,N,1
46,37900,1.5,15200,16.33,0.4011,3,0.1071,0.0655,MORTGAGE,DEBTCONSOLIDATION,Y,1
46,95300,0.3,20100,13.12,0.2109,21,0.75,0.0277,RENT,VENTURE,N,0
36,70900,12.6,27400,14.0,0.3865,6,0.3333,0.0541,RENT,MEDICAL,N,0
47,109000,6.9,6100,9.59,0.056,2,0.069,0.0054,RENT,EDUCATION,N,0
70,82600,9.6,4500,7.41,0.0545,4,0.0769,0.004,OTHER,EDUCATION,N,0
44,61200,16.5,10600,14.59,0.1732,10,0.3846,0.0253,MORTGAGE,PERSONAL,N,0
46,28100,3.7,15200,18.81,0.5409,10,0.3571,0.1017,OWN,MEDICAL,N,0
48,34000,12.9,28000,19.53,0.8235,7,0.2333,0.1608,MORTGAGE,PERSONAL,N,0
50,29600,4.6,27700,19.92,0.9358,4,0.125,0.1864,RENT,EDUCATION,Y,1
34,24500,0.9,23800,20.07,0.9714,2,0.125,0.195,MORTGAGE,EDUCATION,Y,1
48,64800,6.3,22700,16.0,0.3503,2,0.0667,0.056,RENT,VENTURE,N,0
51,39400,8.2,11700,,0.297,4,0.1212,0.0376,RENT,VENTURE,N,0
44,152600,1.7,27100,,0.1776,2,0.0769,0.0225,RENT,PERSONAL,N,0
51,34600,5.4,18800,18.79,0.5434,10,0.303,0.1021,MORTGAGE,VENTURE,N,0
55,36000,8.6,7700,12.45,0.2139,6,0.1622,0.0266,RENT,VENTURE,N,0
42,84800,0.5,13400,9.89,0.158,7,0.2917,0.0156,RENT,HOMEIMPROVEMENT,N,0
48,43500,5.7,17500,18.34,0.4023,9,0.3,0.0738,MORTGAGE,EDUCATION,N,0
57,43900,2.1,10200,13.21,0.2323,7,0.1795,0.0307,RENT,DEBTCONSOLIDATION,N,1
37,40100,3.8,20900,12.74,0.5212,3,0.1579,0.0664,MORTGAGE,DEBTCONSOLIDATION,N,0
53,60100,3.0,13500,6.91,0.2246,5,0.1429,0.0155,RENT,PERSONAL,N,0
48,25500,2.2,23700,20.28,0.9294,4,0.1333,0.1885,RENT,MEDICAL,Y,1
37,51100,1.7,6800,10.7,0.1331,9,0.4737,0.0142,MORTGAGE,PERSONAL,N,0
49,35700,16.6,16600,16.79,0.465,7,0.2258,0.0781,MORTGAGE,DEBTCONSOLIDATION,N,0
29,26200,3.1,10000,14.1,0.3817,11,1.0,0.0538,RENT,EDUCATION,Y,1
46,60000,0.8,5900,5.45,0.0983,5,0.1786,0.0054,RENT,DEBTCONSOLIDATION,N,0
53,67400,0.3,12700,8.36,0.1884,4,0.1143,0.0158,RENT,PERSONAL,N,0
44,31000,10.1,18500,17.34,0.5968,7,0.2692,0.1035,RENT,HOMEIMPROVEMENT,N,1
43,25500,3.5,10500,16.83,0.4118,5,0.2,0.0693,MORTGAGE,DEBTCONSOLIDATION,N,0
70,30800,2.7,13300,15.26,0.4318,7,0.1346,0.0659,MORTGAGE,VENTURE,N,0
51,86400,1.2,19300,11.26,0.2234,6,0.1818,0.0252,RENT,EDUCATION,N,0
44,23000,0.4,12900,15.48,0.5609,17,0.6538,0.0868,RENT,MEDICAL,N,1
52,27600,0.4,4700,8.86,0.1703,4,0.1176,0.0151,RENT,HOMEIMPROVEMENT,N,0
46,81700,5.2,20500,12.01,0.2509,6,0.2143,0.0301,OWN,EDUCATION,N,0
32,49600,2.9,14600,11.8,0.2944,5,0.3571,0.0347,RENT,EDUCATION,N,0
45,25300,13.0,18200,21.19,0.7194,2,0.0741,0.1524,RENT,VENTURE,N,1
37,50400,6.5,22500,14.22,0.4464,10,0.5263,0.0635,MORTGAGE,MEDICAL,Y,1
69,50100,1.4,8500,14.38,0.1697,3,0.0588,0.0244,MORTGAGE,VENTURE,N,0
43,60000,5.5,12100,13.24,0.2017,4,0.16,0.0267,MORTGAGE,VENTURE,Y,0
68,52800,2.8,9600,10.66,0.1818,12,0.24,0.0194,RENT,EDUCATION,N,0
45,21000,0.3,16800,21.05,0.8,6,0.2222,0.1684,MORTGAGE,EDUCATION,Y,1
43,47700,0.3,11500,12.01,0.2411,6,0.24,0.029,RENT,PERSONAL,Y,0
42,51400,7.4,10500,12.31,0.2043,4,0.1667,0.0251,MORTGAGE,MEDICAL,N,0
58,57000,1.9,6900,9.17,0.1211,9,0.225,0.0111,RENT,EDUCATION,Y,1
43,44800,3.7,9800,12.11,0.2188,4,0.16,0.0265,RENT,DEBTCONSOLIDATION,N,0
44,60100,1.6,17800,11.27,0.2962,10,0.3846,0.0334,RENT,MEDICAL,Y,1
39,48400,2.1,14600,13.63,0.3017,6,0.2857,0.0411,RENT,MEDICAL,Y,1
47,200200,9.9,14100,9.6,0.0704,6,0.2069,0.0068,RENT,DEBTCONSOLIDATION,N,0
52,30800,3.6,26500,21.48,0.8604,16,0.4706,0.1848,OTHER,HOMEIMPROVEMENT,Y,1
31,102100,2.9,10900,8.72,0.1068,4,0.3077,0.0093,OWN,DEBTCONSOLIDATION,N,0
33,33800,1.5,15600,13.71,0.4615,3,0.2,0.0633,RENT,EDUCATION,N,1
46,37200,21.7,18500,,0.4973,20,0.7143,0.063,RENT,PERSONAL,N,0
68,19400,17.3,31900,19.3,1.6443,5,0.1,0.3173,OWN,DEBTCONSOLIDATION,N,0
33,114500,3.3,4600,5.42,0.0402,12,0.8,0.0022,MORTGAGE,MEDICAL,N,0
59,55500,4.1,8500,11.51,0.1532,14,0.3415,0.0176,OWN,VENTURE,N,0
39,30400,3.0,9100,11.05,0.2993,2,0.0952,0.0331,RENT,PERSONAL,N,0
42,31200,1.8,8000,14.67,0.2564,6,0.25,0.0376,RENT,DEBTCONSOLIDATION,N,0
49,34300,0.6,10600,15.23,0.309,9,0.2903,0.0471,RENT,EDUCATION,N,0
54,164100,0.2,12000,6.85,0.0731,2,0.0556,0.005,RENT,DEBTCONSOLIDATION,N,0
42,128300,1.8,9700,8.41,0.0756,6,0.25,0.0064,MORTGAGE,HOMEIMPROVEMENT,N,0
42,22400,2.1,14300,22.09,0.6384,6,0.25,0.141,RENT,DEBTCONSOLIDATION,Y,1
44,60100,7.1,20900,15.34,0.3478,2,0.0769,0.0534,RENT,MEDICAL,N,0
53,68500,1.9,13500,12.08,0.1971,4,0.1143,0.0238,MORTGAGE,MEDICAL,N,1
34,53600,9.5,13400,,0.25,5,0.3125,0.0316,MORTGAGE,DEBTCONSOLIDATION,N,0
48,144500,1.9,22200,11.77,0.1536,2,0.0667,0.0181,MORTGAGE,DEBTCONSOLIDATION,N,0
38,29200,20.0,11600,11.6,0.3973,3,0.15,0.0461,RENT,EDUCATION,N,0
52,62400,,19300,16.23,0.3093,12,0.3529,0.0502,RENT,DEBTCONSOLIDATION,N,0
44,13800,7.2,19400,17.88,1.4058,9,0.3462,0.2514,RENT,MEDICAL,Y,1
49,44600,12.3,9300,12.83,0.2085,4,0.129,0.0268,RENT,VENTURE,N,0
54,29600,5.8,7400,12.66,0.25,4,0.1111,0.0316,RENT,MEDICAL,N,0
45,37600,0.8,22700,19.7,0.6037,9,0.3333,0.1189,MORTGAGE,DEBTCONSOLIDATION,N,1
52,53500,2.1,26900,16.46,0.5028,3,0.0882,0.0828,OWN,EDUCATION,N,0
48,51600,6.9,27400,20.21,0.531,4,0.1333,0.1073,RENT,PERSONAL,Y,1
39,73800,10.2,23500,11.42,0.3184,8,0.381,0.0364,OWN,PERSONAL,N,0
68,67100,7.6,27600,16.49,0.4113,7,0.14,0.0678,OWN,MEDICAL,Y,1
49,33000,4.7,30500,21.0,0.9242,4,0.129,0.1941,MORTGAGE,EDUCATION,Y,1
32,69300,6.0,17200,11.73,0.2482,6,0.4286,0.0291,RENT,HOMEIMPROVEMENT,N,0
35,49100,1.7,23700,15.53,0.4827,7,0.4118,0.075,RENT,EDUCATION,N,1
45,63600,0.6,11100,10.31,0.1745,4,0.1481,0.018,OWN,VENTURE,Y,0
42,48300,,26200,11.33,0.5424,12,0.5,0.0615,RENT,EDUCATION,Y,0
51,127900,3.2,29100,11.9,0.2275,9,0.2727,0.0271,RENT,PERSONAL,Y,0
34,37000,0.1,13200,13.82,0.3568,7,0.4375,0.0493,RENT,MEDICAL,N,1
55,51400,1.7,6500,6.68,0.1265,8,0.2162,0.0085,MORTGAGE,VENTURE,N,0
39,34200,1.1,20800,19.65,0.6082,5,0.2381,0.1195,RENT,VENTURE,N,1
49,135600,11.8,17700,11.01,0.1305,11,0.3548,0.0144,MORTGAGE,DEBTCONSOLIDATION,N,0
39,41000,0.3,13400,12.63,0.3268,12,0.5714,0.0413,RENT,EDUCATION,N,0
39,60900,2.8,9500,14.32,0.156,8,0.381,0.0223,RENT,PERSONAL,N,0
59,103800,2.6,9400,9.03,0.0906,2,0.0488,0.0082,RENT,PERSONAL,N,0
36,18500,12.3,4300,13.41,0.2324,6,0.3333,0.0312,MORTGAGE,VENTURE,N,0
50,68100,1.6,13900,6.8,0.2041,3,0.0938,0.0139,OWN,EDUCATION,N,0
33,57900,,14600,14.38,0.2522,8,0.5333,0.0363,RENT,EDUCATION,N,0
50,52400,0.5,11400,11.27,0.2176,13,0.4062,0.0245,RENT,EDUCATION,N,0
60,112200,3.9,21200,16.04,0.1889,12,0.2857,0.0303,MORTGAGE,DEBTCONSOLIDATION,N,0
48,28800,1.1,15800,16.17,0.5486,4,0.1333,0.0887,OWN,PERSONAL,N,0
43,67100,2.2,21300,12.37,0.3174,6,0.24,0.0393,RENT,VENTURE,Y,0
65,48400,0.0,20300,17.95,0.4194,3,0.0638,0.0753,RENT,PERSONAL,N,0
49,32600,0.6,27800,20.3,0.8528,21,0.6774,0.1731,RENT,DEBTCONSOLIDATION,N,1
45,67600,11.3,15200,13.89,0.2249,2,0.0741,0.0312,RENT,EDUCATION,N,0
45,146100,2.3,7300,11.43,0.05,5,0.1852,0.0057,MORTGAGE,VENTURE,N,0
45,83200,4.0,20100,10.1,0.2416,7,0.2593,0.0244,RENT,EDUCATION,N,0
55,39200,7.8,8100,14.34,0.2066,4,0.1081,0.0296,RENT,MEDICAL,Y,0
41,46300,6.7,11000,11.07,0.2376,6,0.2609,0.0263,MORTGAGE,PERSONAL,N,0
48,60100,2.7,11200,11.33,0.1864,5,0.1667,0.0211,MORTGAGE,PERSONAL,N,0
44,59400,2.0,25400,14.64,0.4276,5,0.1923,0.0626,MORTGAGE,VENTURE,N,0
39,112000,8.9,26200,11.53,0.2339,4,0.1905,0.027,MORTGAGE,VENTURE,N,0
70,75200,,2400,8.11,0.0319,9,0.1731,0.0026,OTHER,MEDICAL,Y,0
28,74500,8.7,6800,7.76,0.0913,10,1.0,0.0071,OWN,PERSONAL,N,0
50,76200,0.3,13700,10.42,0.1798,2,0.0625,0.0187,RENT,EDUCATION,N,0
47,37900,0.6,14500,16.15,0.3826,5,0.1724,0.0618,RENT,MEDICAL,Y,1
44,25900,3.5,20700,19.84,0.7992,7,0.2692,0.1586,RENT,VENTURE,Y,1
36,41900,9.7,9800,11.91,0.2339,6,0.3333,0.0279,MORTGAGE,VENTURE,N,0
43,97900,13.9,7800,10.35,0.0797,6,0.24,0.0082,MORTGAGE,MEDICAL,N,0
52,22400,5.3,8000,16.02,0.3571,8,0.2353,0.0572,MORTGAGE,EDUCATION,N,0
50,40400,0.0,5100,11.05,0.1262,5,0.1562,0.0139,RENT,VENTURE,N,0
32,72500,1.2,11000,11.13,0.1517,8,0.5714,0.0169,OWN,EDUCATION,N,0
32,40500,6.2,27200,21.99,0.6716,3,0.2143,0.1477,RENT,VENTURE,Y,1
49,74700,4.7,9000,8.49,0.1205,6,0.1935,0.0102,MORTGAGE,MEDICAL,N,0
61,63800,0.5,29600,14.55,0.4639,6,0.1395,0.0675,RENT,PERSONAL,N,0
49,57100,9.9,11200,12.63,0.1961,11,0.3548,0.0248,MORTGAGE,MEDICAL,N,0
33,73100,1.5,29500,15.0,0.4036,11,0.7333,0.0605,RENT,MEDICAL,Y,0
42,59100,7.5,9600,8.48,0.1624,10,0.4167,0.0138,MORTGAGE,PERSONAL,N,0
43,45300,12.0,21500,17.56,0.4746,4,0.16,0.0833,RENT,PERSONAL,N,0
45,40400,0.9,20000,18.57,0.495,7,0.2593,0.0919,RENT,VENTURE,Y,1
47,55500,2.4,9500,11.44,0.1712,3,0.1034,0.0196,RENT,EDUCATION,N,0
51,46400,6.3,8100,8.28,0.1746,11,0.3333,0.0145,MORTGAGE,PERSONAL,N,0
64,61400,0.1,11900,9.79,0.1938,3,0.0652,0.019,RENT,VENTURE,N,0
64,56400,,14800,13.69,0.2624,9,0.1957,0.0359,RENT,MEDICAL,N,0
55,74800,2.0,14000,13.16,0.1872,2,0.0541,0.0246,MORTGAGE,VENTURE,N,0
36,25300,4.4,14000,16.34,0.5534,5,0.2778,0.0904,OWN,PERSONAL,N,0
64,52200,2.3,29100,19.21,0.5575,2,0.0435,0.1071,OWN,VENTURE,Y,0
60,95300,6.6,9600,10.13,0.1007,13,0.3095,0.0102,RENT,DEBTCONSOLIDATION,N,0
42,17700,1.3,17200,17.3,0.9718,3,0.125,0.1681,RENT,EDUCATION,N,1
31,38700,7.0,6600,9.97,0.1705,5,0.3846,0.017,RENT,VENTURE,N,0
39,48700,17.4,24000,19.7,0.4928,6,0.2857,0.0971,RENT,VENTURE,N,1
32,78600,0.7,19500,15.3,0.2481,5,0.3571,0.038,RENT,EDUCATION,N,0
48,35700,5.4,10500,15.24,0.2941,4,0.1333,0.0448,OWN,MEDICAL,N,0
40,32400,1.4,6900,11.68,0.213,5,0.2273,0.0249,MORTGAGE,DEBTCONSOLIDATION,N,0
51,33000,0.9,24100,16.01,0.7303,14,0.4242,0.1169,RENT,HOMEIMPROVEMENT,Y,1
41,129500,1.7,14900,7.57,0.1151,3,0.1304,0.0087,MORTGAGE,PERSONAL,Y,0
43,92200,2.1,17800,8.71,0.1931,4,0.16,0.0168,MORTGAGE,VENTURE,N,0
34,111800,7.2,19900,11.93,0.178,6,0.375,0.0212,RENT,VENTURE,N,0
53,37300,1.6,5400,10.03,0.1448,2,0.0571,0.0145,RENT,EDUCATION,Y,1
32,46300,2.5,10600,9.79,0.2289,4,0.2857,0.0224,RENT,EDUCATION,N,0
41,51400,4.0,24300,15.86,0.4728,8,0.3478,0.075,MORTGAGE,MEDICAL,N,0
57,29700,0.3,10200,16.26,0.3434,11,0.2821,0.0558,RENT,EDUCATION,N,0
34,76000,3.8,2900,8.45,0.0382,4,0.25,0.0032,RENT,DEBTCONSOLIDATION,N,0
70,15700,1.4,27000,19.57,1.7197,8,0.1538,0.3365,MORTGAGE,EDUCATION,Y,1
33,22200,2.0,14100,19.6,0.6351,15,1.0,0.1245,RENT,EDUCATION,N,1
44,53400,15.0,11500,10.01,0.2154,3,0.1154,0.0216,OWN,DEBTCONSOLIDATION,N,0
52,59800,8.3,21300,19.37,0.3562,9,0.2647,0.069,RENT,VENTURE,N,1
45,41700,1.7,11500,12.12,0.2758,4,0.1481,0.0334,RENT,PERSONAL,Y,0
61,52300,7.6,13300,10.92,0.2543,2,0.0465,0.0278,MORTGAGE,EDUCATION,N,0
51,107500,1.2,10900,10.86,0.1014,5,0.1515,0.011,RENT,HOMEIMPROVEMENT,N,0
44,104800,8.7,5500,7.49,0.0525,3,0.1154,0.0039,MORTGAGE,MEDICAL,N,0
44,57200,9.1,7000,12.31,0.1224,9,0.3462,0.0151,RENT,VENTURE,N,0
62,45900,7.6,6100,7.75,0.1329,6,0.1364,0.0103,OWN,EDUCATION,N,0
51,47000,1.6,9400,9.5,0.2,12,0.3636,0.019,RENT,MEDICAL,N,0
49,45100,1.4,9400,15.7,0.2084,10,0.3226,0.0327,MORTGAGE,VENTURE,Y,0
46,102100,6.5,13200,8.87,0.1293,12,0.4286,0.0115,RENT,PERSONAL,N,0
46,34900,2.2,9800,10.34,0.2808,6,0.2143,0.029,MORTGAGE,VENTURE,Y,1
41,35100,1.8,3600,10.71,0.1026,6,0.2609,0.011,MORTGAGE,EDUCATION,N,0
56,47100,8.2,11700,12.27,0.2484,11,0.2895,0.0305,RENT,PERSONAL,N,0
44,20800,4.3,16900,20.37,0.8125,7,0.2692,0.1655,RENT,PERSONAL,N,1
41,84100,3.8,7700,9.4,0.0916,8,0.3478,0.0086,MORTGAGE,HOMEIMPROVEMENT,N,0
47,49500,12.0,20500,15.36,0.4141,11,0.3793,0.0636,MORTGAGE,VENTURE,N,0
43,60900,0.6,14200,11.09,0.2332,5,0.2,0.0259,RENT,PERSONAL,N,0
47,20600,0.4,27900,21.63,1.3544,10,0.3448,0.293,MORTGAGE,DEBTCONSOLIDATION,Y,1
45,115200,0.1,22300,13.93,0.1936,2,0.0741,0.027,MORTGAGE,VENTURE,N,0
41,101600,0.7,10400,7.13,0.1024,10,0.4348,0.0073,RENT,EDUCATION,N,0
36,47600,3.8,11900,8.07,0.25,6,0.3333,0.0202,MORTGAGE,PERSONAL,N,0
48,112900,1.4,7800,8.49,0.0691,7,0.2333,0.0059,RENT,EDUCATION,N,0
54,51500,2.8,9600,11.03,0.1864,12,0.3333,0.0206,RENT,MEDICAL,N,0
39,52100,21.0,21500,13.91,0.4127,6,0.2857,0.0574,RENT,EDUCATION,Y,1
48,32600,9.9,26600,19.55,0.816,6,0.2,0.1595,RENT,PERSONAL,Y,1
44,20400,0.9,12100,19.23,0.5931,2,0.0769,0.1141,RENT,MEDICAL,Y,0
46,70700,5.7,15400,11.17,0.2178,6,0.2143,0.0243,MORTGAGE,HOMEIMPROVEMENT,N,0
51,48600,5.7,31700,18.74,0.6523,7,0.2121,0.1222,RENT,EDUCATION,Y,1
42,117800,14.6,15300,10.49,0.1299,3,0.125,0.0136,RENT,MEDICAL,N,0
51,22800,,8000,14.62,0.3509,10,0.303,0.0513,MORTGAGE,HOMEIMPROVEMENT,N,0
36,97200,0.4,8300,7.74,0.0854,8,0.4444,0.0066,RENT,EDUCATION,Y,0
43,50700,11.0,14600,13.97,0.288,13,0.52,0.0402,RENT,DEBTCONSOLIDATION,N,0
44,73600,0.2,17100,13.51,0.2323,5,0.1923,0.0314,MORTGAGE,MEDICAL,N,0
32,45100,8.5,16700,16.48,0.3703,4,0.2857,0.061,MORTGAGE,EDUCATION,N,0
36,77900,6.5,28600,,0.3671,7,0.3889,0.0465,RENT,EDUCATION,N,0
34,129900,2.2,4800,8.11,0.037,8,0.5,0.003,OWN,MEDICAL,N,0
51,33900,3.3,8100,9.52,0.2389,7,0.2121,0.0227,OWN,MEDICAL,N,1
30,43300,2.1,8600,7.62,0.1986,9,0.75,0.0151,OWN,PERSONAL,N,0
53,122000,1.9,4200,11.71,0.0344,7,0.2,0.004,RENT,DEBTCONSOLIDATION,N,0
53,26800,0.3,17300,19.68,0.6455,6,0.1714,0.127,MORTGAGE,VENTURE,Y,1
35,49900,10.3,9300,13.0,0.1864,2,0.1176,0.0242,OWN,EDUCATION,N,0
41,100800,4.1,27200,13.36,0.2698,5,0.2174,0.036,MORTGAGE,MEDICAL,N,0
32,37700,12.2,8100,8.95,0.2149,4,0.2857,0.0192,MORTGAGE,EDUCATION,N,0
43,69900,0.8,32500,,0.4649,2,0.08,0.0589,MORTGAGE,DEBTCONSOLIDATION,Y,1
43,21300,5.5,19600,21.06,0.9202,2,0.08,0.1938,RENT,VENTURE,Y,1
51,137000,6.7,14500,7.82,0.1058,7,0.2121,0.0083,MORTGAGE,MEDICAL,N,0
29,106200,2.5,29400,12.14,0.2768,7,0.6364,0.0336,MORTGAGE,MEDICAL,N,0
36,49000,1.2,27100,16.17,0.5531,9,0.5,0.0894,MORTGAGE,MEDICAL,Y,0
54,34700,10.9,18800,19.61,0.5418,2,0.0556,0.1062,MORTGAGE,PERSONAL,N,0
46,93100,2.6,3500,,0.0376,4,0.1429,0.0048,MORTGAGE,MEDICAL,N,0
31,70500,0.2,9800,7.39,0.139,4,0.3077,0.0103,MORTGAGE,MEDICAL,N,0
44,49100,5.3,9100,9.8,0.1853,2,0.0769,0.0182,MORTGAGE,MEDICAL,N,0
37,24200,0.9,7800,13.25,0.3223,8,0.4211,0.0427,MORTGAGE,EDUCATION,Y,0
37,74200,10.3,33400,15.9,0.4501,12,0.6316,0.0716,MORTGAGE,EDUCATION,Y,1
39,50100,,11300,,0.2255,11,0.5238,0.0285,MORTGAGE,HOMEIMPROVEMENT,N,0
50,37400,11.7,16700,18.52,0.4465,3,0.0938,0.0827,RENT,MEDICAL,Y,1
42,160800,5.3,19500,11.33,0.1213,5,0.2083,0.0137,MORTGAGE,PERSONAL,N,0
41,52400,7.5,5100,8.24,0.0973,6,0.2609,0.008,RENT,PERSONAL,N,0
44,43800,0.5,14600,12.38,0.3333,7,0.2692,0.0413,MORTGAGE,EDUCATION,Y,1
38,24100,8.9,30700,20.79,1.2739,3,0.15,0.2648,MORTGAGE,HOMEIMPROVEMENT,Y,1
39,66200,3.1,8500,11.59,0.1284,3,0.1429,0.0149,MORTGAGE,EDUCATION,Y,0
49,35000,10.8,19600,17.72,0.56,7,0.2258,0.0992,RENT,MEDICAL,N,1
43,30000,10.1,6600,12.15,0.22,9,0.36,0.0267,OWN,DEBTCONSOLIDATION,N,0
45,42600,7.7,12800,10.95,0.3005,2,0.0741,0.0329,MORTGAGE,EDUCATION,N,0
49,49500,3.5,22000,14.09,0.4444,8,0.2581,0.0626,MORTGAGE,MEDICAL,N,0
39,114700,13.1,8600,6.55,0.075,10,0.4762,0.0049,RENT,PERSONAL,N,0
37,72000,2.2,9200,11.72,0.1278,9,0.4737,0.015,MORTGAGE,VENTURE,N,0
42,36100,20.3,4100,11.72,0.1136,4,0.1667,0.0133,MORTGAGE,DEBTCONSOLIDATION,N,0
41,48400,5.5,14900,18.03,0.3079,3,0.1304,0.0555,RENT,VENTURE,N,0
46,51500,5.1,25900,19.36,0.5029,8,0.2857,0.0974,OWN,VENTURE,N,0
37,33600,1.8,24800,19.38,0.7381,5,0.2632,0.143,RENT,EDUCATION,Y,1
40,45300,11.3,12000,11.07,0.2649,5,0.2273,0.0293,RENT,MEDICAL,N,0
47,37300,24.8,22900,20.89,0.6139,3,0.1034,0.1282,RENT,MEDICAL,Y,1
39,29200,0.8,4900,8.84,0.1678,2,0.0952,0.0148,RENT,HOMEIMPROVEMENT,N,0
34,45900,4.8,16400,15.87,0.3573,2,0.125,0.0567,MORTGAGE,DEBTCONSOLIDATION,N,0
35,64000,0.1,13400,13.15,0.2094,3,0.1765,0.0275,MORTGAGE,EDUCATION,N,0
28,23800,4.2,10100,15.69,0.4244,8,0.8,0.0666,OWN,PERSONAL,Y,1
42,40500,7.2,26100,19.65,0.6444,3,0.125,0.1266,MORTGAGE,VENTURE,Y,1
41,69900,23.0,12200,9.12,0.1745,5,0.2174,0.0159,MORTGAGE,MEDICAL,N,0
36,85500,,13100,10.01,0.1532,7,0.3889,0.0153,MORTGAGE,PERSONAL,N,0
55,137400,21.0,19600,10.56,0.1426,9,0.2432,0.0151,OTHER,VENTURE,N,0
36,26300,5.4,15600,16.19,0.5932,2,0.1111,0.096,RENT,MEDICAL,N,1
50,95200,16.1,21400,11.85,0.2248,10,0.3125,0.0266,MORTGAGE,DEBTCONSOLIDATION,N,0
34,93500,1.8,11400,7.4,0.1219,5,0.3125,0.009,RENT,HOMEIMPROVEMENT,N,0
52,59200,19.1,20200,12.46,0.3412,10,0.2941,0.0425,OWN,VENTURE,Y,0
46,44300,2.5,18100,16.34,0.4086,2,0.0714,0.0668,MORTGAGE,DEBTCONSOLIDATION,N,1
56,22300,0.3,10400,15.83,0.4664,5,0.1316,0.0738,OWN,EDUCATION,N,0
29,76400,11.0,23400,12.82,0.3063,11,1.0,0.0393,MORTGAGE,DEBTCONSOLIDATION,N,0
29,44900,5.7,14000,14.98,0.3118,11,1.0,0.0467,RENT,EDUCATION,N,0
32,40100,3.8,25500,17.66,0.6359,11,0.7857,0.1123,MORTGAGE,VENTURE,N,1
60,22900,0.4,4700,12.25,0.2052,2,0.0476,0.0251,OWN,VENTURE,N,0
49,61600,18.0,28800,14.81,0.4675,6,0.1935,0.0692,RENT,VENTURE,N,1
40,40300,4.9,2500,7.65,0.062,6,0.2727,0.0047,RENT,PERSONAL,N,0
52,101500,3.6,5300,7.57,0.0522,8,0.2353,0.004,RENT,MEDICAL,N,0
36,158800,7.3,7400,9.39,0.0466,5,0.2778,0.0044,MORTGAGE,VENTURE,N,0
36,45400,1.9,5300,11.34,0.1167,3,0.1667,0.0132,MORTGAGE,DEBTCONSOLIDATION,N,0
47,54600,3.4,12900,13.1,0.2363,8,0.2759,0.031,RENT,PERSONAL,N,0
55,27800,0.4,27600,20.08,0.9928,11,0.2973,0.1994,RENT,VENTURE,Y,1
57,49000,4.2,6800,9.06,0.1388,6,0.1538,0.0126,MORTGAGE,DEBTCONSOLIDATION,N,0
44,100800,1.2,23600,11.1,0.2341,5,0.1923,0.026,RENT,EDUCATION,N,0
53,49000,0.3,19800,12.12,0.4041,4,0.1143,0.049,RENT,VENTURE,N,0
36,115100,5.0,19800,8.03,0.172,13,0.7222,0.0138,RENT,MEDICAL,N,0
36,37300,18.0,17800,15.81,0.4772,10,0.5556,0.0754,MORTGAGE,DEBTCONSOLIDATION,Y,0
41,18900,1.7,7900,15.49,0.418,4,0.1739,0.0647,MORTGAGE,PERSONAL,Y,1
33,47500,,12600,14.91,0.2653,6,0.4,0.0396,RENT,DEBTCONSOLIDATION,N,0
38,76600,2.7,24100,13.32,0.3146,6,0.3,0.0419,RENT,EDUCATION,N,0
48,46800,6.6,30900,22.42,0.6603,4,0.1333,0.148,RENT,MEDICAL,Y,1
40,53600,7.1,6600,12.65,0.1231,12,0.5455,0.0156,OWN,MEDICAL,N,0
58,59900,2.9,18300,12.23,0.3055,6,0.15,0.0374,MORTGAGE,PERSONAL,N,1
37,27400,9.9,5800,7.32,0.2117,3,0.1579,0.0155,RENT,VENTURE,N,0
68,55100,5.7,6800,10.39,0.1234,4,0.08,0.0128,MORTGAGE,DEBTCONSOLIDATION,N,0
51,119100,1.6,7200,10.84,0.0605,13,0.3939,0.0066,MORTGAGE,VENTURE,N,0
40,88300,4.6,30900,,0.3499,6,0.2727,0.0443,RENT,MEDICAL,N,0
57,24300,0.9,7800,11.13,0.321,5,0.1282,0.0357,MORTGAGE,MEDICAL,N,0
58,23500,,11900,19.1,0.5064,10,0.25,0.0967,RENT,VENTURE,Y,1
37,106300,1.7,22300,9.3,0.2098,2,0.1053,0.0195,RENT,MEDICAL,N,0
53,39100,2.5,6700,11.0,0.1714,2,0.0571,0.0189,MORTGAGE,EDUCATION,Y,1
36,36700,0.6,16100,16.59,0.4387,7,0.3889,0.0728,MORTGAGE,PERSONAL,Y,1
47,22900,1.6,6400,16.08,0.2795,4,0.1379,0.0449,RENT,DEBTCONSOLIDATION,N,0
42,97700,11.8,19700,8.42,0.2016,3,0.125,0.017,RENT,MEDICAL,N,0
64,133000,6.9,14100,8.71,0.106,10,0.2174,0.0092,RENT,MEDICAL,N,0
50,49700,12.3,16600,14.01,0.334,8,0.25,0.0468,MORTGAGE,PERSONAL,N,0
67,40200,25.8,11400,14.3,0.2836,8,0.1633,0.0406,RENT,VENTURE,N,0
43,134900,3.2,29500,11.23,0.2187,15,0.6,0.0246,MORTGAGE,VENTURE,N,0
41,37700,1.7,25500,18.87,0.6764,3,0.1304,0.1276,MORTGAGE,VENTURE,N,1
36,82400,5.3,23200,13.78,0.2816,5,0.2778,0.0388,RENT,VENTURE,N,0
49,25000,23.4,12500,18.65,0.5,2,0.0645,0.0932,RENT,DEBTCONSOLIDATION,N,1
42,32200,3.4,17400,17.27,0.5404,9,0.375,0.0933,MORTGAGE,MEDICAL,N,1
46,42900,1.3,3300,9.61,0.0769,7,0.25,0.0074,RENT,MEDICAL,N,0
31,33300,0.0,8600,10.26,0.2583,8,0.6154,0.0265,MORTGAGE,PERSONAL,N,1
52,77900,6.0,21800,15.06,0.2798,9,0.2647,0.0421,RENT,EDUCATION,N,0
55,121600,15.9,13400,11.56,0.1102,12,0.3243,0.0127,RENT,VENTURE,N,0
51,81700,,16300,9.24,0.1995,3,0.0909,0.0184,OTHER,EDUCATION,N,0
44,24500,14.6,28000,19.26,1.1429,7,0.2692,0.2201,MORTGAGE,EDUCATION,Y,1
41,53100,3.2,13300,12.69,0.2505,2,0.087,0.0318,RENT,PERSONAL,N,0
48,14300,15.0,13900,18.84,0.972,2,0.0667,0.1831,RENT,HOMEIMPROVEMENT,Y,1
35,137800,11.0,27400,13.58,0.1988,3,0.1765,0.027,MORTGAGE,EDUCATION,N,0
53,78100,4.8,28000,17.01,0.3585,3,0.0857,0.061,RENT,DEBTCONSOLIDATION,Y,1
58,63400,16.9,19000,14.75,0.2997,2,0.05,0.0442,OWN,MEDICAL,N,0
43,33000,6.6,4100,8.94,0.1242,11,0.44,0.0111,RENT,PERSONAL,N,0
46,48200,1.4,30300,17.93,0.6286,5,0.1786,0.1127,MORTGAGE,DEBTCONSOLIDATION,N,1
50,60100,,21400,14.33,0.3561,8,0.25,0.051,MORTGAGE,VENTURE,N,0
52,67600,6.0,24700,13.15,0.3654,7,0.2059,0.0481,RENT,EDUCATION,N,0
42,32400,2.0,26300,14.01,0.8117,8,0.3333,0.1137,RENT,EDUCATION,Y,1
70,48100,15.0,14600,10.52,0.3035,11,0.2115,0.0319,RENT,MEDICAL,N,0
34,43100,0.3,11600,,0.2691,8,0.5,0.0341,RENT,EDUCATION,N,0
35,70600,0.2,8200,11.65,0.1161,5,0.2941,0.0135,MORTGAGE,MEDICAL,N,0
47,75800,14.6,17800,12.78,0.2348,5,0.1724,0.03,MORTGAGE,DEBTCONSOLIDATION,N,0
55,44900,1.4,13400,10.81,0.2984,7,0.1892,0.0323,MORTGAGE,MEDICAL,N,0
61,32600,2.5,16500,13.33,0.5061,7,0.1628,0.0675,RENT,HOMEIMPROVEMENT,Y,0
40,27000,5.4,22500,19.26,0.8333,7,0.3182,0.1605,MORTGAGE,EDUCATION,Y,1
42,84100,3.1,29200,12.11,0.3472,11,0.4583,0.042,RENT,MEDICAL,N,1
43,78700,8.5,15300,12.51,0.1944,14,0.56,0.0243,MORTGAGE,MEDICAL,N,0
50,97100,1.5,26300,,0.2709,3,0.0938,0.0343,MORTGAGE,EDUCATION,N,0
39,28400,0.7,9000,15.44,0.3169,6,0.2857,0.0489,RENT,PERSONAL,N,0
42,68000,,24300,15.44,0.3574,5,0.2083,0.0552,MORTGAGE,EDUCATION,N,1
68,46300,3.0,6300,7.37,0.1361,5,0.1,0.01,OWN,EDUCATION,N,0
42,65000,7.1,23600,14.16,0.3631,3,0.125,0.0514,MORTGAGE,VENTURE,N,0
49,142900,0.1,8300,8.85,0.0581,8,0.2581,0.0051,RENT,PERSONAL,N,0
55,21300,1.0,28400,19.62,1.3333,5,0.1351,0.2616,MORTGAGE,MEDICAL,N,1
37,36800,7.8,19100,16.26,0.519,2,0.1053,0.0844,RENT,PERSONAL,N,1
44,100000,12.3,8300,9.33,0.083,6,0.2308,0.0077,RENT,HOMEIMPROVEMENT,N,0
36,76900,,34300,15.85,0.446,5,0.2778,0.0707,MORTGAGE,MEDICAL,N,1
50,44400,10.6,11100,11.74,0.25,7,0.2188,0.0294,RENT,EDUCATION,N,0
53,44500,22.0,24200,14.02,0.5438,4,0.1143,0.0762,RENT,MEDICAL,Y,1
38,42000,12.8,15300,14.37,0.3643,10,0.5,0.0523,OWN,DEBTCONSOLIDATION,N,0
43,67000,1.5,9200,11.53,0.1373,6,0.24,0.0158,MORTGAGE,HOMEIMPROVEMENT,N,0
56,82700,33.3,14200,9.87,0.1717,9,0.2368,0.0169,RENT,PERSONAL,N,0
55,29300,6.4,8100,12.22,0.2765,3,0.0811,0.0338,MORTGAGE,EDUCATION,N,0
49,204800,2.2,20200,11.4,0.0986,6,0.1935,0.0112,RENT,VENTURE,N,0
62,68500,4.7,15500,13.1,0.2263,6,0.1364,0.0296,RENT,MEDICAL,N,0
30,35900,5.5,21900,17.76,0.61,10,0.8333,0.1083,MORTGAGE,PERSONAL,Y,1
53,65200,21.6,17100,15.62,0.2623,4,0.1143,0.041,MORTGAGE,DEBTCONSOLIDATION,N,0
45,33200,1.8,17000,16.5,0.512,4,0.1481,0.0845,MORTGAGE,EDUCATION,N,0
46,59100,1.4,14000,10.55,0.2369,5,0.1786,0.025,RENT,HOMEIMPROVEMENT,N,0
34,91600,0.4,21200,12.75,0.2314,7,0.4375,0.0295,MORTGAGE,DEBTCONSOLIDATION,N,0
47,36000,6.9,16400,16.0,0.4556,4,0.1379,0.0729,RENT,MEDICAL,N,0
45,119800,12.0,7900,6.9,0.0659,11,0.4074,0.0045,MORTGAGE,VENTURE,N,0
38,89000,7.7,17700,11.35,0.1989,5,0.25,0.0226,MORTGAGE,EDUCATION,N,0
45,22000,5.4,12700,18.51,0.5773,12,0.4444,0.1069,MORTGAGE,EDUCATION,N,1
59,60500,4.0,24400,18.52,0.4033,3,0.0732,0.0747,RENT,VENTURE,Y,0
38,29400,7.9,8600,12.32,0.2925,3,0.15,0.036,MORTGAGE,PERSONAL,N,0
47,34200,3.2,23900,23.22,0.6988,8,0.2759,0.1623,RENT,DEBTCONSOLIDATION,Y,1
40,73200,3.8,9000,9.44,0.123,12,0.5455,0.0116,RENT,DEBTCONSOLIDATION,N,0
70,40800,0.3,24900,19.36,0.6103,8,0.1538,0.1182,MORTGAGE,VENTURE,Y,1
49,88000,12.2,12900,10.28,0.1466,8,0.2581,0.0151,OWN,PERSONAL,N,0
52,43100,4.3,13800,13.64,0.3202,3,0.0882,0.0437,MORTGAGE,PERSONAL,N,1
40,53100,5.9,27100,17.15,0.5104,2,0.0909,0.0875,MORTGAGE,MEDICAL,Y,1
48,64400,9.3,11700,9.88,0.1817,7,0.2333,0.018,RENT,PERSONAL,N,0
39,71700,0.4,8700,11.9,0.1213,2,0.0952,0.0144,RENT,MEDICAL,Y,0
45,127400,1.7,20400,10.7,0.1601,9,0.3333,0.0171,MORTGAGE,VENTURE,N,0
35,70200,0.2,15000,13.04,0.2137,2,0.1176,0.0279,RENT,VENTURE,N,0
36,74800,6.0,26400,17.03,0.3529,3,0.1667,0.0601,RENT,VENTURE,N,0
44,12600,0.9,17900,18.32,1.4206,8,0.3077,0.2603,RENT,PERSONAL,Y,1
39,22000,0.7,16200,,0.7364,7,0.3333,0.0932,RENT,VENTURE,Y,1
44,50900,1.0,19400,15.35,0.3811,2,0.0769,0.0585,MORTGAGE,HOMEIMPROVEMENT,Y,0
39,48800,0.3,23000,18.34,0.4713,9,0.4286,0.0864,MORTGAGE,VENTURE,N,1
36,44800,18.0,8100,14.73,0.1808,5,0.2778,0.0266,MORTGAGE,VENTURE,N,0
57,114700,5.2,8800,9.59,0.0767,12,0.3077,0.0074,MORTGAGE,EDUCATION,N,0
35,37500,1.4,9300,9.87,0.248,5,0.2941,0.0245,RENT,EDUCATION,N,0
40,105900,2.4,10700,8.66,0.101,6,0.2727,0.0087,MORTGAGE,PERSONAL,N,0
56,41900,6.0,28600,17.96,0.6826,4,0.1053,0.1226,RENT,HOMEIMPROVEMENT,Y,1
30,31900,5.5,5300,8.91,0.1661,3,0.25,0.0148,MORTGAGE,MEDICAL,Y,1
46,35700,,23600,16.4,0.6611,10,0.3571,0.1084,MORTGAGE,EDUCATION,Y,1
35,212700,8.3,14000,9.33,0.0658,5,0.2941,0.0061,RENT,DEBTCONSOLIDATION,N,0
48,76600,4.9,3800,,0.0496,4,0.1333,0.0063,RENT,DEBTCONSOLIDATION,N,0
30,90100,0.7,10400,,0.1154,9,0.75,0.0146,MORTGAGE,EDUCATION,N,0
54,18300,8.7,9200,15.54,0.5027,4,0.1111,0.0781,MORTGAGE,VENTURE,Y,1
51,85700,8.8,5700,12.21,0.0665,3,0.0909,0.0081,RENT,VENTURE,N,0
53,61000,5.6,11300,9.96,0.1852,6,0.1714,0.0184,MORTGAGE,PERSONAL,N,0
40,69400,0.6,17400,12.97,0.2507,2,0.0909,0.0325,RENT,EDUCATION,N,0
52,62600,11.4,34100,15.65,0.5447,4,0.1176,0.0852,RENT,MEDICAL,N,1
34,33600,7.5,4900,8.79,0.1458,12,0.75,0.0128,RENT,MEDICAL,Y,1
35,26400,14.8,9100,14.36,0.3447,8,0.4706,0.0495,RENT,PERSONAL,N,0
35,43400,,12700,13.87,0.2926,5,0.2941,0.0406,OTHER,PERSONAL,N,0
47,75400,15.7,9000,6.64,0.1194,3,0.1034,0.0079,MORTGAGE,HOMEIMPROVEMENT,N,0
52,74300,,6200,8.74,0.0834,8,0.2353,0.0073,RENT,EDUCATION,N,0
67,85300,4.3,7900,8.18,0.0926,4,0.0816,0.0076,RENT,VENTURE,N,0
58,90900,0.0,9700,8.92,0.1067,12,0.3,0.0095,RENT,EDUCATION,Y,1
45,59300,6.1,11400,10.65,0.1922,9,0.3333,0.0205,RENT,EDUCATION,N,0
46,31300,7.8,6500,,0.2077,6,0.2143,0.0263,RENT,MEDICAL,N,0
34,26000,4.2,20300,21.72,0.7808,5,0.3125,0.1696,OWN,HOMEIMPROVEMENT,N,1
34,22400,,11500,18.48,0.5134,6,0.375,0.0949,RENT,VENTURE,Y,1
54,67800,4.8,11200,14.33,0.1652,9,0.25,0.0237,RENT,DEBTCONSOLIDATION,N,0
48,50900,21.2,23300,13.19,0.4578,5,0.1667,0.0604,MORTGAGE,MEDICAL,N,1
33,47500,0.4,4700,9.06,0.0989,5,0.3333,0.009,RENT,EDUCATION,N,0
43,98000,1.1,6300,8.61,0.0643,14,0.56,0.0055,MORTGAGE,EDUCATION,N,0
36,32600,,18000,15.91,0.5521,4,0.2222,0.0878,MORTGAGE,HOMEIMPROVEMENT,Y,1
52,65200,0.1,29400,12.63,0.4509,8,0.2353,0.0569,RENT,PERSONAL,N,0
42,44900,7.2,13100,14.61,0.2918,7,0.2917,0.0426,MORTGAGE,PERSONAL,N,0
42,27400,7.9,25700,19.7,0.938,3,0.125,0.1848,RENT,PERSONAL,Y,1
64,57300,1.4,18600,15.0,0.3246,17,0.3696,0.0487,RENT,VENTURE,N,0
46,62000,7.1,13200,12.76,0.2129,5,0.1786,0.0272,MORTGAGE,MEDICAL,N,0
41,40800,11.9,18400,17.47,0.451,13,0.5652,0.0788,RENT,MEDICAL,N,0
40,126100,3.0,11800,7.7,0.0936,8,0.3636,0.0072,MORTGAGE,DEBTCONSOLIDATION,N,0
57,46200,0.2,18400,17.22,0.3983,2,0.0513,0.0686,MORTGAGE,MEDICAL,N,0
41,60400,3.7,25500,14.8,0.4222,8,0.3478,0.0625,RENT,MEDICAL,N,0
48,46300,1.1,15400,13.94,0.3326,5,0.1667,0.0464,MORTGAGE,PERSONAL,N,0
37,30500,0.6,16500,19.03,0.541,7,0.3684,0.103,RENT,VENTURE,Y,1
44,51700,2.4,15800,11.5,0.3056,4,0.1538,0.0351,MORTGAGE,VENTURE,N,0
45,42100,5.8,20100,15.52,0.4774,4,0.1481,0.0741,MORTGAGE,MEDICAL,N,0
59,57900,10.9,12000,11.1,0.2073,5,0.122,0.023,RENT,PERSONAL,N,0
46,48900,0.1,28500,19.98,0.5828,6,0.2143,0.1164,MORTGAGE,MEDICAL,Y,1
44,79900,0.5,16500,11.49,0.2065,7,0.2692,0.0237,MORTGAGE,EDUCATION,N,0
54,54200,23.1,17500,11.02,0.3229,4,0.1111,0.0356,RENT,EDUCATION,N,0
57,45700,8.3,8200,12.97,0.1794,2,0.0513,0.0233,RENT,PERSONAL,N,0
39,58200,0.3,7000,,0.1203,2,0.0952,0.0152,MORTGAGE,DEBTCONSOLIDATION,N,0
33,131100,1.3,20100,10.71,0.1533,4,0.2667,0.0164,RENT,PERSONAL,N,0
59,80400,12.1,14300,9.95,0.1779,7,0.1707,0.0177,RENT,MEDICAL,Y,0
49,58900,0.7,16300,12.42,0.2767,3,0.0968,0.0344,MORTGAGE,PERSONAL,N,0
49,40100,0.4,25500,22.1,0.6359,5,0.1613,0.1405,RENT,MEDICAL,N,1
63,43200,3.6,23100,16.82,0.5347,7,0.1556,0.0899,MORTGAGE,VENTURE,N,0
55,113800,2.4,25700,12.87,0.2258,5,0.1351,0.0291,RENT,PERSONAL,N,0
42,96300,4.9,21300,14.93,0.2212,12,0.5,0.033,OWN,HOMEIMPROVEMENT,N,0
42,76600,0.2,30100,15.71,0.393,5,0.2083,0.0617,RENT,VENTURE,N,0
44,22400,1.0,7400,10.28,0.3304,6,0.2308,0.034,MORTGAGE,EDUCATION,Y,0
39,66800,2.8,29300,,0.4386,5,0.2381,0.0555,RENT,PERSONAL,N,0
54,70200,2.5,27300,16.76,0.3889,11,0.3056,0.0652,MORTGAGE,VENTURE,Y,0
35,82000,,15100,12.03,0.1841,7,0.4118,0.0221,MORTGAGE,DEBTCONSOLIDATION,N,0
56,50100,4.4,34400,20.02,0.6866,7,0.1842,0.1375,RENT,MEDICAL,Y,1
42,65800,13.9,21000,16.7,0.3191,12,0.5,0.0533,RENT,DEBTCONSOLIDATION,N,0
40,57300,11.4,7700,6.82,0.1344,8,0.3636,0.0092,OWN,MEDICAL,N,0
44,36200,0.2,13500,13.89,0.3729,5,0.1923,0.0518,MORTGAGE,HOMEIMPROVEMENT,N,0
70,52600,1.9,6400,7.88,0.1217,5,0.0962,0.0096,RENT,DEBTCONSOLIDATION,N,0
56,31500,2.5,9100,16.5,0.2889,4,0.1053,0.0477,RENT,VENTURE,Y,1
31,60600,,13200,13.6,0.2178,13,1.0,0.0296,RENT,DEBTCONSOLIDATION,N,0
58,55200,1.4,8800,8.44,0.1594,16,0.4,0.0135,MORTGAGE,MEDICAL,N,0
28,32000,3.4,9300,11.85,0.2906,6,0.6,0.0344,RENT,EDUCATION,N,0
46,46200,1.4,22800,14.22,0.4935,8,0.2857,0.0702,RENT,EDUCATION,Y,0
37,43200,6.0,25400,18.23,0.588,4,0.2105,0.1072,MORTGAGE,EDUCATION,N,1
40,65300,6.7,19700,,0.3017,3,0.1364,0.0382,RENT,VENTURE,Y,0
56,42000,6.0,8400,11.74,0.2,6,0.1579,0.0235,MORTGAGE,PERSONAL,N,0
38,77600,12.9,30300,15.81,0.3905,6,0.3,0.0617,RENT,VENTURE,N,0
48,48700,6.9,25200,14.23,0.5175,11,0.3667,0.0736,RENT,PERSONAL,N,0
35,63800,0.4,10500,10.74,0.1646,2,0.1176,0.0177,OWN,PERSONAL,N,0
41,61100,4.8,22900,14.7,0.3748,8,0.3478,0.0551,MORTGAGE,MEDICAL,N,0
46,98300,4.2,23900,11.67,0.2431,11,0.3929,0.0284,RENT,MEDICAL,N,0
42,89100,5.5,13500,,0.1515,9,0.375,0.0192,OWN,PERSONAL,N,0
41,76300,10.2,14800,14.17,0.194,5,0.2174,0.0275,RENT,VENTURE,N,0
40,42900,2.5,20900,16.01,0.4872,2,0.0909,0.078,OWN,EDUCATION,N,0
63,32100,0.2,8400,13.14,0.2617,11,0.2444,0.0344,RENT,HOMEIMPROVEMENT,Y,0
51,44700,1.5,13600,16.53,0.3043,9,0.2727,0.0503,RENT,MEDICAL,N,0
45,58400,2.2,21800,,0.3733,6,0.2222,0.0473,MORTGAGE,MEDICAL,N,0
43,135800,1.9,4400,5.42,0.0324,6,0.24,0.0018,MORTGAGE,VENTURE,N,0
42,73200,0.9,2700,5.42,0.0369,2,0.0833,0.002,OWN,EDUCATION,N,0
31,83100,4.9,3300,7.43,0.0397,3,0.2308,0.0029,MORTGAGE,HOMEIMPROVEMENT,N,0
37,34100,3.1,22400,20.06,0.6569,6,0.3158,0.1318,RENT,EDUCATION,N,1
41,114700,1.8,3900,11.16,0.034,2,0.087,0.0038,MORTGAGE,VENTURE,N,0
40,25300,17.1,8800,,0.3478,10,0.4545,0.044,MORTGAGE,VENTURE,N,1
49,76900,5.3,12000,10.1,0.156,5,0.1613,0.0158,RENT,MEDICAL,N,0
47,13400,,14300,20.23,1.0672,8,0.2759,0.2159,MORTGAGE,PERSONAL,Y,1
42,20600,0.5,11200,21.17,0.5437,6,0.25,0.1151,MORTGAGE,DEBTCONSOLIDATION,Y,1
52,76300,20.3,12700,9.59,0.1664,7,0.2059,0.016,RENT,EDUCATION,N,0
44,40900,0.5,7000,10.85,0.1711,6,0.2308,0.0186,RENT,MEDICAL,N,1
49,162800,19.1,7300,9.25,0.0448,12,0.3871,0.0041,MORTGAGE,PERSONAL,N,0
29,31300,0.6,20800,22.46,0.6645,6,0.5455,0.1492,RENT,PERSONAL,N,1
63,47100,2.1,28100,17.85,0.5966,6,0.1333,0.1065,RENT,EDUCATION,Y,0
36,46100,2.2,14700,14.1,0.3189,10,0.5556,0.045,RENT,VENTURE,Y,0
47,128000,1.1,10900,7.23,0.0852,6,0.2069,0.0062,MORTGAGE,MEDICAL,N,0
58,55500,1.1,16700,14.07,0.3009,12,0.3,0.0423,RENT,PERSONAL,N,0
34,29300,0.0,11700,16.81,0.3993,5,0.3125,0.0671,MORTGAGE,VENTURE,Y,1
49,121300,4.7,19700,11.68,0.1624,3,0.0968,0.019,RENT,VENTURE,N,1
44,41300,1.9,7700,12.35,0.1864,11,0.4231,0.023,RENT,EDUCATION,Y,0
60,61500,0.4,20000,18.77,0.3252,9,0.2143,0.061,MORTGAGE,DEBTCONSOLIDATION,Y,0
37,26400,1.3,10000,14.75,0.3788,12,0.6316,0.0559,RENT,VENTURE,N,0
43,36300,4.6,30500,19.32,0.8402,2,0.08,0.1623,RENT,EDUCATION,N,1
45,30000,1.9,13300,,0.4433,14,0.5185,0.0561,MORTGAGE,MEDICAL,N,1
57,40800,,16600,18.61,0.4069,4,0.1026,0.0757,MORTGAGE,DEBTCONSOLIDATION,N,1
30,27100,12.0,8500,13.18,0.3137,3,0.25,0.0413,RENT,DEBTCONSOLIDATION,Y,0
34,175500,11.6,23100,9.05,0.1316,2,0.125,0.0119,MORTGAGE,VENTURE,N,0
37,71200,1.0,15900,11.45,0.2233,4,0.2105,0.0256,RENT,MEDICAL,N,0
37,53700,2.3,21700,17.88,0.4041,9,0.4737,0.0723,MORTGAGE,EDUCATION,N,0
38,67700,0.1,16700,11.65,0.2467,8,0.4,0.0287,RENT,EDUCATION,N,0
63,49000,2.1,14500,11.98,0.2959,10,0.2222,0.0354,OWN,PERSONAL,N,0
46,59000,5.7,16100,15.9,0.2729,4,0.1429,0.0434,RENT,VENTURE,N,0
45,90100,6.0,10500,12.95,0.1165,8,0.2963,0.0151,RENT,DEBTCONSOLIDATION,N,0
49,54600,0.5,26300,16.45,0.4817,2,0.0645,0.0792,MORTGAGE,HOMEIMPROVEMENT,N,1
68,34700,0.8,21000,19.81,0.6052,2,0.04,0.1199,RENT,VENTURE,N,1
46,14700,5.3,2200,9.38,0.1497,2,0.0714,0.014,MORTGAGE,HOMEIMPROVEMENT,N,0
40,16300,9.9,20800,19.65,1.2761,7,0.3182,0.2508,RENT,VENTURE,Y,1
36,135400,2.3,22700,13.47,0.1677,10,0.5556,0.0226,MORTGAGE,EDUCATION,N,0
38,26300,1.6,12500,16.21,0.4753,2,0.1,0.077,MORTGAGE,HOMEIMPROVEMENT,Y,1
48,61000,1.2,12900,11.0,0.2115,7,0.2333,0.0233,RENT,PERSONAL,N,0
67,63200,4.3,14700,10.77,0.2326,4,0.0816,0.0251,MORTGAGE,DEBTCONSOLIDATION,N,0
49,46400,3.9,10500,11.12,0.2263,4,0.129,0.0252,RENT,EDUCATION,N,0
32,46500,1.0,10800,12.52,0.2323,12,0.8571,0.0291,RENT,EDUCATION,N,0
39,131500,3.5,29900,11.93,0.2274,7,0.3333,0.0271,MORTGAGE,PERSONAL,N,0
38,57300,8.9,24700,14.48,0.4311,11,0.55,0.0624,MORTGAGE,EDUCATION,N,0
37,72600,13.7,16100,9.69,0.2218,2,0.1053,0.0215,OTHER,MEDICAL,N,0
48,117300,6.9,18400,11.4,0.1569,5,0.1667,0.0179,RENT,EDUCATION,N,0
38,35000,0.8,16800,17.27,0.48,6,0.3,0.0829,MORTGAGE,PERSONAL,N,1
48,56500,0.9,5900,10.45,0.1044,5,0.1667,0.0109,MORTGAGE,DEBTCONSOLIDATION,N,0
57,58600,3.8,6200,11.63,0.1058,10,0.2564,0.0123,RENT,VENTURE,N,0
41,24400,2.9,10200,14.67,0.418,2,0.087,0.0613,OWN,MEDICAL,N,1
44,101200,0.3,12700,13.44,0.1255,3,0.1154,0.0169,RENT,EDUCATION,N,0
36,63300,1.9,8100,13.34,0.128,10,0.5556,0.0171,RENT,DEBTCONSOLIDATION,N,0
57,76000,2.6,22100,14.46,0.2908,20,0.5128,0.042,RENT,MEDICAL,N,0
49,105600,0.4,17100,10.73,0.1619,6,0.1935,0.0174,RENT,EDUCATION,N,0
38,61500,1.6,18700,11.94,0.3041,16,0.8,0.0363,MORTGAGE,MEDICAL,Y,1
31,47400,9.0,19500,15.17,0.4114,13,1.0,0.0624,MORTGAGE,EDUCATION,N,0
48,42900,11.7,16200,14.99,0.3776,17,0.5667,0.0566,RENT,MEDICAL,N,0
46,61100,7.2,6000,6.68,0.0982,3,0.1071,0.0066,OWN,MEDICAL,N,0
44,24800,20.3,20500,20.72,0.8266,4,0.1538,0.1713,MORTGAGE,HOMEIMPROVEMENT,Y,1
39,25400,3.5,24100,19.45,0.9488,3,0.1429,0.1845,RENT,HOMEIMPROVEMENT,Y,1
49,20700,7.0,12700,20.8,0.6135,3,0.0968,0.1276,RENT,VENTURE,Y,1
40,77000,3.3,14300,,0.1857,7,0.3182,0.0235,RENT,HOMEIMPROVEMENT,N,0
56,71400,1.0,11100,8.83,0.1555,6,0.1579,0.0137,RENT,EDUCATION,N,0
41,46500,2.1,15600,12.83,0.3355,23,1.0,0.043,MORTGAGE,DEBTCONSOLIDATION,N,0
34,40500,9.9,17800,15.16,0.4395,7,0.4375,0.0666,RENT,VENTURE,Y,1
43,31100,10.6,10200,14.04,0.328,2,0.08,0.0461,RENT,VENTURE,Y,0
45,30200,0.7,8400,8.66,0.2781,10,0.3704,0.0241,MORTGAGE,EDUCATION,N,0
46,31100,,14000,14.64,0.4502,18,0.6429,0.0659,OWN,PERSONAL,Y,1
41,55400,0.2,10000,8.85,0.1805,5,0.2174,0.016,MORTGAGE,PERSONAL,N,0
44,61400,0.2,17800,12.97,0.2899,13,0.5,0.0376,RENT,HOMEIMPROVEMENT,N,0
44,69900,8.9,16800,13.73,0.2403,5,0.1923,0.033,RENT,VENTURE,N,0
55,100000,1.3,18500,9.64,0.185,5,0.1351,0.0178,RENT,EDUCATION,Y,0
45,175500,0.1,15900,7.51,0.0906,2,0.0741,0.0068,MORTGAGE,PERSONAL,N,0
37,53500,2.3,20200,13.53,0.3776,6,0.3158,0.0511,OWN,MEDICAL,N,0
39,60600,4.4,13500,14.15,0.2228,8,0.381,0.0315,OTHER,EDUCATION,N,0
46,38400,4.7,6600,10.01,0.1719,6,0.2143,0.0172,MORTGAGE,DEBTCONSOLIDATION,N,0
44,34400,3.5,7200,14.43,0.2093,10,0.3846,0.0302,RENT,VENTURE,N,1
41,18100,2.0,4900,11.29,0.2707,10,0.4348,0.0306,MORTGAGE,EDUCATION,N,0
60,37200,14.7,11600,13.45,0.3118,8,0.1905,0.0419,MORTGAGE,PERSONAL,N,0
49,64500,1.6,2800,9.19,0.0434,8,0.2581,0.004,RENT,VENTURE,N,0
42,89000,7.8,13700,13.05,0.1539,5,0.2083,0.0201,RENT,EDUCATION,N,0
50,15300,2.8,13800,16.33,0.902,3,0.0938,0.1473,MORTGAGE,MEDICAL,Y,1
36,40600,3.5,12500,12.44,0.3079,4,0.2222,0.0383,MORTGAGE,PERSONAL,N,0
33,82300,1.5,16900,9.95,0.2053,2,0.1333,0.0204,MORTGAGE,VENTURE,N,0
41,57400,1.6,23300,,0.4059,9,0.3913,0.0514,MORTGAGE,PERSONAL,N,0
39,31300,0.9,13300,15.15,0.4249,5,0.2381,0.0644,RENT,VENTURE,N,0
40,60100,0.3,18700,14.54,0.3111,14,0.6364,0.0452,MORTGAGE,EDUCATION,N,1
40,34200,9.1,18500,17.93,0.5409,6,0.2727,0.097,MORTGAGE,MEDICAL,N,0
51,37100,33.0,14400,16.71,0.3881,11,0.3333,0.0649,MORTGAGE,EDUCATION,N,0
47,70000,1.5,16600,8.32,0.2371,6,0.2069,0.0197,RENT,EDUCATION,N,0
57,31100,4.6,15600,18.03,0.5016,3,0.0769,0.0904,MORTGAGE,DEBTCONSOLIDATION,N,1
43,117300,7.5,31100,13.7,0.2651,5,0.2,0.0363,RENT,EDUCATION,N,1
40,69400,1.6,16500,12.08,0.2378,5,0.2273,0.0287,RENT,VENTURE,N,0
47,37800,9.9,14200,13.41,0.3757,8,0.2759,0.0504,RENT,VENTURE,N,1
41,49600,,11500,13.13,0.2319,3,0.1304,0.0304,RENT,DEBTCONSOLIDATION,N,0
65,68200,2.9,30000,11.61,0.4399,4,0.0851,0.0511,RENT,EDUCATION,Y,1
40,42300,3.3,19100,14.6,0.4515,5,0.2273,0.0659,RENT,PERSONAL,N,0
30,18800,0.7,22100,18.88,1.1755,6,0.5,0.2219,MORTGAGE,EDUCATION,Y,1
40,33900,2.1,25300,20.53,0.7463,12,0.5455,0.1532,MORTGAGE,VENTURE,Y,1
41,93600,3.1,10000,11.4,0.1068,6,0.2609,0.0122,RENT,MEDICAL,N,0
49,69200,0.9,31900,14.96,0.461,6,0.1935,0.069,RENT,MEDICAL,N,0
51,125700,1.6,4700,10.61,0.0374,6,0.1818,0.004,OWN,DEBTCONSOLIDATION,Y,0
54,46000,2.1,6600,11.59,0.1435,7,0.1944,0.0166,RENT,VENTURE,N,0
55,97800,,9100,8.21,0.093,11,0.2973,0.0076,OWN,PERSONAL,N,1
34,39500,3.3,8700,11.31,0.2203,10,0.625,0.0249,RENT,PERSONAL,N,0
36,61100,9.9,28200,16.28,0.4615,4,0.2222,0.0751,RENT,PERSONAL,N,1
41,30000,4.4,15300,,0.51,10,0.4348,0.0646,RENT,VENTURE,N,1
49,37200,0.5,8000,7.91,0.2151,7,0.2258,0.017,RENT,MEDICAL,N,0
61,46400,1.9,22600,17.4,0.4871,8,0.186,0.0848,MORTGAGE,EDUCATION,N,0
41,77500,0.3,14200,6.5,0.1832,5,0.2174,0.0119,MORTGAGE,EDUCATION,N,0
49,17000,0.3,4900,10.95,0.2882,6,0.1935,0.0316,MORTGAGE,PERSONAL,N,0
46,39300,2.8,30700,18.87,0.7812,11,0.3929,0.1474,MORTGAGE,MEDICAL,Y,1
49,50100,14.8,24900,15.45,0.497,6,0.1935,0.0768,RENT,EDUCATION,N,0
46,56000,18.8,12300,10.52,0.2196,4,0.1429,0.0231,RENT,VENTURE,N,0
42,84500,4.9,20700,10.16,0.245,5,0.2083,0.0249,RENT,MEDICAL,N,1
47,36000,10.9,3800,6.79,0.1056,2,0.069,0.0072,OTHER,MEDICAL,N,0
48,22200,1.7,2700,10.93,0.1216,6,0.2,0.0133,MORTGAGE,EDUCATION,N,0
52,52700,0.3,15300,12.03,0.2903,2,0.0588,0.0349,MORTGAGE,DEBTCONSOLIDATION,N,0
54,35500,2.6,11100,12.93,0.3127,5,0.1389,0.0404,MORTGAGE,MEDICAL,N,0
52,112000,1.8,10900,10.38,0.0973,2,0.0588,0.0101,MORTGAGE,DEBTCONSOLIDATION,N,0
49,48600,3.8,5400,12.18,0.1111,8,0.2581,0.0135,OWN,EDUCATION,N,0
48,68300,7.2,23200,16.25,0.3397,14,0.4667,0.0552,RENT,DEBTCONSOLIDATION,N,0
29,111600,2.9,7200,8.74,0.0645,10,0.9091,0.0056,RENT,MEDICAL,N,0
38,14400,5.8,3500,9.7,0.2431,9,0.45,0.0236,OWN,EDUCATION,N,1
35,31100,7.4,27200,22.14,0.8746,10,0.5882,0.1936,MORTGAGE,PERSONAL,Y,1
37,46700,0.9,12100,14.78,0.2591,13,0.6842,0.0383,RENT,MEDICAL,N,1
58,85500,3.1,6500,9.92,0.076,5,0.125,0.0075,MORTGAGE,DEBTCONSOLIDATION,N,0
60,104900,1.2,9300,11.1,0.0887,18,0.4286,0.0098,RENT,VENTURE,N,0
62,75700,1.5,11800,8.76,0.1559,3,0.0682,0.0137,OTHER,MEDICAL,N,0
40,45400,3.5,14800,12.55,0.326,10,0.4545,0.0409,MORTGAGE,EDUCATION,N,0
34,56700,6.5,4800,9.44,0.0847,4,0.25,0.008,RENT,EDUCATION,N,0
36,30100,6.4,10000,15.16,0.3322,12,0.6667,0.0504,RENT,MEDICAL,N,1
34,85100,16.0,12300,,0.1445,9,0.5625,0.0183,MORTGAGE,MEDICAL,N,0
35,127100,2.4,31500,,0.2478,11,0.6471,0.0314,MORTGAGE,MEDICAL,N,1
54,16400,1.0,13000,19.33,0.7927,8,0.2222,0.1532,RENT,PERSONAL,Y,1
46,48300,7.5,9100,7.26,0.1884,4,0.1429,0.0137,MORTGAGE,MEDICAL,N,0
29,75700,11.0,12900,11.87,0.1704,2,0.1818,0.0202,RENT,DEBTCONSOLIDATION,N,0
65,41400,4.7,5200,8.92,0.1256,6,0.1277,0.0112,MORTGAGE,EDUCATION,N,0
50,37900,6.9,31300,21.26,0.8259,5,0.1562,0.1756,MORTGAGE,VENTURE,N,1
39,21800,7.0,16500,18.62,0.7569,4,0.1905,0.1409,OTHER,MEDICAL,N,1
48,78700,8.1,12400,10.01,0.1576,8,0.2667,0.0158,MORTGAGE,MEDICAL,N,0
41,77300,1.8,9400,10.16,0.1216,3,0.1304,0.0124,RENT,VENTURE,N,0
34,96800,0.2,14800,10.55,0.1529,7,0.4375,0.0161,MORTGAGE,VENTURE,N,0
33,29600,6.1,17700,,0.598,3,0.2,0.0757,RENT,VENTURE,Y,1
27,68400,8.3,23400,14.51,0.3421,9,1.0,0.0496,MORTGAGE,VENTURE,Y,0
44,141700,5.4,20500,9.26,0.1447,11,0.4231,0.0134,RENT,EDUCATION,N,0
53,65600,0.8,11300,,0.1723,11,0.3143,0.0218,RENT,DEBTCONSOLIDATION,N,0
33,149700,6.0,7100,7.55,0.0474,5,0.3333,0.0036,RENT,MEDICAL,N,0
65,69700,1.6,9300,11.57,0.1334,12,0.2553,0.0154,RENT,VENTURE,N,0
40,51200,0.2,13800,13.47,0.2695,6,0.2727,0.0363,MORTGAGE,VENTURE,N,0
64,82500,0.2,16500,12.14,0.2,15,0.3261,0.0243,MORTGAGE,EDUCATION,N,0
45,60700,8.7,8700,7.95,0.1433,3,0.1111,0.0114,RENT,VENTURE,N,0
32,72000,3.8,8900,8.04,0.1236,8,0.5714,0.0099,MORTGAGE,PERSONAL,N,0
40,94600,1.7,23900,11.83,0.2526,6,0.2727,0.0299,RENT,EDUCATION,N,0
38,51200,2.6,15700,14.04,0.3066,9,0.45,0.043,RENT,VENTURE,N,0
32,48900,1.5,15900,12.18,0.3252,5,0.3571,0.0396,RENT,MEDICAL,Y,1
33,20000,5.1,9500,18.19,0.475,8,0.5333,0.0864,OWN,EDUCATION,N,0
44,42400,1.8,13800,14.0,0.3255,8,0.3077,0.0456,MORTGAGE,PERSONAL,N,0
45,42600,2.5,6200,9.29,0.1455,4,0.1481,0.0135,RENT,VENTURE,N,0
46,194500,0.8,13200,9.07,0.0679,5,0.1786,0.0062,RENT,MEDICAL,N,0
42,43000,21.0,15600,15.37,0.3628,8,0.3333,0.0558,MORTGAGE,VENTURE,N,0
44,63400,6.1,23300,13.16,0.3675,4,0.1538,0.0484,MORTGAGE,HOMEIMPROVEMENT,Y,0
55,43800,0.6,15600,13.56,0.3562,11,0.2973,0.0483,MORTGAGE,EDUCATION,N,0
36,69200,6.7,25200,14.19,0.3642,7,0.3889,0.0517,MORTGAGE,MEDICAL,N,0
39,70600,8.6,19000,13.68,0.2691,2,0.0952,0.0368,RENT,VENTURE,Y,0
47,121700,0.3,4900,8.51,0.0403,4,0.1379,0.0034,MORTGAGE,MEDICAL,N,0
39,37400,0.4,12000,15.44,0.3209,4,0.1905,0.0495,MORTGAGE,PERSONAL,N,0
55,23500,12.1,21800,19.65,0.9277,12,0.3243,0.1823,OTHER,MEDICAL,Y,1
29,62900,0.2,17000,13.24,0.2703,4,0.3636,0.0358,RENT,PERSONAL,N,0
48,84100,0.4,18100,10.77,0.2152,10,0.3333,0.0232,RENT,DEBTCONSOLIDATION,N,0
40,56800,,10600,10.71,0.1866,5,0.2273,0.02,RENT,MEDICAL,N,0
30,61100,3.4,19100,13.12,0.3126,7,0.5833,0.041,RENT,VENTURE,N,0
38,30600,1.5,8800,13.87,0.2876,3,0.15,0.0399,MORTGAGE,PERSONAL,N,0
41,14200,8.8,17200,20.01,1.2113,2,0.087,0.2424,RENT,DEBTCONSOLIDATION,Y,1
29,27300,11.0,2400,7.62,0.0879,6,0.5455,0.0067,RENT,MEDICAL,N,0
48,22600,0.3,11700,16.15,0.5177,8,0.2667,0.0836,MORTGAGE,EDUCATION,Y,1
40,27300,0.8,4400,11.63,0.1612,7,0.3182,0.0187,RENT,EDUCATION,N,0
50,59500,3.7,17500,14.87,0.2941,8,0.25,0.0437,RENT,PERSONAL,N,0
46,82700,,4900,8.7,0.0593,10,0.3571,0.0052,RENT,MEDICAL,N,0
45,113500,3.1,16400,9.55,0.1445,5,0.1852,0.0138,RENT,DEBTCONSOLIDATION,N,0
43,47800,4.4,10300,11.43,0.2155,6,0.24,0.0246,MORTGAGE,VENTURE,N,0
46,65600,19.2,15200,13.63,0.2317,2,0.0714,0.0316,MORTGAGE,HOMEIMPROVEMENT,N,0
35,47800,1.7,10800,,0.2259,14,0.8235,0.0286,RENT,HOMEIMPROVEMENT,N,0
49,69000,5.3,21300,12.81,0.3087,4,0.129,0.0395,MORTGAGE,VENTURE,N,0
31,43500,4.1,14700,15.9,0.3379,3,0.2308,0.0537,RENT,DEBTCONSOLIDATION,N,0
31,24300,,4000,12.97,0.1646,10,0.7692,0.0213,MORTGAGE,HOMEIMPROVEMENT,N,0
32,40200,2.2,7900,10.32,0.1965,4,0.2857,0.0203,RENT,MEDICAL,N,0
40,95900,4.9,21000,10.67,0.219,5,0.2273,0.0234,RENT,EDUCATION,N,0
51,36300,4.6,13400,10.97,0.3691,6,0.1818,0.0405,RENT,MEDICAL,Y,0
68,44400,1.1,9600,14.35,0.2162,4,0.08,0.031,MORTGAGE,VENTURE,N,0
39,29600,5.5,4900,9.47,0.1655,7,0.3333,0.0157,RENT,PERSONAL,N,0
54,69900,9.5,16600,13.02,0.2375,2,0.0556,0.0309,RENT,MEDICAL,N,0
52,87700,0.2,30000,15.19,0.3421,6,0.1765,0.052,OWN,EDUCATION,N,0
52,28100,11.1,17200,19.47,0.6121,10,0.2941,0.1192,MORTGAGE,MEDICAL,N,1
42,117400,0.5,19700,11.69,0.1678,10,0.4167,0.0196,OWN,EDUCATION,N,0
33,41400,0.1,5900,9.18,0.1425,12,0.8,0.0131,MORTGAGE,EDUCATION,N,0
43,57300,0.8,15500,12.08,0.2705,3,0.12,0.0327,MORTGAGE,VENTURE,N,0
58,44700,1.4,14100,14.45,0.3154,7,0.175,0.0456,RENT,EDUCATION,N,0
36,92000,,22300,17.31,0.2424,6,0.3333,0.042,RENT,VENTURE,N,0
41,30200,5.7,12100,14.51,0.4007,3,0.1304,0.0581,MORTGAGE,DEBTCONSOLIDATION,N,0
33,32300,5.5,13500,17.25,0.418,2,0.1333,0.0721,OWN,EDUCATION,N,0
38,34200,3.8,3200,10.2,0.0936,11,0.55,0.0095,RENT,MEDICAL,N,0
42,17300,4.4,11500,21.56,0.6647,10,0.4167,0.1433,MORTGAGE,VENTURE,Y,1
45,67400,3.0,14500,14.05,0.2151,9,0.3333,0.0302,RENT,EDUCATION,N,0
44,71900,1.7,31900,15.69,0.4437,2,0.0769,0.0696,MORTGAGE,VENTURE,N,0
57,83300,11.8,10200,10.21,0.1224,3,0.0769,0.0125,RENT,EDUCATION,N,0
37,49200,5.4,9000,11.9,0.1829,2,0.1053,0.0218,RENT,MEDICAL,N,0
42,21100,13.8,8800,18.69,0.4171,10,0.4167,0.078,MORTGAGE,PERSONAL,N,0
36,36500,8.6,16500,16.4,0.4521,3,0.1667,0.0741,RENT,EDUCATION,Y,1
37,162800,8.0,10200,8.37,0.0627,10,0.5263,0.0052,RENT,PERSONAL,N,0
36,68800,0.1,22300,,0.3241,8,0.4444,0.041,MORTGAGE,EDUCATION,Y,0
55,70100,,19900,10.13,0.2839,2,0.0541,0.0288,RENT,PERSONAL,N,1
59,70700,0.1,10700,11.06,0.1513,3,0.0732,0.0167,RENT,MEDICAL,N,0
38,43800,1.3,21400,15.87,0.4886,10,0.5,0.0775,RENT,DEBTCONSOLIDATION,Y,1
36,40900,2.7,3000,9.51,0.0733,7,0.3889,0.007,RENT,VENTURE,N,0
38,161000,15.5,14100,10.58,0.0876,5,0.25,0.0093,RENT,MEDICAL,N,0
54,97000,2.9,19800,13.07,0.2041,3,0.0833,0.0267,OWN,HOMEIMPROVEMENT,N,0
35,79400,9.1,5300,8.74,0.0668,12,0.7059,0.0058,MORTGAGE,PERSONAL,N,0
42,22700,1.1,9300,17.06,0.4097,8,0.3333,0.0699,OTHER,DEBTCONSOLIDATION,Y,0
41,35300,15.4,14600,14.69,0.4136,11,0.4783,0.0608,RENT,MEDICAL,N,0
40,17400,1.2,22800,19.91,1.3103,8,0.3636,0.2609,MORTGAGE,DEBTCONSOLIDATION,Y,1
55,32500,12.0,14400,14.12,0.4431,13,0.3514,0.0626,RENT,EDUCATION,N,0
42,96600,1.1,23800,14.0,0.2464,3,0.125,0.0345,RENT,MEDICAL,Y,1
35,35400,0.6,10800,12.32,0.3051,4,0.2353,0.0376,RENT,PERSONAL,N,0
37,72400,1.0,27200,16.98,0.3757,18,0.9474,0.0638,MORTGAGE,EDUCATION,N,0
52,38600,8.7,19900,20.23,0.5155,6,0.1765,0.1043,RENT,EDUCATION,N,1
53,45400,2.9,10600,13.34,0.2335,2,0.0571,0.0311,RENT,VENTURE,N,0
44,70000,2.7,27800,14.94,0.3971,3,0.1154,0.0593,RENT,PERSONAL,N,0
49,41000,1.2,14800,13.69,0.361,3,0.0968,0.0494,MORTGAGE,VENTURE,N,0
55,95500,8.2,12600,9.93,0.1319,19,0.5135,0.0131,MORTGAGE,MEDICAL,N,0
43,75400,1.9,22400,11.7,0.2971,13,0.52,0.0348,RENT,MEDICAL,N,0
53,79000,3.8,17400,15.43,0.2203,5,0.1429,0.034,RENT,EDUCATION,N,0
34,51000,0.1,5500,8.6,0.1078,10,0.625,0.0093,RENT,EDUCATION,Y,1
53,81100,3.6,20600,13.01,0.254,5,0.1429,0.033,RENT,PERSONAL,Y,1
59,52100,3.2,26800,14.62,0.5144,8,0.1951,0.0752,RENT,EDUCATION,N,1
51,70100,12.5,19400,16.37,0.2767,10,0.303,0.0453,RENT,EDUCATION,N,0
42,63400,0.6,16200,12.33,0.2555,4,0.1667,0.0315,RENT,EDUCATION,N,0
33,36800,0.8,27600,17.99,0.75,15,1.0,0.1349,RENT,PERSONAL,Y,1
53,32800,13.2,19800,18.6,0.6037,2,0.0571,0.1123,RENT,VENTURE,N,1
36,36800,7.8,28000,19.17,0.7609,5,0.2778,0.1459,MORTGAGE,PERSONAL,Y,1
46,62900,28.0,5700,10.84,0.0906,8,0.2857,0.0098,RENT,HOMEIMPROVEMENT,N,0
53,77300,4.9,14800,,0.1915,17,0.4857,0.0242,MORTGAGE,MEDICAL,N,0
45,50400,9.5,12200,13.41,0.2421,2,0.0741,0.0325,MORTGAGE,VENTURE,N,0
51,71300,6.4,28200,16.12,0.3955,3,0.0909,0.0638,RENT,VENTURE,N,0
54,101200,3.0,33800,13.32,0.334,9,0.25,0.0445,RENT,DEBTCONSOLIDATION,N,0
31,36800,1.1,19600,13.43,0.5326,9,0.6923,0.0715,RENT,MEDICAL,Y,0
55,72200,1.3,11000,9.61,0.1524,2,0.0541,0.0146,MORTGAGE,EDUCATION,N,0
39,33700,1.4,18700,16.44,0.5549,15,0.7143,0.0912,RENT,VENTURE,Y,1
39,82100,1.9,4000,8.62,0.0487,6,0.2857,0.0042,RENT,DEBTCONSOLIDATION,N,0
42,139900,2.3,26100,9.01,0.1866,9,0.375,0.0168,MORTGAGE,HOMEIMPROVEMENT,N,0
43,81500,2.4,14600,10.12,0.1791,17,0.68,0.0181,MORTGAGE,EDUCATION,N,0
48,174700,9.0,9100,11.57,0.0521,4,0.1333,0.006,MORTGAGE,EDUCATION,N,0
40,21700,6.4,25500,17.88,1.1751,6,0.2727,0.2101,RENT,EDUCATION,Y,1
44,55100,1.8,11400,12.82,0.2069,3,0.1154,0.0265,RENT,MEDICAL,Y,0
54,33200,5.9,1700,10.82,0.0512,2,0.0556,0.0055,MORTGAGE,DEBTCONSOLIDATION,N,0
35,55300,10.2,16300,12.37,0.2948,8,0.4706,0.0365,RENT,DEBTCONSOLIDATION,N,0
38,66500,0.2,8800,12.2,0.1323,12,0.6,0.0161,RENT,VENTURE,N,0
47,39200,5.1,29700,17.29,0.7577,12,0.4138,0.131,MORTGAGE,MEDICAL,N,1
34,45800,10.4,10100,12.09,0.2205,4,0.25,0.0267,RENT,PERSONAL,N,0
56,29500,3.4,10500,13.68,0.3559,10,0.2632,0.0487,MORTGAGE,EDUCATION,N,1
36,28300,17.1,5100,13.04,0.1802,7,0.3889,0.0235,RENT,VENTURE,N,0
28,37700,4.7,11600,12.13,0.3077,10,1.0,0.0373,MORTGAGE,PERSONAL,N,0
61,115300,0.0,17300,11.97,0.15,9,0.2093,0.018,RENT,MEDICAL,N,0
52,17300,0.7,23100,17.6,1.3353,3,0.0882,0.235,MORTGAGE,PERSONAL,Y,1
47,35600,13.3,8700,14.53,0.2444,7,0.2414,0.0355,MORTGAGE,VENTURE,N,0
57,81800,1.7,26500,12.82,0.324,2,0.0513,0.0415,RENT,VENTURE,Y,0
40,72900,13.1,14200,13.79,0.1948,7,0.3182,0.0269,RENT,DEBTCONSOLIDATION,N,0
36,25600,3.7,14800,22.64,0.5781,7,0.3889,0.1309,MORTGAGE,DEBTCONSOLIDATION,N,1
45,61400,5.4,16800,12.1,0.2736,3,0.1111,0.0331,MORTGAGE,EDUCATION,N,0
63,82600,10.1,29400,12.54,0.3559,2,0.0444,0.0446,MORTGAGE,PERSONAL,N,0
64,78100,1.5,9400,10.64,0.1204,19,0.413,0.0128,MORTGAGE,VENTURE,N,0
44,39800,5.3,24700,16.97,0.6206,6,0.2308,0.1053,RENT,HOMEIMPROVEMENT,N,1
46,77900,2.3,18700,13.39,0.2401,5,0.1786,0.0321,MORTGAGE,DEBTCONSOLIDATION,N,0
34,69000,16.0,26700,17.43,0.387,10,0.625,0.0675,RENT,MEDICAL,N,0
37,49200,8.0,13200,7.2,0.2683,7,0.3684,0.0193,RENT,EDUCATION,N,0
43,204200,15.6,12600,7.69,0.0617,6,0.24,0.0047,RENT,DEBTCONSOLIDATION,N,0
42,63100,4.8,3600,12.55,0.0571,4,0.1667,0.0072,OTHER,VENTURE,N,0
34,76700,3.2,23400,,0.3051,8,0.5,0.0386,OWN,PERSONAL,N,0
65,120400,0.9,4600,11.98,0.0382,6,0.1277,0.0046,RENT,EDUCATION,N,0
39,23500,0.1,26400,15.85,1.1234,2,0.0952,0.1781,RENT,PERSONAL,N,1
46,33100,,9100,13.84,0.2749,3,0.1071,0.038,RENT,MEDICAL,Y,1
34,51600,0.1,10500,12.44,0.2035,16,1.0,0.0253,RENT,DEBTCONSOLIDATION,N,0
29,70700,8.2,21400,11.91,0.3027,6,0.5455,0.0361,RENT,HOMEIMPROVEMENT,N,0
39,46600,4.8,5200,13.1,0.1116,8,0.381,0.0146,OWN,EDUCATION,Y,0
42,87100,1.0,8700,6.97,0.0999,6,0.25,0.007,RENT,HOMEIMPROVEMENT,N,0
36,52400,0.4,18400,13.45,0.3511,6,0.3333,0.0472,RENT,PERSONAL,N,0
54,64000,0.2,20800,,0.325,6,0.1667,0.0411,RENT,VENTURE,N,0
59,43800,1.2,4400,8.6,0.1005,6,0.1463,0.0086,MORTGAGE,EDUCATION,N,0
39,39400,3.9,13800,12.65,0.3503,4,0.1905,0.0443,MORTGAGE,MEDICAL,N,0
36,91000,8.1,7500,6.82,0.0824,2,0.1111,0.0056,MORTGAGE,EDUCATION,N,0
65,63600,0.3,19600,12.51,0.3082,9,0.1915,0.0386,RENT,PERSONAL,N,0
48,116000,10.2,24100,11.08,0.2078,4,0.1333,0.023,MORTGAGE,VENTURE,N,0
53,127200,2.4,16500,11.25,0.1297,12,0.3429,0.0146,MORTGAGE,VENTURE,Y,1
48,44500,1.0,10300,9.54,0.2315,3,0.1,0.0221,MORTGAGE,MEDICAL,N,0
51,94300,6.3,16800,9.9,0.1782,6,0.1818,0.0176,RENT,PERSONAL,N,0
45,17500,2.3,10500,17.08,0.6,16,0.5926,0.1025,RENT,EDUCATION,Y,1
44,48900,3.4,18300,15.5,0.3742,11,0.4231,0.058,RENT,DEBTCONSOLIDATION,N,0
36,12000,7.2,5800,,0.4833,5,0.2778,0.0612,MORTGAGE,PERSONAL,Y,1
48,91600,,14000,9.9,0.1528,4,0.1333,0.0151,MORTGAGE,HOMEIMPROVEMENT,N,0
39,60600,10.6,19300,10.79,0.3185,5,0.2381,0.0344,MORTGAGE,MEDICAL,N,0
54,74700,0.4,29600,,0.3963,10,0.2778,0.0502,RENT,PERSONAL,N,1
35,18800,,14500,,0.7713,3,0.1765,0.0976,OWN,EDUCATION,Y,0
36,29800,0.9,24900,22.07,0.8356,9,0.5,0.1844,MORTGAGE,EDUCATION,N,1
40,35400,2.0,10300,13.61,0.291,4,0.1818,0.0396,OWN,MEDICAL,N,0
35,36700,7.5,15100,17.75,0.4114,7,0.4118,0.073,MORTGAGE,DEBTCONSOLIDATION,N,1
48,35000,1.5,34400,18.91,0.9829,7,0.2333,0.1859,RENT,EDUCATION,Y,1
56,41300,4.2,20100,14.71,0.4867,2,0.0526,0.0716,RENT,MEDICAL,Y,0
34,67100,8.7,17100,10.98,0.2548,2,0.125,0.028,RENT,EDUCATION,N,0
47,40800,2.0,18100,12.52,0.4436,3,0.1034,0.0555,MORTGAGE,EDUCATION,N,0
52,126900,0.9,31300,14.9,0.2467,5,0.1471,0.0368,MORTGAGE,MEDICAL,N,0
45,46900,8.1,13300,15.0,0.2836,3,0.1111,0.0425,MORTGAGE,VENTURE,N,0
44,32100,2.6,16100,16.81,0.5016,10,0.3846,0.0843,MORTGAGE,PERSONAL,Y,1
39,199200,2.9,14600,8.36,0.0733,15,0.7143,0.0061,RENT,MEDICAL,N,0
59,83300,4.3,5900,9.28,0.0708,3,0.0732,0.0066,RENT,EDUCATION,N,0
48,53900,1.2,10300,8.5,0.1911,7,0.2333,0.0162,RENT,MEDICAL,N,0
48,124500,10.6,9100,6.31,0.0731,15,0.5,0.0046,RENT,PERSONAL,N,0
36,60400,5.9,17900,16.2,0.2964,2,0.1111,0.048,MORTGAGE,PERSONAL,N,0
50,53900,12.7,9200,9.21,0.1707,5,0.1562,0.0157,RENT,PERSONAL,N,0
45,60000,,14400,11.61,0.24,8,0.2963,0.0279,RENT,DEBTCONSOLIDATION,N,0
54,64000,7.3,7900,11.25,0.1234,3,0.0833,0.0139,RENT,DEBTCONSOLIDATION,N,0
32,38400,1.3,8000,14.09,0.2083,4,0.2857,0.0293,OTHER,VENTURE,N,0
40,93600,4.0,20900,12.77,0.2233,6,0.2727,0.0285,MORTGAGE,VENTURE,N,0
40,23600,,17100,17.46,0.7246,9,0.4091,0.1265,RENT,PERSONAL,N,1
43,44300,1.4,18100,16.97,0.4086,7,0.28,0.0693,RENT,HOMEIMPROVEMENT,Y,1
39,74900,2.6,21000,14.15,0.2804,3,0.1429,0.0397,RENT,PERSONAL,Y,1
65,124400,1.2,14100,9.71,0.1133,16,0.3404,0.011,OTHER,HOMEIMPROVEMENT,N,0
63,42000,2.7,13500,14.3,0.3214,3,0.0667,0.046,OWN,DEBTCONSOLIDATION,N,0
51,35100,3.3,15300,18.09,0.4359,5,0.1515,0.0789,OTHER,VENTURE,N,0
37,52500,2.3,11700,12.49,0.2229,13,0.6842,0.0278,RENT,VENTURE,Y,1
44,53500,0.8,27500,20.14,0.514,4,0.1538,0.1035,RENT,VENTURE,Y,1
48,26000,11.1,15600,18.57,0.6,3,0.1,0.1114,RENT,EDUCATION,Y,1
48,164100,2.3,11200,10.67,0.0683,15,0.5,0.0073,MORTGAGE,HOMEIMPROVEMENT,N,0
33,54400,8.7,29200,16.46,0.5368,5,0.3333,0.0884,MORTGAGE,VENTURE,Y,1
47,51100,10.9,24600,18.65,0.4814,6,0.2069,0.0898,OTHER,VENTURE,N,0
50,50900,1.7,17700,14.33,0.3477,12,0.375,0.0498,OWN,DEBTCONSOLIDATION,N,0
39,43300,7.1,22100,17.87,0.5104,14,0.6667,0.0912,MORTGAGE,MEDICAL,Y,1
58,95000,2.0,10800,12.19,0.1137,7,0.175,0.0139,RENT,EDUCATION,N,0
49,59400,5.1,8100,8.23,0.1364,6,0.1935,0.0112,RENT,EDUCATION,N,0
43,32300,11.3,24200,18.9,0.7492,10,0.4,0.1416,RENT,EDUCATION,Y,1
54,39400,7.3,14400,16.18,0.3655,4,0.1111,0.0591,MORTGAGE,DEBTCONSOLIDATION,N,0
51,35200,3.7,23300,18.89,0.6619,7,0.2121,0.125,RENT,EDUCATION,N,1
39,37600,11.4,13200,11.13,0.3511,8,0.381,0.0391,RENT,EDUCATION,N,0
35,138700,0.1,21300,10.92,0.1536,4,0.2353,0.0168,RENT,EDUCATION,N,0
64,39400,6.2,25300,18.89,0.6421,9,0.1957,0.1213,MORTGAGE,EDUCATION,N,1
43,67700,4.2,11300,12.15,0.1669,9,0.36,0.0203,RENT,PERSONAL,Y,0
38,199500,0.1,28600,8.4,0.1434,10,0.5,0.012,MORTGAGE,DEBTCONSOLIDATION,N,0
44,90000,2.2,10300,13.29,0.1144,3,0.1154,0.0152,MORTGAGE,VENTURE,N,0
41,135500,1.7,11900,11.04,0.0878,12,0.5217,0.0097,RENT,PERSONAL,N,0
49,39500,1.9,19100,16.62,0.4835,17,0.5484,0.0804,RENT,VENTURE,N,1
46,65200,15.1,11700,7.82,0.1794,3,0.1071,0.014,MORTGAGE,EDUCATION,Y,0
42,102700,3.3,13200,11.38,0.1285,8,0.3333,0.0146,RENT,MEDICAL,N,0
39,70700,10.3,17200,,0.2433,10,0.4762,0.0308,RENT,MEDICAL,N,0
54,21100,1.1,10500,18.15,0.4976,7,0.1944,0.0903,RENT,PERSONAL,N,1
34,126000,16.0,24100,12.89,0.1913,8,0.5,0.0247,RENT,MEDICAL,N,0
49,40800,0.8,6400,10.96,0.1569,5,0.1613,0.0172,RENT,EDUCATION,N,0
47,34600,2.0,11600,16.55,0.3353,7,0.2414,0.0555,RENT,PERSONAL,N,0
39,36000,11.9,17200,15.75,0.4778,7,0.3333,0.0753,OWN,MEDICAL,N,0
51,49500,9.7,20400,13.85,0.4121,7,0.2121,0.0571,MORTGAGE,PERSONAL,N,0
60,99100,5.1,8700,12.9,0.0878,5,0.119,0.0113,RENT,DEBTCONSOLIDATION,N,0
56,107600,3.4,1700,10.91,0.0158,6,0.1579,0.0017,MORTGAGE,DEBTCONSOLIDATION,N,0
48,124100,4.7,11900,9.49,0.0959,5,0.1667,0.0091,MORTGAGE,MEDICAL,N,0
55,163100,8.7,14400,,0.0883,6,0.1622,0.0112,RENT,VENTURE,Y,0
42,29500,2.7,11400,17.88,0.3864,10,0.4167,0.0691,MORTGAGE,EDUCATION,Y,0
41,85400,8.5,21400,,0.2506,16,0.6957,0.0317,MORTGAGE,VENTURE,N,0
47,122300,7.9,4500,9.89,0.0368,2,0.069,0.0036,OTHER,VENTURE,N,0
49,47300,1.6,10100,,0.2135,5,0.1613,0.027,RENT,VENTURE,N,0
38,41600,1.7,24000,20.32,0.5769,2,0.1,0.1172,MORTGAGE,DEBTCONSOLIDATION,N,1
47,65000,15.2,2000,11.6,0.0308,8,0.2759,0.0036,RENT,DEBTCONSOLIDATION,N,0
34,143500,4.1,25600,11.88,0.1784,11,0.6875,0.0212,MORTGAGE,DEBTCONSOLIDATION,N,0
42,83000,4.3,25600,13.03,0.3084,15,0.625,0.0402,RENT,EDUCATION,N,0
59,110200,6.3,6100,7.69,0.0554,4,0.0976,0.0043,RENT,EDUCATION,N,0
36,33000,10.8,29400,18.03,0.8909,5,0.2778,0.1606,OWN,DEBTCONSOLIDATION,N,0
37,27600,3.1,10400,17.52,0.3768,9,0.4737,0.066,RENT,DEBTCONSOLIDATION,Y,1
43,95200,1.2,27500,13.53,0.2889,16,0.64,0.0391,MORTGAGE,PERSONAL,N,0
50,53200,1.6,12600,12.64,0.2368,5,0.1562,0.0299,RENT,DEBTCONSOLIDATION,N,0
38,101800,3.5,13300,9.88,0.1306,5,0.25,0.0129,RENT,PERSONAL,N,0
49,34800,0.8,14300,15.88,0.4109,6,0.1935,0.0653,RENT,EDUCATION,N,1
53,140500,1.2,30200,13.98,0.2149,11,0.3143,0.03,RENT,VENTURE,N,0
38,18100,8.9,14500,17.73,0.8011,3,0.15,0.142,MORTGAGE,EDUCATION,Y,1
39,70800,4.3,15500,10.0,0.2189,3,0.1429,0.0219,RENT,MEDICAL,N,0
43,43400,3.4,12700,14.17,0.2926,8,0.32,0.0415,MORTGAGE,DEBTCONSOLIDATION,N,0
52,96200,8.0,19200,11.12,0.1996,3,0.0882,0.0222,RENT,PERSONAL,N,0
44,57300,2.1,13500,12.91,0.2356,8,0.3077,0.0304,RENT,MEDICAL,N,0
42,50400,,5200,11.05,0.1032,5,0.2083,0.0114,RENT,MEDICAL,N,0
42,36700,6.4,8700,12.39,0.2371,11,0.4583,0.0294,MORTGAGE,EDUCATION,N,0
42,108200,4.2,11800,,0.1091,8,0.3333,0.0138,RENT,EDUCATION,N,0
35,64700,4.9,2200,8.16,0.034,8,0.4706,0.0028,RENT,HOMEIMPROVEMENT,Y,0
31,56000,5.7,3900,9.57,0.0696,8,0.6154,0.0067,MORTGAGE,DEBTCONSOLIDATION,N,0
34,52400,3.6,8700,12.12,0.166,16,1.0,0.0201,RENT,MEDICAL,N,1
39,81000,6.4,10200,9.68,0.1259,10,0.4762,0.0122,MORTGAGE,DEBTCONSOLIDATION,N,0
38,35200,1.5,21800,18.86,0.6193,2,0.1,0.1168,MORTGAGE,VENTURE,N,1
33,31700,2.3,26800,22.16,0.8454,5,0.3333,0.1873,RENT,EDUCATION,Y,1
45,84200,2.8,5400,7.81,0.0641,6,0.2222,0.005,RENT,EDUCATION,N,0
33,95200,2.1,11100,12.19,0.1166,3,0.2,0.0142,MORTGAGE,DEBTCONSOLIDATION,N,0
34,81500,7.1,8100,10.55,0.0994,2,0.125,0.0105,RENT,MEDICAL,N,0
34,80600,0.7,20200,13.14,0.2506,4,0.25,0.0329,RENT,DEBTCONSOLIDATION,N,0
39,107000,6.4,5100,11.32,0.0477,4,0.1905,0.0054,MORTGAGE,MEDICAL,N,0
40,72200,2.9,19800,,0.2742,9,0.4091,0.0347,MORTGAGE,MEDICAL,N,0
43,52100,3.7,4300,10.84,0.0825,13,0.52,0.0089,MORTGAGE,MEDICAL,N,0
46,49300,0.2,26900,15.65,0.5456,9,0.3214,0.0854,MORTGAGE,MEDICAL,N,1
44,45300,0.7,20600,13.52,0.4547,10,0.3846,0.0615,OWN,PERSONAL,N,0
45,87000,8.9,17700,10.97,0.2034,10,0.3704,0.0223,MORTGAGE,EDUCATION,N,0
40,90700,2.3,4000,6.04,0.0441,9,0.4091,0.0027,MORTGAGE,EDUCATION,N,0
41,44100,13.8,7100,13.62,0.161,2,0.087,0.0219,MORTGAGE,VENTURE,N,0
40,29200,5.7,25600,16.7,0.8767,8,0.3636,0.1464,RENT,MEDICAL,Y,1
60,42800,4.1,2300,7.21,0.0537,4,0.0952,0.0039,MORTGAGE,MEDICAL,N,0
37,46200,9.3,16500,11.54,0.3571,10,0.5263,0.0412,RENT,EDUCATION,N,0
49,64300,1.6,7800,7.84,0.1213,9,0.2903,0.0095,MORTGAGE,EDUCATION,N,0
41,107500,6.3,12000,11.2,0.1116,13,0.5652,0.0125,RENT,PERSONAL,N,0
60,133200,13.5,20800,12.99,0.1562,12,0.2857,0.0203,RENT,DEBTCONSOLIDATION,N,0
44,72900,0.4,19400,16.35,0.2661,2,0.0769,0.0435,RENT,VENTURE,N,0
50,82000,6.9,5900,10.57,0.072,5,0.1562,0.0076,RENT,MEDICAL,N,0
34,51600,9.3,10800,11.27,0.2093,7,0.4375,0.0236,RENT,HOMEIMPROVEMENT,N,1
42,23400,5.5,6100,16.43,0.2607,2,0.0833,0.0428,RENT,EDUCATION,N,0
36,117200,3.7,24000,9.9,0.2048,2,0.1111,0.0203,RENT,HOMEIMPROVEMENT,N,0
45,50300,0.5,29300,18.32,0.5825,4,0.1481,0.1067,RENT,VENTURE,N,1
38,63100,6.6,26200,16.68,0.4152,6,0.3,0.0693,OWN,HOMEIMPROVEMENT,N,0
47,34500,7.1,24900,19.62,0.7217,6,0.2069,0.1416,RENT,MEDICAL,Y,1
68,35200,2.7,2400,10.31,0.0682,2,0.04,0.007,RENT,VENTURE,N,0
45,66600,0.8,7400,12.34,0.1111,3,0.1111,0.0137,MORTGAGE,VENTURE,N,0
40,50100,7.9,7900,11.54,0.1577,2,0.0909,0.0182,RENT,PERSONAL,Y,0
48,53100,8.4,14700,8.13,0.2768,2,0.0667,0.0225,MORTGAGE,MEDICAL,N,0
39,32500,2.7,23500,18.17,0.7231,5,0.2381,0.1314,RENT,EDUCATION,N,1
35,85100,,6400,11.45,0.0752,8,0.4706,0.0086,MORTGAGE,PERSONAL,N,0
48,60900,8.3,27700,18.57,0.4548,5,0.1667,0.0845,RENT,MEDICAL,Y,1
37,38400,1.1,11700,13.57,0.3047,3,0.1579,0.0413,MORTGAGE,DEBTCONSOLIDATION,Y,1
41,117900,0.2,17700,9.73,0.1501,5,0.2174,0.0146,MORTGAGE,DEBTCONSOLIDATION,N,0
54,28700,13.4,14400,12.06,0.5017,9,0.25,0.0605,MORTGAGE,HOMEIMPROVEMENT,N,0
41,121700,4.2,12200,11.07,0.1002,10,0.4348,0.0111,RENT,EDUCATION,N,0
40,139200,2.8,10500,8.94,0.0754,5,0.2273,0.0067,MORTGAGE,EDUCATION,N,0
35,45700,8.0,13700,12.1,0.2998,4,0.2353,0.0363,MORTGAGE,VENTURE,N,0
36,94400,3.3,8300,10.68,0.0879,7,0.3889,0.0094,RENT,VENTURE,N,0
49,47200,1.5,16900,16.3,0.3581,4,0.129,0.0584,RENT,EDUCATION,N,0
48,51400,1.3,17000,16.8,0.3307,17,0.5667,0.0556,RENT,DEBTCONSOLIDATION,Y,1
41,26000,17.7,10000,13.71,0.3846,7,0.3043,0.0527,RENT,MEDICAL,Y,1
34,31300,2.8,5400,9.35,0.1725,3,0.1875,0.0161,RENT,PERSONAL,N,0
28,69500,0.6,20900,13.19,0.3007,2,0.2,0.0397,RENT,DEBTCONSOLIDATION,N,0
39,85900,3.0,15600,9.75,0.1816,6,0.2857,0.0177,OWN,PERSONAL,N,0
33,40900,0.2,20700,19.97,0.5061,4,0.2667,0.1011,RENT,DEBTCONSOLIDATION,N,1
42,43600,,12700,15.97,0.2913,2,0.0833,0.0465,OWN,HOMEIMPROVEMENT,Y,0
51,218500,2.9,28200,8.44,0.1291,5,0.1515,0.0109,MORTGAGE,PERSONAL,N,0
48,77000,5.4,7100,7.73,0.0922,2,0.0667,0.0071,RENT,EDUCATION,N,0
56,32200,1.9,23000,19.04,0.7143,8,0.2105,0.136,RENT,EDUCATION,Y,1
37,80700,3.0,18300,10.35,0.2268,4,0.2105,0.0235,MORTGAGE,MEDICAL,N,0
45,47400,5.0,5200,8.36,0.1097,5,0.1852,0.0092,MORTGAGE,EDUCATION,N,0
44,47600,5.0,13100,14.08,0.2752,6,0.2308,0.0387,MORTGAGE,VENTURE,N,0
46,120400,8.6,9200,8.94,0.0764,8,0.2857,0.0068,RENT,PERSONAL,N,0
64,23000,2.9,11200,20.92,0.487,2,0.0435,0.1019,MORTGAGE,VENTURE,N,0
54,22400,5.7,1900,9.87,0.0848,4,0.1111,0.0084,OWN,PERSONAL,N,0
58,30700,10.5,18100,16.96,0.5896,7,0.175,0.1,MORTGAGE,PERSONAL,Y,1
37,49600,4.5,8500,10.66,0.1714,8,0.4211,0.0183,RENT,MEDICAL,N,0
46,39600,0.3,30800,19.91,0.7778,3,0.1071,0.1549,MORTGAGE,MEDICAL,N,1
45,39700,5.2,13900,13.97,0.3501,2,0.0741,0.0489,RENT,MEDICAL,N,0
41,67100,1.0,4400,6.28,0.0656,2,0.087,0.0041,RENT,EDUCATION,N,0
53,22900,5.1,21400,17.53,0.9345,10,0.2857,0.1638,RENT,MEDICAL,Y,1
39,23400,1.6,31400,19.45,1.3419,6,0.2857,0.261,RENT,HOMEIMPROVEMENT,Y,1
35,76700,6.0,9400,7.74,0.1226,4,0.2353,0.0095,MORTGAGE,PERSONAL,N,0
42,62000,3.5,2600,8.81,0.0419,4,0.1667,0.0037,RENT,VENTURE,N,0
39,53700,1.5,22400,15.63,0.4171,16,0.7619,0.0652,MORTGAGE,DEBTCONSOLIDATION,N,1
48,32300,8.0,24400,23.22,0.7554,10,0.3333,0.1754,RENT,PERSONAL,Y,1
49,72400,0.7,4900,10.87,0.0677,11,0.3548,0.0074,RENT,EDUCATION,N,0
38,31600,14.4,22000,19.2,0.6962,4,0.2,0.1337,RENT,MEDICAL,Y,1
45,176200,8.4,3000,9.82,0.017,2,0.0741,0.0017,MORTGAGE,EDUCATION,N,0
56,93400,0.6,5200,6.94,0.0557,9,0.2368,0.0039,RENT,EDUCATION,N,0
39,53000,2.0,5100,9.39,0.0962,5,0.2381,0.009,MORTGAGE,MEDICAL,N,0
48,67800,6.9,12200,9.23,0.1799,3,0.1,0.0166,RENT,PERSONAL,N,0
47,102000,2.8,25200,13.12,0.2471,3,0.1034,0.0324,RENT,EDUCATION,N,1
39,25100,,23000,19.89,0.9163,3,0.1429,0.1823,MORTGAGE,MEDICAL,Y,1
42,19300,12.0,7800,13.57,0.4041,3,0.125,0.0548,RENT,EDUCATION,N,0
57,29700,1.7,8700,13.71,0.2929,5,0.1282,0.0402,OWN,VENTURE,N,0
34,35400,3.1,20300,15.45,0.5734,5,0.3125,0.0886,MORTGAGE,MEDICAL,Y,1
57,100100,10.8,14400,,0.1439,11,0.2821,0.0182,RENT,DEBTCONSOLIDATION,N,0
51,99800,21.0,8500,11.52,0.0852,11,0.3333,0.0098,RENT,VENTURE,N,0
48,20500,9.3,7600,19.16,0.3707,2,0.0667,0.071,OWN,DEBTCONSOLIDATION,N,0
60,51200,1.7,9700,10.73,0.1895,7,0.1667,0.0203,RENT,HOMEIMPROVEMENT,N,0
37,139800,2.4,18000,9.36,0.1288,9,0.4737,0.0121,RENT,MEDICAL,Y,0
57,158000,0.9,9000,12.24,0.057,2,0.0513,0.007,MORTGAGE,DEBTCONSOLIDATION,N,0
45,63000,1.3,29200,17.57,0.4635,3,0.1111,0.0814,RENT,MEDICAL,Y,1
42,69300,0.9,7600,9.95,0.1097,6,0.25,0.0109,MORTGAGE,MEDICAL,N,0
38,21500,2.5,14400,19.37,0.6698,5,0.25,0.1297,MORTGAGE,EDUCATION,N,0
58,66700,3.5,28500,20.25,0.4273,5,0.125,0.0865,RENT,HOMEIMPROVEMENT,Y,1
63,107300,1.7,24400,14.31,0.2274,12,0.2667,0.0325,RENT,PERSONAL,N,0
41,68900,0.0,14700,,0.2134,4,0.1739,0.027,RENT,VENTURE,N,0
43,37900,7.4,20400,17.13,0.5383,8,0.32,0.0922,MORTGAGE,HOMEIMPROVEMENT,Y,1
52,149500,5.7,18400,10.32,0.1231,4,0.1176,0.0127,MORTGAGE,EDUCATION,N,0
45,37100,0.9,18800,17.36,0.5067,3,0.1111,0.088,RENT,MEDICAL,N,0
44,98200,0.8,18500,9.86,0.1884,7,0.2692,0.0186,RENT,EDUCATION,N,0
55,36900,0.5,11800,12.91,0.3198,2,0.0541,0.0413,MORTGAGE,HOMEIMPROVEMENT,N,0
52,29200,3.7,27600,19.41,0.9452,3,0.0882,0.1835,RENT,VENTURE,Y,1
38,63900,9.8,16200,13.91,0.2535,5,0.25,0.0353,RENT,MEDICAL,Y,1
36,51800,7.8,6800,12.37,0.1313,2,0.1111,0.0162,MORTGAGE,PERSONAL,N,0
45,44500,7.9,27600,20.77,0.6202,8,0.2963,0.1288,RENT,DEBTCONSOLIDATION,N,1
45,18300,7.3,22500,20.53,1.2295,6,0.2222,0.2524,MORTGAGE,DEBTCONSOLIDATION,Y,1
39,73600,5.8,15500,10.61,0.2106,5,0.2381,0.0223,OWN,DEBTCONSOLIDATION,N,0
34,48000,14.7,15200,12.77,0.3167,5,0.3125,0.0404,MORTGAGE,MEDICAL,N,0
42,84500,7.3,25100,13.34,0.297,2,0.0833,0.0396,RENT,DEBTCONSOLIDATION,N,1
44,66600,4.9,23000,13.14,0.3453,3,0.1154,0.0454,MORTGAGE,MEDICAL,N,0
56,124100,,17500,13.66,0.141,4,0.1053,0.0193,RENT,PERSONAL,N,0
48,108300,,18900,11.04,0.1745,3,0.1,0.0193,MORTGAGE,VENTURE,N,0
46,74100,1.3,17300,12.29,0.2335,14,0.5,0.0287,RENT,HOMEIMPROVEMENT,N,0
63,41800,4.9,25100,17.37,0.6005,7,0.1556,0.1043,MORTGAGE,MEDICAL,Y,1
37,62300,5.0,14100,11.49,0.2263,7,0.3684,0.026,RENT,VENTURE,N,0
36,64200,6.7,24900,15.44,0.3879,2,0.1111,0.0599,MORTGAGE,PERSONAL,N,1
40,117400,,2700,10.31,0.023,5,0.2273,0.0024,RENT,MEDICAL,N,0
35,46800,4.2,8700,13.6,0.1859,6,0.3529,0.0253,RENT,DEBTCONSOLIDATION,N,0
68,22700,2.2,13600,19.72,0.5991,4,0.08,0.1181,MORTGAGE,PERSONAL,N,0
44,20900,0.8,14600,20.33,0.6986,7,0.2692,0.142,MORTGAGE,MEDICAL,Y,1
61,24100,1.7,10100,15.38,0.4191,9,0.2093,0.0645,MORTGAGE,VENTURE,N,0
70,103500,1.2,27700,11.64,0.2676,12,0.2308,0.0311,RENT,EDUCATION,N,0
49,133800,0.8,7600,9.3,0.0568,2,0.0645,0.0053,RENT,EDUCATION,N,0
41,37500,3.0,4700,13.36,0.1253,5,0.2174,0.0167,MORTGAGE,DEBTCONSOLIDATION,N,0
50,120300,0.3,15700,13.64,0.1305,3,0.0938,0.0178,MORTGAGE,DEBTCONSOLIDATION,N,0
51,49700,8.1,16700,18.37,0.336,9,0.2727,0.0617,RENT,DEBTCONSOLIDATION,Y,1
52,112200,2.0,11900,9.14,0.1061,3,0.0882,0.0097,RENT,MEDICAL,N,0
55,77200,0.3,3300,9.66,0.0427,2,0.0541,0.0041,RENT,HOMEIMPROVEMENT,N,0
38,31300,3.5,19600,19.26,0.6262,6,0.3,0.1206,RENT,EDUCATION,Y,1
44,52600,4.5,17400,12.36,0.3308,9,0.3462,0.0409,RENT,VENTURE,N,0
63,123200,,10500,12.41,0.0852,6,0.1333,0.0106,RENT,DEBTCONSOLIDATION,N,0
40,61100,2.6,13500,11.19,0.2209,6,0.2727,0.0247,RENT,HOMEIMPROVEMENT,N,0
55,65000,,9900,12.39,0.1523,2,0.0541,0.0189,MORTGAGE,VENTURE,N,0
36,133200,2.2,22900,9.72,0.1719,10,0.5556,0.0167,RENT,EDUCATION,N,0
43,31200,0.8,8300,15.54,0.266,9,0.36,0.0413,RENT,EDUCATION,Y,1
38,55300,7.8,12700,12.43,0.2297,2,0.1,0.0286,MORTGAGE,EDUCATION,N,1
40,102500,0.8,12600,10.98,0.1229,2,0.0909,0.0135,RENT,EDUCATION,N,0
48,36700,2.3,13900,12.94,0.3787,2,0.0667,0.049,RENT,PERSONAL,N,1
38,153400,14.8,28900,8.48,0.1884,4,0.2,0.016,MORTGAGE,EDUCATION,N,0
33,49800,,8400,11.37,0.1687,2,0.1333,0.0192,MORTGAGE,EDUCATION,N,0
46,114800,3.0,8900,9.09,0.0775,8,0.2857,0.007,MORTGAGE,MEDICAL,N,0
40,50200,0.4,12000,9.8,0.239,9,0.4091,0.0234,RENT,EDUCATION,N,0
42,71800,10.1,8700,,0.1212,10,0.4167,0.0153,OWN,HOMEIMPROVEMENT,N,0
70,23300,4.6,8900,12.89,0.382,2,0.0385,0.0492,RENT,EDUCATION,N,0
39,113600,0.6,7300,8.17,0.0643,12,0.5714,0.0053,RENT,MEDICAL,N,0
44,23600,6.4,12400,16.19,0.5254,10,0.3846,0.0851,MORTGAGE,VENTURE,Y,1
49,25600,11.6,17400,20.16,0.6797,3,0.0968,0.137,MORTGAGE,MEDICAL,N,1
42,49300,4.0,20100,16.68,0.4077,7,0.2917,0.068,MORTGAGE,MEDICAL,N,0
48,129200,1.7,10500,9.9,0.0813,12,0.4,0.008,RENT,HOMEIMPROVEMENT,N,0
34,46100,13.3,27000,16.23,0.5857,5,0.3125,0.0951,MORTGAGE,EDUCATION,Y,0
65,121200,4.6,13900,9.92,0.1147,4,0.0851,0.0114,OWN,MEDICAL,Y,0
55,46900,1.6,2200,10.68,0.0469,10,0.2703,0.005,MORTGAGE,MEDICAL,N,0
45,51900,2.9,15500,11.13,0.2987,5,0.1852,0.0332,RENT,EDUCATION,N,0
38,35400,4.5,11300,16.21,0.3192,7,0.35,0.0517,RENT,HOMEIMPROVEMENT,N,0
52,47200,1.2,21600,19.35,0.4576,3,0.0882,0.0885,MORTGAGE,DEBTCONSOLIDATION,Y,1
46,60500,1.4,28600,14.66,0.4727,5,0.1786,0.0693,MORTGAGE,VENTURE,Y,1
66,43100,2.1,29400,19.57,0.6821,6,0.125,0.1335,OWN,EDUCATION,N,0
54,81500,2.5,28000,12.15,0.3436,14,0.3889,0.0417,RENT,PERSONAL,N,0
48,20100,11.9,13700,20.33,0.6816,5,0.1667,0.1386,MORTGAGE,PERSONAL,N,0
39,36700,8.7,9300,12.9,0.2534,5,0.2381,0.0327,MORTGAGE,DEBTCONSOLIDATION,N,0
50,88200,3.9,18200,13.67,0.2063,9,0.2812,0.0282,MORTGAGE,DEBTCONSOLIDATION,N,0
44,51400,7.1,17600,13.32,0.3424,7,0.2692,0.0456,OWN,VENTURE,N,0
38,43700,0.1,11400,14.65,0.2609,19,0.95,0.0382,MORTGAGE,HOMEIMPROVEMENT,N,0
49,178400,10.3,14200,8.43,0.0796,11,0.3548,0.0067,MORTGAGE,VENTURE,N,0
49,171800,,8600,10.92,0.0501,9,0.2903,0.0055,MORTGAGE,DEBTCONSOLIDATION,N,0
46,99700,1.3,10800,10.4,0.1083,19,0.6786,0.0113,RENT,EDUCATION,N,0
39,59900,15.0,14000,11.47,0.2337,3,0.1429,0.0268,RENT,MEDICAL,N,0
42,61300,1.9,15700,11.27,0.2561,5,0.2083,0.0289,MORTGAGE,EDUCATION,N,1
40,140900,0.3,19100,,0.1356,13,0.5909,0.0172,RENT,EDUCATION,N,0
33,32300,,9100,,0.2817,8,0.5333,0.0357,MORTGAGE,MEDICAL,Y,1
41,80000,1.1,4900,8.05,0.0612,8,0.3478,0.0049,MORTGAGE,VENTURE,N,0
33,32300,13.8,13800,15.5,0.4272,2,0.1333,0.0662,RENT,EDUCATION,N,0
48,79800,6.4,10400,10.12,0.1303,14,0.4667,0.0132,RENT,PERSONAL,N,0
41,35100,0.2,14800,18.05,0.4217,8,0.3478,0.0761,MORTGAGE,PERSONAL,N,0
41,12500,4.5,19600,18.36,1.568,2,0.087,0.2879,OWN,EDUCATION,N,1
34,166500,12.4,10000,12.16,0.0601,10,0.625,0.0073,RENT,EDUCATION,N,0
40,58000,2.1,25800,14.37,0.4448,16,0.7273,0.0639,RENT,EDUCATION,N,1
55,29800,2.7,10000,12.5,0.3356,6,0.1622,0.042,RENT,MEDICAL,N,0
59,84100,14.0,23900,12.3,0.2842,7,0.1707,0.035,RENT,MEDICAL,N,0
48,36200,3.3,24300,,0.6713,10,0.3333,0.085,RENT,EDUCATION,N,1
36,44100,3.4,16100,16.92,0.3651,4,0.2222,0.0618,RENT,VENTURE,N,0
57,26000,9.2,7900,11.63,0.3038,5,0.1282,0.0353,RENT,EDUCATION,Y,1
56,53000,0.5,7700,13.22,0.1453,10,0.2632,0.0192,MORTGAGE,DEBTCONSOLIDATION,N,0
59,34700,1.7,27500,17.05,0.7925,2,0.0488,0.1351,RENT,MEDICAL,N,1
53,36100,,9700,12.91,0.2687,7,0.2,0.0347,MORTGAGE,EDUCATION,N,0
50,95700,8.4,10700,8.1,0.1118,5,0.1562,0.0091,RENT,EDUCATION,N,0
41,56400,4.4,12600,12.19,0.2234,3,0.1304,0.0272,RENT,DEBTCONSOLIDATION,N,0
55,63500,,13600,9.64,0.2142,13,0.3514,0.0206,RENT,EDUCATION,Y,0
61,28700,4.5,21200,,0.7387,8,0.186,0.0935,MORTGAGE,EDUCATION,Y,1
42,66200,5.7,14500,12.1,0.219,11,0.4583,0.0265,RENT,PERSONAL,N,0
43,77600,1.0,10400,8.83,0.134,2,0.08,0.0118,MORTGAGE,MEDICAL,N,0
47,61600,8.5,8700,7.13,0.1412,7,0.2414,0.0101,RENT,EDUCATION,N,0
32,130300,2.8,2500,8.19,0.0192,6,0.4286,0.0016,RENT,PERSONAL,N,0
37,26100,5.2,16000,19.63,0.613,7,0.3684,0.1203,MORTGAGE,VENTURE,N,0
44,38300,1.8,9200,,0.2402,2,0.0769,0.0304,RENT,PERSONAL,N,0
32,60800,3.1,16700,,0.2747,2,0.1429,0.0348,OTHER,MEDICAL,N,0
58,35100,2.9,11400,11.96,0.3248,22,0.55,0.0388,MORTGAGE,EDUCATION,Y,0
33,56400,13.4,24500,15.92,0.4344,8,0.5333,0.0692,MORTGAGE,EDUCATION,N,1
37,91100,10.2,10300,11.82,0.1131,2,0.1053,0.0134,MORTGAGE,VENTURE,N,0
40,86200,3.0,15200,12.1,0.1763,8,0.3636,0.0213,MORTGAGE,VENTURE,N,0
45,14700,13.0,9900,21.67,0.6735,2,0.0741,0.1459,RENT,DEBTCONSOLIDATION,Y,1
37,33500,1.0,8500,11.72,0.2537,6,0.3158,0.0297,RENT,EDUCATION,N,0
50,46900,6.3,4300,13.3,0.0917,9,0.2812,0.0122,RENT,MEDICAL,N,0
43,40700,6.1,13900,13.63,0.3415,4,0.16,0.0465,MORTGAGE,VENTURE,Y,1
38,53400,14.6,12600,15.24,0.236,5,0.25,0.036,OWN,EDUCATION,N,0
29,27900,3.8,8600,13.69,0.3082,3,0.2727,0.0422,RENT,PERSONAL,N,0
47,61100,1.8,11800,12.54,0.1931,3,0.1034,0.0242,MORTGAGE,EDUCATION,N,0
49,23300,5.5,32600,20.58,1.3991,2,0.0645,0.2879,MORTGAGE,DEBTCONSOLIDATION,Y,1
35,35700,9.6,17400,16.52,0.4874,3,0.1765,0.0805,MORTGAGE,EDUCATION,Y,1
35,37800,,8300,12.62,0.2196,7,0.4118,0.0277,RENT,EDUCATION,Y,1
40,53200,11.2,12100,13.2,0.2274,7,0.3182,0.03,RENT,EDUCATION,Y,1
38,33300,4.8,12600,14.44,0.3784,9,0.45,0.0546,MORTGAGE,EDUCATION,N,0
45,122300,1.0,3300,8.1,0.027,2,0.0741,0.0022,MORTGAGE,PERSONAL,N,0
41,49300,6.1,8300,,0.1684,4,0.1739,0.0213,MORTGAGE,DEBTCONSOLIDATION,N,0
45,53100,2.8,13700,9.16,0.258,7,0.2593,0.0236,MORTGAGE,EDUCATION,N,0
30,73800,0.9,20900,11.86,0.2832,10,0.8333,0.0336,OWN,EDUCATION,N,0
40,33400,6.6,22100,18.98,0.6617,4,0.1818,0.1256,MORTGAGE,VENTURE,Y,1
36,104000,2.9,18300,13.19,0.176,3,0.1667,0.0232,MORTGAGE,MEDICAL,N,0
54,32800,0.9,7600,9.5,0.2317,11,0.3056,0.022,MORTGAGE,EDUCATION,N,0
42,83800,0.8,13100,11.97,0.1563,9,0.375,0.0187,MORTGAGE,EDUCATION,N,0
33,129900,10.7,18000,10.41,0.1386,5,0.3333,0.0144,OTHER,HOMEIMPROVEMENT,N,0
43,32900,13.3,17800,15.91,0.541,3,0.12,0.0861,RENT,EDUCATION,N,1
41,40700,8.8,24600,15.78,0.6044,7,0.3043,0.0954,RENT,HOMEIMPROVEMENT,N,1
44,125000,0.3,11200,9.26,0.0896,3,0.1154,0.0083,MORTGAGE,EDUCATION,N,0
45,47600,,11800,14.44,0.2479,10,0.3704,0.0358,RENT,EDUCATION,Y,1
29,31300,11.0,18700,,0.5974,10,0.9091,0.0756,RENT,MEDICAL,N,1
54,47700,2.1,30800,21.35,0.6457,7,0.1944,0.1379,MORTGAGE,EDUCATION,Y,1
46,250000,4.6,4800,,0.0192,5,0.1786,0.0024,RENT,HOMEIMPROVEMENT,N,0
32,43000,5.0,22800,16.19,0.5302,7,0.5,0.0858,RENT,VENTURE,N,1
39,166500,4.9,6600,,0.0396,3,0.1429,0.005,MORTGAGE,DEBTCONSOLIDATION,N,0
41,68500,3.5,8800,8.7,0.1285,7,0.3043,0.0112,MORTGAGE,PERSONAL,N,0
43,86700,2.8,17500,8.42,0.2018,17,0.68,0.017,MORTGAGE,EDUCATION,N,0
43,77800,1.2,7800,8.32,0.1003,9,0.36,0.0083,RENT,HOMEIMPROVEMENT,N,0
42,16000,6.9,10100,19.78,0.6312,7,0.2917,0.1249,MORTGAGE,DEBTCONSOLIDATION,N,1
51,50700,4.2,10400,15.82,0.2051,3,0.0909,0.0324,RENT,VENTURE,N,0
37,42000,5.8,24500,17.55,0.5833,5,0.2632,0.1024,MORTGAGE,MEDICAL,Y,1
37,46900,14.8,11700,12.48,0.2495,2,0.1053,0.0311,OWN,PERSONAL,N,0
44,89100,0.5,12000,10.23,0.1347,4,0.1538,0.0138,RENT,EDUCATION,N,0
60,86400,0.7,26600,14.42,0.3079,10,0.2381,0.0444,MORTGAGE,PERSONAL,N,0
30,119100,1.7,11200,12.3,0.094,2,0.1667,0.0116,RENT,VENTURE,N,0
45,50400,3.9,2800,7.02,0.0556,6,0.2222,0.0039,OWN,VENTURE,N,0
30,47300,10.1,6200,,0.1311,12,1.0,0.0166,RENT,MEDICAL,N,0
56,42300,17.3,14600,,0.3452,5,0.1316,0.0437,RENT,VENTURE,N,0
43,142500,8.7,19400,10.19,0.1361,3,0.12,0.0139,OWN,MEDICAL,N,0
38,89500,3.7,10700,7.07,0.1196,13,0.65,0.0085,RENT,EDUCATION,N,0
40,46600,4.5,18400,,0.3948,3,0.1364,0.05,RENT,PERSONAL,N,0
39,141300,8.8,6300,,0.0446,6,0.2857,0.0056,RENT,PERSONAL,N,0
51,37000,11.1,11100,11.54,0.3,5,0.1515,0.0346,MORTGAGE,EDUCATION,N,0
54,18400,6.5,9600,17.68,0.5217,6,0.1667,0.0922,MORTGAGE,MEDICAL,Y,1
50,53000,6.5,17200,13.3,0.3245,9,0.2812,0.0432,RENT,PERSONAL,N,0
37,32400,2.9,13700,13.14,0.4228,14,0.7368,0.0556,RENT,EDUCATION,N,1
32,38300,13.8,25200,19.57,0.658,4,0.2857,0.1288,MORTGAGE,PERSONAL,N,1
35,32400,1.5,6500,12.15,0.2006,8,0.4706,0.0244,MORTGAGE,EDUCATION,N,0
32,38400,0.3,6400,,0.1667,3,0.2143,0.0211,RENT,EDUCATION,N,0
42,150600,6.7,12100,,0.0803,6,0.25,0.0102,RENT,HOMEIMPROVEMENT,N,0
38,140100,0.0,8900,13.95,0.0635,6,0.3,0.0089,MORTGAGE,DEBTCONSOLIDATION,N,0
43,39600,1.1,8600,,0.2172,7,0.28,0.0275,OWN,PERSONAL,N,0
49,25000,13.3,18600,19.94,0.744,4,0.129,0.1484,RENT,VENTURE,Y,1
35,61800,0.0,13400,11.22,0.2168,5,0.2941,0.0243,RENT,VENTURE,N,0
50,29600,0.0,26500,16.53,0.8953,5,0.1562,0.148,MORTGAGE,HOMEIMPROVEMENT,N,1
46,214800,2.9,22400,7.9,0.1043,7,0.25,0.0082,RENT,DEBTCONSOLIDATION,N,0
43,25900,0.7,18300,19.74,0.7066,4,0.16,0.1395,RENT,VENTURE,Y,1
37,34400,12.9,15700,14.36,0.4564,3,0.1579,0.0655,RENT,PERSONAL,N,0
41,78300,1.6,10500,10.34,0.1341,13,0.5652,0.0139,MORTGAGE,MEDICAL,N,0
52,52100,4.9,16500,15.24,0.3167,9,0.2647,0.0483,RENT,DEBTCONSOLIDATION,N,0
44,57700,10.6,19000,13.39,0.3293,8,0.3077,0.0441,MORTGAGE,VENTURE,N,1
43,49600,3.9,19800,16.67,0.3992,8,0.32,0.0665,OTHER,VENTURE,N,1
55,133200,1.0,9400,8.3,0.0706,5,0.1351,0.0059,OWN,PERSONAL,N,0
36,16400,0.7,13600,17.62,0.8293,7,0.3889,0.1461,RENT,EDUCATION,N,1
36,56600,0.4,24500,14.84,0.4329,6,0.3333,0.0642,MORTGAGE,MEDICAL,N,0
45,79000,0.3,19200,13.13,0.243,4,0.1481,0.0319,MORTGAGE,EDUCATION,N,0
39,51800,5.0,14700,10.31,0.2838,9,0.4286,0.0293,RENT,EDUCATION,N,0
28,39100,,6000,11.83,0.1535,4,0.4,0.0182,RENT,HOMEIMPROVEMENT,N,0
42,12000,0.8,11400,19.86,0.95,7,0.2917,0.1887,RENT,PERSONAL,Y,1
28,35900,4.1,14600,16.03,0.4067,8,0.8,0.0652,RENT,MEDICAL,Y,0
51,127600,5.2,18300,8.79,0.1434,6,0.1818,0.0126,MORTGAGE,VENTURE,N,0
51,75800,4.4,9300,9.67,0.1227,9,0.2727,0.0119,MORTGAGE,DEBTCONSOLIDATION,N,0
42,50600,1.8,28100,18.04,0.5553,9,0.375,0.1002,OWN,VENTURE,N,0
42,63000,8.2,9400,11.94,0.1492,10,0.4167,0.0178,MORTGAGE,EDUCATION,N,0
48,115200,0.8,11500,10.77,0.0998,3,0.1,0.0107,RENT,EDUCATION,N,0
53,46600,2.0,10200,10.99,0.2189,3,0.0857,0.0241,RENT,PERSONAL,N,0
40,74700,1.5,19500,,0.261,2,0.0909,0.033,MORTGAGE,HOMEIMPROVEMENT,N,0
44,64700,,16300,11.95,0.2519,17,0.6538,0.0301,RENT,DEBTCONSOLIDATION,N,1
38,28800,5.0,16300,14.16,0.566,7,0.35,0.0801,MORTGAGE,VENTURE,N,0
55,65000,10.1,5000,6.24,0.0769,2,0.0541,0.0048,RENT,VENTURE,Y,0
56,28300,4.9,28200,20.21,0.9965,3,0.0789,0.2014,OWN,PERSONAL,Y,1
46,105700,3.3,11600,11.62,0.1097,4,0.1429,0.0127,MORTGAGE,MEDICAL,Y,0
37,57900,0.7,14500,13.83,0.2504,6,0.3158,0.0346,OWN,VENTURE,N,0
58,64000,4.6,14700,12.38,0.2297,2,0.05,0.0284,RENT,PERSONAL,N,0
31,39700,,26900,23.22,0.6776,6,0.4615,0.1573,RENT,EDUCATION,Y,1
38,27500,0.9,2600,6.79,0.0945,2,0.1,0.0064,MORTGAGE,EDUCATION,N,0
63,22800,7.7,10700,16.01,0.4693,11,0.2444,0.0751,MORTGAGE,EDUCATION,Y,0
39,29100,2.8,16600,18.23,0.5704,14,0.6667,0.104,RENT,VENTURE,Y,1
55,89800,,12500,10.67,0.1392,10,0.2703,0.0149,MORTGAGE,PERSONAL,N,0
45,26900,1.0,14500,,0.539,3,0.1111,0.0682,RENT,EDUCATION,Y,1
49,38500,3.9,20800,18.05,0.5403,8,0.2581,0.0975,RENT,DEBTCONSOLIDATION,Y,1
45,108500,3.2,25300,15.25,0.2332,9,0.3333,0.0356,MORTGAGE,EDUCATION,N,0
50,37000,2.4,21600,19.51,0.5838,6,0.1875,0.1139,MORTGAGE,EDUCATION,N,1
55,36000,2.8,23600,18.58,0.6556,15,0.4054,0.1218,MORTGAGE,EDUCATION,N,1
42,61500,7.5,20300,13.33,0.3301,3,0.125,0.044,RENT,MEDICAL,Y,1
59,71200,1.8,25600,16.87,0.3596,4,0.0976,0.0607,MORTGAGE,DEBTCONSOLIDATION,N,0
39,23500,14.7,12300,14.7,0.5234,8,0.381,0.0769,MORTGAGE,EDUCATION,N,0
48,24200,0.4,22300,17.99,0.9215,11,0.3667,0.1658,RENT,VENTURE,N,1
49,88100,10.0,21300,11.6,0.2418,6,0.1935,0.028,MORTGAGE,HOMEIMPROVEMENT,N,0
45,65400,8.8,6700,9.31,0.1024,11,0.4074,0.0095,RENT,PERSONAL,Y,0
29,174400,5.5,12700,7.41,0.0728,9,0.8182,0.0054,MORTGAGE,DEBTCONSOLIDATION,N,0
32,55500,0.1,15600,12.82,0.2811,2,0.1429,0.036,RENT,DEBTCONSOLIDATION,Y,0
67,95400,0.4,11500,9.89,0.1205,3,0.0612,0.0119,OWN,MEDICAL,N,0
42,57800,7.7,28600,18.03,0.4948,15,0.625,0.0892,MORTGAGE,EDUCATION,N,0
52,67500,1.0,17000,11.89,0.2519,6,0.1765,0.03,MORTGAGE,EDUCATION,N,0
31,54800,2.3,15900,11.74,0.2901,5,0.3846,0.0341,MORTGAGE,PERSONAL,N,0
34,61900,3.4,9300,11.11,0.1502,3,0.1875,0.0167,RENT,EDUCATION,N,0
47,79100,2.9,11100,11.02,0.1403,6,0.2069,0.0155,RENT,DEBTCONSOLIDATION,N,1
29,17600,0.1,17000,20.34,0.9659,11,1.0,0.1965,RENT,EDUCATION,Y,1
34,34600,0.3,24500,18.96,0.7081,8,0.5,0.1343,RENT,MEDICAL,Y,1
51,19800,1.0,7900,14.09,0.399,6,0.1818,0.0562,MORTGAGE,EDUCATION,N,0
56,67500,6.5,10500,11.88,0.1556,7,0.1842,0.0185,MORTGAGE,EDUCATION,N,0
46,65700,0.2,19700,12.89,0.2998,2,0.0714,0.0386,MORTGAGE,MEDICAL,N,0
46,63000,2.0,17800,12.6,0.2825,2,0.0714,0.0356,OWN,EDUCATION,N,0
57,55100,1.7,11800,9.07,0.2142,3,0.0769,0.0194,RENT,PERSONAL,N,0
40,39300,1.5,24700,19.21,0.6285,3,0.1364,0.1207,RENT,HOMEIMPROVEMENT,N,1
46,28100,8.8,15500,17.82,0.5516,5,0.1786,0.0983,MORTGAGE,EDUCATION,Y,1
37,25100,5.5,21700,23.2,0.8645,4,0.2105,0.2006,MORTGAGE,HOMEIMPROVEMENT,N,1
31,109100,1.4,22200,13.66,0.2035,5,0.3846,0.0278,RENT,MEDICAL,N,0
52,40200,5.6,15300,17.3,0.3806,11,0.3235,0.0658,MORTGAGE,DEBTCONSOLIDATION,Y,1
43,19300,4.5,15000,22.56,0.7772,5,0.2,0.1753,RENT,MEDICAL,Y,1
39,65500,0.9,5200,10.84,0.0794,5,0.2381,0.0086,MORTGAGE,VENTURE,N,0
33,46400,5.6,28800,,0.6207,7,0.4667,0.0786,RENT,EDUCATION,Y,1
39,37400,4.5,6900,10.31,0.1845,4,0.1905,0.019,OWN,EDUCATION,N,0
50,61200,5.9,5400,10.37,0.0882,5,0.1562,0.0091,OTHER,DEBTCONSOLIDATION,N,0
41,69100,0.6,20300,,0.2938,7,0.3043,0.0372,RENT,EDUCATION,N,0
40,113700,3.5,9700,9.18,0.0853,8,0.3636,0.0078,MORTGAGE,MEDICAL,N,0
45,30300,1.0,11400,15.64,0.3762,4,0.1481,0.0588,RENT,DEBTCONSOLIDATION,N,0
41,50900,3.6,7200,13.17,0.1415,5,0.2174,0.0186,RENT,DEBTCONSOLIDATION,N,1
68,127100,1.0,15000,10.39,0.118,18,0.36,0.0123,RENT,VENTURE,N,0
47,75900,5.7,6500,9.32,0.0856,5,0.1724,0.008,MORTGAGE,VENTURE,N,0
35,23300,3.2,16700,19.88,0.7167,5,0.2941,0.1425,MORTGAGE,VENTURE,Y,1
53,125800,2.4,10300,9.34,0.0819,7,0.2,0.0076,MORTGAGE,EDUCATION,N,0
38,20300,1.9,18500,18.2,0.9113,7,0.35,0.1659,RENT,PERSONAL,Y,1
58,59600,1.8,13800,,0.2315,6,0.15,0.0293,RENT,EDUCATION,N,0
49,58900,6.5,25300,14.35,0.4295,4,0.129,0.0616,OWN,MEDICAL,N,0
47,35000,1.7,17200,14.8,0.4914,3,0.1034,0.0727,OWN,DEBTCONSOLIDATION,N,0
60,44600,2.8,6800,10.94,0.1525,3,0.0714,0.0167,MORTGAGE,MEDICAL,N,0
30,79600,1.8,15800,11.43,0.1985,6,0.5,0.0227,RENT,EDUCATION,N,0
48,82900,0.1,8700,5.42,0.1049,11,0.3667,0.0057,MORTGAGE,MEDICAL,N,0
46,21700,5.0,15100,18.1,0.6959,6,0.2143,0.126,MORTGAGE,MEDICAL,N,1
51,108100,3.8,22600,14.25,0.2091,2,0.0606,0.0298,MORTGAGE,DEBTCONSOLIDATION,N,0
34,32900,0.9,9600,11.7,0.2918,11,0.6875,0.0341,RENT,HOMEIMPROVEMENT,N,0
43,51300,0.3,14300,14.62,0.2788,5,0.2,0.0408,RENT,VENTURE,Y,0
70,37300,5.0,3100,9.76,0.0831,7,0.1346,0.0081,RENT,HOMEIMPROVEMENT,N,0
32,42900,3.1,9000,12.71,0.2098,14,1.0,0.0267,RENT,VENTURE,N,0
53,64700,,14900,13.04,0.2303,2,0.0571,0.03,RENT,EDUCATION,N,0
54,111300,9.0,10800,9.29,0.097,2,0.0556,0.009,MORTGAGE,VENTURE,N,0
34,28000,5.1,14500,18.49,0.5179,11,0.6875,0.0958,MORTGAGE,EDUCATION,N,1
48,34000,9.5,10400,13.87,0.3059,6,0.2,0.0424,RENT,PERSONAL,N,0
45,33800,0.7,13600,13.66,0.4024,5,0.1852,0.055,RENT,EDUCATION,N,0
48,78100,0.6,13200,,0.169,9,0.3,0.0214,RENT,EDUCATION,N,0
40,37700,1.2,8400,10.16,0.2228,8,0.3636,0.0226,MORTGAGE,VENTURE,N,0
53,51200,0.9,12100,11.74,0.2363,11,0.3143,0.0277,RENT,PERSONAL,N,1
42,69600,4.1,15100,10.5,0.217,2,0.0833,0.0228,MORTGAGE,DEBTCONSOLIDATION,N,0
39,40500,,28900,20.34,0.7136,8,0.381,0.1451,MORTGAGE,EDUCATION,N,1
56,29100,12.6,10200,16.83,0.3505,2,0.0526,0.059,RENT,VENTURE,N,0
31,23800,13.0,8600,11.08,0.3613,3,0.2308,0.04,MORTGAGE,EDUCATION,N,0
57,87600,1.6,14800,10.23,0.1689,3,0.0769,0.0173,MORTGAGE,MEDICAL,N,0
41,74900,3.8,4600,10.93,0.0614,7,0.3043,0.0067,RENT,PERSONAL,N,0
37,46500,1.3,12200,13.16,0.2624,2,0.1053,0.0345,RENT,EDUCATION,Y,1
44,23400,3.1,18000,22.61,0.7692,7,0.2692,0.1739,RENT,MEDICAL,N,1
57,96500,3.2,6400,9.28,0.0663,8,0.2051,0.0062,RENT,HOMEIMPROVEMENT,N,0
43,21200,0.5,29700,20.12,1.4009,4,0.16,0.2819,RENT,VENTURE,Y,1
36,83300,2.1,24100,13.14,0.2893,9,0.5,0.038,RENT,DEBTCONSOLIDATION,N,0
33,64300,1.1,6000,,0.0933,3,0.2,0.0118,RENT,HOMEIMPROVEMENT,N,0
51,40100,1.2,19400,19.64,0.4838,5,0.1515,0.095,OWN,DEBTCONSOLIDATION,Y,0
50,37300,0.7,32700,18.02,0.8767,8,0.25,0.158,RENT,MEDICAL,N,1
42,76200,4.0,19600,13.8,0.2572,7,0.2917,0.0355,RENT,MEDICAL,N,0
37,157400,1.4,18500,12.07,0.1175,11,0.5789,0.0142,RENT,MEDICAL,N,0
35,91300,5.4,12100,5.9,0.1325,4,0.2353,0.0078,OWN,MEDICAL,N,0
46,77000,1.6,25800,13.88,0.3351,2,0.0714,0.0465,MORTGAGE,VENTURE,N,0
31,54700,4.7,11400,13.57,0.2084,3,0.2308,0.0283,MORTGAGE,HOMEIMPROVEMENT,N,0
45,67400,7.5,25800,15.53,0.3828,2,0.0741,0.0594,RENT,DEBTCONSOLIDATION,N,0
39,49900,7.0,11200,13.69,0.2244,4,0.1905,0.0307,RENT,DEBTCONSOLIDATION,N,0
52,36100,1.0,13100,13.67,0.3629,9,0.2647,0.0496,RENT,MEDICAL,N,0
34,33800,16.0,21700,21.6,0.642,7,0.4375,0.1387,MORTGAGE,EDUCATION,N,1
46,221900,0.8,9700,6.44,0.0437,8,0.2857,0.0028,RENT,PERSONAL,N,0
55,61800,1.9,3200,,0.0518,6,0.1622,0.0066,RENT,DEBTCONSOLIDATION,N,0
31,72400,7.1,22500,14.64,0.3108,7,0.5385,0.0455,RENT,PERSONAL,N,0
42,64300,6.7,9900,8.62,0.154,5,0.2083,0.0133,MORTGAGE,EDUCATION,N,0
39,30900,6.3,22300,19.88,0.7217,9,0.4286,0.1435,MORTGAGE,MEDICAL,N,1
41,58100,2.2,8000,6.28,0.1377,7,0.3043,0.0086,RENT,MEDICAL,N,0
58,34000,18.4,10600,15.1,0.3118,2,0.05,0.0471,MORTGAGE,PERSONAL,N,0
38,56300,4.3,14600,11.14,0.2593,18,0.9,0.0289,RENT,VENTURE,N,0
42,31500,7.2,16400,19.55,0.5206,7,0.2917,0.1018,RENT,HOMEIMPROVEMENT,Y,1
47,30200,0.5,5400,9.62,0.1788,5,0.1724,0.0172,RENT,HOMEIMPROVEMENT,N,0
41,88800,3.4,8300,9.5,0.0935,8,0.3478,0.0089,MORTGAGE,DEBTCONSOLIDATION,N,0
50,66900,1.7,5800,,0.0867,8,0.25,0.011,MORTGAGE,EDUCATION,N,0
50,41000,1.6,4900,9.73,0.1195,2,0.0625,0.0116,OWN,MEDICAL,N,0
42,41200,0.1,11600,,0.2816,10,0.4167,0.0357,RENT,EDUCATION,Y,1
41,88900,9.5,28200,10.27,0.3172,2,0.087,0.0326,MORTGAGE,PERSONAL,N,0
35,155100,1.3,25400,15.2,0.1638,6,0.3529,0.0249,RENT,DEBTCONSOLIDATION,N,0
48,37600,4.3,9400,12.18,0.25,4,0.1333,0.0304,MORTGAGE,HOMEIMPROVEMENT,N,0
46,60500,0.9,20300,13.71,0.3355,9,0.3214,0.046,MORTGAGE,MEDICAL,N,0
38,54900,0.2,15100,14.97,0.275,2,0.1,0.0412,MORTGAGE,VENTURE,Y,0
42,35000,0.9,27300,20.66,0.78,13,0.5417,0.1611,MORTGAGE,EDUCATION,N,1
56,83500,8.6,7600,7.42,0.091,10,0.2632,0.0068,RENT,VENTURE,N,0
42,91200,3.0,17700,8.43,0.1941,15,0.625,0.0164,OWN,PERSONAL,N,0
40,35300,4.9,10400,9.34,0.2946,3,0.1364,0.0275,RENT,PERSONAL,N,0
47,77800,4.9,18800,,0.2416,6,0.2069,0.0306,MORTGAGE,PERSONAL,N,0
66,119100,0.2,17500,11.32,0.1469,17,0.3542,0.0166,RENT,EDUCATION,N,0
39,76200,4.6,8300,11.96,0.1089,13,0.619,0.013,RENT,VENTURE,Y,0
51,37600,2.0,5500,12.06,0.1463,5,0.1515,0.0176,RENT,HOMEIMPROVEMENT,N,0
42,13400,3.8,6200,14.31,0.4627,2,0.0833,0.0662,MORTGAGE,DEBTCONSOLIDATION,Y,1
54,78900,3.2,15900,14.09,0.2015,10,0.2778,0.0284,MORTGAGE,PERSONAL,N,0
44,89500,4.4,12200,9.96,0.1363,11,0.4231,0.0136,RENT,PERSONAL,N,0
35,30400,2.0,27300,18.47,0.898,2,0.1176,0.1659,MORTGAGE,MEDICAL,Y,1
65,102300,3.2,4100,8.11,0.0401,4,0.0851,0.0033,RENT,EDUCATION,N,0
55,52300,11.6,24500,11.83,0.4685,5,0.1351,0.0554,RENT,MEDICAL,N,0
40,41700,9.4,2600,8.22,0.0624,3,0.1364,0.0051,MORTGAGE,EDUCATION,N,0
30,76200,1.1,16200,13.66,0.2126,6,0.5,0.029,MORTGAGE,EDUCATION,N,1
50,52100,9.5,13900,12.19,0.2668,3,0.0938,0.0325,RENT,PERSONAL,N,1
37,146700,1.6,26900,8.14,0.1834,2,0.1053,0.0149,RENT,MEDICAL,N,0
44,40700,1.9,8100,7.98,0.199,5,0.1923,0.0159,RENT,EDUCATION,N,0
49,89500,3.4,12300,,0.1374,8,0.2581,0.0174,RENT,MEDICAL,N,0
49,32400,0.2,7100,14.75,0.2191,10,0.3226,0.0323,MORTGAGE,MEDICAL,N,0
50,85500,10.4,13900,10.69,0.1626,6,0.1875,0.0174,RENT,EDUCATION,N,0
48,32400,11.3,9900,,0.3056,8,0.2667,0.0387,MORTGAGE,PERSONAL,N,0
62,48900,3.0,14800,10.94,0.3027,7,0.1591,0.0331,OWN,HOMEIMPROVEMENT,N,0
50,36200,13.6,14200,16.88,0.3923,3,0.0938,0.0662,RENT,PERSONAL,N,1
42,53600,0.1,14000,11.62,0.2612,8,0.3333,0.0304,RENT,PERSONAL,N,0
46,94500,3.5,9100,8.46,0.0963,5,0.1786,0.0081,MORTGAGE,HOMEIMPROVEMENT,N,0
46,30100,4.6,11200,13.45,0.3721,9,0.3214,0.05,RENT,DEBTCONSOLIDATION,N,0
58,49300,6.6,10800,11.0,0.2191,9,0.225,0.0241,RENT,MEDICAL,Y,1
33,64100,15.0,10600,12.26,0.1654,6,0.4,0.0203,RENT,VENTURE,N,0
51,40500,2.4,8400,14.26,0.2074,3,0.0909,0.0296,MORTGAGE,HOMEIMPROVEMENT,N,0
48,53300,1.1,9800,12.83,0.1839,6,0.2,0.0236,OWN,MEDICAL,N,0
44,45500,4.2,29200,17.79,0.6418,7,0.2692,0.1142,MORTGAGE,HOMEIMPROVEMENT,Y,1
45,61700,0.7,10200,10.09,0.1653,7,0.2593,0.0167,MORTGAGE,EDUCATION,N,0
48,40700,15.0,20800,16.8,0.5111,3,0.1,0.0859,RENT,DEBTCONSOLIDATION,N,1
61,71600,10.7,8600,6.26,0.1201,14,0.3256,0.0075,MORTGAGE,VENTURE,N,0
46,57900,0.7,16200,14.59,0.2798,3,0.1071,0.0408,RENT,DEBTCONSOLIDATION,Y,1
37,61100,1.1,17800,11.16,0.2913,10,0.5263,0.0325,RENT,EDUCATION,Y,1
38,64800,1.7,5000,10.2,0.0772,12,0.6,0.0079,RENT,EDUCATION,N,0
46,108200,3.4,11100,10.7,0.1026,5,0.1786,0.011,RENT,DEBTCONSOLIDATION,N,0
58,42200,29.3,14800,,0.3507,9,0.225,0.0444,MORTGAGE,EDUCATION,Y,0
41,54000,3.6,31700,18.13,0.587,6,0.2609,0.1064,RENT,MEDICAL,Y,1
46,23000,0.6,23200,23.22,1.0087,7,0.25,0.2342,RENT,DEBTCONSOLIDATION,Y,1
51,35900,5.5,21100,20.06,0.5877,2,0.0606,0.1179,RENT,EDUCATION,N,1
40,28100,0.5,8200,14.42,0.2918,3,0.1364,0.0421,RENT,EDUCATION,N,0
45,47500,5.2,10800,7.36,0.2274,9,0.3333,0.0167,RENT,PERSONAL,N,1
43,33100,4.3,18000,18.85,0.5438,8,0.32,0.1025,MORTGAGE,HOMEIMPROVEMENT,Y,1
41,100400,7.9,12500,13.79,0.1245,3,0.1304,0.0172,OWN,PERSONAL,N,0
53,89700,0.1,12100,11.1,0.1349,16,0.4571,0.015,MORTGAGE,EDUCATION,N,0
37,167300,1.8,17200,6.71,0.1028,3,0.1579,0.0069,RENT,EDUCATION,N,0
49,56000,3.7,5500,8.54,0.0982,8,0.2581,0.0084,RENT,VENTURE,N,0
45,99600,14.4,16900,13.36,0.1697,7,0.2593,0.0227,RENT,HOMEIMPROVEMENT,N,0
36,46200,1.8,19400,14.56,0.4199,2,0.1111,0.0611,RENT,DEBTCONSOLIDATION,N,1
34,61600,,14000,9.89,0.2273,5,0.3125,0.0225,RENT,PERSONAL,Y,0
52,62700,,2700,9.17,0.0431,7,0.2059,0.004,MORTGAGE,DEBTCONSOLIDATION,N,0
45,51600,7.5,14800,13.63,0.2868,7,0.2593,0.0391,RENT,EDUCATION,N,0
33,38200,1.3,10800,14.9,0.2827,8,0.5333,0.0421,MORTGAGE,DEBTCONSOLIDATION,N,0
43,112700,0.9,24400,11.76,0.2165,9,0.36,0.0255,OWN,EDUCATION,N,0
39,80700,4.9,23100,15.84,0.2862,3,0.1429,0.0453,MORTGAGE,VENTURE,N,0
39,93300,3.6,14200,11.93,0.1522,4,0.1905,0.0182,RENT,PERSONAL,N,0
48,80500,7.1,20400,11.38,0.2534,2,0.0667,0.0288,RENT,EDUCATION,N,0
62,73200,0.0,15800,9.11,0.2158,3,0.0682,0.0197,MORTGAGE,MEDICAL,N,0
56,27200,0.7,8700,,0.3199,5,0.1316,0.0405,RENT,PERSONAL,N,0
32,64600,1.0,23100,14.96,0.3576,9,0.6429,0.0535,RENT,PERSONAL,N,0
36,50300,,24200,16.55,0.4811,4,0.2222,0.0796,MORTGAGE,EDUCATION,N,1
47,33700,3.0,11100,12.02,0.3294,5,0.1724,0.0396,RENT,PERSONAL,N,0
38,161800,1.8,14300,15.2,0.0884,2,0.1,0.0134,MORTGAGE,VENTURE,N,0
43,17700,4.3,9100,17.91,0.5141,2,0.08,0.0921,MORTGAGE,EDUCATION,N,1
42,29500,3.1,16400,18.36,0.5559,5,0.2083,0.1021,OTHER,MEDICAL,N,0
30,116000,5.0,10600,10.28,0.0914,9,0.75,0.0094,RENT,VENTURE,N,0
51,43900,9.8,8100,10.93,0.1845,6,0.1818,0.0202,RENT,MEDICAL,Y,0
45,31500,3.0,15300,13.19,0.4857,7,0.2593,0.0641,MORTGAGE,EDUCATION,N,0
38,30300,0.5,10400,12.1,0.3432,2,0.1,0.0415,MORTGAGE,EDUCATION,Y,1
35,25300,7.3,5900,,0.2332,6,0.3529,0.0295,MORTGAGE,VENTURE,Y,0
53,35400,3.2,24600,17.71,0.6949,8,0.2286,0.1231,OWN,EDUCATION,N,0
44,60500,5.3,6900,7.94,0.114,10,0.3846,0.0091,MORTGAGE,EDUCATION,N,0
41,32800,0.4,17300,16.99,0.5274,8,0.3478,0.0896,RENT,DEBTCONSOLIDATION,Y,1
32,48800,0.4,21100,14.14,0.4324,2,0.1429,0.0611,RENT,VENTURE,Y,1
48,62400,15.3,24600,,0.3942,11,0.3667,0.0499,OWN,VENTURE,N,0
49,30200,1.7,7600,15.5,0.2517,7,0.2258,0.039,MORTGAGE,MEDICAL,N,0
42,23200,,27300,19.7,1.1767,9,0.375,0.2318,RENT,EDUCATION,Y,1
40,37900,3.2,8300,12.14,0.219,13,0.5909,0.0266,RENT,MEDICAL,Y,0
33,93600,13.6,8000,11.32,0.0855,3,0.2,0.0097,MORTGAGE,EDUCATION,N,0
29,17800,11.0,8800,,0.4944,7,0.6364,0.0626,RENT,PERSONAL,N,0
54,80300,1.5,14100,,0.1756,5,0.1389,0.0222,RENT,DEBTCONSOLIDATION,N,0
33,139200,4.3,8100,,0.0582,4,0.2667,0.0074,RENT,EDUCATION,N,0
29,38900,,17800,11.1,0.4576,4,0.3636,0.0508,RENT,PERSONAL,N,0
43,27700,0.0,23100,20.95,0.8339,4,0.16,0.1747,RENT,VENTURE,Y,1
60,91400,1.6,13900,10.98,0.1521,4,0.0952,0.0167,OWN,DEBTCONSOLIDATION,N,0
35,129100,3.5,13700,,0.1061,4,0.2353,0.0134,MORTGAGE,PERSONAL,N,0
44,94600,0.2,10500,10.02,0.111,14,0.5385,0.0111,RENT,VENTURE,N,0
42,45400,2.9,9400,12.07,0.207,11,0.4583,0.025,RENT,MEDICAL,N,0
33,69200,4.5,21300,13.7,0.3078,14,0.9333,0.0422,MORTGAGE,EDUCATION,N,0
31,71900,0.9,9200,11.91,0.128,9,0.6923,0.0152,RENT,MEDICAL,N,0
35,100800,5.4,13600,10.47,0.1349,4,0.2353,0.0141,OWN,MEDICAL,N,0
60,31000,6.2,27800,22.12,0.8968,8,0.1905,0.1984,MORTGAGE,DEBTCONSOLIDATION,N,1
47,62500,5.8,17600,9.97,0.2816,9,0.3103,0.0281,MORTGAGE,EDUCATION,N,0
48,58000,7.2,9000,11.02,0.1552,3,0.1,0.0171,MORTGAGE,EDUCATION,N,0
60,133600,2.2,21700,14.48,0.1624,10,0.2381,0.0235,RENT,VENTURE,N,0
45,91800,4.0,24500,9.77,0.2669,7,0.2593,0.0261,MORTGAGE,EDUCATION,N,0
38,45300,2.4,21800,18.79,0.4812,4,0.2,0.0904,MORTGAGE,PERSONAL,N,0
38,69300,3.8,10500,11.49,0.1515,6,0.3,0.0174,RENT,EDUCATION,N,0
32,39500,4.0,13300,9.21,0.3367,14,1.0,0.031,MORTGAGE,MEDICAL,N,1
37,49200,3.5,5000,13.25,0.1016,11,0.5789,0.0135,RENT,DEBTCONSOLIDATION,N,0
43,43700,11.9,28200,22.16,0.6453,4,0.16,0.143,MORTGAGE,VENTURE,Y,1
37,92900,1.9,8900,9.4,0.0958,2,0.1053,0.009,RENT,PERSONAL,N,0
36,30500,1.4,19700,19.53,0.6459,7,0.3889,0.1261,MORTGAGE,EDUCATION,Y,1
42,92200,2.1,13600,7.45,0.1475,7,0.2917,0.011,MORTGAGE,VENTURE,N,0
55,28500,8.6,14600,17.97,0.5123,7,0.1892,0.0921,MORTGAGE,EDUCATION,Y,1
40,28700,17.7,2200,10.65,0.0767,5,0.2273,0.0082,RENT,DEBTCONSOLIDATION,N,0
42,56100,1.4,4700,11.51,0.0838,7,0.2917,0.0096,RENT,PERSONAL,N,0
70,52700,3.2,9600,12.18,0.1822,4,0.0769,0.0222,MORTGAGE,MEDICAL,N,0
40,58900,16.5,23500,,0.399,6,0.2727,0.0505,RENT,PERSONAL,N,0
50,39500,9.0,7400,12.66,0.1873,2,0.0625,0.0237,RENT,MEDICAL,N,0
42,113700,7.9,22600,9.41,0.1988,6,0.25,0.0187,RENT,DEBTCONSOLIDATION,N,0
39,31500,8.0,12900,17.37,0.4095,11,0.5238,0.0711,OTHER,EDUCATION,N,0
38,73700,0.5,18400,10.64,0.2497,2,0.1,0.0266,RENT,PERSONAL,N,0
51,61600,1.4,6000,,0.0974,21,0.6364,0.0123,OTHER,PERSONAL,N,0
38,49400,13.7,13300,11.06,0.2692,9,0.45,0.0298,MORTGAGE,MEDICAL,N,0
51,36500,0.5,4800,,0.1315,9,0.2727,0.0166,MORTGAGE,DEBTCONSOLIDATION,N,0
36,93300,18.0,21800,13.81,0.2337,6,0.3333,0.0323,MORTGAGE,VENTURE,N,0
68,143700,2.0,13300,5.93,0.0926,7,0.14,0.0055,RENT,VENTURE,N,0
41,64600,3.4,33900,14.89,0.5248,11,0.4783,0.0781,MORTGAGE,EDUCATION,N,1
56,61400,6.6,32700,16.96,0.5326,10,0.2632,0.0903,OWN,VENTURE,N,0
43,41600,4.6,9000,8.91,0.2163,2,0.08,0.0193,RENT,EDUCATION,N,0
61,37500,8.4,13200,15.13,0.352,5,0.1163,0.0533,MORTGAGE,DEBTCONSOLIDATION,N,0
36,106300,18.0,16000,10.23,0.1505,6,0.3333,0.0154,RENT,EDUCATION,N,0
35,40800,17.0,21800,17.96,0.5343,5,0.2941,0.096,MORTGAGE,HOMEIMPROVEMENT,N,0
45,59800,0.6,10000,10.81,0.1672,7,0.2593,0.0181,RENT,EDUCATION,N,0
62,81900,0.4,21100,14.3,0.2576,2,0.0455,0.0368,RENT,PERSONAL,N,0
52,40400,5.1,25500,21.82,0.6312,4,0.1176,0.1377,MORTGAGE,DEBTCONSOLIDATION,Y,1
53,70600,3.5,25300,12.15,0.3584,15,0.4286,0.0435,MORTGAGE,PERSONAL,N,0
38,38700,2.0,8800,13.53,0.2274,7,0.35,0.0308,MORTGAGE,MEDICAL,N,0
44,42400,10.2,8800,11.79,0.2075,4,0.1538,0.0245,MORTGAGE,HOMEIMPROVEMENT,N,0
49,131200,0.2,7000,9.29,0.0534,4,0.129,0.005,RENT,EDUCATION,N,0
48,39000,8.7,14500,13.82,0.3718,5,0.1667,0.0514,RENT,VENTURE,Y,0
46,65100,3.7,5200,8.8,0.0799,2,0.0714,0.007,MORTGAGE,MEDICAL,N,0
60,31700,0.7,6800,13.49,0.2145,5,0.119,0.0289,RENT,DEBTCONSOLIDATION,N,0
70,35500,1.4,21900,18.26,0.6169,4,0.0769,0.1126,RENT,PERSONAL,Y,0
37,43400,3.6,15000,17.59,0.3456,6,0.3158,0.0608,RENT,VENTURE,Y,1
33,51800,9.5,6300,10.4,0.1216,3,0.2,0.0126,RENT,VENTURE,N,0
33,66500,2.7,10800,10.91,0.1624,3,0.2,0.0177,RENT,DEBTCONSOLIDATION,N,0
39,40400,6.8,12500,13.34,0.3094,3,0.1429,0.0413,MORTGAGE,EDUCATION,N,1
49,44600,1.3,19100,17.16,0.4283,4,0.129,0.0735,MORTGAGE,PERSONAL,Y,1
42,18800,0.2,6200,11.58,0.3298,9,0.375,0.0382,MORTGAGE,EDUCATION,N,0
46,128200,0.3,24300,14.27,0.1895,5,0.1786,0.027,RENT,VENTURE,N,0
35,155900,2.5,10900,6.87,0.0699,5,0.2941,0.0048,OTHER,EDUCATION,N,0
53,57700,3.7,10600,10.78,0.1837,6,0.1714,0.0198,RENT,EDUCATION,N,0
60,52000,0.4,5300,8.29,0.1019,6,0.1429,0.0084,MORTGAGE,PERSONAL,N,0
41,36200,4.8,10000,11.0,0.2762,2,0.087,0.0304,RENT,PERSONAL,N,0
49,38100,2.0,23800,20.29,0.6247,8,0.2581,0.1268,RENT,PERSONAL,Y,1
44,31100,3.9,11700,15.12,0.3762,6,0.2308,0.0569,RENT,VENTURE,Y,1
39,54200,5.0,16700,10.89,0.3081,6,0.2857,0.0336,RENT,PERSONAL,Y,1
42,66600,4.1,23500,12.8,0.3529,8,0.3333,0.0452,MORTGAGE,PERSONAL,N,0
43,137400,1.2,14700,8.79,0.107,5,0.2,0.0094,RENT,MEDICAL,N,0
40,44600,,27800,21.75,0.6233,4,0.1818,0.1356,MORTGAGE,DEBTCONSOLIDATION,Y,1
40,41300,0.9,6800,11.12,0.1646,8,0.3636,0.0183,RENT,EDUCATION,N,0
44,40700,9.7,25700,19.82,0.6314,2,0.0769,0.1251,RENT,PERSONAL,Y,0
55,65500,,15300,13.17,0.2336,9,0.2432,0.0308,MORTGAGE,DEBTCONSOLIDATION,N,0
35,73900,5.1,3600,9.12,0.0487,7,0.4118,0.0044,MORTGAGE,VENTURE,N,0
43,68000,3.9,13300,17.32,0.1956,2,0.08,0.0339,RENT,EDUCATION,N,0
43,43100,1.1,23900,18.81,0.5545,3,0.12,0.1043,RENT,VENTURE,Y,1
52,104000,0.0,15400,8.39,0.1481,2,0.0588,0.0124,MORTGAGE,EDUCATION,N,0
49,58100,0.5,11300,11.55,0.1945,4,0.129,0.0225,MORTGAGE,PERSONAL,N,0
55,20600,2.7,28700,20.48,1.3932,14,0.3784,0.2853,RENT,DEBTCONSOLIDATION,Y,1
37,74400,1.3,5700,9.43,0.0766,4,0.2105,0.0072,RENT,MEDICAL,N,0
35,135200,0.9,4100,10.41,0.0303,5,0.2941,0.0032,OTHER,VENTURE,N,0
62,50400,0.0,14500,13.66,0.2877,8,0.1818,0.0393,MORTGAGE,EDUCATION,N,0
40,17000,2.8,14600,20.14,0.8588,4,0.1818,0.173,RENT,VENTURE,Y,1
53,100500,5.9,10200,10.58,0.1015,2,0.0571,0.0107,RENT,MEDICAL,N,0
32,61100,5.8,11100,10.49,0.1817,8,0.5714,0.0191,RENT,EDUCATION,N,0
38,46900,4.0,24300,18.35,0.5181,9,0.45,0.0951,OWN,VENTURE,Y,0
64,60800,4.6,13600,11.9,0.2237,2,0.0435,0.0266,RENT,VENTURE,N,0
47,26100,0.3,17600,,0.6743,6,0.2069,0.0854,MORTGAGE,PERSONAL,Y,1
34,47300,9.3,21900,14.07,0.463,5,0.3125,0.0651,RENT,DEBTCONSOLIDATION,Y,0
42,106200,0.2,4800,5.42,0.0452,4,0.1667,0.0024,MORTGAGE,EDUCATION,N,0
55,41700,3.7,13500,12.41,0.3237,5,0.1351,0.0402,MORTGAGE,PERSONAL,N,1
70,80500,2.0,3600,7.64,0.0447,14,0.2692,0.0034,RENT,VENTURE,N,0
56,25100,8.0,5900,12.09,0.2351,6,0.1579,0.0284,RENT,EDUCATION,N,0
37,68600,5.3,15600,15.12,0.2274,5,0.2632,0.0344,OWN,DEBTCONSOLIDATION,N,0
61,42300,4.0,3500,8.91,0.0827,7,0.1628,0.0074,MORTGAGE,DEBTCONSOLIDATION,N,0
70,38800,0.6,20800,17.22,0.5361,2,0.0385,0.0923,MORTGAGE,PERSONAL,N,1
41,53600,19.0,5400,12.06,0.1007,11,0.4783,0.0121,MORTGAGE,VENTURE,N,0
45,68600,2.8,12600,16.77,0.1837,3,0.1111,0.0308,MORTGAGE,DEBTCONSOLIDATION,N,0
39,29300,5.0,5700,,0.1945,8,0.381,0.0246,MORTGAGE,EDUCATION,N,0
51,33400,0.9,13200,16.36,0.3952,4,0.1212,0.0647,RENT,DEBTCONSOLIDATION,N,0
36,78600,1.8,14500,11.7,0.1845,7,0.3889,0.0216,RENT,HOMEIMPROVEMENT,N,0
36,54800,1.9,7200,13.65,0.1314,3,0.1667,0.0179,RENT,HOMEIMPROVEMENT,N,0
42,36100,0.3,27400,18.27,0.759,4,0.1667,0.1387,RENT,PERSONAL,Y,1
38,51100,2.3,9600,9.86,0.1879,2,0.1,0.0185,RENT,DEBTCONSOLIDATION,N,0
56,67200,0.6,4000,8.02,0.0595,9,0.2368,0.0048,RENT,VENTURE,N,0
30,81100,7.9,14600,10.86,0.18,5,0.4167,0.0195,MORTGAGE,VENTURE,N,0
35,35300,2.9,8700,14.56,0.2465,2,0.1176,0.0359,OTHER,EDUCATION,N,0
51,41800,1.1,18500,18.27,0.4426,3,0.0909,0.0809,RENT,VENTURE,N,1
40,32300,3.1,12500,18.57,0.387,16,0.7273,0.0719,MORTGAGE,MEDICAL,N,1
70,91000,5.2,15500,10.01,0.1703,6,0.1154,0.017,MORTGAGE,MEDICAL,N,0
38,20800,1.0,19800,18.44,0.9519,5,0.25,0.1755,RENT,EDUCATION,N,1
44,28600,5.5,10600,15.72,0.3706,5,0.1923,0.0583,RENT,PERSONAL,N,0
44,35900,2.7,12800,16.79,0.3565,10,0.3846,0.0599,RENT,MEDICAL,Y,1
40,107800,0.7,3700,6.17,0.0343,4,0.1818,0.0021,RENT,EDUCATION,N,0
52,81800,11.3,22400,10.28,0.2738,9,0.2647,0.0281,MORTGAGE,MEDICAL,N,0
51,42500,14.7,15000,14.45,0.3529,5,0.1515,0.051,MORTGAGE,HOMEIMPROVEMENT,Y,0
50,56700,0.9,21700,17.31,0.3827,2,0.0625,0.0662,MORTGAGE,EDUCATION,Y,0
43,36000,3.1,8400,11.98,0.2333,4,0.16,0.0279,RENT,EDUCATION,N,0
53,47200,5.3,20800,12.86,0.4407,8,0.2286,0.0567,RENT,MEDICAL,N,0
42,77200,0.7,27400,7.34,0.3549,2,0.0833,0.026,OTHER,MEDICAL,N,0
63,64000,1.5,8000,,0.125,6,0.1333,0.0158,RENT,EDUCATION,N,0
44,50400,1.9,4300,,0.0853,5,0.1923,0.0108,RENT,PERSONAL,N,0
41,72600,1.5,25200,12.56,0.3471,2,0.087,0.0436,RENT,MEDICAL,N,0
58,62700,5.3,14600,7.88,0.2329,6,0.15,0.0184,MORTGAGE,HOMEIMPROVEMENT,N,0
36,71300,5.5,8000,8.22,0.1122,4,0.2222,0.0092,RENT,DEBTCONSOLIDATION,N,0
39,75800,6.5,26000,16.57,0.343,2,0.0952,0.0568,OTHER,MEDICAL,N,0
32,116100,0.0,22800,10.32,0.1964,9,0.6429,0.0203,OWN,HOMEIMPROVEMENT,N,0
50,81900,9.6,9400,10.29,0.1148,5,0.1562,0.0118,RENT,MEDICAL,N,0
47,159700,11.2,24400,10.99,0.1528,7,0.2414,0.0168,MORTGAGE,PERSONAL,N,0
48,19800,9.5,8400,15.53,0.4242,8,0.2667,0.0659,MORTGAGE,VENTURE,N,0
48,22700,17.1,15600,19.83,0.6872,12,0.4,0.1363,MORTGAGE,VENTURE,N,1
44,69200,6.2,13800,11.39,0.1994,8,0.3077,0.0227,MORTGAGE,EDUCATION,N,0
45,46300,11.5,16200,13.91,0.3499,4,0.1481,0.0487,RENT,HOMEIMPROVEMENT,N,0
47,40200,1.5,4700,8.53,0.1169,9,0.3103,0.01,MORTGAGE,DEBTCONSOLIDATION,Y,0
48,39500,0.3,10700,12.74,0.2709,4,0.1333,0.0345,OWN,EDUCATION,N,0
52,69100,0.8,3700,8.5,0.0535,7,0.2059,0.0045,RENT,PERSONAL,N,0
41,20300,6.0,21700,20.82,1.069,10,0.4348,0.2226,RENT,MEDICAL,Y,1
46,63900,4.0,8100,12.43,0.1268,3,0.1071,0.0158,RENT,VENTURE,N,0
35,35500,1.9,13800,15.31,0.3887,5,0.2941,0.0595,MORTGAGE,VENTURE,N,0
47,69500,0.1,11500,12.29,0.1655,2,0.069,0.0203,MORTGAGE,VENTURE,N,0
59,56700,8.3,9500,12.05,0.1675,3,0.0732,0.0202,RENT,PERSONAL,Y,1
33,79600,1.7,20300,8.24,0.255,3,0.2,0.021,MORTGAGE,MEDICAL,N,0
47,103000,4.9,10700,7.92,0.1039,9,0.3103,0.0082,MORTGAGE,MEDICAL,N,0
51,123500,2.2,7300,8.89,0.0591,7,0.2121,0.0053,OTHER,EDUCATION,N,0
43,73700,1.0,8700,11.06,0.118,8,0.32,0.0131,RENT,MEDICAL,N,0
51,17700,2.2,19000,20.07,1.0734,5,0.1515,0.2154,MORTGAGE,MEDICAL,N,1
41,37300,0.1,6300,9.32,0.1689,2,0.087,0.0157,RENT,HOMEIMPROVEMENT,N,0
28,41500,3.3,22900,20.0,0.5518,6,0.6,0.1104,MORTGAGE,MEDICAL,Y,1
43,37200,13.1,30300,20.16,0.8145,8,0.32,0.1642,OWN,VENTURE,N,1
46,98100,3.1,3100,9.19,0.0316,6,0.2143,0.0029,OTHER,MEDICAL,N,0
42,34000,1.5,19100,18.32,0.5618,11,0.4583,0.1029,MORTGAGE,PERSONAL,Y,0
42,45800,10.5,20800,13.78,0.4541,4,0.1667,0.0626,RENT,DEBTCONSOLIDATION,N,1
33,21200,3.6,4400,13.72,0.2075,9,0.6,0.0285,RENT,EDUCATION,N,0
48,170800,2.7,24000,11.68,0.1405,2,0.0667,0.0164,OWN,EDUCATION,N,0
33,108100,1.2,6100,8.19,0.0564,11,0.7333,0.0046,RENT,VENTURE,N,0
39,205900,3.7,12700,13.95,0.0617,4,0.1905,0.0086,OWN,MEDICAL,N,0
49,32900,10.1,22100,19.59,0.6717,18,0.5806,0.1316,RENT,PERSONAL,N,1
44,48800,1.9,28100,20.03,0.5758,6,0.2308,0.1153,MORTGAGE,EDUCATION,Y,1
46,31000,5.0,32900,17.75,1.0613,2,0.0714,0.1884,RENT,EDUCATION,Y,1
50,43800,1.0,7100,15.5,0.1621,4,0.125,0.0251,OWN,PERSONAL,N,0
50,39000,4.7,6700,9.62,0.1718,5,0.1562,0.0165,RENT,MEDICAL,N,0
60,33700,11.8,12000,14.98,0.3561,6,0.1429,0.0533,MORTGAGE,PERSONAL,N,0
43,188600,0.1,16700,11.71,0.0885,8,0.32,0.0104,MORTGAGE,VENTURE,N,0
49,79500,0.1,20700,12.18,0.2604,3,0.0968,0.0317,RENT,VENTURE,N,1
41,78600,6.5,7200,9.19,0.0916,5,0.2174,0.0084,RENT,PERSONAL,N,1
44,58000,2.8,16200,11.25,0.2793,3,0.1154,0.0314,RENT,MEDICAL,N,0
60,29500,3.2,26500,19.1,0.8983,10,0.2381,0.1716,MORTGAGE,PERSONAL,Y,1
43,94000,5.4,13300,10.03,0.1415,2,0.08,0.0142,MORTGAGE,PERSONAL,N,0
41,44400,7.4,20600,16.91,0.464,9,0.3913,0.0785,RENT,VENTURE,Y,1
35,49600,2.3,11700,10.49,0.2359,2,0.1176,0.0247,MORTGAGE,EDUCATION,N,0
25,27100,3.3,13200,16.9,0.4871,5,0.7143,0.0823,MORTGAGE,VENTURE,N,1
52,36200,1.5,5800,10.43,0.1602,4,0.1176,0.0167,RENT,EDUCATION,N,0
48,41200,8.4,5600,13.5,0.1359,7,0.2333,0.0183,MORTGAGE,DEBTCONSOLIDATION,N,0
39,89600,13.2,12700,9.9,0.1417,5,0.2381,0.014,MORTGAGE,MEDICAL,N,0
44,39500,10.1,4500,9.57,0.1139,9,0.3462,0.0109,RENT,PERSONAL,N,0
62,106400,4.8,25200,8.86,0.2368,9,0.2045,0.021,MORTGAGE,VENTURE,N,0
51,89900,1.5,10500,13.05,0.1168,8,0.2424,0.0152,RENT,EDUCATION,N,0
38,63900,14.2,17800,11.95,0.2786,18,0.9,0.0333,MORTGAGE,MEDICAL,N,0
29,50800,2.7,20300,11.17,0.3996,5,0.4545,0.0446,MORTGAGE,PERSONAL,N,0
57,32500,0.3,14600,,0.4492,6,0.1538,0.0569,MORTGAGE,HOMEIMPROVEMENT,Y,1
48,40600,2.3,11400,14.42,0.2808,8,0.2667,0.0405,MORTGAGE,HOMEIMPROVEMENT,N,0
43,37100,5.4,20100,18.69,0.5418,3,0.12,0.1013,RENT,PERSONAL,Y,1
38,119200,5.8,14600,12.52,0.1225,4,0.2,0.0153,RENT,EDUCATION,N,0
41,79800,1.4,17400,,0.218,14,0.6087,0.0276,RENT,MEDICAL,N,0
35,165600,2.8,32900,12.08,0.1987,7,0.4118,0.024,RENT,EDUCATION,N,0
51,78100,2.3,11100,10.76,0.1421,4,0.1212,0.0153,MORTGAGE,PERSONAL,N,0
50,150400,0.2,19100,10.04,0.127,3,0.0938,0.0128,RENT,MEDICAL,N,0
59,127900,2.7,6700,9.03,0.0524,9,0.2195,0.0047,RENT,EDUCATION,N,0
41,38300,1.2,15100,18.17,0.3943,6,0.2609,0.0716,MORTGAGE,PERSONAL,Y,1
30,55700,9.6,11900,10.4,0.2136,10,0.8333,0.0222,MORTGAGE,EDUCATION,N,0
42,28400,10.4,11300,16.18,0.3979,7,0.2917,0.0644,RENT,MEDICAL,N,0
53,53300,1.5,3100,9.33,0.0582,3,0.0857,0.0054,MORTGAGE,VENTURE,N,0
47,42400,0.3,12800,18.26,0.3019,9,0.3103,0.0551,RENT,HOMEIMPROVEMENT,N,0
32,41900,11.7,15900,10.58,0.3795,3,0.2143,0.0402,RENT,VENTURE,N,0
39,73100,0.9,8900,9.63,0.1218,5,0.2381,0.0117,OWN,MEDICAL,N,0
32,37600,12.6,11800,11.5,0.3138,10,0.7143,0.0361,RENT,EDUCATION,N,0
33,73300,1.6,7400,10.92,0.101,13,0.8667,0.011,RENT,HOMEIMPROVEMENT,N,0
38,89000,3.6,10700,11.85,0.1202,4,0.2,0.0142,MORTGAGE,MEDICAL,N,0
37,104600,2.2,34000,14.09,0.325,3,0.1579,0.0458,MORTGAGE,MEDICAL,N,0
44,86000,13.5,33600,14.47,0.3907,8,0.3077,0.0565,RENT,PERSONAL,Y,0
42,46100,6.7,21600,18.76,0.4685,2,0.0833,0.0879,MORTGAGE,HOMEIMPROVEMENT,N,0
48,78500,0.5,9900,9.61,0.1261,12,0.4,0.0121,RENT,EDUCATION,N,0
56,56100,1.6,4700,7.94,0.0838,7,0.1842,0.0067,MORTGAGE,EDUCATION,N,0
50,64200,3.4,9600,12.07,0.1495,4,0.125,0.018,RENT,VENTURE,N,0
51,86100,11.1,11000,11.63,0.1278,2,0.0606,0.0149,OTHER,MEDICAL,N,0
34,58300,16.0,22700,12.95,0.3894,5,0.3125,0.0504,RENT,VENTURE,N,0
38,62400,2.1,18100,13.81,0.2901,6,0.3,0.0401,MORTGAGE,EDUCATION,N,0
40,93700,0.9,25800,10.49,0.2753,2,0.0909,0.0289,MORTGAGE,VENTURE,N,0
70,32700,5.7,13400,15.5,0.4098,6,0.1154,0.0635,RENT,PERSONAL,N,0
48,53700,,16600,18.51,0.3091,7,0.2333,0.0572,RENT,VENTURE,N,0
30,92000,,13500,9.12,0.1467,9,0.75,0.0134,MORTGAGE,EDUCATION,N,0
53,58200,0.4,26800,14.77,0.4605,2,0.0571,0.068,RENT,EDUCATION,Y,1
36,61100,5.6,21200,15.7,0.347,3,0.1667,0.0545,MORTGAGE,VENTURE,N,0
39,64300,2.4,23300,15.96,0.3624,5,0.2381,0.0578,RENT,HOMEIMPROVEMENT,Y,1
39,165200,3.7,23100,10.87,0.1398,3,0.1429,0.0152,RENT,MEDICAL,N,0
33,23600,9.5,10400,15.33,0.4407,12,0.8,0.0676,OWN,VENTURE,N,0
44,45300,3.7,16200,13.49,0.3576,6,0.2308,0.0482,MORTGAGE,EDUCATION,N,0
56,110400,1.2,7000,7.37,0.0634,8,0.2105,0.0047,RENT,EDUCATION,N,0
53,56600,0.2,7200,13.63,0.1272,4,0.1143,0.0173,RENT,EDUCATION,N,0
48,21900,2.1,8400,12.83,0.3836,6,0.2,0.0492,MORTGAGE,EDUCATION,N,0
40,40600,1.3,12700,13.32,0.3128,9,0.4091,0.0417,RENT,MEDICAL,N,0
45,16300,1.5,13300,18.0,0.816,3,0.1111,0.1469,RENT,EDUCATION,N,1
45,85200,4.4,17300,12.54,0.2031,6,0.2222,0.0255,MORTGAGE,DEBTCONSOLIDATION,N,0
50,61200,2.7,8300,13.29,0.1356,4,0.125,0.018,RENT,EDUCATION,N,0
56,125200,4.4,6400,6.8,0.0511,5,0.1316,0.0035,RENT,HOMEIMPROVEMENT,N,0
49,33700,2.8,27400,19.74,0.8131,15,0.4839,0.1605,MORTGAGE,MEDICAL,Y,1
42,63300,9.1,14500,11.73,0.2291,2,0.0833,0.0269,RENT,MEDICAL,N,0
45,147200,4.0,6500,9.7,0.0442,11,0.4074,0.0043,MORTGAGE,EDUCATION,N,0
43,34000,0.6,9200,9.96,0.2706,5,0.2,0.027,OWN,MEDICAL,N,0
45,54300,1.8,6700,12.42,0.1234,3,0.1111,0.0153,MORTGAGE,EDUCATION,N,1
61,63600,13.9,15300,13.82,0.2406,16,0.3721,0.0333,RENT,EDUCATION,N,0
46,38500,16.3,11500,12.51,0.2987,6,0.2143,0.0374,RENT,PERSONAL,N,0
38,131200,3.4,15900,10.89,0.1212,7,0.35,0.0132,RENT,VENTURE,N,0
44,12000,3.1,23200,20.43,1.9333,8,0.3077,0.395,MORTGAGE,HOMEIMPROVEMENT,N,1
25,46200,7.0,12000,13.19,0.2597,6,0.8571,0.0343,RENT,EDUCATION,N,0
56,22600,3.9,12100,19.59,0.5354,6,0.1579,0.1049,RENT,MEDICAL,N,1
45,31200,1.6,24500,19.94,0.7853,12,0.4444,0.1566,OTHER,PERSONAL,Y,1
33,58600,6.4,12300,10.37,0.2099,8,0.5333,0.0218,MORTGAGE,EDUCATION,N,0
45,24500,13.3,4100,,0.1673,8,0.2963,0.0212,RENT,PERSONAL,N,0
57,35200,8.6,28000,18.0,0.7955,10,0.2564,0.1432,MORTGAGE,PERSONAL,Y,1
58,54600,6.9,15400,10.1,0.2821,7,0.175,0.0285,MORTGAGE,HOMEIMPROVEMENT,N,0
45,61200,2.4,20900,12.46,0.3415,3,0.1111,0.0426,MORTGAGE,MEDICAL,N,1
55,64600,13.1,12000,12.92,0.1858,2,0.0541,0.024,MORTGAGE,MEDICAL,N,1
52,75400,22.3,16200,,0.2149,5,0.1471,0.0272,RENT,MEDICAL,N,0
43,59100,5.8,13400,12.83,0.2267,4,0.16,0.0291,MORTGAGE,VENTURE,N,0
47,57500,,23700,14.25,0.4122,5,0.1724,0.0587,RENT,PERSONAL,N,0
44,50200,,28000,16.17,0.5578,13,0.5,0.0902,OWN,EDUCATION,N,0
60,47700,9.0,13200,14.82,0.2767,10,0.2381,0.041,RENT,DEBTCONSOLIDATION,N,0
46,65900,5.3,15800,12.02,0.2398,7,0.25,0.0288,RENT,EDUCATION,N,0
48,66400,4.6,30000,18.13,0.4518,2,0.0667,0.0819,RENT,VENTURE,Y,1
47,65000,0.2,6300,8.59,0.0969,6,0.2069,0.0083,MORTGAGE,VENTURE,N,0
33,52700,1.0,23300,16.06,0.4421,5,0.3333,0.071,MORTGAGE,PERSONAL,Y,1
47,56400,8.4,15700,14.27,0.2784,2,0.069,0.0397,OTHER,EDUCATION,N,0
40,124200,6.0,15800,9.97,0.1272,11,0.5,0.0127,RENT,PERSONAL,N,0
39,125300,12.2,24100,11.84,0.1923,4,0.1905,0.0228,RENT,EDUCATION,N,0
34,58900,3.8,10100,8.18,0.1715,5,0.3125,0.014,MORTGAGE,MEDICAL,N,0
34,23300,0.1,15600,21.13,0.6695,11,0.6875,0.1415,RENT,MEDICAL,Y,1
62,60900,5.2,7700,8.36,0.1264,9,0.2045,0.0106,MORTGAGE,PERSONAL,N,0
31,60400,11.2,4800,7.19,0.0795,7,0.5385,0.0057,MORTGAGE,EDUCATION,N,0
39,78500,2.4,19300,10.61,0.2459,3,0.1429,0.0261,MORTGAGE,PERSONAL,N,0
51,61800,5.8,16000,8.46,0.2589,5,0.1515,0.0219,RENT,PERSONAL,N,0
30,60900,6.5,16900,14.4,0.2775,5,0.4167,0.04,MORTGAGE,VENTURE,N,0
48,108700,0.1,10800,8.64,0.0994,11,0.3667,0.0086,RENT,MEDICAL,N,0
42,87300,2.4,8700,12.41,0.0997,6,0.25,0.0124,OWN,EDUCATION,N,0
38,60700,0.9,12100,10.08,0.1993,14,0.7,0.0201,RENT,VENTURE,N,0
48,65700,3.8,21300,11.25,0.3242,7,0.2333,0.0365,MORTGAGE,MEDICAL,N,0
44,53500,3.3,7400,9.17,0.1383,6,0.2308,0.0127,RENT,EDUCATION,N,0
27,24800,4.9,19900,20.29,0.8024,2,0.2222,0.1628,RENT,VENTURE,Y,1
45,85300,12.1,15000,7.42,0.1758,7,0.2593,0.013,RENT,EDUCATION,N,0
54,69900,11.2,4000,9.17,0.0572,10,0.2778,0.0052,RENT,EDUCATION,N,0
55,51200,3.6,5800,5.42,0.1133,4,0.1081,0.0061,MORTGAGE,VENTURE,N,0
42,108500,0.4,22400,12.67,0.2065,3,0.125,0.0262,OWN,VENTURE,N,0
34,31800,16.0,10100,,0.3176,7,0.4375,0.0402,RENT,MEDICAL,Y,0
38,47100,9.6,17000,15.71,0.3609,2,0.1,0.0567,RENT,VENTURE,N,0
33,52300,7.9,7300,6.0,0.1396,8,0.5333,0.0084,OWN,VENTURE,N,0
52,78400,0.6,21400,9.67,0.273,4,0.1176,0.0264,RENT,MEDICAL,N,0
36,88300,4.7,30600,11.29,0.3465,6,0.3333,0.0391,RENT,MEDICAL,N,0
51,49300,0.2,17200,14.72,0.3489,5,0.1515,0.0514,MORTGAGE,MEDICAL,N,0
44,39000,15.0,11100,11.06,0.2846,6,0.2308,0.0315,MORTGAGE,HOMEIMPROVEMENT,N,0
55,45900,9.4,20900,17.85,0.4553,4,0.1081,0.0813,RENT,EDUCATION,N,0
48,19300,7.3,23200,18.07,1.2021,8,0.2667,0.2172,RENT,EDUCATION,Y,1
54,31800,1.2,19400,16.97,0.6101,3,0.0833,0.1035,MORTGAGE,DEBTCONSOLIDATION,Y,1
43,36900,2.6,18100,18.47,0.4905,9,0.36,0.0906,RENT,DEBTCONSOLIDATION,Y,1
35,38600,2.0,10300,11.37,0.2668,8,0.4706,0.0303,RENT,DEBTCONSOLIDATION,N,1
47,45100,1.9,19300,17.25,0.4279,10,0.3448,0.0738,MORTGAGE,VENTURE,N,0
46,105800,1.9,15300,13.07,0.1446,7,0.25,0.0189,MORTGAGE,EDUCATION,N,0
38,38400,2.1,15400,16.71,0.401,20,1.0,0.067,MORTGAGE,PERSONAL,Y,1
44,46600,3.9,19700,12.1,0.4227,9,0.3462,0.0511,MORTGAGE,EDUCATION,Y,0
57,73300,2.4,18000,15.04,0.2456,3,0.0769,0.0369,RENT,PERSONAL,Y,1
42,38600,0.3,9900,,0.2565,4,0.1667,0.0325,MORTGAGE,PERSONAL,N,0
53,26300,3.1,16000,21.68,0.6084,12,0.3429,0.1319,RENT,HOMEIMPROVEMENT,Y,1
36,56800,12.2,4300,,0.0757,6,0.3333,0.0096,RENT,EDUCATION,N,0
49,171500,5.0,29700,10.79,0.1732,12,0.3871,0.0187,OWN,MEDICAL,N,0
36,44600,1.4,14800,11.43,0.3318,2,0.1111,0.0379,RENT,DEBTCONSOLIDATION,N,0
35,47700,1.3,3200,12.24,0.0671,7,0.4118,0.0082,RENT,MEDICAL,N,0
57,107700,6.1,19600,,0.182,4,0.1026,0.023,RENT,EDUCATION,N,0
48,33300,0.0,21000,17.57,0.6306,9,0.3,0.1108,RENT,EDUCATION,N,1
40,37700,5.9,22700,18.37,0.6021,7,0.3182,0.1106,RENT,EDUCATION,N,1
42,47300,10.7,4100,9.56,0.0867,11,0.4583,0.0083,RENT,DEBTCONSOLIDATION,N,0
42,38000,1.5,11200,8.52,0.2947,2,0.0833,0.0251,RENT,EDUCATION,N,0
40,37200,1.5,3700,11.89,0.0995,3,0.1364,0.0118,OWN,PERSONAL,N,0
44,30100,7.3,14700,12.98,0.4884,2,0.0769,0.0634,RENT,MEDICAL,N,1
41,78800,7.7,21400,13.57,0.2716,6,0.2609,0.0369,RENT,VENTURE,Y,1
46,37500,8.8,10500,14.25,0.28,10,0.3571,0.0399,MORTGAGE,EDUCATION,N,0
45,12200,4.4,1500,11.28,0.123,6,0.2222,0.0139,RENT,VENTURE,N,0
34,29000,15.4,26000,22.18,0.8966,4,0.25,0.1989,MORTGAGE,HOMEIMPROVEMENT,Y,1
40,18200,2.0,27000,21.54,1.4835,10,0.4545,0.3195,RENT,DEBTCONSOLIDATION,Y,1
50,20700,0.3,30400,19.98,1.4686,4,0.125,0.2934,MORTGAGE,EDUCATION,Y,1
61,48100,0.2,30200,17.47,0.6279,9,0.2093,0.1097,RENT,HOMEIMPROVEMENT,Y,1
34,12000,0.9,4300,10.68,0.3583,11,0.6875,0.0383,RENT,HOMEIMPROVEMENT,N,0
44,74000,0.3,12800,9.85,0.173,6,0.2308,0.017,RENT,HOMEIMPROVEMENT,N,0
43,61200,21.1,24800,17.47,0.4052,9,0.36,0.0708,OTHER,VENTURE,N,0
52,81000,31.0,18200,12.86,0.2247,12,0.3529,0.0289,RENT,PERSONAL,N,0
41,41000,16.1,22000,13.71,0.5366,4,0.1739,0.0736,MORTGAGE,EDUCATION,N,0
30,126400,5.3,13100,11.0,0.1036,4,0.3333,0.0114,RENT,PERSONAL,N,0
32,46200,0.2,21800,14.44,0.4719,11,0.7857,0.0681,MORTGAGE,MEDICAL,N,1
36,26100,7.0,4300,10.28,0.1648,5,0.2778,0.0169,MORTGAGE,HOMEIMPROVEMENT,N,0
33,101800,2.0,9300,8.4,0.0914,2,0.1333,0.0077,MORTGAGE,PERSONAL,N,0
40,51200,3.9,7900,13.08,0.1543,6,0.2727,0.0202,OTHER,DEBTCONSOLIDATION,N,0
37,56600,3.0,5600,8.19,0.0989,2,0.1053,0.0081,MORTGAGE,DEBTCONSOLIDATION,N,0
59,23000,1.2,16300,,0.7087,11,0.2683,0.0897,RENT,EDUCATION,Y,1
39,52600,0.4,23400,15.83,0.4449,14,0.6667,0.0704,RENT,VENTURE,N,0
56,77300,1.8,14600,10.27,0.1889,10,0.2632,0.0194,MORTGAGE,EDUCATION,N,0
53,43600,4.6,18700,14.55,0.4289,14,0.4,0.0624,MORTGAGE,VENTURE,Y,1
39,179800,4.0,10600,9.29,0.059,5,0.2381,0.0055,MORTGAGE,MEDICAL,N,0
41,42900,3.9,13400,14.03,0.3124,4,0.1739,0.0438,RENT,PERSONAL,N,0
42,25600,11.4,17000,21.78,0.6641,9,0.375,0.1446,MORTGAGE,DEBTCONSOLIDATION,Y,1
51,76300,,15800,11.14,0.2071,5,0.1515,0.0231,OWN,DEBTCONSOLIDATION,N,0
40,40200,0.5,13700,15.9,0.3408,14,0.6364,0.0542,MORTGAGE,PERSONAL,N,0
43,43700,18.3,7600,9.52,0.1739,15,0.6,0.0166,RENT,MEDICAL,N,0
42,47100,9.0,12300,11.77,0.2611,7,0.2917,0.0307,MORTGAGE,MEDICAL,N,1
50,31400,1.2,7900,13.43,0.2516,3,0.0938,0.0338,MORTGAGE,PERSONAL,N,0
57,45800,0.2,16100,14.96,0.3515,8,0.2051,0.0526,RENT,HOMEIMPROVEMENT,N,1
56,110400,7.6,10600,11.76,0.096,3,0.0789,0.0113,RENT,EDUCATION,N,0
37,20700,9.3,17000,16.77,0.8213,5,0.2632,0.1377,MORTGAGE,DEBTCONSOLIDATION,Y,1
40,49400,2.6,24400,16.48,0.4939,7,0.3182,0.0814,MORTGAGE,PERSONAL,N,1
40,105100,7.8,22400,,0.2131,12,0.5455,0.027,MORTGAGE,HOMEIMPROVEMENT,N,0
53,86000,2.2,11100,9.29,0.1291,12,0.3429,0.012,RENT,PERSONAL,N,0
39,66300,4.7,19300,15.21,0.2911,2,0.0952,0.0443,MORTGAGE,VENTURE,N,0
47,140200,2.1,21100,12.44,0.1505,6,0.2069,0.0187,RENT,VENTURE,N,0
47,87600,6.9,20100,16.61,0.2295,6,0.2069,0.0381,RENT,VENTURE,N,1
50,79000,10.5,10800,10.87,0.1367,5,0.1562,0.0149,RENT,EDUCATION,N,0
39,108500,0.3,20700,6.7,0.1908,8,0.381,0.0128,MORTGAGE,EDUCATION,N,0
40,47400,4.0,6600,13.1,0.1392,6,0.2727,0.0182,RENT,VENTURE,N,0
36,72600,6.0,3700,9.41,0.051,4,0.2222,0.0048,OTHER,VENTURE,N,0
51,79300,2.4,14900,,0.1879,4,0.1212,0.0238,RENT,VENTURE,N,0
31,64600,13.0,4700,6.34,0.0728,9,0.6923,0.0046,RENT,PERSONAL,N,0
42,61900,2.7,4100,8.65,0.0662,9,0.375,0.0057,RENT,MEDICAL,N,0
50,36800,0.8,7600,13.85,0.2065,18,0.5625,0.0286,RENT,MEDICAL,Y,0
31,53200,2.3,2100,10.67,0.0395,7,0.5385,0.0042,MORTGAGE,MEDICAL,N,0
40,195100,8.0,26700,10.42,0.1369,2,0.0909,0.0143,RENT,MEDICAL,N,0
37,40500,3.7,8200,11.92,0.2025,6,0.3158,0.0241,RENT,MEDICAL,N,0
50,45100,2.1,5600,11.9,0.1242,5,0.1562,0.0148,RENT,VENTURE,N,0
39,63400,5.0,6900,10.38,0.1088,2,0.0952,0.0113,RENT,VENTURE,N,1
30,45100,7.0,23000,16.29,0.51,8,0.6667,0.0831,MORTGAGE,VENTURE,N,0
36,129200,7.5,7900,7.77,0.0611,2,0.1111,0.0047,RENT,VENTURE,N,0
47,119200,2.7,22100,10.3,0.1854,6,0.2069,0.0191,MORTGAGE,EDUCATION,Y,0
37,35400,3.7,22600,17.92,0.6384,3,0.1579,0.1144,MORTGAGE,VENTURE,N,1
41,115600,10.6,12400,7.38,0.1073,7,0.3043,0.0079,MORTGAGE,MEDICAL,N,0
41,135500,10.1,3900,7.82,0.0288,7,0.3043,0.0023,MORTGAGE,MEDICAL,N,0
39,26300,2.4,18600,17.63,0.7072,3,0.1429,0.1247,MORTGAGE,HOMEIMPROVEMENT,N,0
60,46900,0.3,14900,13.68,0.3177,5,0.119,0.0435,RENT,MEDICAL,N,0
31,129600,6.3,27700,,0.2137,8,0.6154,0.0271,RENT,HOMEIMPROVEMENT,N,0
56,17600,3.5,17200,20.78,0.9773,4,0.1053,0.2031,RENT,DEBTCONSOLIDATION,Y,1
67,30600,5.8,9200,9.98,0.3007,2,0.0408,0.03,MORTGAGE,PERSONAL,N,0
53,129300,0.4,25100,10.03,0.1941,5,0.1429,0.0195,MORTGAGE,HOMEIMPROVEMENT,N,0
39,58300,0.7,2900,10.47,0.0497,6,0.2857,0.0052,MORTGAGE,EDUCATION,N,0
50,100800,27.3,13800,11.94,0.1369,5,0.1562,0.0163,RENT,PERSONAL,N,0
47,37100,0.4,11200,8.83,0.3019,2,0.069,0.0267,RENT,EDUCATION,N,0
52,61000,1.5,23900,16.84,0.3918,2,0.0588,0.066,MORTGAGE,DEBTCONSOLIDATION,N,0
29,90100,,16100,9.01,0.1787,7,0.6364,0.0161,RENT,EDUCATION,N,0
46,40500,14.6,23500,18.05,0.5802,5,0.1786,0.1047,MORTGAGE,VENTURE,N,1
39,66800,21.0,16900,14.72,0.253,3,0.1429,0.0372,RENT,EDUCATION,N,0
57,26100,1.2,16700,20.55,0.6398,5,0.1282,0.1315,RENT,DEBTCONSOLIDATION,Y,1
31,168600,13.0,11300,10.11,0.067,13,1.0,0.0068,RENT,MEDICAL,N,0
39,167200,4.9,10500,10.21,0.0628,6,0.2857,0.0064,OWN,DEBTCONSOLIDATION,N,0
46,39700,0.3,14300,14.4,0.3602,8,0.2857,0.0519,OWN,PERSONAL,N,0
36,51900,6.5,6500,10.02,0.1252,6,0.3333,0.0125,MORTGAGE,EDUCATION,N,0
53,141200,0.2,20400,11.85,0.1445,2,0.0571,0.0171,MORTGAGE,HOMEIMPROVEMENT,N,0
39,22800,16.2,21800,18.66,0.9561,5,0.2381,0.1784,MORTGAGE,PERSONAL,N,1
37,44000,9.0,12600,12.3,0.2864,5,0.2632,0.0352,MORTGAGE,MEDICAL,N,1
34,44800,0.5,34000,21.92,0.7589,8,0.5,0.1664,RENT,EDUCATION,N,1
49,39300,8.8,18000,16.53,0.458,2,0.0645,0.0757,RENT,PERSONAL,N,0
38,34900,3.5,13800,16.13,0.3954,12,0.6,0.0638,MORTGAGE,DEBTCONSOLIDATION,Y,1
33,54700,1.0,19300,11.13,0.3528,2,0.1333,0.0393,RENT,EDUCATION,N,0
61,23600,14.4,7700,13.02,0.3263,20,0.4651,0.0425,MORTGAGE,PERSONAL,N,0
49,102800,1.0,14000,8.35,0.1362,11,0.3548,0.0114,OWN,PERSONAL,N,0
36,35300,7.0,33500,19.76,0.949,15,0.8333,0.1875,OWN,DEBTCONSOLIDATION,Y,1
67,66600,6.5,12300,8.36,0.1847,9,0.1837,0.0154,RENT,PERSONAL,N,0
49,111000,0.1,13500,8.82,0.1216,4,0.129,0.0107,MORTGAGE,MEDICAL,N,0
61,30900,1.6,24400,21.63,0.7896,10,0.2326,0.1708,RENT,PERSONAL,N,1
39,62200,12.8,11500,13.66,0.1849,4,0.1905,0.0253,MORTGAGE,DEBTCONSOLIDATION,N,0
65,67200,4.6,30600,18.29,0.4554,12,0.2553,0.0833,RENT,PERSONAL,Y,0
37,63600,1.3,11100,7.23,0.1745,5,0.2632,0.0126,MORTGAGE,EDUCATION,N,0
40,39100,0.0,12500,12.21,0.3197,6,0.2727,0.039,MORTGAGE,MEDICAL,N,0
55,107600,1.4,15200,,0.1413,7,0.1892,0.0179,MORTGAGE,HOMEIMPROVEMENT,Y,0
61,79500,1.0,19100,10.29,0.2403,6,0.1395,0.0247,RENT,PERSONAL,N,0
36,35100,1.7,18300,19.59,0.5214,7,0.3889,0.1021,MORTGAGE,EDUCATION,Y,1
40,48000,20.7,15000,9.62,0.3125,3,0.1364,0.0301,RENT,EDUCATION,N,0
39,31200,2.5,13400,14.11,0.4295,4,0.1905,0.0606,MORTGAGE,EDUCATION,N,0
37,64100,1.0,7800,8.74,0.1217,6,0.3158,0.0106,MORTGAGE,HOMEIMPROVEMENT,N,0
39,44200,,8300,11.38,0.1878,4,0.1905,0.0214,RENT,EDUCATION,N,0
47,24000,4.0,9400,15.16,0.3917,6,0.2069,0.0594,MORTGAGE,PERSONAL,Y,0
46,91300,11.4,28000,11.29,0.3067,3,0.1071,0.0346,RENT,EDUCATION,N,0
46,33500,4.9,16000,16.65,0.4776,11,0.3929,0.0795,RENT,VENTURE,Y,1
48,56700,7.6,5500,,0.097,4,0.1333,0.0123,RENT,PERSONAL,N,0
39,77100,2.1,7700,8.79,0.0999,6,0.2857,0.0088,MORTGAGE,PERSONAL,N,0
50,37900,1.2,21300,19.51,0.562,8,0.25,0.1096,MORTGAGE,PERSONAL,Y,1
47,34400,0.2,29100,,0.8459,11,0.3793,0.1071,RENT,EDUCATION,N,1
48,58100,3.8,13800,11.98,0.2375,8,0.2667,0.0285,MORTGAGE,PERSONAL,N,0
48,26200,3.1,8800,14.25,0.3359,8,0.2667,0.0479,RENT,EDUCATION,N,0
35,42900,2.4,18200,13.01,0.4242,6,0.3529,0.0552,MORTGAGE,MEDICAL,N,0
51,49100,1.2,15100,14.2,0.3075,2,0.0606,0.0437,RENT,PERSONAL,Y,1
52,55100,2.5,12800,12.59,0.2323,10,0.2941,0.0292,MORTGAGE,PERSONAL,N,0
46,30500,0.9,4100,9.32,0.1344,4,0.1429,0.0125,RENT,DEBTCONSOLIDATION,N,0
35,96400,0.1,18500,12.81,0.1919,7,0.4118,0.0246,RENT,PERSONAL,Y,0
52,85000,4.9,24500,11.85,0.2882,4,0.1176,0.0342,RENT,EDUCATION,N,0
45,75600,3.6,3500,6.43,0.0463,5,0.1852,0.003,RENT,PERSONAL,N,0
60,138500,11.3,22900,11.5,0.1653,3,0.0714,0.019,MORTGAGE,MEDICAL,N,0
51,40900,3.1,24300,18.78,0.5941,4,0.1212,0.1116,OWN,HOMEIMPROVEMENT,Y,1
31,69100,5.7,10200,11.02,0.1476,5,0.3846,0.0163,OTHER,EDUCATION,N,0
53,92700,2.8,11100,10.87,0.1197,2,0.0571,0.013,RENT,VENTURE,N,0
50,114000,9.7,12200,10.57,0.107,4,0.125,0.0113,MORTGAGE,PERSONAL,N,0
41,67100,6.5,8600,10.08,0.1282,6,0.2609,0.0129,MORTGAGE,MEDICAL,N,0
43,31800,,24800,18.28,0.7799,7,0.28,0.1426,MORTGAGE,HOMEIMPROVEMENT,N,1
53,47600,4.7,18400,13.51,0.3866,12,0.3429,0.0522,RENT,DEBTCONSOLIDATION,Y,0
49,178500,9.2,7000,11.28,0.0392,4,0.129,0.0044,RENT,EDUCATION,N,0
54,54400,9.9,4600,9.83,0.0846,23,0.6389,0.0083,RENT,PERSONAL,N,0
56,71800,2.0,8600,10.56,0.1198,8,0.2105,0.0127,MORTGAGE,VENTURE,N,0
39,52600,1.0,6100,11.06,0.116,7,0.3333,0.0128,RENT,DEBTCONSOLIDATION,N,0
34,46700,16.0,25100,16.9,0.5375,11,0.6875,0.0908,MORTGAGE,HOMEIMPROVEMENT,Y,1
38,36000,1.1,9200,,0.2556,7,0.35,0.0324,MORTGAGE,MEDICAL,N,0
54,38600,8.4,16900,,0.4378,3,0.0833,0.0554,RENT,PERSONAL,N,1
32,105700,13.0,11100,11.43,0.105,4,0.2857,0.012,MORTGAGE,MEDICAL,Y,0
23,71500,5.0,9200,7.61,0.1287,3,0.6,0.0098,OWN,DEBTCONSOLIDATION,N,0
52,119500,2.4,20500,12.48,0.1715,5,0.1471,0.0214,MORTGAGE,EDUCATION,N,0
45,57500,2.6,11500,11.23,0.2,2,0.0741,0.0225,RENT,MEDICAL,N,0
35,43500,13.9,10000,14.61,0.2299,8,0.4706,0.0336,MORTGAGE,DEBTCONSOLIDATION,N,0
26,71700,7.0,9300,10.93,0.1297,5,0.625,0.0142,MORTGAGE,DEBTCONSOLIDATION,N,0
44,164400,2.2,9800,10.35,0.0596,10,0.3846,0.0062,MORTGAGE,DEBTCONSOLIDATION,N,0
41,37800,3.4,16300,14.15,0.4312,3,0.1304,0.061,RENT,HOMEIMPROVEMENT,N,1
39,51700,2.3,6800,8.21,0.1315,2,0.0952,0.0108,RENT,MEDICAL,N,0
47,23000,8.7,19800,18.04,0.8609,14,0.4828,0.1553,RENT,HOMEIMPROVEMENT,Y,1
34,67900,1.0,10400,10.43,0.1532,7,0.4375,0.016,RENT,HOMEIMPROVEMENT,N,0
44,22000,0.3,8500,13.31,0.3864,6,0.2308,0.0514,RENT,PERSONAL,N,1
36,54600,2.8,13000,,0.2381,2,0.1111,0.0301,MORTGAGE,VENTURE,N,0
33,61000,1.1,18300,15.31,0.3,4,0.2667,0.0459,RENT,VENTURE,N,0
31,85000,11.7,20800,9.64,0.2447,3,0.2308,0.0236,OWN,HOMEIMPROVEMENT,N,0
36,108200,0.3,14800,11.32,0.1368,9,0.5,0.0155,OWN,PERSONAL,N,0
35,32400,4.1,6500,12.89,0.2006,4,0.2353,0.0259,RENT,VENTURE,N,0
54,41200,4.3,14700,14.37,0.3568,5,0.1389,0.0513,RENT,DEBTCONSOLIDATION,Y,0
50,19500,2.6,22100,19.46,1.1333,5,0.1562,0.2205,OWN,EDUCATION,Y,1
53,33300,11.0,23100,18.04,0.6937,2,0.0571,0.1251,OWN,PERSONAL,N,1
46,20000,2.3,8600,17.42,0.43,4,0.1429,0.0749,RENT,MEDICAL,Y,1
54,23100,1.3,3000,9.12,0.1299,3,0.0833,0.0118,MORTGAGE,MEDICAL,N,0
50,78500,0.4,8000,11.29,0.1019,8,0.25,0.0115,RENT,PERSONAL,N,0
49,45200,2.9,11700,,0.2588,4,0.129,0.0328,MORTGAGE,DEBTCONSOLIDATION,N,0
36,72700,3.6,12700,10.7,0.1747,5,0.2778,0.0187,MORTGAGE,PERSONAL,N,0
48,64500,1.8,20900,,0.324,3,0.1,0.041,RENT,DEBTCONSOLIDATION,N,0
37,78800,4.8,5900,8.6,0.0749,11,0.5789,0.0064,MORTGAGE,PERSONAL,Y,0
63,250000,3.6,9000,8.33,0.036,3,0.0667,0.003,MORTGAGE,EDUCATION,N,0
38,153500,0.2,15000,8.06,0.0977,2,0.1,0.0079,MORTGAGE,EDUCATION,N,0
38,61300,7.3,12200,9.75,0.199,13,0.65,0.0194,RENT,VENTURE,N,0
39,39700,6.6,22000,19.2,0.5542,3,0.1429,0.1064,RENT,VENTURE,Y,1
45,40700,1.6,3900,8.49,0.0958,16,0.5926,0.0081,RENT,EDUCATION,N,0
36,45900,4.8,11200,11.54,0.244,6,0.3333,0.0282,RENT,HOMEIMPROVEMENT,N,0
44,49300,3.0,25800,17.18,0.5233,5,0.1923,0.0899,RENT,EDUCATION,N,1
67,15400,5.7,4900,13.94,0.3182,4,0.0816,0.0444,OTHER,PERSONAL,N,0
48,41100,4.6,12300,13.15,0.2993,6,0.2,0.0394,RENT,MEDICAL,Y,1
39,27300,1.9,20400,19.16,0.7473,3,0.1429,0.1432,RENT,EDUCATION,Y,1
40,68100,3.1,13700,8.44,0.2012,4,0.1818,0.017,RENT,EDUCATION,N,0
37,107600,10.1,25500,12.97,0.237,14,0.7368,0.0307,OTHER,PERSONAL,N,0
28,54600,0.7,28200,15.85,0.5165,10,1.0,0.0819,MORTGAGE,EDUCATION,Y,1
30,101200,2.0,18500,10.6,0.1828,6,0.5,0.0194,MORTGAGE,EDUCATION,N,0
40,77100,3.5,26400,,0.3424,13,0.5909,0.0433,RENT,VENTURE,N,0
44,46800,4.3,31200,19.7,0.6667,2,0.0769,0.1313,OTHER,HOMEIMPROVEMENT,N,0
38,250000,1.8,22200,11.77,0.0888,7,0.35,0.0105,RENT,VENTURE,N,0
55,25800,6.7,31300,18.55,1.2132,6,0.1622,0.225,RENT,VENTURE,Y,1
46,33100,3.0,7400,8.16,0.2236,8,0.2857,0.0182,MORTGAGE,MEDICAL,N,0
46,67500,3.5,15100,7.99,0.2237,10,0.3571,0.0179,OWN,MEDICAL,N,0
47,60100,0.4,23800,,0.396,2,0.069,0.0501,RENT,VENTURE,Y,0
51,57200,2.5,6300,,0.1101,15,0.4545,0.0139,OWN,MEDICAL,N,0
41,34500,2.1,11900,17.76,0.3449,4,0.1739,0.0613,RENT,VENTURE,N,0
56,22300,4.6,15400,17.04,0.6906,11,0.2895,0.1177,MORTGAGE,PERSONAL,Y,0
70,142800,1.9,5900,7.66,0.0413,2,0.0385,0.0032,RENT,EDUCATION,N,0
45,34200,0.2,15700,15.82,0.4591,15,0.5556,0.0726,RENT,EDUCATION,Y,0
58,52200,22.3,9800,11.04,0.1877,5,0.125,0.0207,RENT,EDUCATION,N,0
34,50800,4.1,7400,9.41,0.1457,7,0.4375,0.0137,MORTGAGE,MEDICAL,N,0
44,42100,2.3,17200,18.41,0.4086,7,0.2692,0.0752,MORTGAGE,DEBTCONSOLIDATION,N,0
35,64200,3.8,11100,12.55,0.1729,3,0.1765,0.0217,OWN,DEBTCONSOLIDATION,N,0
57,84600,,11000,11.05,0.13,6,0.1538,0.0144,MORTGAGE,EDUCATION,N,0
40,63500,1.9,25900,16.31,0.4079,7,0.3182,0.0665,OWN,VENTURE,Y,0
33,67500,3.1,22800,13.03,0.3378,2,0.1333,0.044,MORTGAGE,EDUCATION,N,1
45,169100,2.6,27600,11.55,0.1632,6,0.2222,0.0188,MORTGAGE,PERSONAL,N,0
47,32500,0.8,21700,20.74,0.6677,3,0.1034,0.1385,OWN,DEBTCONSOLIDATION,Y,1
46,51500,13.4,14800,,0.2874,8,0.2857,0.0364,RENT,EDUCATION,N,0
47,24400,8.4,15800,16.52,0.6475,5,0.1724,0.107,MORTGAGE,PERSONAL,Y,1
38,146600,8.4,6600,,0.045,2,0.1,0.0057,RENT,PERSONAL,N,0
34,42300,,8200,11.32,0.1939,13,0.8125,0.0219,RENT,VENTURE,N,0
48,30100,5.1,7500,10.69,0.2492,7,0.2333,0.0266,RENT,HOMEIMPROVEMENT,N,0
38,52700,0.7,25700,15.55,0.4877,13,0.65,0.0758,RENT,MEDICAL,Y,0
48,62000,2.8,29100,16.51,0.4694,2,0.0667,0.0775,RENT,DEBTCONSOLIDATION,Y,1
44,42400,2.1,9100,13.25,0.2146,5,0.1923,0.0284,RENT,PERSONAL,N,0
39,42100,1.3,12200,11.75,0.2898,9,0.4286,0.0341,MORTGAGE,DEBTCONSOLIDATION,N,0
43,38000,12.5,12600,16.2,0.3316,8,0.32,0.0537,RENT,EDUCATION,N,0
48,53600,,7700,10.33,0.1437,7,0.2333,0.0148,RENT,EDUCATION,N,0
50,110900,5.6,14100,10.45,0.1271,3,0.0938,0.0133,MORTGAGE,DEBTCONSOLIDATION,N,0
55,89800,4.5,13500,10.37,0.1503,3,0.0811,0.0156,RENT,HOMEIMPROVEMENT,N,0
57,96400,2.9,25800,12.59,0.2676,8,0.2051,0.0337,RENT,EDUCATION,N,0
70,37300,12.1,17700,17.12,0.4745,5,0.0962,0.0812,RENT,VENTURE,N,0
56,104700,0.2,8800,9.15,0.084,9,0.2368,0.0077,MORTGAGE,VENTURE,N,0
62,39800,5.1,18800,14.15,0.4724,2,0.0455,0.0668,RENT,VENTURE,N,0
37,47500,2.0,13600,14.13,0.2863,13,0.6842,0.0405,RENT,MEDICAL,N,1
43,41800,8.1,2600,5.42,0.0622,7,0.28,0.0034,RENT,EDUCATION,N,0
41,33300,12.5,28600,18.64,0.8589,3,0.1304,0.1601,RENT,DEBTCONSOLIDATION,N,0
40,198200,1.1,4600,5.87,0.0232,3,0.1364,0.0014,RENT,EDUCATION,N,0
33,60500,2.5,9000,,0.1488,3,0.2,0.0188,MORTGAGE,PERSONAL,N,0
39,94100,6.9,7700,8.13,0.0818,5,0.2381,0.0067,OWN,EDUCATION,N,0
42,57200,0.6,14100,10.52,0.2465,5,0.2083,0.0259,MORTGAGE,MEDICAL,N,1
56,59900,1.3,10800,9.44,0.1803,4,0.1053,0.017,RENT,MEDICAL,Y,0
36,61400,2.6,24900,15.02,0.4055,5,0.2778,0.0609,RENT,EDUCATION,Y,1
36,30800,15.8,14700,17.67,0.4773,4,0.2222,0.0843,OWN,VENTURE,N,1
44,55900,8.5,13100,,0.2343,6,0.2308,0.0297,RENT,MEDICAL,N,0
39,149700,2.0,23800,12.63,0.159,7,0.3333,0.0201,RENT,MEDICAL,N,0
32,74900,2.9,15700,9.98,0.2096,9,0.6429,0.0209,MORTGAGE,EDUCATION,N,0
43,81600,4.0,9100,14.04,0.1115,7,0.28,0.0157,RENT,DEBTCONSOLIDATION,N,0
38,68100,1.2,15200,10.17,0.2232,9,0.45,0.0227,OWN,PERSONAL,N,0
50,35400,5.5,13800,16.62,0.3898,14,0.4375,0.0648,RENT,EDUCATION,N,0
54,38400,1.3,11900,14.98,0.3099,4,0.1111,0.0464,RENT,MEDICAL,N,1
36,110700,5.9,20400,14.05,0.1843,8,0.4444,0.0259,RENT,EDUCATION,N,0
38,73900,13.0,4300,11.11,0.0582,3,0.15,0.0065,MORTGAGE,VENTURE,N,0
41,74400,,24400,13.68,0.328,5,0.2174,0.0449,MORTGAGE,MEDICAL,N,1
39,87000,0.5,13100,12.63,0.1506,5,0.2381,0.019,MORTGAGE,DEBTCONSOLIDATION,Y,1
32,39000,3.1,12600,17.55,0.3231,12,0.8571,0.0567,RENT,VENTURE,Y,1
56,127900,7.6,5800,6.96,0.0453,7,0.1842,0.0032,RENT,HOMEIMPROVEMENT,N,0
30,113400,3.0,9800,8.23,0.0864,3,0.25,0.0071,RENT,HOMEIMPROVEMENT,N,0
46,73800,6.3,16700,11.33,0.2263,9,0.3214,0.0256,RENT,EDUCATION,N,0
57,57500,0.8,16800,11.36,0.2922,4,0.1026,0.0332,MORTGAGE,EDUCATION,N,0
48,70000,7.7,12300,5.42,0.1757,10,0.3333,0.0095,RENT,EDUCATION,N,0
51,50300,0.7,31300,17.48,0.6223,12,0.3636,0.1088,RENT,HOMEIMPROVEMENT,Y,1
54,34500,14.5,13000,16.9,0.3768,7,0.1944,0.0637,MORTGAGE,PERSONAL,N,0
43,45000,,11300,11.89,0.2511,15,0.6,0.0299,RENT,MEDICAL,N,0
43,37100,11.1,13300,14.35,0.3585,11,0.44,0.0514,OTHER,PERSONAL,N,0
70,113700,6.4,31100,14.08,0.2735,5,0.0962,0.0385,RENT,PERSONAL,N,0
34,34900,16.0,14200,,0.4069,14,0.875,0.0515,RENT,DEBTCONSOLIDATION,Y,1
41,72000,6.4,26800,16.31,0.3722,6,0.2609,0.0607,MORTGAGE,VENTURE,N,0
36,60300,,9300,12.09,0.1542,6,0.3333,0.0186,RENT,DEBTCONSOLIDATION,N,0
41,134500,1.4,11200,8.9,0.0833,6,0.2609,0.0074,OWN,DEBTCONSOLIDATION,N,0
57,44700,1.2,12000,14.22,0.2685,10,0.2564,0.0382,MORTGAGE,PERSONAL,N,0
53,37700,2.6,4200,10.9,0.1114,9,0.2571,0.0121,MORTGAGE,DEBTCONSOLIDATION,N,0
41,31500,0.7,9500,13.34,0.3016,4,0.1739,0.0402,RENT,PERSONAL,N,1
37,41900,3.9,7000,10.73,0.1671,8,0.4211,0.0179,MORTGAGE,DEBTCONSOLIDATION,N,0
47,51700,5.1,3100,7.22,0.06,7,0.2414,0.0043,MORTGAGE,EDUCATION,N,0
35,59500,0.4,10100,8.9,0.1697,9,0.5294,0.0151,MORTGAGE,DEBTCONSOLIDATION,N,0
47,26000,2.5,25700,15.65,0.9885,4,0.1379,0.1547,MORTGAGE,PERSONAL,N,1
46,57700,1.9,20600,17.53,0.357,7,0.25,0.0626,RENT,VENTURE,Y,1
33,73100,0.5,13800,10.18,0.1888,3,0.2,0.0192,RENT,MEDICAL,Y,0
47,38000,1.6,12300,10.7,0.3237,11,0.3793,0.0346,OWN,EDUCATION,N,0
36,39200,8.4,12500,16.3,0.3189,8,0.4444,0.052,RENT,DEBTCONSOLIDATION,N,1
50,15300,1.0,15100,18.73,0.9869,7,0.2188,0.1848,MORTGAGE,DEBTCONSOLIDATION,Y,1
35,25000,7.0,18900,17.73,0.756,6,0.3529,0.134,RENT,EDUCATION,N,1
41,26700,7.0,12900,17.24,0.4831,4,0.1739,0.0833,RENT,MEDICAL,N,0
48,60900,2.4,11000,,0.1806,6,0.2,0.0229,MORTGAGE,VENTURE,N,0
40,31500,6.6,11800,13.47,0.3746,14,0.6364,0.0505,MORTGAGE,PERSONAL,N,1
41,36200,1.8,22000,20.23,0.6077,4,0.1739,0.1229,RENT,VENTURE,Y,1
47,34100,2.9,21900,20.28,0.6422,11,0.3793,0.1302,RENT,PERSONAL,Y,1
38,26000,2.3,14100,18.7,0.5423,4,0.2,0.1014,MORTGAGE,HOMEIMPROVEMENT,Y,1
47,15500,3.1,21100,,1.3613,2,0.069,0.1723,RENT,MEDICAL,N,0
45,111900,1.4,18700,12.95,0.1671,3,0.1111,0.0216,RENT,MEDICAL,Y,0
41,52000,5.4,9700,12.24,0.1865,3,0.1304,0.0228,RENT,PERSONAL,Y,0
37,44100,6.4,19000,16.2,0.4308,10,0.5263,0.0698,OWN,VENTURE,Y,0
40,70800,5.7,18900,15.96,0.2669,6,0.2727,0.0426,MORTGAGE,DEBTCONSOLIDATION,N,0
37,120500,6.7,5900,11.22,0.049,10,0.5263,0.0055,RENT,VENTURE,N,0
48,37000,2.8,9800,10.95,0.2649,10,0.3333,0.029,MORTGAGE,MEDICAL,N,0
37,24600,7.3,22300,18.19,0.9065,12,0.6316,0.1649,OWN,MEDICAL,Y,1
53,38300,4.4,2200,6.21,0.0574,8,0.2286,0.0036,MORTGAGE,EDUCATION,N,0
43,77800,5.6,10100,12.67,0.1298,6,0.24,0.0164,MORTGAGE,DEBTCONSOLIDATION,N,0
43,90900,2.5,7200,9.39,0.0792,8,0.32,0.0074,MORTGAGE,MEDICAL,N,1
40,104700,3.1,9500,10.06,0.0907,10,0.4545,0.0091,MORTGAGE,DEBTCONSOLIDATION,N,0
50,157900,19.8,8800,7.67,0.0557,6,0.1875,0.0043,MORTGAGE,PERSONAL,N,0
29,53500,8.9,6700,9.73,0.1252,6,0.5455,0.0122,MORTGAGE,EDUCATION,N,0
46,72000,0.3,27700,12.84,0.3847,12,0.4286,0.0494,RENT,PERSONAL,N,0
63,135500,1.2,9600,9.73,0.0708,12,0.2667,0.0069,OWN,VENTURE,N,0
45,35300,2.1,21100,17.72,0.5977,5,0.1852,0.1059,RENT,EDUCATION,N,1
49,71900,8.3,24900,13.46,0.3463,4,0.129,0.0466,MORTGAGE,MEDICAL,N,0
44,35600,9.0,12500,11.81,0.3511,4,0.1538,0.0415,MORTGAGE,HOMEIMPROVEMENT,N,0
45,16800,0.5,18700,19.79,1.1131,5,0.1852,0.2203,MORTGAGE,PERSONAL,N,1
44,119000,5.9,25900,14.51,0.2176,5,0.1923,0.0316,RENT,PERSONAL,N,0
36,23900,7.1,19400,22.17,0.8117,2,0.1111,0.18,MORTGAGE,EDUCATION,Y,1
43,76500,6.1,27300,14.16,0.3569,7,0.28,0.0505,MORTGAGE,MEDICAL,N,0
52,71300,3.8,10800,10.73,0.1515,6,0.1765,0.0163,MORTGAGE,VENTURE,N,0
49,66500,1.2,26400,13.76,0.397,7,0.2258,0.0546,MORTGAGE,MEDICAL,N,1
33,103900,0.3,6500,6.61,0.0626,15,1.0,0.0041,MORTGAGE,MEDICAL,N,0
53,29600,2.7,18300,20.6,0.6182,10,0.2857,0.1273,MORTGAGE,DEBTCONSOLIDATION,Y,1
39,33400,4.4,27900,,0.8353,8,0.381,0.1057,MORTGAGE,EDUCATION,Y,0
44,179400,10.8,33600,11.16,0.1873,5,0.1923,0.0209,RENT,PERSONAL,N,0
44,78900,1.4,24800,12.57,0.3143,17,0.6538,0.0395,RENT,HOMEIMPROVEMENT,Y,1
44,74200,12.7,23000,8.51,0.31,4,0.1538,0.0264,RENT,PERSONAL,N,0
53,107600,1.4,11800,11.32,0.1097,6,0.1714,0.0124,OWN,PERSONAL,Y,0
41,144600,9.5,17900,10.9,0.1238,4,0.1739,0.0135,OTHER,DEBTCONSOLIDATION,N,0
38,74500,10.5,11900,13.16,0.1597,5,0.25,0.021,MORTGAGE,VENTURE,N,0
39,39900,4.4,5300,12.28,0.1328,7,0.3333,0.0163,MORTGAGE,VENTURE,N,0
35,63800,0.2,5800,12.96,0.0909,4,0.2353,0.0118,RENT,VENTURE,N,0
54,29400,1.4,22900,15.69,0.7789,6,0.1667,0.1222,MORTGAGE,EDUCATION,N,1
33,71300,3.6,29600,16.11,0.4151,6,0.4,0.0669,OWN,EDUCATION,N,0
49,102300,2.2,4700,6.71,0.0459,3,0.0968,0.0031,MORTGAGE,PERSONAL,N,0
42,23700,0.3,18000,19.49,0.7595,2,0.0833,0.148,MORTGAGE,MEDICAL,Y,1
30,36900,5.7,10600,16.17,0.2873,5,0.4167,0.0465,RENT,EDUCATION,Y,0
52,21100,3.0,14300,22.0,0.6777,7,0.2059,0.1491,MORTGAGE,PERSONAL,Y,1
47,58500,10.5,6100,7.82,0.1043,4,0.1379,0.0082,MORTGAGE,EDUCATION,N,0
52,80800,8.0,31800,11.29,0.3936,6,0.1765,0.0444,RENT,PERSONAL,N,0
47,58400,5.4,15700,12.51,0.2688,6,0.2069,0.0336,RENT,MEDICAL,N,1
41,85900,3.8,8300,9.93,0.0966,11,0.4783,0.0096,MORTGAGE,HOMEIMPROVEMENT,N,0
50,31000,8.1,23300,19.99,0.7516,6,0.1875,0.1502,RENT,DEBTCONSOLIDATION,Y,1
34,63200,1.0,23700,13.07,0.375,3,0.1875,0.049,RENT,MEDICAL,N,0
42,47000,,9000,10.98,0.1915,13,0.5417,0.021,OWN,HOMEIMPROVEMENT,N,0
34,32500,2.7,8500,12.43,0.2615,6,0.375,0.0325,RENT,MEDICAL,N,0
35,22700,10.7,19800,17.94,0.8722,2,0.1176,0.1565,RENT,EDUCATION,Y,1
44,51000,7.3,10400,13.16,0.2039,2,0.0769,0.0268,MORTGAGE,DEBTCONSOLIDATION,N,0
38,54600,5.4,9300,13.22,0.1703,9,0.45,0.0225,RENT,MEDICAL,N,0
40,58600,9.2,11600,13.32,0.198,8,0.3636,0.0264,MORTGAGE,EDUCATION,N,0
27,53400,,9900,9.8,0.1854,9,1.0,0.0182,RENT,DEBTCONSOLIDATION,N,0
54,53900,0.7,15600,13.63,0.2894,3,0.0833,0.0394,RENT,VENTURE,N,0
55,54000,0.6,4300,8.56,0.0796,3,0.0811,0.0068,RENT,EDUCATION,N,0
40,37900,3.9,13300,13.78,0.3509,5,0.2273,0.0484,RENT,EDUCATION,N,0
45,90300,4.8,13000,10.53,0.144,5,0.1852,0.0152,RENT,VENTURE,N,0
42,43900,1.6,17500,16.62,0.3986,5,0.2083,0.0662,RENT,EDUCATION,N,1
41,53200,1.2,10200,,0.1917,2,0.087,0.0243,MORTGAGE,PERSONAL,N,0
51,185000,4.5,14200,9.08,0.0768,3,0.0909,0.007,MORTGAGE,VENTURE,N,0
45,26000,10.6,12200,17.13,0.4692,7,0.2593,0.0804,RENT,DEBTCONSOLIDATION,N,0
43,58800,0.3,6000,10.39,0.102,11,0.44,0.0106,RENT,MEDICAL,N,0
43,91700,1.1,12800,13.31,0.1396,2,0.08,0.0186,RENT,EDUCATION,N,0
46,126900,5.7,9000,13.67,0.0709,9,0.3214,0.0097,RENT,DEBTCONSOLIDATION,N,0
49,29100,0.8,9800,17.51,0.3368,10,0.3226,0.059,RENT,VENTURE,N,0
30,72600,12.0,11800,9.09,0.1625,4,0.3333,0.0148,OWN,HOMEIMPROVEMENT,N,0
50,52200,2.2,16100,14.04,0.3084,3,0.0938,0.0433,MORTGAGE,PERSONAL,N,0
51,48700,1.0,20200,13.47,0.4148,7,0.2121,0.0559,MORTGAGE,HOMEIMPROVEMENT,N,0
53,24900,3.7,8800,16.67,0.3534,6,0.1714,0.0589,MORTGAGE,MEDICAL,N,1
43,12000,3.6,24300,20.19,2.025,6,0.24,0.4088,MORTGAGE,VENTURE,Y,1
41,42300,1.0,6200,12.34,0.1466,4,0.1739,0.0181,MORTGAGE,DEBTCONSOLIDATION,N,0
53,63200,11.3,9600,,0.1519,5,0.1429,0.0192,RENT,DEBTCONSOLIDATION,N,0
46,57400,26.2,14800,15.44,0.2578,10,0.3571,0.0398,OWN,MEDICAL,N,0
52,70400,3.0,29500,17.46,0.419,2,0.0588,0.0732,MORTGAGE,PERSONAL,N,1
44,59100,5.3,24800,15.32,0.4196,4,0.1538,0.0643,RENT,PERSONAL,N,0
49,61800,1.9,10700,11.87,0.1731,7,0.2258,0.0205,RENT,PERSONAL,N,0
58,45400,7.8,6900,11.0,0.152,6,0.15,0.0167,RENT,EDUCATION,N,0
38,64500,0.4,13000,10.45,0.2016,4,0.2,0.0211,RENT,MEDICAL,N,0
38,25900,3.6,12600,17.47,0.4865,2,0.1,0.085,MORTGAGE,PERSONAL,N,0
53,57100,7.9,13100,14.53,0.2294,7,0.2,0.0333,RENT,EDUCATION,N,0
48,51400,1.3,11000,11.33,0.214,5,0.1667,0.0242,RENT,VENTURE,N,0
50,117200,11.9,12400,10.0,0.1058,9,0.2812,0.0106,RENT,VENTURE,N,0
47,86300,0.6,10900,9.11,0.1263,5,0.1724,0.0115,MORTGAGE,MEDICAL,N,0
34,57600,6.4,5600,9.2,0.0972,11,0.6875,0.0089,OWN,PERSONAL,N,0
47,52600,4.1,10100,12.47,0.192,5,0.1724,0.0239,MORTGAGE,EDUCATION,N,0
48,52600,6.5,12000,13.42,0.2281,2,0.0667,0.0306,RENT,EDUCATION,N,0
50,80700,13.9,13000,10.35,0.1611,5,0.1562,0.0167,RENT,VENTURE,N,0
46,123300,6.5,5900,6.8,0.0479,4,0.1429,0.0033,RENT,MEDICAL,N,0
42,52100,1.6,31500,19.72,0.6046,8,0.3333,0.1192,RENT,VENTURE,Y,1
49,66500,1.1,18500,14.19,0.2782,7,0.2258,0.0395,RENT,HOMEIMPROVEMENT,N,0
52,25900,3.1,19200,20.37,0.7413,3,0.0882,0.151,RENT,VENTURE,Y,1
41,35700,2.0,8900,13.86,0.2493,3,0.1304,0.0346,OWN,EDUCATION,N,0
37,22500,4.4,7700,12.35,0.3422,4,0.2105,0.0423,MORTGAGE,EDUCATION,Y,0
46,40900,2.0,18800,15.55,0.4597,17,0.6071,0.0715,MORTGAGE,VENTURE,Y,0
64,137500,0.1,15000,11.15,0.1091,11,0.2391,0.0122,OWN,VENTURE,N,0
51,78300,7.1,9600,9.22,0.1226,9,0.2727,0.0113,MORTGAGE,EDUCATION,Y,0
42,27500,,32500,21.77,1.1818,8,0.3333,0.2573,MORTGAGE,VENTURE,Y,1
44,31200,12.3,13500,17.0,0.4327,9,0.3462,0.0736,MORTGAGE,EDUCATION,N,0
39,87400,9.9,31500,15.98,0.3604,4,0.1905,0.0576,RENT,MEDICAL,Y,1
58,30100,6.4,20500,16.7,0.6811,13,0.325,0.1137,MORTGAGE,HOMEIMPROVEMENT,Y,1
46,46700,8.6,9100,11.54,0.1949,6,0.2143,0.0225,RENT,HOMEIMPROVEMENT,N,0
39,34800,7.6,11000,13.63,0.3161,3,0.1429,0.0431,RENT,VENTURE,N,0
34,45300,3.7,9800,,0.2163,10,0.625,0.0274,RENT,PERSONAL,N,0
39,58100,1.7,30900,14.41,0.5318,4,0.1905,0.0766,OWN,EDUCATION,N,0
53,66800,11.7,11600,12.98,0.1737,4,0.1143,0.0225,RENT,DEBTCONSOLIDATION,N,0
47,56700,5.9,10600,13.57,0.1869,8,0.2759,0.0254,MORTGAGE,DEBTCONSOLIDATION,N,0
36,30600,3.6,4200,10.1,0.1373,7,0.3889,0.0139,RENT,EDUCATION,N,0
66,96900,9.4,10800,7.81,0.1115,5,0.1042,0.0087,RENT,PERSONAL,N,0
39,77100,1.2,4000,6.7,0.0519,5,0.2381,0.0035,MORTGAGE,MEDICAL,N,0
44,30100,3.2,28500,21.8,0.9468,9,0.3462,0.2064,RENT,PERSONAL,Y,1
55,39100,5.8,5400,9.4,0.1381,8,0.2162,0.013,RENT,PERSONAL,Y,0
53,32900,8.1,27200,15.96,0.8267,2,0.0571,0.1319,RENT,DEBTCONSOLIDATION,Y,1
41,171700,1.8,8700,8.35,0.0507,10,0.4348,0.0042,RENT,EDUCATION,N,0
40,63400,6.1,21300,13.65,0.336,8,0.3636,0.0459,RENT,MEDICAL,Y,1
41,122400,0.9,17300,6.58,0.1413,2,0.087,0.0093,RENT,PERSONAL,N,0
50,79500,3.1,12600,11.52,0.1585,5,0.1562,0.0183,RENT,PERSONAL,N,0
50,96200,1.1,8200,13.94,0.0852,11,0.3438,0.0119,RENT,VENTURE,N,0
56,22900,7.1,21000,21.13,0.917,4,0.1053,0.1938,RENT,DEBTCONSOLIDATION,Y,1
56,39000,4.7,24900,20.06,0.6385,9,0.2368,0.1281,RENT,HOMEIMPROVEMENT,Y,1
58,54100,7.6,10000,10.11,0.1848,3,0.075,0.0187,MORTGAGE,VENTURE,N,0
32,12500,1.4,10700,18.53,0.856,13,0.9286,0.1586,RENT,EDUCATION,Y,1
50,120000,13.7,16000,11.76,0.1333,10,0.3125,0.0157,MORTGAGE,VENTURE,N,0
45,40800,0.9,11000,10.75,0.2696,3,0.1111,0.029,RENT,EDUCATION,Y,0
45,82000,3.2,9600,9.32,0.1171,9,0.3333,0.0109,OWN,MEDICAL,N,0
39,30300,8.6,5500,10.46,0.1815,9,0.4286,0.019,MORTGAGE,VENTURE,N,0
29,29100,0.1,16700,16.22,0.5739,7,0.6364,0.0931,MORTGAGE,PERSONAL,Y,1
45,143200,1.6,23600,8.41,0.1648,11,0.4074,0.0139,RENT,PERSONAL,N,0
61,76000,1.3,12900,,0.1697,2,0.0465,0.0215,MORTGAGE,MEDICAL,N,0
51,33100,3.9,9200,10.72,0.2779,5,0.1515,0.0298,MORTGAGE,EDUCATION,N,1
34,33700,15.7,18500,21.3,0.549,3,0.1875,0.1169,RENT,PERSONAL,Y,1
45,96800,1.9,6900,9.4,0.0713,8,0.2963,0.0067,OWN,DEBTCONSOLIDATION,N,0
36,38400,4.4,16300,18.39,0.4245,11,0.6111,0.0781,RENT,MEDICAL,N,1
56,68600,4.7,11800,10.33,0.172,5,0.1316,0.0178,MORTGAGE,MEDICAL,Y,0
47,153100,1.4,15600,9.7,0.1019,4,0.1379,0.0099,MORTGAGE,EDUCATION,N,0
47,73700,4.1,26600,13.04,0.3609,5,0.1724,0.0471,MORTGAGE,DEBTCONSOLIDATION,Y,0
61,60300,0.2,25200,15.93,0.4179,2,0.0465,0.0666,OWN,EDUCATION,N,0
59,83600,1.3,4900,9.19,0.0586,10,0.2439,0.0054,RENT,HOMEIMPROVEMENT,Y,0
56,87700,2.1,21800,14.83,0.2486,18,0.4737,0.0369,RENT,PERSONAL,N,0
49,56100,5.1,13800,14.89,0.246,2,0.0645,0.0366,RENT,EDUCATION,N,0
47,59200,8.3,15300,15.68,0.2584,3,0.1034,0.0405,RENT,DEBTCONSOLIDATION,N,0
36,18500,0.4,8600,18.44,0.4649,8,0.4444,0.0857,RENT,EDUCATION,Y,1
44,86900,7.7,15600,,0.1795,7,0.2692,0.0227,RENT,MEDICAL,N,1
52,20500,5.7,28000,20.15,1.3659,2,0.0588,0.2752,RENT,VENTURE,Y,1
34,101000,4.1,4900,11.07,0.0485,5,0.3125,0.0054,MORTGAGE,DEBTCONSOLIDATION,N,0
42,56100,2.5,22900,14.58,0.4082,7,0.2917,0.0595,RENT,MEDICAL,N,1
44,61600,13.0,15600,15.02,0.2532,11,0.4231,0.038,RENT,VENTURE,Y,0
46,99700,3.7,12100,8.26,0.1214,4,0.1429,0.01,RENT,VENTURE,N,0
61,47500,2.5,30800,17.02,0.6484,17,0.3953,0.1104,MORTGAGE,PERSONAL,N,1
47,64900,3.6,21600,16.07,0.3328,5,0.1724,0.0535,OWN,HOMEIMPROVEMENT,N,0
38,29900,6.6,28200,21.18,0.9431,14,0.7,0.1997,RENT,EDUCATION,N,1
39,136000,4.5,27300,8.71,0.2007,8,0.381,0.0175,RENT,MEDICAL,N,0
44,38300,1.3,8500,10.07,0.2219,4,0.1538,0.0223,MORTGAGE,VENTURE,N,0
33,51900,1.1,17600,13.16,0.3391,4,0.2667,0.0446,MORTGAGE,EDUCATION,N,0
45,50700,6.3,17800,14.67,0.3511,2,0.0741,0.0515,MORTGAGE,EDUCATION,N,0
44,81300,18.8,10900,11.67,0.1341,2,0.0769,0.0156,RENT,EDUCATION,N,0
44,100600,0.3,16200,14.37,0.161,3,0.1154,0.0231,RENT,VENTURE,N,0
35,66500,4.1,10400,10.2,0.1564,15,0.8824,0.016,RENT,EDUCATION,N,0
42,65600,1.7,15600,11.37,0.2378,8,0.3333,0.027,OWN,DEBTCONSOLIDATION,N,0
49,53900,0.4,22300,16.29,0.4137,4,0.129,0.0674,RENT,MEDICAL,N,0
37,39500,4.1,6200,12.04,0.157,2,0.1053,0.0189,RENT,DEBTCONSOLIDATION,N,1
40,43800,1.5,11800,,0.2694,8,0.3636,0.0341,RENT,PERSONAL,N,1
48,48500,2.1,14600,11.36,0.301,2,0.0667,0.0342,RENT,EDUCATION,N,0
41,54000,8.3,2400,11.35,0.0444,9,0.3913,0.005,MORTGAGE,DEBTCONSOLIDATION,N,0
53,52900,,10800,,0.2042,4,0.1143,0.0259,RENT,PERSONAL,N,0
36,102400,11.7,8100,,0.0791,6,0.3333,0.01,RENT,VENTURE,N,0
25,23600,5.9,13800,18.7,0.5847,4,0.5714,0.1093,OTHER,MEDICAL,N,1
42,68600,1.4,15700,15.13,0.2289,5,0.2083,0.0346,MORTGAGE,PERSONAL,N,0
38,179000,7.3,22800,10.73,0.1274,2,0.1,0.0137,MORTGAGE,MEDICAL,N,0
50,83000,3.5,30000,12.27,0.3614,10,0.3125,0.0443,RENT,EDUCATION,N,0
32,57600,2.5,22900,14.71,0.3976,4,0.2857,0.0585,OWN,PERSONAL,N,0
33,47500,0.4,15500,14.7,0.3263,2,0.1333,0.048,RENT,PERSONAL,N,1
39,76100,6.3,14800,8.7,0.1945,9,0.4286,0.0169,OTHER,DEBTCONSOLIDATION,N,0
33,47600,7.5,6500,10.36,0.1366,7,0.4667,0.0142,RENT,HOMEIMPROVEMENT,N,0
40,65200,3.4,16000,12.56,0.2454,5,0.2273,0.0308,RENT,EDUCATION,N,1
41,93000,4.7,29900,15.79,0.3215,2,0.087,0.0508,RENT,EDUCATION,N,0
55,66600,8.7,17500,12.41,0.2628,4,0.1081,0.0326,RENT,PERSONAL,Y,0
35,70400,5.4,6700,8.74,0.0952,4,0.2353,0.0083,MORTGAGE,HOMEIMPROVEMENT,N,0
48,65100,1.3,9300,11.86,0.1429,8,0.2667,0.0169,RENT,HOMEIMPROVEMENT,N,0
46,64500,2.4,18300,11.55,0.2837,7,0.25,0.0328,RENT,EDUCATION,N,0
28,19500,1.9,7200,13.58,0.3692,6,0.6,0.0501,MORTGAGE,HOMEIMPROVEMENT,N,0
48,44300,2.0,4700,7.81,0.1061,2,0.0667,0.0083,RENT,MEDICAL,Y,0
46,57400,1.6,18600,12.24,0.324,9,0.3214,0.0397,RENT,PERSONAL,N,0
40,21000,15.5,8500,13.99,0.4048,6,0.2727,0.0566,MORTGAGE,MEDICAL,N,0
40,226800,11.2,24600,6.64,0.1085,3,0.1364,0.0072,RENT,EDUCATION,N,0
44,65000,2.7,6400,11.1,0.0985,7,0.2692,0.0109,MORTGAGE,EDUCATION,N,0
44,106100,12.6,27100,12.27,0.2554,9,0.3462,0.0313,RENT,EDUCATION,N,0
43,75400,,6000,9.82,0.0796,14,0.56,0.0078,MORTGAGE,MEDICAL,N,0
24,28700,6.0,26500,22.36,0.9233,6,1.0,0.2064,MORTGAGE,VENTURE,Y,1
45,44400,0.9,23500,15.96,0.5293,6,0.2222,0.0845,RENT,HOMEIMPROVEMENT,N,0
54,64800,12.0,11300,10.41,0.1744,12,0.3333,0.0182,OWN,VENTURE,N,0
34,216700,0.6,12100,8.16,0.0558,5,0.3125,0.0046,RENT,PERSONAL,N,0
40,34000,1.4,13500,14.58,0.3971,2,0.0909,0.0579,MORTGAGE,VENTURE,Y,1
47,74100,8.8,15400,12.39,0.2078,6,0.2069,0.0257,RENT,PERSONAL,N,0
39,44700,8.1,10400,,0.2327,4,0.1905,0.0295,RENT,PERSONAL,N,0
44,42000,7.6,10900,13.51,0.2595,9,0.3462,0.0351,RENT,EDUCATION,N,0
41,31800,0.9,24800,18.28,0.7799,11,0.4783,0.1426,RENT,MEDICAL,Y,1
40,66300,2.8,19600,10.5,0.2956,8,0.3636,0.031,RENT,EDUCATION,N,0
45,29400,5.1,18200,15.39,0.619,6,0.2222,0.0953,RENT,EDUCATION,N,1
58,59600,2.7,14500,8.51,0.2433,13,0.325,0.0207,MORTGAGE,EDUCATION,N,0
45,34300,3.4,9200,11.82,0.2682,3,0.1111,0.0317,RENT,PERSONAL,N,1
37,30100,2.3,12200,14.41,0.4053,3,0.1579,0.0584,RENT,MEDICAL,N,1
55,27000,0.1,9100,14.25,0.337,6,0.1622,0.048,RENT,VENTURE,N,0
43,47400,3.0,7400,10.82,0.1561,5,0.2,0.0169,RENT,DEBTCONSOLIDATION,N,1
63,54800,0.3,19000,13.49,0.3467,6,0.1333,0.0468,MORTGAGE,MEDICAL,N,0
28,88500,10.0,15500,11.16,0.1751,5,0.5,0.0195,MORTGAGE,VENTURE,N,0
43,64700,3.9,14300,12.2,0.221,4,0.16,0.027,MORTGAGE,PERSONAL,N,0
30,28600,0.8,14200,,0.4965,4,0.3333,0.0629,MORTGAGE,DEBTCONSOLIDATION,N,0
63,33000,3.1,10400,10.61,0.3152,3,0.0667,0.0334,OTHER,EDUCATION,N,0
56,27600,1.9,13100,17.09,0.4746,4,0.1053,0.0811,RENT,DEBTCONSOLIDATION,Y,1
44,78600,1.3,27100,16.01,0.3448,3,0.1154,0.0552,RENT,MEDICAL,N,0
37,74300,9.6,16100,10.67,0.2167,6,0.3158,0.0231,OWN,HOMEIMPROVEMENT,N,0
36,57500,0.4,10800,11.28,0.1878,4,0.2222,0.0212,RENT,PERSONAL,N,0
41,102200,1.4,16200,8.81,0.1585,5,0.2174,0.014,MORTGAGE,EDUCATION,N,0
48,46800,17.9,13100,13.89,0.2799,2,0.0667,0.0389,OWN,VENTURE,N,0
50,71200,3.2,7300,9.6,0.1025,20,0.625,0.0098,RENT,EDUCATION,N,0
46,118000,3.0,13800,16.0,0.1169,6,0.2143,0.0187,MORTGAGE,VENTURE,N,0
43,37500,6.9,18500,14.44,0.4933,4,0.16,0.0712,RENT,EDUCATION,N,0
29,58400,8.5,9400,10.66,0.161,9,0.8182,0.0172,MORTGAGE,VENTURE,N,0
32,36800,6.2,30300,18.24,0.8234,7,0.5,0.1502,RENT,HOMEIMPROVEMENT,N,1
46,172800,8.9,21000,9.82,0.1215,7,0.25,0.0119,RENT,VENTURE,N,0
45,47000,1.3,19500,14.86,0.4149,6,0.2222,0.0617,RENT,DEBTCONSOLIDATION,N,0
32,125300,11.0,7400,5.42,0.0591,13,0.9286,0.0032,RENT,PERSONAL,N,0
38,140000,0.4,9800,8.93,0.07,2,0.1,0.0063,RENT,EDUCATION,N,0
37,90500,4.9,7100,8.46,0.0785,4,0.2105,0.0066,MORTGAGE,HOMEIMPROVEMENT,N,0
44,27900,5.9,8700,14.89,0.3118,3,0.1154,0.0464,RENT,MEDICAL,N,0
53,54100,0.2,9000,10.23,0.1664,5,0.1429,0.017,MORTGAGE,VENTURE,N,0
42,84400,8.4,14800,11.88,0.1754,2,0.0833,0.0208,MORTGAGE,PERSONAL,N,0
58,129300,2.2,14300,13.0,0.1106,7,0.175,0.0144,RENT,EDUCATION,N,0
55,89900,1.5,15200,11.68,0.1691,9,0.2432,0.0198,MORTGAGE,DEBTCONSOLIDATION,N,0
42,25000,1.4,9100,11.2,0.364,4,0.1667,0.0408,MORTGAGE,PERSONAL,N,0
38,49400,12.2,14100,12.31,0.2854,5,0.25,0.0351,RENT,EDUCATION,Y,0
38,41500,10.6,5200,9.26,0.1253,7,0.35,0.0116,RENT,MEDICAL,N,0
41,100200,4.1,22100,,0.2206,4,0.1739,0.0279,RENT,DEBTCONSOLIDATION,N,0
51,45000,2.5,11100,15.63,0.2467,5,0.1515,0.0386,MORTGAGE,DEBTCONSOLIDATION,N,0
48,112100,1.0,11700,9.11,0.1044,12,0.4,0.0095,RENT,EDUCATION,N,0
30,30300,0.9,9000,15.49,0.297,10,0.8333,0.046,RENT,EDUCATION,N,0
50,71400,15.9,31700,14.39,0.444,3,0.0938,0.0639,RENT,EDUCATION,N,0
48,42300,4.8,18000,15.39,0.4255,9,0.3,0.0655,RENT,VENTURE,N,1
41,17700,4.6,14300,19.65,0.8079,2,0.087,0.1588,MORTGAGE,EDUCATION,N,1
39,29700,2.2,9100,15.85,0.3064,6,0.2857,0.0486,RENT,MEDICAL,N,0
66,71300,7.6,25500,13.16,0.3576,6,0.125,0.0471,RENT,EDUCATION,N,0
51,32600,9.9,6000,15.68,0.184,9,0.2727,0.0289,MORTGAGE,EDUCATION,N,0
41,133200,4.5,10300,7.85,0.0773,6,0.2609,0.0061,RENT,PERSONAL,N,0
54,45100,17.4,5400,8.48,0.1197,10,0.2778,0.0102,MORTGAGE,EDUCATION,N,0
36,47700,4.2,13700,17.61,0.2872,14,0.7778,0.0506,MORTGAGE,DEBTCONSOLIDATION,Y,1
64,26900,1.0,10100,12.27,0.3755,3,0.0652,0.0461,RENT,EDUCATION,Y,0
40,93300,1.9,15500,14.39,0.1661,9,0.4091,0.0239,MORTGAGE,VENTURE,N,0
31,24800,13.0,27000,22.66,1.0887,4,0.3077,0.2467,MORTGAGE,DEBTCONSOLIDATION,Y,1
38,47300,20.0,30100,17.87,0.6364,6,0.3,0.1137,RENT,EDUCATION,Y,0
47,124300,6.6,17400,,0.14,6,0.2069,0.0177,MORTGAGE,VENTURE,N,0
57,230700,0.9,18300,8.69,0.0793,5,0.1282,0.0069,RENT,EDUCATION,N,0
67,107400,2.1,22100,8.44,0.2058,18,0.3673,0.0174,RENT,EDUCATION,N,0
43,61100,4.0,13500,12.82,0.2209,9,0.36,0.0283,RENT,DEBTCONSOLIDATION,N,0
52,48300,7.0,23900,18.26,0.4948,3,0.0882,0.0904,RENT,HOMEIMPROVEMENT,N,0
34,50700,2.9,25400,19.01,0.501,7,0.4375,0.0952,MORTGAGE,PERSONAL,Y,1
34,72200,3.2,16700,12.7,0.2313,6,0.375,0.0294,RENT,VENTURE,Y,0
38,79500,4.1,7600,8.66,0.0956,2,0.1,0.0083,RENT,MEDICAL,N,0
42,28400,8.9,14700,18.25,0.5176,9,0.375,0.0945,MORTGAGE,EDUCATION,Y,1
49,24000,1.9,17800,18.73,0.7417,4,0.129,0.1389,RENT,DEBTCONSOLIDATION,Y,1
41,44800,0.9,27200,18.63,0.6071,6,0.2609,0.1131,MORTGAGE,MEDICAL,N,0
41,64200,6.8,26600,,0.4143,9,0.3913,0.0525,RENT,DEBTCONSOLIDATION,Y,1
51,60700,18.8,15500,11.06,0.2554,6,0.1818,0.0282,MORTGAGE,VENTURE,N,0
40,74900,1.6,4800,11.24,0.0641,10,0.4545,0.0072,RENT,MEDICAL,Y,0
34,34500,2.9,17300,,0.5014,8,0.5,0.0635,MORTGAGE,PERSONAL,N,0
47,37800,0.6,21100,16.53,0.5582,5,0.1724,0.0923,RENT,HOMEIMPROVEMENT,N,0
49,105900,3.0,13700,11.57,0.1294,5,0.1613,0.015,MORTGAGE,VENTURE,N,0
57,26000,2.7,16000,18.63,0.6154,8,0.2051,0.1146,OWN,PERSONAL,N,1
41,72800,4.2,21600,13.85,0.2967,8,0.3478,0.0411,MORTGAGE,DEBTCONSOLIDATION,N,0
45,57100,4.8,19800,14.73,0.3468,4,0.1481,0.0511,MORTGAGE,DEBTCONSOLIDATION,N,0
45,22900,,4500,10.99,0.1965,8,0.2963,0.0216,RENT,EDUCATION,N,0
49,130100,5.9,21100,11.19,0.1622,10,0.3226,0.0182,MORTGAGE,VENTURE,N,0
40,64800,3.2,16600,15.33,0.2562,6,0.2727,0.0393,RENT,DEBTCONSOLIDATION,N,1
43,26300,1.2,27500,19.35,1.0456,2,0.08,0.2023,RENT,EDUCATION,N,1
44,49100,1.4,11000,13.79,0.224,2,0.0769,0.0309,MORTGAGE,HOMEIMPROVEMENT,N,0
47,74600,5.1,9000,10.93,0.1206,8,0.2759,0.0132,RENT,MEDICAL,N,0
67,23200,6.9,14100,20.09,0.6078,5,0.102,0.1221,MORTGAGE,VENTURE,N,1
34,43400,13.1,14000,10.35,0.3226,14,0.875,0.0334,RENT,VENTURE,N,0
47,25200,15.8,20800,18.29,0.8254,13,0.4483,0.151,RENT,EDUCATION,N,1
51,42000,6.6,7400,10.83,0.1762,7,0.2121,0.0191,MORTGAGE,VENTURE,N,0
48,29300,,13600,16.03,0.4642,8,0.2667,0.0744,RENT,MEDICAL,Y,1
31,25900,0.8,10900,12.8,0.4208,11,0.8462,0.0539,RENT,MEDICAL,N,0
46,79300,0.9,19500,13.35,0.2459,13,0.4643,0.0328,RENT,VENTURE,N,0
43,29700,1.7,17800,19.11,0.5993,4,0.16,0.1145,RENT,MEDICAL,N,1
35,30700,8.3,22700,16.81,0.7394,4,0.2353,0.1243,OWN,MEDICAL,N,0
53,209200,1.9,23400,7.12,0.1119,7,0.2,0.008,MORTGAGE,MEDICAL,N,0
47,45600,15.0,14000,11.83,0.307,4,0.1379,0.0363,RENT,EDUCATION,N,0
30,29200,5.4,13200,21.98,0.4521,7,0.5833,0.0994,RENT,VENTURE,Y,1
34,76800,16.0,10600,8.7,0.138,2,0.125,0.012,MORTGAGE,DEBTCONSOLIDATION,N,0
30,67300,,17400,15.94,0.2585,12,1.0,0.0412,MORTGAGE,DEBTCONSOLIDATION,Y,0
38,28800,2.1,21000,21.04,0.7292,5,0.25,0.1534,MORTGAGE,MEDICAL,N,1
37,50300,1.2,18400,13.49,0.3658,11,0.5789,0.0493,OTHER,MEDICAL,Y,0
59,24900,5.3,9400,12.65,0.3775,13,0.3171,0.0478,OWN,VENTURE,N,1
42,36600,1.9,22600,18.84,0.6175,2,0.0833,0.1163,MORTGAGE,EDUCATION,N,1
39,20800,2.5,14300,19.82,0.6875,4,0.1905,0.1363,RENT,HOMEIMPROVEMENT,Y,1
50,49800,0.6,11100,16.41,0.2229,5,0.1562,0.0366,RENT,MEDICAL,N,0
42,20700,4.9,15500,19.28,0.7488,10,0.4167,0.1444,RENT,MEDICAL,Y,1
61,26600,1.0,19400,21.35,0.7293,9,0.2093,0.1557,MORTGAGE,DEBTCONSOLIDATION,N,0
51,96000,17.3,21500,11.69,0.224,8,0.2424,0.0262,RENT,PERSONAL,N,0
41,75200,5.3,22900,,0.3045,10,0.4348,0.0385,RENT,MEDICAL,N,1
55,102500,25.1,26000,11.63,0.2537,9,0.2432,0.0295,RENT,HOMEIMPROVEMENT,N,0
40,135800,13.7,6500,8.5,0.0479,7,0.3182,0.0041,RENT,MEDICAL,N,0
36,114900,1.1,6800,7.07,0.0592,2,0.1111,0.0042,RENT,MEDICAL,N,0
51,37300,3.2,24100,17.83,0.6461,9,0.2727,0.1152,MORTGAGE,MEDICAL,Y,1
32,49400,6.9,10600,14.85,0.2146,5,0.3571,0.0319,MORTGAGE,PERSONAL,N,0
47,55900,6.2,23800,15.69,0.4258,7,0.2414,0.0668,RENT,EDUCATION,Y,1
42,122900,7.1,9300,10.24,0.0757,14,0.5833,0.0078,MORTGAGE,MEDICAL,N,0
50,60000,5.1,15000,10.35,0.25,2,0.0625,0.0259,MORTGAGE,PERSONAL,N,0
30,29800,3.1,2900,11.94,0.0973,12,1.0,0.0116,MORTGAGE,VENTURE,N,0
46,44300,17.2,5000,8.32,0.1129,11,0.3929,0.0094,OWN,HOMEIMPROVEMENT,N,0
42,39700,,5300,9.27,0.1335,9,0.375,0.0124,RENT,VENTURE,N,0
39,59300,0.2,3100,8.71,0.0523,2,0.0952,0.0046,RENT,HOMEIMPROVEMENT,N,0
42,38800,6.8,13900,13.27,0.3582,6,0.25,0.0475,OWN,VENTURE,N,1
35,39000,1.9,19000,14.31,0.4872,4,0.2353,0.0697,RENT,HOMEIMPROVEMENT,Y,1
37,54200,5.4,18500,16.46,0.3413,7,0.3684,0.0562,OWN,MEDICAL,N,0
53,32000,,31600,20.69,0.9875,6,0.1714,0.2043,MORTGAGE,MEDICAL,Y,1
46,64400,7.6,13300,10.06,0.2065,8,0.2857,0.0208,MORTGAGE,VENTURE,N,0
48,32300,14.9,20900,16.32,0.6471,6,0.2,0.1056,RENT,EDUCATION,N,1
59,49900,2.1,15900,12.23,0.3186,3,0.0732,0.039,MORTGAGE,VENTURE,N,0
45,36900,0.4,10100,12.43,0.2737,9,0.3333,0.034,MORTGAGE,EDUCATION,N,0
46,59100,1.5,21600,13.4,0.3655,9,0.3214,0.049,RENT,MEDICAL,N,0
48,75600,6.2,7000,10.17,0.0926,5,0.1667,0.0094,OWN,PERSONAL,N,1
32,87100,4.5,11900,9.7,0.1366,9,0.6429,0.0133,MORTGAGE,VENTURE,N,0
42,85800,1.8,14800,9.55,0.1725,3,0.125,0.0165,MORTGAGE,EDUCATION,N,0
58,87900,1.2,5400,8.96,0.0614,11,0.275,0.0055,MORTGAGE,MEDICAL,N,0
57,96900,0.3,26200,13.12,0.2704,11,0.2821,0.0355,RENT,PERSONAL,N,0
47,103000,0.7,23100,8.57,0.2243,4,0.1379,0.0192,MORTGAGE,DEBTCONSOLIDATION,N,0
41,75900,6.5,31700,14.86,0.4177,9,0.3913,0.0621,OTHER,MEDICAL,N,0
44,121200,0.7,13200,8.7,0.1089,14,0.5385,0.0095,MORTGAGE,PERSONAL,N,0
57,60500,0.2,28600,15.91,0.4727,5,0.1282,0.0752,MORTGAGE,HOMEIMPROVEMENT,N,1
32,108800,10.6,5000,6.79,0.046,6,0.4286,0.0031,OWN,PERSONAL,N,0
39,55700,10.5,16500,15.14,0.2962,13,0.619,0.0448,RENT,VENTURE,N,0
55,28900,1.3,23000,16.62,0.7958,5,0.1351,0.1323,MORTGAGE,HOMEIMPROVEMENT,Y,1
48,62400,0.6,24800,14.97,0.3974,8,0.2667,0.0595,RENT,DEBTCONSOLIDATION,N,1
31,77500,3.6,14600,13.82,0.1884,2,0.1538,0.026,MORTGAGE,PERSONAL,N,0
46,40600,3.8,15100,12.3,0.3719,6,0.2143,0.0457,MORTGAGE,EDUCATION,N,0
52,58700,1.8,16200,12.01,0.276,4,0.1176,0.0331,RENT,EDUCATION,N,0
47,34600,9.1,23200,,0.6705,9,0.3103,0.0849,MORTGAGE,VENTURE,N,1
45,134000,12.8,9900,9.5,0.0739,11,0.4074,0.007,MORTGAGE,MEDICAL,N,0
45,46900,6.9,13100,12.22,0.2793,5,0.1852,0.0341,MORTGAGE,DEBTCONSOLIDATION,N,0
47,159300,3.1,16800,8.12,0.1055,8,0.2759,0.0086,RENT,VENTURE,Y,0
32,37400,12.6,18100,15.61,0.484,7,0.5,0.0756,RENT,HOMEIMPROVEMENT,N,0
35,79500,5.5,16900,12.68,0.2126,7,0.4118,0.027,MORTGAGE,EDUCATION,N,0
60,39000,3.4,11300,15.88,0.2897,7,0.1667,0.046,RENT,MEDICAL,N,1
33,102900,6.2,11300,8.1,0.1098,9,0.6,0.0089,OWN,EDUCATION,N,0
40,52500,2.5,13100,14.92,0.2495,5,0.2273,0.0372,RENT,MEDICAL,N,0
41,97800,2.9,11900,6.38,0.1217,4,0.1739,0.0078,RENT,PERSONAL,N,0
50,137900,4.1,15100,7.92,0.1095,5,0.1562,0.0087,RENT,VENTURE,N,0
37,93800,5.4,4200,6.11,0.0448,11,0.5789,0.0027,RENT,DEBTCONSOLIDATION,N,0
42,47800,5.3,6800,8.18,0.1423,6,0.25,0.0116,RENT,DEBTCONSOLIDATION,N,1
45,115800,12.4,11400,8.66,0.0984,8,0.2963,0.0085,RENT,DEBTCONSOLIDATION,N,0
50,62000,4.4,16600,12.2,0.2677,19,0.5938,0.0327,OWN,EDUCATION,N,0
46,53000,4.6,8100,10.35,0.1528,4,0.1429,0.0158,MORTGAGE,MEDICAL,N,0
40,122900,1.6,9800,7.02,0.0797,7,0.3182,0.0056,MORTGAGE,PERSONAL,N,0
41,89700,8.0,17800,11.99,0.1984,2,0.087,0.0238,MORTGAGE,MEDICAL,N,0
58,42700,6.3,11700,15.09,0.274,3,0.075,0.0413,MORTGAGE,DEBTCONSOLIDATION,N,1
43,91800,14.4,6900,9.75,0.0752,9,0.36,0.0073,RENT,MEDICAL,N,0
48,96700,3.9,23100,11.69,0.2389,13,0.4333,0.0279,OWN,MEDICAL,N,0
60,60600,3.2,26700,13.87,0.4406,8,0.1905,0.0611,RENT,MEDICAL,N,1
28,34700,5.5,6000,12.13,0.1729,9,0.9,0.021,OWN,MEDICAL,N,0
54,65900,6.2,10100,12.52,0.1533,5,0.1389,0.0192,RENT,DEBTCONSOLIDATION,N,1
33,28700,2.9,13000,14.89,0.453,12,0.8,0.0675,MORTGAGE,EDUCATION,N,0
56,94700,2.7,10700,8.84,0.113,5,0.1316,0.01,MORTGAGE,MEDICAL,N,0
28,22300,4.3,13800,18.67,0.6188,3,0.3,0.1155,MORTGAGE,VENTURE,Y,1
46,48600,3.4,16700,11.98,0.3436,2,0.0714,0.0412,RENT,MEDICAL,N,0
68,148500,,29100,12.88,0.196,14,0.28,0.0252,MORTGAGE,VENTURE,N,0
55,52700,2.9,12000,12.81,0.2277,15,0.4054,0.0292,RENT,MEDICAL,N,1
41,53500,6.9,16400,12.62,0.3065,2,0.087,0.0387,MORTGAGE,MEDICAL,N,0
43,40100,7.7,26300,20.4,0.6559,6,0.24,0.1338,MORTGAGE,MEDICAL,Y,0
53,44200,14.0,8700,13.99,0.1968,8,0.2286,0.0275,MORTGAGE,MEDICAL,N,0
34,40800,2.7,21500,19.45,0.527,7,0.4375,0.1025,OWN,PERSONAL,N,0
58,41600,8.4,9000,12.38,0.2163,4,0.1,0.0268,OWN,EDUCATION,N,0
41,59500,5.0,1900,8.13,0.0319,3,0.1304,0.0026,RENT,MEDICAL,N,0
46,17300,8.8,7600,16.13,0.4393,14,0.5,0.0709,RENT,MEDICAL,Y,1
36,23200,1.5,7400,15.69,0.319,2,0.1111,0.0501,RENT,EDUCATION,N,0
40,87200,3.5,27300,13.48,0.3131,14,0.6364,0.0422,MORTGAGE,EDUCATION,N,0
57,72100,5.3,15600,10.82,0.2164,3,0.0769,0.0234,RENT,MEDICAL,Y,0
51,46000,9.1,11900,15.07,0.2587,9,0.2727,0.039,RENT,DEBTCONSOLIDATION,N,0
59,78000,7.6,7000,10.69,0.0897,5,0.122,0.0096,MORTGAGE,VENTURE,N,1
52,81300,13.6,13300,9.08,0.1636,7,0.2059,0.0149,RENT,HOMEIMPROVEMENT,N,0
38,37600,1.8,17400,15.2,0.4628,2,0.1,0.0703,MORTGAGE,DEBTCONSOLIDATION,N,0
45,28700,11.0,20800,22.22,0.7247,6,0.2222,0.161,MORTGAGE,DEBTCONSOLIDATION,Y,1
34,54600,0.3,10200,10.06,0.1868,13,0.8125,0.0188,OWN,VENTURE,N,0
39,67100,7.6,6000,11.23,0.0894,10,0.4762,0.01,OWN,DEBTCONSOLIDATION,N,0
33,75500,1.1,1500,8.5,0.0199,9,0.6,0.0017,MORTGAGE,PERSONAL,Y,0
49,58200,1.2,15800,12.45,0.2715,9,0.2903,0.0338,MORTGAGE,EDUCATION,N,0
49,64700,3.3,29100,18.76,0.4498,4,0.129,0.0844,MORTGAGE,DEBTCONSOLIDATION,N,1
49,86000,0.7,24300,12.51,0.2826,5,0.1613,0.0354,MORTGAGE,PERSONAL,N,0
45,18600,12.9,11500,19.39,0.6183,3,0.1111,0.1199,RENT,VENTURE,N,1
54,50500,7.1,15300,11.47,0.303,15,0.4167,0.0348,RENT,PERSONAL,N,0
42,54400,2.4,8900,11.18,0.1636,3,0.125,0.0183,MORTGAGE,PERSONAL,N,1
31,52300,13.0,19500,15.21,0.3728,6,0.4615,0.0567,MORTGAGE,EDUCATION,N,1
33,31300,1.7,10900,12.01,0.3482,6,0.4,0.0418,RENT,PERSONAL,N,0
58,51300,2.4,7400,11.41,0.1442,3,0.075,0.0165,RENT,PERSONAL,N,0
55,70900,5.9,1600,9.16,0.0226,22,0.5946,0.0021,RENT,PERSONAL,N,0
33,46200,10.8,3300,10.09,0.0714,2,0.1333,0.0072,RENT,MEDICAL,N,0
33,77900,3.0,31100,14.17,0.3992,14,0.9333,0.0566,MORTGAGE,VENTURE,N,0
51,32300,2.3,6900,9.25,0.2136,8,0.2424,0.0198,RENT,EDUCATION,N,0
48,43700,11.6,6300,11.9,0.1442,8,0.2667,0.0172,RENT,DEBTCONSOLIDATION,N,0
38,32800,6.3,6200,13.43,0.189,4,0.2,0.0254,MORTGAGE,MEDICAL,N,1
48,32300,4.6,10500,12.87,0.3251,2,0.0667,0.0418,RENT,VENTURE,N,0
50,69300,0.1,3800,9.76,0.0548,6,0.1875,0.0053,RENT,PERSONAL,N,0
39,98500,0.3,6800,5.79,0.069,3,0.1429,0.004,RENT,EDUCATION,N,0
42,33800,1.8,5000,,0.1479,4,0.1667,0.0187,MORTGAGE,PERSONAL,N,0
36,31300,1.6,18000,18.78,0.5751,18,1.0,0.108,MORTGAGE,DEBTCONSOLIDATION,Y,1
54,52300,,21400,17.24,0.4092,2,0.0556,0.0705,MORTGAGE,DEBTCONSOLIDATION,Y,1
43,44700,4.1,24000,15.24,0.5369,18,0.72,0.0818,RENT,VENTURE,N,1
42,52800,,8600,13.17,0.1629,13,0.5417,0.0215,RENT,DEBTCONSOLIDATION,N,0
42,83600,0.4,19800,12.75,0.2368,8,0.3333,0.0302,OWN,PERSONAL,N,0
34,161400,0.9,11000,10.29,0.0682,3,0.1875,0.007,RENT,DEBTCONSOLIDATION,N,0
56,76500,8.2,6900,10.8,0.0902,6,0.1579,0.0097,MORTGAGE,VENTURE,N,0
52,94700,0.8,18400,7.84,0.1943,6,0.1765,0.0152,RENT,PERSONAL,N,0
48,48900,6.9,15200,15.72,0.3108,3,0.1,0.0489,MORTGAGE,VENTURE,N,0
44,125800,8.4,21400,12.63,0.1701,2,0.0769,0.0215,MORTGAGE,VENTURE,N,0
38,33300,13.5,13500,11.94,0.4054,6,0.3,0.0484,RENT,VENTURE,Y,1
42,38300,1.9,5800,,0.1514,4,0.1667,0.0192,MORTGAGE,MEDICAL,N,0
49,49500,1.1,24500,16.8,0.4949,7,0.2258,0.0831,RENT,DEBTCONSOLIDATION,Y,1
40,29800,1.6,28500,19.42,0.9564,8,0.3636,0.1857,OWN,PERSONAL,N,1
40,87700,0.9,19900,9.63,0.2269,2,0.0909,0.0219,MORTGAGE,DEBTCONSOLIDATION,N,0
28,36000,4.4,20000,17.12,0.5556,8,0.8,0.0951,RENT,DEBTCONSOLIDATION,N,1
32,83300,3.5,21700,11.86,0.2605,4,0.2857,0.0309,MORTGAGE,MEDICAL,N,0
49,57300,0.4,11800,10.79,0.2059,12,0.3871,0.0222,MORTGAGE,EDUCATION,N,0
49,73700,3.1,15000,11.34,0.2035,10,0.3226,0.0231,RENT,PERSONAL,N,0
46,57500,3.0,17200,11.37,0.2991,12,0.4286,0.034,RENT,MEDICAL,N,0
50,174700,0.4,28600,10.22,0.1637,2,0.0625,0.0167,MORTGAGE,EDUCATION,N,0
36,51700,3.8,15300,11.98,0.2959,6,0.3333,0.0354,RENT,MEDICAL,N,0
42,27600,1.8,25800,20.47,0.9348,2,0.0833,0.1914,MORTGAGE,VENTURE,N,1
29,47700,,20000,15.36,0.4193,9,0.8182,0.0644,MORTGAGE,VENTURE,N,0
38,70600,6.7,15900,12.6,0.2252,4,0.2,0.0284,MORTGAGE,VENTURE,N,0
42,35200,1.0,22000,21.22,0.625,3,0.125,0.1326,MORTGAGE,MEDICAL,Y,1
42,42800,1.0,21800,16.62,0.5093,6,0.25,0.0846,MORTGAGE,EDUCATION,N,1
63,72300,1.9,5900,11.62,0.0816,3,0.0667,0.0095,RENT,MEDICAL,N,0
43,100300,5.7,23300,10.85,0.2323,12,0.48,0.0252,RENT,VENTURE,N,0
70,113200,1.6,26400,13.6,0.2332,3,0.0577,0.0317,MORTGAGE,HOMEIMPROVEMENT,N,0
43,104000,3.1,10700,6.71,0.1029,2,0.08,0.0069,MORTGAGE,EDUCATION,N,0
35,33900,6.6,21800,17.49,0.6431,7,0.4118,0.1125,RENT,EDUCATION,Y,1
45,53900,2.9,17400,12.2,0.3228,2,0.0741,0.0394,RENT,MEDICAL,N,0
41,45900,5.4,15500,13.33,0.3377,7,0.3043,0.045,MORTGAGE,MEDICAL,N,0
48,101600,3.4,24900,13.85,0.2451,2,0.0667,0.0339,OWN,VENTURE,N,0
39,71900,10.3,12500,10.89,0.1739,3,0.1429,0.0189,MORTGAGE,DEBTCONSOLIDATION,N,0
41,120400,4.6,14600,7.1,0.1213,10,0.4348,0.0086,RENT,MEDICAL,N,0
30,50600,8.3,5200,11.66,0.1028,5,0.4167,0.012,MORTGAGE,VENTURE,N,0
55,69500,,6600,,0.095,5,0.1351,0.012,RENT,EDUCATION,N,0
40,213700,1.3,14000,11.09,0.0655,12,0.5455,0.0073,RENT,VENTURE,N,0
36,106400,2.0,12900,12.29,0.1212,9,0.5,0.0149,RENT,PERSONAL,N,0
36,26700,6.8,22200,16.3,0.8315,9,0.5,0.1355,RENT,HOMEIMPROVEMENT,N,1
60,130000,10.1,3000,8.01,0.0231,2,0.0476,0.0019,RENT,EDUCATION,N,0
45,55900,1.3,16200,13.25,0.2898,3,0.1111,0.0384,MORTGAGE,PERSONAL,N,0
32,70200,2.6,17800,11.19,0.2536,7,0.5,0.0284,RENT,PERSONAL,N,0
51,165700,9.8,21000,8.88,0.1267,8,0.2424,0.0113,MORTGAGE,MEDICAL,N,0
58,118100,14.9,26100,8.52,0.221,13,0.325,0.0188,MORTGAGE,PERSONAL,N,0
28,93500,1.3,3400,6.95,0.0364,2,0.2,0.0025,RENT,MEDICAL,N,0
46,30800,9.4,9300,12.09,0.3019,12,0.4286,0.0365,MORTGAGE,MEDICAL,N,0
58,40700,4.3,24600,20.73,0.6044,4,0.1,0.1253,MORTGAGE,MEDICAL,Y,1
45,55600,0.8,21300,15.66,0.3831,11,0.4074,0.06,MORTGAGE,VENTURE,Y,0
49,48000,13.9,13100,,0.2729,4,0.129,0.0345,RENT,VENTURE,N,0
34,86100,1.0,8400,9.7,0.0976,12,0.75,0.0095,RENT,EDUCATION,N,0
65,177200,6.1,18200,8.34,0.1027,8,0.1702,0.0086,RENT,HOMEIMPROVEMENT,N,0
51,56600,14.1,7800,12.46,0.1378,4,0.1212,0.0172,MORTGAGE,VENTURE,N,0
40,123500,9.7,7400,8.64,0.0599,8,0.3636,0.0052,MORTGAGE,DEBTCONSOLIDATION,N,0
61,55000,14.9,23000,11.8,0.4182,9,0.2093,0.0493,RENT,EDUCATION,N,1
53,30400,8.1,10600,12.1,0.3487,8,0.2286,0.0422,MORTGAGE,EDUCATION,N,0
48,88700,0.4,12900,10.93,0.1454,2,0.0667,0.0159,RENT,EDUCATION,N,0
41,24200,1.9,18300,18.62,0.7562,17,0.7391,0.1408,MORTGAGE,DEBTCONSOLIDATION,N,1
53,44300,8.7,24600,18.34,0.5553,4,0.1143,0.1018,RENT,VENTURE,Y,1
39,43400,1.7,10300,8.17,0.2373,2,0.0952,0.0194,MORTGAGE,EDUCATION,N,0
43,35400,2.2,10100,13.15,0.2853,2,0.08,0.0375,MORTGAGE,PERSONAL,N,0
55,110500,3.3,20700,9.48,0.1873,5,0.1351,0.0178,RENT,EDUCATION,N,0
53,69800,30.0,6100,8.47,0.0874,3,0.0857,0.0074,MORTGAGE,DEBTCONSOLIDATION,N,0
46,170200,0.2,13000,6.4,0.0764,6,0.2143,0.0049,MORTGAGE,EDUCATION,N,0
50,46800,11.5,15500,14.08,0.3312,7,0.2188,0.0466,OWN,PERSONAL,N,0
53,84400,9.7,5100,5.78,0.0604,5,0.1429,0.0035,OTHER,PERSONAL,N,0
49,76500,4.9,10800,8.79,0.1412,7,0.2258,0.0124,OWN,VENTURE,N,0
30,19700,2.9,21000,17.27,1.066,6,0.5,0.1841,MORTGAGE,MEDICAL,Y,1
39,66400,0.3,7600,,0.1145,4,0.1905,0.0145,RENT,PERSONAL,N,0
36,129200,0.0,7500,6.26,0.058,2,0.1111,0.0036,MORTGAGE,MEDICAL,N,0
43,250000,4.6,12000,8.49,0.048,3,0.12,0.0041,RENT,EDUCATION,Y,0
44,151000,2.2,6400,8.8,0.0424,10,0.3846,0.0037,MORTGAGE,PERSONAL,N,0
35,23200,2.3,10600,12.85,0.4569,3,0.1765,0.0587,OWN,MEDICAL,N,0
39,45100,5.5,13900,11.57,0.3082,6,0.2857,0.0357,OWN,MEDICAL,N,0
45,29900,1.7,23700,21.72,0.7926,6,0.2222,0.1722,RENT,MEDICAL,Y,1
37,105500,0.9,24200,9.58,0.2294,8,0.4211,0.022,MORTGAGE,EDUCATION,N,0
49,38200,4.2,8300,8.14,0.2173,3,0.0968,0.0177,MORTGAGE,PERSONAL,Y,0
41,72600,0.2,23300,13.32,0.3209,10,0.4348,0.0427,RENT,VENTURE,N,0
36,41800,,12500,12.93,0.299,7,0.3889,0.0387,RENT,EDUCATION,N,1
51,63400,3.9,5900,,0.0931,6,0.1818,0.0118,MORTGAGE,HOMEIMPROVEMENT,N,0
48,26500,8.2,4400,8.93,0.166,3,0.1,0.0148,RENT,MEDICAL,N,0
45,35200,3.4,21200,16.34,0.6023,6,0.2222,0.0984,RENT,EDUCATION,Y,1
35,184100,0.5,18800,,0.1021,8,0.4706,0.0129,RENT,MEDICAL,N,0
39,74700,4.5,30600,16.63,0.4096,8,0.381,0.0681,MORTGAGE,VENTURE,Y,1
28,45400,3.3,11300,13.87,0.2489,6,0.6,0.0345,RENT,EDUCATION,N,0
38,55400,,6100,9.93,0.1101,3,0.15,0.0109,RENT,EDUCATION,N,0
52,82300,4.0,13400,12.83,0.1628,9,0.2647,0.0209,MORTGAGE,MEDICAL,N,0
53,21000,1.6,23400,19.04,1.1143,2,0.0571,0.2122,MORTGAGE,MEDICAL,N,1
37,31100,0.7,18000,18.43,0.5788,11,0.5789,0.1067,RENT,EDUCATION,N,1
38,73600,2.3,23600,12.51,0.3207,4,0.2,0.0401,MORTGAGE,PERSONAL,N,0
27,17800,5.2,18700,,1.0506,8,0.8889,0.133,MORTGAGE,MEDICAL,N,1
43,147400,0.5,11700,8.72,0.0794,4,0.16,0.0069,MORTGAGE,EDUCATION,N,0
48,107200,0.9,12000,8.3,0.1119,7,0.2333,0.0093,MORTGAGE,DEBTCONSOLIDATION,N,0
49,66800,13.2,4900,8.36,0.0734,2,0.0645,0.0061,RENT,PERSONAL,N,0
36,42200,2.3,9900,13.11,0.2346,7,0.3889,0.0308,MORTGAGE,VENTURE,N,0
43,75800,0.2,6600,10.38,0.0871,2,0.08,0.009,RENT,MEDICAL,N,0
55,52700,1.3,24900,17.25,0.4725,6,0.1622,0.0815,MORTGAGE,DEBTCONSOLIDATION,Y,1
30,45200,9.1,23100,14.94,0.5111,7,0.5833,0.0764,RENT,HOMEIMPROVEMENT,N,0
52,96500,8.7,10700,8.14,0.1109,8,0.2353,0.009,RENT,EDUCATION,N,0
39,39000,1.5,12800,11.94,0.3282,3,0.1429,0.0392,MORTGAGE,VENTURE,N,0
44,81800,0.5,27200,,0.3325,6,0.2308,0.0421,MORTGAGE,EDUCATION,N,1
43,49800,3.1,9700,12.37,0.1948,2,0.08,0.0241,MORTGAGE,PERSONAL,N,0
32,65100,0.2,11800,10.1,0.1813,14,1.0,0.0183,MORTGAGE,PERSONAL,N,0
56,119100,0.1,14600,9.79,0.1226,2,0.0526,0.012,RENT,EDUCATION,N,0
46,49700,17.4,21000,14.81,0.4225,12,0.4286,0.0626,RENT,MEDICAL,N,0
50,94600,4.8,27900,12.04,0.2949,6,0.1875,0.0355,RENT,MEDICAL,N,0
37,164700,0.5,14200,10.57,0.0862,2,0.1053,0.0091,MORTGAGE,VENTURE,N,0
49,44900,4.3,21500,16.58,0.4788,6,0.1935,0.0794,MORTGAGE,MEDICAL,N,0
33,49100,15.0,8100,10.98,0.165,5,0.3333,0.0181,MORTGAGE,MEDICAL,N,1
57,65400,,5300,10.05,0.081,12,0.3077,0.0081,MORTGAGE,HOMEIMPROVEMENT,N,0
31,34300,0.4,26400,18.48,0.7697,13,1.0,0.1422,OWN,MEDICAL,Y,1
37,25700,6.0,31800,17.77,1.2374,19,1.0,0.2199,OWN,MEDICAL,Y,1
45,34700,1.7,9000,12.05,0.2594,6,0.2222,0.0313,MORTGAGE,PERSONAL,N,0
48,89400,4.2,19400,9.72,0.217,7,0.2333,0.0211,RENT,HOMEIMPROVEMENT,Y,0
40,135900,4.3,31800,16.02,0.234,3,0.1364,0.0375,RENT,DEBTCONSOLIDATION,N,0
46,65500,3.8,15800,15.02,0.2412,4,0.1429,0.0362,OTHER,VENTURE,Y,0
44,83500,3.6,7900,8.74,0.0946,9,0.3462,0.0083,MORTGAGE,HOMEIMPROVEMENT,N,0
36,37200,3.4,10100,13.65,0.2715,8,0.4444,0.0371,RENT,PERSONAL,N,0
57,93800,2.3,27700,11.58,0.2953,6,0.1538,0.0342,MORTGAGE,HOMEIMPROVEMENT,N,0
55,41300,14.5,19000,14.47,0.46,5,0.1351,0.0666,MORTGAGE,VENTURE,Y,0
33,44000,1.8,5900,14.69,0.1341,2,0.1333,0.0197,OWN,MEDICAL,N,0
42,36500,12.8,16900,16.63,0.463,2,0.0833,0.077,OWN,EDUCATION,N,0
43,61400,15.3,24100,14.68,0.3925,19,0.76,0.0576,RENT,HOMEIMPROVEMENT,N,0
55,46600,9.4,17800,16.22,0.382,7,0.1892,0.062,RENT,DEBTCONSOLIDATION,N,0
37,68700,9.7,13500,10.06,0.1965,9,0.4737,0.0198,MORTGAGE,PERSONAL,N,0
42,80900,5.5,10200,9.92,0.1261,8,0.3333,0.0125,MORTGAGE,EDUCATION,N,0
45,35700,7.3,6800,11.65,0.1905,6,0.2222,0.0222,RENT,EDUCATION,N,0
59,31300,4.8,10400,11.93,0.3323,14,0.3415,0.0396,RENT,MEDICAL,N,1
46,138200,0.2,9800,6.05,0.0709,6,0.2143,0.0043,RENT,EDUCATION,N,0
43,95700,1.1,10400,8.0,0.1087,2,0.08,0.0087,MORTGAGE,EDUCATION,N,0
47,55100,5.9,10600,9.2,0.1924,2,0.069,0.0177,RENT,HOMEIMPROVEMENT,N,1
54,97300,1.2,19200,13.45,0.1973,4,0.1111,0.0265,RENT,MEDICAL,N,0
38,99800,6.7,6800,12.45,0.0681,7,0.35,0.0085,MORTGAGE,MEDICAL,N,0
48,163400,15.4,14600,13.32,0.0894,11,0.3667,0.0119,RENT,DEBTCONSOLIDATION,N,0
41,165400,5.4,11900,7.72,0.0719,9,0.3913,0.0056,MORTGAGE,EDUCATION,N,0
49,74400,12.8,17900,14.29,0.2406,9,0.2903,0.0344,RENT,PERSONAL,N,0
42,67300,7.8,10000,7.85,0.1486,11,0.4583,0.0117,RENT,MEDICAL,N,0
65,71900,2.3,28700,13.94,0.3992,6,0.1277,0.0556,RENT,EDUCATION,N,0
34,41700,1.9,25700,18.96,0.6163,5,0.3125,0.1169,RENT,EDUCATION,N,1
42,56600,2.7,10400,9.14,0.1837,10,0.4167,0.0168,RENT,MEDICAL,N,0
33,69400,6.5,9000,8.56,0.1297,6,0.4,0.0111,MORTGAGE,VENTURE,N,0
46,17600,0.4,10800,,0.6136,5,0.1786,0.0777,RENT,PERSONAL,N,1
52,70300,0.3,15000,6.03,0.2134,11,0.3235,0.0129,MORTGAGE,PERSONAL,Y,0
55,65400,2.5,13300,9.78,0.2034,11,0.2973,0.0199,RENT,VENTURE,N,0
42,192900,0.1,20200,10.2,0.1047,2,0.0833,0.0107,RENT,HOMEIMPROVEMENT,N,0
39,59600,0.3,21300,17.64,0.3574,11,0.5238,0.063,OWN,VENTURE,N,0
40,38400,2.7,13500,16.25,0.3516,4,0.1818,0.0571,MORTGAGE,DEBTCONSOLIDATION,Y,1
44,59900,6.7,17900,13.61,0.2988,9,0.3462,0.0407,RENT,VENTURE,N,0
48,29500,16.2,8500,12.48,0.2881,10,0.3333,0.036,MORTGAGE,MEDICAL,N,0
40,84300,3.0,18800,12.08,0.223,7,0.3182,0.0269,RENT,MEDICAL,N,0
44,41100,5.1,24100,15.53,0.5864,7,0.2692,0.0911,RENT,PERSONAL,Y,1
38,52600,0.4,7600,9.66,0.1445,13,0.65,0.014,OWN,PERSONAL,N,0
32,60800,1.5,19300,13.72,0.3174,12,0.8571,0.0435,RENT,MEDICAL,N,0
35,51600,0.5,16900,13.8,0.3275,6,0.3529,0.0452,MORTGAGE,EDUCATION,N,0
28,48400,0.3,16600,10.03,0.343,4,0.4,0.0344,MORTGAGE,EDUCATION,N,1
31,46000,0.9,7900,11.38,0.1717,3,0.2308,0.0195,RENT,HOMEIMPROVEMENT,N,1
64,64400,2.8,15900,11.23,0.2469,2,0.0435,0.0277,RENT,MEDICAL,Y,1
39,99200,1.7,25000,10.28,0.252,6,0.2857,0.0259,RENT,PERSONAL,N,0
41,155200,4.1,18700,9.38,0.1205,13,0.5652,0.0113,RENT,EDUCATION,N,0
35,47000,0.5,13000,13.77,0.2766,6,0.3529,0.0381,MORTGAGE,PERSONAL,N,0
53,63900,0.2,22000,16.97,0.3443,2,0.0571,0.0584,RENT,VENTURE,Y,1
49,75800,0.4,20500,11.72,0.2704,5,0.1613,0.0317,RENT,MEDICAL,N,0
67,62800,1.9,8200,9.83,0.1306,28,0.5714,0.0128,OWN,PERSONAL,N,0
48,79500,1.3,12300,9.26,0.1547,5,0.1667,0.0143,MORTGAGE,EDUCATION,N,0
32,45700,0.5,5300,10.12,0.116,5,0.3571,0.0117,MORTGAGE,PERSONAL,N,0
42,47400,6.4,16800,12.91,0.3544,9,0.375,0.0458,MORTGAGE,MEDICAL,N,1
46,47700,0.7,9400,8.72,0.1971,8,0.2857,0.0172,RENT,PERSONAL,N,0
37,32700,0.3,19900,19.08,0.6086,19,1.0,0.1161,RENT,VENTURE,N,1
46,42200,4.4,2400,11.9,0.0569,5,0.1786,0.0068,MORTGAGE,DEBTCONSOLIDATION,N,0
59,40200,3.3,17100,,0.4254,7,0.1707,0.0539,MORTGAGE,PERSONAL,N,0
40,104200,0.4,8100,8.63,0.0777,9,0.4091,0.0067,MORTGAGE,HOMEIMPROVEMENT,N,0
50,112800,4.1,16800,9.35,0.1489,4,0.125,0.0139,RENT,MEDICAL,Y,0
34,60000,9.3,12100,11.15,0.2017,9,0.5625,0.0225,RENT,VENTURE,N,0
52,51500,11.8,20800,14.23,0.4039,2,0.0588,0.0575,RENT,MEDICAL,N,1
52,71000,8.7,20900,13.39,0.2944,2,0.0588,0.0394,MORTGAGE,EDUCATION,N,0
34,84200,1.7,6600,10.62,0.0784,5,0.3125,0.0083,MORTGAGE,DEBTCONSOLIDATION,N,0
45,46600,0.8,4600,7.74,0.0987,6,0.2222,0.0076,MORTGAGE,MEDICAL,N,0
47,120400,5.2,16300,9.2,0.1354,3,0.1034,0.0125,RENT,MEDICAL,N,0
45,111900,9.9,24900,15.82,0.2225,10,0.3704,0.0352,RENT,VENTURE,N,0
45,84100,4.2,6300,11.08,0.0749,2,0.0741,0.0083,RENT,MEDICAL,N,0
44,80300,14.8,29300,,0.3649,12,0.4615,0.0462,MORTGAGE,EDUCATION,N,0
44,121400,1.6,30100,10.95,0.2479,16,0.6154,0.0271,RENT,EDUCATION,N,0
55,48100,2.7,20800,18.27,0.4324,6,0.1622,0.079,OTHER,VENTURE,N,0
42,37900,1.4,3800,8.51,0.1003,9,0.375,0.0085,MORTGAGE,HOMEIMPROVEMENT,N,0
49,16700,1.9,24900,23.22,1.491,4,0.129,0.3462,RENT,DEBTCONSOLIDATION,Y,1
46,39100,3.6,30300,21.74,0.7749,4,0.1429,0.1685,MORTGAGE,EDUCATION,N,1
51,41600,8.2,27000,18.03,0.649,4,0.1212,0.117,MORTGAGE,MEDICAL,Y,1
57,153000,5.8,22000,10.53,0.1438,7,0.1795,0.0151,MORTGAGE,DEBTCONSOLIDATION,N,0
40,71000,0.0,23900,13.21,0.3366,4,0.1818,0.0445,MORTGAGE,DEBTCONSOLIDATION,N,0
45,52400,,8600,9.44,0.1641,13,0.4815,0.0155,RENT,EDUCATION,N,0
30,60100,6.8,25100,15.9,0.4176,3,0.25,0.0664,RENT,VENTURE,Y,1
43,59500,3.8,13100,9.85,0.2202,3,0.12,0.0217,MORTGAGE,EDUCATION,N,0
43,65200,7.9,4700,6.68,0.0721,4,0.16,0.0048,MORTGAGE,MEDICAL,N,0
37,60700,3.4,14300,9.4,0.2356,2,0.1053,0.0221,RENT,MEDICAL,N,0
42,126200,0.8,8400,7.65,0.0666,5,0.2083,0.0051,RENT,EDUCATION,N,0
41,62600,2.0,13000,,0.2077,5,0.2174,0.0263,RENT,MEDICAL,N,0
49,40700,1.9,27200,18.19,0.6683,2,0.0645,0.1216,MORTGAGE,EDUCATION,N,1
45,51600,11.2,16200,12.78,0.314,13,0.4815,0.0401,RENT,MEDICAL,Y,0
70,66500,5.3,19500,8.77,0.2932,7,0.1346,0.0257,RENT,DEBTCONSOLIDATION,N,0
37,56100,2.0,3200,10.34,0.057,3,0.1579,0.0059,MORTGAGE,EDUCATION,N,0
47,109200,4.0,14100,9.69,0.1291,3,0.1034,0.0125,RENT,VENTURE,Y,0
36,51800,7.5,6400,12.43,0.1236,11,0.6111,0.0154,MORTGAGE,PERSONAL,N,0
36,30500,3.6,11000,15.59,0.3607,6,0.3333,0.0562,RENT,MEDICAL,N,1
42,25800,8.2,11300,19.06,0.438,2,0.0833,0.0835,MORTGAGE,VENTURE,N,0
33,58100,15.0,14300,14.55,0.2461,13,0.8667,0.0358,MORTGAGE,DEBTCONSOLIDATION,N,0
38,83400,,15400,11.97,0.1847,6,0.3,0.0221,RENT,EDUCATION,N,0
36,83500,8.5,25600,11.8,0.3066,2,0.1111,0.0362,MORTGAGE,EDUCATION,N,0
47,22900,6.8,5700,11.23,0.2489,6,0.2069,0.028,MORTGAGE,EDUCATION,N,0
31,102700,4.6,18100,11.37,0.1762,3,0.2308,0.02,OWN,PERSONAL,N,0
51,86700,1.3,20800,7.7,0.2399,4,0.1212,0.0185,MORTGAGE,EDUCATION,N,0
42,41500,0.1,24800,17.83,0.5976,2,0.0833,0.1066,RENT,MEDICAL,N,1
42,43200,1.5,17000,,0.3935,4,0.1667,0.0498,MORTGAGE,MEDICAL,N,1
50,18100,17.0,7900,16.5,0.4365,5,0.1562,0.072,RENT,VENTURE,Y,1
42,52000,6.0,15000,12.87,0.2885,5,0.2083,0.0371,RENT,VENTURE,N,0
32,48300,0.0,23900,14.89,0.4948,12,0.8571,0.0737,MORTGAGE,MEDICAL,N,0
43,51400,24.3,23300,14.25,0.4533,4,0.16,0.0646,RENT,HOMEIMPROVEMENT,Y,0
48,46000,7.2,8400,7.93,0.1826,4,0.1333,0.0145,OWN,PERSONAL,N,0
34,43200,1.4,9900,11.58,0.2292,3,0.1875,0.0265,RENT,EDUCATION,Y,0
51,91500,6.3,7400,,0.0809,7,0.2121,0.0102,OWN,PERSONAL,N,0
50,36300,6.9,7300,10.69,0.2011,10,0.3125,0.0215,RENT,PERSONAL,N,0
39,151200,2.9,6600,6.33,0.0437,10,0.4762,0.0028,RENT,EDUCATION,N,0
45,34100,0.7,14100,15.83,0.4135,7,0.2593,0.0655,RENT,PERSONAL,N,1
31,102000,,14200,10.68,0.1392,9,0.6923,0.0149,RENT,MEDICAL,N,0
35,39100,15.7,16500,14.62,0.422,4,0.2353,0.0617,RENT,PERSONAL,N,0
44,27500,3.7,23300,19.52,0.8473,7,0.2692,0.1654,RENT,EDUCATION,Y,1
36,133700,2.4,13900,9.7,0.104,8,0.4444,0.0101,MORTGAGE,MEDICAL,N,0
34,56400,16.0,27600,16.81,0.4894,6,0.375,0.0823,MORTGAGE,MEDICAL,N,0
35,83700,1.2,8700,9.32,0.1039,9,0.5294,0.0097,RENT,EDUCATION,N,0
44,52600,0.9,17400,10.89,0.3308,13,0.5,0.036,OWN,VENTURE,N,0
38,34200,0.9,34000,22.35,0.9942,3,0.15,0.2222,RENT,HOMEIMPROVEMENT,Y,1
44,79400,1.5,13400,10.15,0.1688,12,0.4615,0.0171,MORTGAGE,PERSONAL,N,0
48,79000,2.1,7700,7.8,0.0975,23,0.7667,0.0076,MORTGAGE,MEDICAL,N,0
50,106800,4.0,26300,12.48,0.2463,7,0.2188,0.0307,MORTGAGE,EDUCATION,N,0
51,119700,1.6,14100,7.68,0.1178,9,0.2727,0.009,MORTGAGE,EDUCATION,N,1
37,15000,5.2,18800,17.54,1.2533,2,0.1053,0.2198,RENT,EDUCATION,Y,1
59,33000,1.3,11300,14.38,0.3424,4,0.0976,0.0492,MORTGAGE,VENTURE,N,0
33,76400,0.6,5600,8.71,0.0733,7,0.4667,0.0064,RENT,HOMEIMPROVEMENT,N,0
60,144200,3.4,18000,,0.1248,4,0.0952,0.0158,RENT,EDUCATION,N,1
50,84200,2.6,21500,11.77,0.2553,5,0.1562,0.03,MORTGAGE,PERSONAL,N,0
41,33600,3.7,5400,7.01,0.1607,7,0.3043,0.0113,MORTGAGE,MEDICAL,N,0
37,32300,12.0,25900,22.39,0.8019,5,0.2632,0.1795,RENT,VENTURE,Y,1
38,27800,3.1,14300,16.45,0.5144,2,0.1,0.0846,RENT,MEDICAL,Y,1
49,70800,12.1,12700,12.96,0.1794,2,0.0645,0.0233,RENT,EDUCATION,N,0
46,18000,0.0,15300,15.47,0.85,3,0.1071,0.1315,MORTGAGE,HOMEIMPROVEMENT,Y,1
35,36800,,10500,13.05,0.2853,4,0.2353,0.0372,RENT,PERSONAL,N,0
34,38800,3.1,14400,,0.3711,10,0.625,0.047,RENT,PERSONAL,N,0
50,49300,3.7,8200,11.49,0.1663,5,0.1562,0.0191,OWN,MEDICAL,N,0
46,36100,3.2,9700,11.19,0.2687,3,0.1071,0.0301,RENT,VENTURE,Y,0
41,186500,4.8,20600,12.68,0.1105,3,0.1304,0.014,RENT,PERSONAL,N,0
46,23300,8.1,4800,14.77,0.206,4,0.1429,0.0304,RENT,EDUCATION,N,0
35,50200,0.3,14200,12.31,0.2829,10,0.5882,0.0348,RENT,EDUCATION,N,0
55,99300,7.0,14900,6.51,0.1501,6,0.1622,0.0098,RENT,MEDICAL,N,0
35,93000,5.1,13900,9.88,0.1495,11,0.6471,0.0148,RENT,PERSONAL,N,0
43,41700,8.9,30000,18.92,0.7194,7,0.28,0.1361,MORTGAGE,VENTURE,N,1
47,29100,3.2,11700,15.32,0.4021,7,0.2414,0.0616,RENT,EDUCATION,N,0
45,106500,1.5,28100,12.3,0.2638,12,0.4444,0.0324,RENT,MEDICAL,N,0
36,105100,3.6,10500,6.6,0.0999,7,0.3889,0.0066,MORTGAGE,PERSONAL,N,0
44,79000,11.4,12200,12.6,0.1544,5,0.1923,0.0195,RENT,VENTURE,N,0
34,111000,,6600,7.05,0.0595,12,0.75,0.0042,RENT,MEDICAL,Y,0
27,85300,9.0,14200,8.2,0.1665,6,0.6667,0.0137,RENT,MEDICAL,N,0
40,65300,0.4,12400,,0.1899,6,0.2727,0.024,RENT,MEDICAL,N,0
42,62500,7.6,14000,10.54,0.224,4,0.1667,0.0236,RENT,PERSONAL,N,0
50,23000,9.7,12000,12.27,0.5217,2,0.0625,0.064,MORTGAGE,VENTURE,N,0
48,111100,3.0,7700,6.19,0.0693,4,0.1333,0.0043,RENT,HOMEIMPROVEMENT,N,0
49,32200,11.1,16000,14.73,0.4969,9,0.2903,0.0732,MORTGAGE,VENTURE,Y,1
40,40200,8.2,9000,10.03,0.2239,3,0.1364,0.0225,MORTGAGE,PERSONAL,N,0
55,69300,0.5,16100,10.82,0.2323,8,0.2162,0.0251,OTHER,PERSONAL,N,0
42,32300,4.2,9500,15.58,0.2941,11,0.4583,0.0458,RENT,DEBTCONSOLIDATION,N,0
45,60200,0.8,9800,10.28,0.1628,5,0.1852,0.0167,MORTGAGE,MEDICAL,N,0
33,118800,1.5,19000,10.06,0.1599,10,0.6667,0.0161,RENT,MEDICAL,N,0
60,79400,11.9,21300,12.74,0.2683,2,0.0476,0.0342,RENT,EDUCATION,N,0
46,41500,0.2,16900,16.3,0.4072,8,0.2857,0.0664,RENT,MEDICAL,Y,1
37,79200,1.4,16400,9.8,0.2071,5,0.2632,0.0203,MORTGAGE,PERSONAL,N,0
48,71100,5.9,12400,11.38,0.1744,11,0.3667,0.0198,MORTGAGE,EDUCATION,N,0
55,93700,0.6,12900,12.43,0.1377,8,0.2162,0.0171,RENT,PERSONAL,N,0
47,42300,8.0,12400,8.96,0.2931,7,0.2414,0.0263,RENT,EDUCATION,N,0
46,36900,11.0,15800,16.39,0.4282,4,0.1429,0.0702,MORTGAGE,PERSONAL,Y,0
48,33100,6.9,15500,16.34,0.4683,4,0.1333,0.0765,RENT,HOMEIMPROVEMENT,Y,1
39,53900,13.9,14600,12.03,0.2709,5,0.2381,0.0326,MORTGAGE,MEDICAL,N,0
44,72600,0.9,25000,13.53,0.3444,3,0.1154,0.0466,RENT,VENTURE,Y,0
54,31700,2.5,12700,14.56,0.4006,11,0.3056,0.0583,RENT,HOMEIMPROVEMENT,N,0
44,47800,,9100,11.02,0.1904,6,0.2308,0.021,RENT,EDUCATION,N,0
49,52500,5.7,11600,12.01,0.221,5,0.1613,0.0265,MORTGAGE,DEBTCONSOLIDATION,Y,0
50,86800,8.9,14400,9.85,0.1659,10,0.3125,0.0163,RENT,EDUCATION,N,0
45,110500,1.0,8300,8.84,0.0751,11,0.4074,0.0066,MORTGAGE,VENTURE,N,0
35,47700,1.3,20900,15.6,0.4382,7,0.4118,0.0684,RENT,EDUCATION,Y,1
49,60100,8.1,21100,12.62,0.3511,7,0.2258,0.0443,OTHER,MEDICAL,N,0
46,34700,12.5,21200,19.17,0.611,7,0.25,0.1171,RENT,PERSONAL,N,1
34,67000,5.4,13300,11.82,0.1985,11,0.6875,0.0235,RENT,VENTURE,N,0
35,106900,5.3,11800,,0.1104,7,0.4118,0.014,MORTGAGE,VENTURE,N,0
42,171900,0.1,7700,8.73,0.0448,5,0.2083,0.0039,RENT,PERSONAL,Y,0
48,66500,8.6,13000,10.54,0.1955,6,0.2,0.0206,MORTGAGE,HOMEIMPROVEMENT,N,0
54,150900,1.8,12800,9.63,0.0848,6,0.1667,0.0082,MORTGAGE,PERSONAL,N,0
54,57400,,16100,13.53,0.2805,3,0.0833,0.038,MORTGAGE,HOMEIMPROVEMENT,N,0
32,58200,2.2,8700,13.52,0.1495,2,0.1429,0.0202,RENT,VENTURE,N,0
40,44300,1.1,15700,16.01,0.3544,6,0.2727,0.0567,MORTGAGE,PERSONAL,N,0
53,85900,9.1,13600,9.05,0.1583,6,0.1714,0.0143,RENT,EDUCATION,N,0
39,87400,0.8,8600,8.77,0.0984,3,0.1429,0.0086,MORTGAGE,PERSONAL,N,0
33,58500,5.5,27200,17.9,0.465,2,0.1333,0.0832,RENT,MEDICAL,Y,0
30,38100,12.0,5900,12.61,0.1549,2,0.1667,0.0195,RENT,VENTURE,N,0
45,33800,1.7,10900,12.17,0.3225,5,0.1852,0.0392,RENT,VENTURE,N,0
46,26100,9.9,15500,16.39,0.5939,5,0.1786,0.0973,RENT,EDUCATION,Y,1
38,79000,3.9,19000,11.15,0.2405,3,0.15,0.0268,MORTGAGE,MEDICAL,N,0
40,48200,4.8,15700,13.93,0.3257,4,0.1818,0.0454,RENT,VENTURE,N,0
46,144700,2.5,14000,9.59,0.0968,4,0.1429,0.0093,MORTGAGE,VENTURE,N,0
37,81600,2.4,23500,14.68,0.288,5,0.2632,0.0423,MORTGAGE,EDUCATION,N,0
38,94400,1.0,7500,5.42,0.0794,2,0.1,0.0043,MORTGAGE,PERSONAL,N,0
54,35000,1.1,9600,12.29,0.2743,4,0.1111,0.0337,MORTGAGE,PERSONAL,N,0
42,61700,,24500,17.61,0.3971,4,0.1667,0.0699,OWN,EDUCATION,N,0
37,90000,11.5,22300,14.04,0.2478,4,0.2105,0.0348,RENT,MEDICAL,N,0
42,148400,,20000,9.52,0.1348,6,0.25,0.0128,MORTGAGE,VENTURE,N,0
40,70900,5.7,11400,15.15,0.1608,5,0.2273,0.0244,RENT,DEBTCONSOLIDATION,N,0
39,33300,16.1,18900,20.87,0.5676,4,0.1905,0.1185,RENT,VENTURE,Y,1
53,27800,3.2,11300,16.97,0.4065,6,0.1714,0.069,RENT,VENTURE,Y,1
44,53500,0.7,8600,,0.1607,7,0.2692,0.0203,MORTGAGE,PERSONAL,N,0
53,67100,19.8,10500,13.8,0.1565,2,0.0571,0.0216,MORTGAGE,HOMEIMPROVEMENT,N,0
46,88700,7.1,11400,7.08,0.1285,6,0.2143,0.0091,RENT,EDUCATION,N,1
33,42600,6.3,6300,9.2,0.1479,6,0.4,0.0136,RENT,VENTURE,N,1
44,70900,4.5,23500,12.57,0.3315,6,0.2308,0.0417,RENT,EDUCATION,N,0
32,63500,3.9,13700,14.74,0.2157,3,0.2143,0.0318,OWN,VENTURE,N,0
44,105800,0.9,26400,12.83,0.2495,5,0.1923,0.032,RENT,EDUCATION,N,0
52,29200,0.5,13400,14.41,0.4589,18,0.5294,0.0661,OWN,PERSONAL,N,0
43,100300,,24200,12.87,0.2413,2,0.08,0.0311,RENT,VENTURE,N,0
50,32200,1.3,16300,15.35,0.5062,6,0.1875,0.0777,MORTGAGE,DEBTCONSOLIDATION,Y,1
42,39100,5.9,2300,7.16,0.0588,3,0.125,0.0042,RENT,EDUCATION,N,0
68,61800,,8600,11.4,0.1392,5,0.1,0.0159,OTHER,EDUCATION,Y,0
42,137200,3.4,13900,9.11,0.1013,3,0.125,0.0092,RENT,PERSONAL,N,0
45,95800,0.8,18800,13.06,0.1962,9,0.3333,0.0256,MORTGAGE,DEBTCONSOLIDATION,N,0
45,61300,,5300,10.99,0.0865,5,0.1852,0.0095,OWN,DEBTCONSOLIDATION,N,0
36,45500,2.5,22400,16.48,0.4923,2,0.1111,0.0811,MORTGAGE,VENTURE,N,1
45,20400,5.2,23000,19.02,1.1275,3,0.1111,0.2145,OWN,MEDICAL,Y,1
64,117000,0.5,9900,9.54,0.0846,5,0.1087,0.0081,RENT,EDUCATION,N,0
51,48500,14.8,11800,10.27,0.2433,5,0.1515,0.025,MORTGAGE,PERSONAL,N,1
42,26500,9.7,30500,14.13,1.1509,6,0.25,0.1626,RENT,EDUCATION,N,0
60,57200,0.4,20000,13.0,0.3497,9,0.2143,0.0455,MORTGAGE,DEBTCONSOLIDATION,N,0
45,131800,0.7,2300,12.03,0.0175,7,0.2593,0.0021,RENT,DEBTCONSOLIDATION,N,0
54,70800,13.4,17500,10.27,0.2472,12,0.3333,0.0254,MORTGAGE,PERSONAL,N,0
62,62600,0.9,13200,11.16,0.2109,6,0.1364,0.0235,RENT,HOMEIMPROVEMENT,Y,0
46,37400,1.4,9100,,0.2433,11,0.3929,0.0308,RENT,EDUCATION,N,0
42,20900,15.2,13200,19.21,0.6316,12,0.5,0.1213,RENT,MEDICAL,Y,1
38,120200,2.5,13900,8.77,0.1156,6,0.3,0.0101,MORTGAGE,PERSONAL,N,0
40,95700,4.7,10500,9.7,0.1097,7,0.3182,0.0106,RENT,EDUCATION,N,0
38,45700,0.0,23100,15.84,0.5055,6,0.3,0.0801,RENT,PERSONAL,N,0
34,50400,3.1,12300,11.83,0.244,7,0.4375,0.0289,OWN,MEDICAL,Y,0
34,116700,1.2,18100,10.35,0.1551,7,0.4375,0.0161,RENT,VENTURE,N,0
47,116300,2.6,8700,9.18,0.0748,8,0.2759,0.0069,RENT,DEBTCONSOLIDATION,N,0
52,40900,23.7,5100,8.0,0.1247,7,0.2059,0.01,RENT,PERSONAL,N,0
50,171800,7.0,15800,11.61,0.092,3,0.0938,0.0107,RENT,DEBTCONSOLIDATION,N,0
32,23400,0.4,21200,,0.906,5,0.3571,0.1147,RENT,MEDICAL,Y,1
36,213800,3.4,6700,13.14,0.0313,7,0.3889,0.0041,RENT,PERSONAL,N,0
50,25800,3.5,7500,11.9,0.2907,5,0.1562,0.0346,OWN,EDUCATION,N,1
39,111100,14.2,13300,10.94,0.1197,13,0.619,0.0131,MORTGAGE,EDUCATION,N,0
41,83900,5.0,12900,12.79,0.1538,8,0.3478,0.0197,RENT,HOMEIMPROVEMENT,N,0
41,60300,0.7,11300,,0.1874,6,0.2609,0.0237,RENT,EDUCATION,N,0
50,66000,1.5,26800,15.66,0.4061,7,0.2188,0.0636,RENT,DEBTCONSOLIDATION,Y,0
41,44900,14.8,19200,13.08,0.4276,6,0.2609,0.0559,RENT,VENTURE,N,0
48,35700,2.1,5400,10.09,0.1513,4,0.1333,0.0153,RENT,EDUCATION,Y,0
45,76900,14.2,8000,11.35,0.104,6,0.2222,0.0118,RENT,DEBTCONSOLIDATION,N,0
52,52700,2.4,18000,15.41,0.3416,2,0.0588,0.0526,MORTGAGE,PERSONAL,N,0
39,57300,2.7,16600,12.24,0.2897,5,0.2381,0.0355,RENT,MEDICAL,N,0
36,36400,0.0,16700,17.65,0.4588,18,1.0,0.081,OTHER,EDUCATION,N,1
44,53200,7.1,10400,10.17,0.1955,11,0.4231,0.0199,RENT,HOMEIMPROVEMENT,Y,0
39,59200,3.3,13600,10.05,0.2297,2,0.0952,0.0231,RENT,VENTURE,N,0
61,48900,0.5,9800,9.71,0.2004,11,0.2558,0.0195,MORTGAGE,VENTURE,N,0
45,47800,8.7,18400,15.89,0.3849,9,0.3333,0.0612,MORTGAGE,DEBTCONSOLIDATION,Y,1
48,43900,11.2,19800,15.62,0.451,20,0.6667,0.0704,RENT,EDUCATION,Y,1
65,92800,3.9,18500,9.82,0.1994,4,0.0851,0.0196,RENT,EDUCATION,N,0
40,48900,16.5,8700,10.92,0.1779,5,0.2273,0.0194,MORTGAGE,PERSONAL,N,0
46,23400,9.0,28300,,1.2094,6,0.2143,0.1531,MORTGAGE,EDUCATION,N,1
53,142200,6.8,21800,11.04,0.1533,3,0.0857,0.0169,RENT,DEBTCONSOLIDATION,N,0
36,52000,,23100,14.29,0.4442,6,0.3333,0.0635,RENT,VENTURE,N,0
43,55700,17.2,6400,7.99,0.1149,7,0.28,0.0092,RENT,PERSONAL,N,0
55,41200,1.7,6100,9.6,0.1481,6,0.1622,0.0142,RENT,EDUCATION,N,0
41,88000,4.5,28000,15.79,0.3182,2,0.087,0.0502,RENT,EDUCATION,N,0
41,50700,,21500,14.64,0.4241,3,0.1304,0.0621,OWN,DEBTCONSOLIDATION,N,0
44,41500,4.9,11800,14.18,0.2843,5,0.1923,0.0403,MORTGAGE,VENTURE,N,0
66,140700,6.2,12500,10.7,0.0888,8,0.1667,0.0095,RENT,VENTURE,N,0
43,33300,3.7,13100,13.4,0.3934,7,0.28,0.0527,RENT,EDUCATION,Y,0
35,77000,3.4,5400,12.23,0.0701,5,0.2941,0.0086,OWN,VENTURE,Y,0
38,42400,0.6,12900,14.36,0.3042,6,0.3,0.0437,RENT,HOMEIMPROVEMENT,N,1
35,70000,7.2,13500,13.41,0.1929,4,0.2353,0.0259,RENT,MEDICAL,N,0
37,34800,1.0,10200,15.0,0.2931,8,0.4211,0.044,MORTGAGE,MEDICAL,Y,0
38,52100,6.2,7900,8.32,0.1516,5,0.25,0.0126,MORTGAGE,MEDICAL,N,0
42,109100,10.0,4500,9.03,0.0412,10,0.4167,0.0037,RENT,EDUCATION,Y,0
53,52500,6.9,4900,9.84,0.0933,5,0.1429,0.0092,MORTGAGE,MEDICAL,N,0
42,37900,4.8,6500,9.56,0.1715,3,0.125,0.0164,RENT,EDUCATION,Y,0
59,37300,4.7,19800,16.97,0.5308,12,0.2927,0.0901,MORTGAGE,PERSONAL,Y,1
51,42300,1.0,13300,9.68,0.3144,6,0.1818,0.0304,RENT,MEDICAL,N,0
43,76800,10.2,18000,11.02,0.2344,9,0.36,0.0258,MORTGAGE,EDUCATION,N,0
41,28500,0.9,22400,18.95,0.786,8,0.3478,0.1489,RENT,DEBTCONSOLIDATION,Y,1
36,54400,6.0,16700,,0.307,4,0.2222,0.0389,MORTGAGE,VENTURE,N,0
45,75900,3.6,12400,7.29,0.1634,12,0.4444,0.0119,RENT,HOMEIMPROVEMENT,N,0
40,104800,6.3,14600,8.7,0.1393,6,0.2727,0.0121,RENT,DEBTCONSOLIDATION,N,0
46,59200,8.9,31600,16.05,0.5338,7,0.25,0.0857,MORTGAGE,EDUCATION,N,1
41,40600,1.9,9300,12.09,0.2291,12,0.5217,0.0277,RENT,DEBTCONSOLIDATION,N,0
51,78400,12.8,15200,11.57,0.1939,4,0.1212,0.0224,OWN,EDUCATION,N,0
48,61700,9.0,26200,,0.4246,9,0.3,0.0538,OWN,VENTURE,N,0
36,29500,4.7,10800,13.64,0.3661,2,0.1111,0.0499,RENT,DEBTCONSOLIDATION,N,0
43,70200,8.2,4200,7.95,0.0598,6,0.24,0.0048,MORTGAGE,VENTURE,N,0
39,56700,10.5,10100,15.66,0.1781,2,0.0952,0.0279,RENT,EDUCATION,N,0
45,30500,0.9,5200,14.77,0.1705,8,0.2963,0.0252,RENT,DEBTCONSOLIDATION,Y,1
38,32300,6.6,17200,15.37,0.5325,2,0.1,0.0818,MORTGAGE,EDUCATION,N,1
48,43800,9.4,12600,12.43,0.2877,5,0.1667,0.0358,MORTGAGE,VENTURE,N,0
67,24300,10.5,9800,,0.4033,8,0.1633,0.0511,RENT,VENTURE,N,1
54,29600,6.6,16200,17.01,0.5473,9,0.25,0.0931,MORTGAGE,EDUCATION,Y,1
46,47800,7.8,7800,15.8,0.1632,8,0.2857,0.0258,MORTGAGE,HOMEIMPROVEMENT,N,1
46,30700,0.5,11800,16.82,0.3844,7,0.25,0.0647,MORTGAGE,EDUCATION,N,1
35,74300,1.9,14800,,0.1992,8,0.4706,0.0252,RENT,PERSONAL,N,0
43,19500,4.9,11700,,0.6,9,0.36,0.076,MORTGAGE,EDUCATION,N,1
43,42100,2.6,11600,11.79,0.2755,5,0.2,0.0325,MORTGAGE,PERSONAL,N,0
54,29700,1.7,17000,17.02,0.5724,3,0.0833,0.0974,RENT,DEBTCONSOLIDATION,Y,1
68,43500,8.6,5300,6.92,0.1218,8,0.16,0.0084,RENT,EDUCATION,N,0
33,76200,2.6,13700,12.04,0.1798,5,0.3333,0.0216,MORTGAGE,VENTURE,N,0
40,43400,10.2,17000,,0.3917,2,0.0909,0.0496,RENT,PERSONAL,N,0
37,63100,2.4,8600,10.27,0.1363,13,0.6842,0.014,MORTGAGE,MEDICAL,N,0
30,41600,9.2,8700,11.31,0.2091,6,0.5,0.0236,RENT,EDUCATION,N,0
44,24500,5.0,8700,11.45,0.3551,3,0.1154,0.0407,RENT,EDUCATION,N,0
46,67400,14.1,4700,8.61,0.0697,5,0.1786,0.006,MORTGAGE,HOMEIMPROVEMENT,N,0
55,39000,0.1,15900,14.31,0.4077,7,0.1892,0.0583,RENT,HOMEIMPROVEMENT,N,0
47,142000,6.7,3200,9.86,0.0225,2,0.069,0.0022,RENT,DEBTCONSOLIDATION,N,0
42,66000,4.2,13600,13.93,0.2061,11,0.4583,0.0287,RENT,DEBTCONSOLIDATION,N,0
43,53800,1.6,2300,6.1,0.0428,2,0.08,0.0026,RENT,EDUCATION,N,0
48,64600,11.2,14500,,0.2245,4,0.1333,0.0284,MORTGAGE,EDUCATION,N,0
32,85000,7.9,10900,11.81,0.1282,6,0.4286,0.0151,RENT,DEBTCONSOLIDATION,N,0
62,33500,0.2,24800,18.41,0.7403,8,0.1818,0.1363,MORTGAGE,PERSONAL,Y,1
52,51500,12.3,32100,20.87,0.6233,7,0.2059,0.1301,RENT,VENTURE,N,1
35,64000,6.6,17300,13.84,0.2703,10,0.5882,0.0374,MORTGAGE,PERSONAL,N,0
62,71900,13.9,8300,14.09,0.1154,8,0.1818,0.0163,RENT,VENTURE,N,0
36,29100,1.2,13000,17.19,0.4467,5,0.2778,0.0768,MORTGAGE,PERSONAL,N,0
57,24000,0.8,7800,11.98,0.325,10,0.2564,0.0389,MORTGAGE,MEDICAL,N,0
37,70200,3.6,3900,6.35,0.0556,10,0.5263,0.0035,RENT,MEDICAL,N,0
38,193300,0.6,8900,7.09,0.046,8,0.4,0.0033,MORTGAGE,PERSONAL,N,0
54,33300,1.1,17400,13.11,0.5225,6,0.1667,0.0685,RENT,EDUCATION,Y,0
32,105100,3.5,9400,10.5,0.0894,9,0.6429,0.0094,RENT,HOMEIMPROVEMENT,N,0
35,79000,4.3,11100,11.08,0.1405,4,0.2353,0.0156,RENT,MEDICAL,N,0
35,92100,4.4,6900,9.08,0.0749,4,0.2353,0.0068,RENT,VENTURE,N,0
44,48500,2.1,12100,10.97,0.2495,15,0.5769,0.0274,MORTGAGE,MEDICAL,N,0
31,29100,4.1,8900,14.05,0.3058,2,0.1538,0.043,RENT,HOMEIMPROVEMENT,N,0
32,69200,4.4,16500,9.23,0.2384,3,0.2143,0.022,RENT,PERSONAL,N,0
60,88200,8.1,12500,8.84,0.1417,6,0.1429,0.0125,RENT,PERSONAL,N,0
40,37100,5.2,14800,13.61,0.3989,7,0.3182,0.0543,RENT,EDUCATION,Y,0
37,28400,14.6,22700,17.61,0.7993,3,0.1579,0.1408,MORTGAGE,VENTURE,N,1
53,70300,2.5,19600,13.97,0.2788,8,0.2286,0.0389,RENT,VENTURE,N,0
41,32700,9.9,19500,16.07,0.5963,6,0.2609,0.0958,RENT,PERSONAL,Y,1
52,52900,5.0,11600,10.72,0.2193,15,0.4412,0.0235,OWN,EDUCATION,N,0
36,46900,9.6,25400,,0.5416,9,0.5,0.0686,RENT,EDUCATION,Y,1
54,107300,16.9,9800,9.49,0.0913,3,0.0833,0.0087,MORTGAGE,VENTURE,N,0
53,85800,2.9,25700,14.95,0.2995,4,0.1143,0.0448,RENT,VENTURE,Y,0
37,110200,0.8,11800,9.53,0.1071,7,0.3684,0.0102,RENT,EDUCATION,N,0
44,81000,3.8,23700,15.16,0.2926,6,0.2308,0.0444,RENT,DEBTCONSOLIDATION,N,0
49,44700,0.1,8200,12.18,0.1834,8,0.2581,0.0223,RENT,DEBTCONSOLIDATION,N,0
53,58100,1.5,6900,9.07,0.1188,9,0.2571,0.0108,MORTGAGE,PERSONAL,N,0
44,37000,1.6,18200,17.28,0.4919,5,0.1923,0.085,MORTGAGE,MEDICAL,N,1
53,34800,0.8,19400,22.65,0.5575,4,0.1143,0.1263,MORTGAGE,DEBTCONSOLIDATION,N,1
61,52700,11.4,7300,9.63,0.1385,4,0.093,0.0133,MORTGAGE,EDUCATION,N,0
56,31600,8.2,9500,12.52,0.3006,7,0.1842,0.0376,MORTGAGE,MEDICAL,N,0
57,132400,1.1,14000,10.65,0.1057,14,0.359,0.0113,MORTGAGE,EDUCATION,N,0
41,139500,,16000,8.38,0.1147,9,0.3913,0.0096,RENT,MEDICAL,N,0
67,21400,12.0,9700,16.57,0.4533,4,0.0816,0.0751,RENT,VENTURE,N,0
33,101800,1.3,14300,10.01,0.1405,12,0.8,0.0141,MORTGAGE,EDUCATION,N,0
47,56900,4.5,9000,11.61,0.1582,12,0.4138,0.0184,MORTGAGE,VENTURE,N,0
33,29700,7.1,13100,13.38,0.4411,4,0.2667,0.059,RENT,MEDICAL,N,0
42,31700,0.1,8500,15.22,0.2681,14,0.5833,0.0408,RENT,DEBTCONSOLIDATION,Y,1
51,71200,13.4,10200,11.95,0.1433,7,0.2121,0.0171,RENT,VENTURE,N,0
53,43900,3.3,14900,14.3,0.3394,9,0.2571,0.0485,RENT,DEBTCONSOLIDATION,N,0
57,47700,3.6,19200,,0.4025,14,0.359,0.051,MORTGAGE,VENTURE,N,1
48,58300,1.9,30100,16.97,0.5163,2,0.0667,0.0876,RENT,VENTURE,Y,1
40,88600,2.2,8500,6.76,0.0959,5,0.2273,0.0065,RENT,EDUCATION,N,0
39,63700,3.8,7600,9.33,0.1193,14,0.6667,0.0111,MORTGAGE,VENTURE,N,0
38,69100,0.6,5900,8.34,0.0854,7,0.35,0.0071,MORTGAGE,VENTURE,N,0
41,39900,0.3,20300,18.37,0.5088,5,0.2174,0.0935,MORTGAGE,DEBTCONSOLIDATION,N,0
49,46500,1.5,27200,17.27,0.5849,3,0.0968,0.101,MORTGAGE,EDUCATION,N,1
58,41200,2.3,3400,8.4,0.0825,12,0.3,0.0069,MORTGAGE,PERSONAL,N,0
43,55400,2.8,23700,16.3,0.4278,2,0.08,0.0697,MORTGAGE,DEBTCONSOLIDATION,N,0
43,94300,4.6,13600,11.63,0.1442,7,0.28,0.0168,MORTGAGE,EDUCATION,N,0
50,24200,3.5,21700,19.41,0.8967,10,0.3125,0.174,RENT,MEDICAL,Y,1
46,58300,9.4,20300,14.54,0.3482,10,0.3571,0.0506,MORTGAGE,VENTURE,N,1
41,36400,0.9,5000,8.4,0.1374,12,0.5217,0.0115,RENT,VENTURE,N,0
48,66600,1.2,13900,12.22,0.2087,8,0.2667,0.0255,RENT,VENTURE,Y,0
38,73500,6.9,13000,9.31,0.1769,2,0.1,0.0165,OWN,PERSONAL,N,0
40,40800,8.8,31900,16.94,0.7819,6,0.2727,0.1325,MORTGAGE,EDUCATION,Y,1
53,76900,3.0,25400,12.72,0.3303,7,0.2,0.042,MORTGAGE,HOMEIMPROVEMENT,Y,0
44,67200,1.5,16500,18.55,0.2455,4,0.1538,0.0455,RENT,DEBTCONSOLIDATION,N,0
31,48500,4.8,19300,13.75,0.3979,11,0.8462,0.0547,RENT,EDUCATION,N,0
44,57000,10.3,13800,11.7,0.2421,6,0.2308,0.0283,MORTGAGE,VENTURE,N,1
48,42800,4.1,15900,16.96,0.3715,3,0.1,0.063,OWN,PERSONAL,N,1
46,208900,1.0,17100,9.65,0.0819,6,0.2143,0.0079,RENT,EDUCATION,N,0
34,35500,3.5,21900,14.74,0.6169,10,0.625,0.0909,MORTGAGE,EDUCATION,Y,1
54,47400,6.9,21700,19.93,0.4578,6,0.1667,0.0912,RENT,DEBTCONSOLIDATION,N,0
42,121500,11.5,9200,9.37,0.0757,5,0.2083,0.0071,MORTGAGE,VENTURE,N,0
38,33700,9.0,17300,16.08,0.5134,4,0.2,0.0826,RENT,HOMEIMPROVEMENT,Y,1
40,181500,0.8,15500,10.7,0.0854,8,0.3636,0.0091,RENT,PERSONAL,N,0
42,34200,13.7,26000,20.54,0.7602,3,0.125,0.1561,MORTGAGE,VENTURE,Y,1
38,45700,11.2,19700,17.07,0.4311,8,0.4,0.0736,RENT,DEBTCONSOLIDATION,N,1
41,43400,4.0,11000,13.92,0.2535,10,0.4348,0.0353,MORTGAGE,DEBTCONSOLIDATION,N,0
51,26600,2.5,20300,,0.7632,6,0.1818,0.0966,MORTGAGE,VENTURE,N,1
61,77200,0.3,17800,13.24,0.2306,3,0.0698,0.0305,OTHER,HOMEIMPROVEMENT,N,0
50,46200,0.5,9800,11.32,0.2121,8,0.25,0.024,RENT,PERSONAL,Y,1
55,38500,5.2,11500,14.01,0.2987,4,0.1081,0.0418,RENT,DEBTCONSOLIDATION,N,0
51,39200,0.1,15500,17.7,0.3954,15,0.4545,0.07,RENT,EDUCATION,Y,1
48,40300,7.3,30000,18.36,0.7444,5,0.1667,0.1367,RENT,PERSONAL,N,1
43,58800,8.8,9800,12.97,0.1667,8,0.32,0.0216,RENT,MEDICAL,N,0
40,54000,0.8,7800,10.3,0.1444,4,0.1818,0.0149,RENT,PERSONAL,N,0
38,26400,12.3,12100,15.45,0.4583,5,0.25,0.0708,MORTGAGE,VENTURE,N,0
53,44500,1.4,15100,13.35,0.3393,4,0.1143,0.0453,MORTGAGE,PERSONAL,N,0
38,76000,11.3,16200,11.87,0.2132,4,0.2,0.0253,RENT,MEDICAL,N,0
38,48200,6.1,16200,10.3,0.3361,4,0.2,0.0346,MORTGAGE,EDUCATION,N,0
49,21600,10.4,21300,18.18,0.9861,12,0.3871,0.1793,RENT,EDUCATION,Y,1
46,58300,2.0,27900,17.5,0.4786,7,0.25,0.0838,RENT,VENTURE,Y,1
39,37100,3.9,15200,16.08,0.4097,3,0.1429,0.0659,MORTGAGE,PERSONAL,N,0
46,41500,3.5,11600,13.63,0.2795,6,0.2143,0.0381,RENT,EDUCATION,N,0
54,26000,1.6,30600,20.16,1.1769,5,0.1389,0.2373,RENT,EDUCATION,Y,1
35,89700,0.9,18300,11.11,0.204,10,0.5882,0.0227,RENT,PERSONAL,N,0
55,80400,4.0,11700,10.94,0.1455,7,0.1892,0.0159,OWN,EDUCATION,N,0
47,58900,,3900,5.42,0.0662,7,0.2414,0.0036,OWN,EDUCATION,N,0
39,29500,3.3,9800,15.06,0.3322,10,0.4762,0.05,RENT,VENTURE,N,0
44,51000,2.6,7300,,0.1431,10,0.3846,0.0181,RENT,MEDICAL,N,0
48,98500,7.9,14400,10.2,0.1462,16,0.5333,0.0149,RENT,MEDICAL,N,0
59,54400,3.6,11600,12.85,0.2132,3,0.0732,0.0274,RENT,VENTURE,N,1
37,90500,3.3,8300,10.01,0.0917,2,0.1053,0.0092,RENT,HOMEIMPROVEMENT,N,0
35,34600,2.4,11700,13.42,0.3382,3,0.1765,0.0454,RENT,MEDICAL,N,1
65,85100,2.1,5700,8.39,0.067,8,0.1702,0.0056,MORTGAGE,HOMEIMPROVEMENT,N,0
38,96600,0.5,31600,13.28,0.3271,13,0.65,0.0434,MORTGAGE,MEDICAL,N,0
49,16400,1.0,5800,17.04,0.3537,3,0.0968,0.0603,RENT,DEBTCONSOLIDATION,Y,1
47,42700,2.7,12400,10.82,0.2904,6,0.2069,0.0314,RENT,MEDICAL,N,0
45,33300,2.8,24500,19.2,0.7357,5,0.1852,0.1413,OWN,EDUCATION,N,1
50,43900,4.3,21500,20.61,0.4897,5,0.1562,0.1009,RENT,VENTURE,N,1
46,150900,11.2,30800,10.63,0.2041,15,0.5357,0.0217,OWN,HOMEIMPROVEMENT,N,0
44,120900,6.7,6800,10.62,0.0562,6,0.2308,0.006,MORTGAGE,EDUCATION,N,0
61,38800,10.8,30500,22.73,0.7861,5,0.1163,0.1787,MORTGAGE,PERSONAL,N,0
61,53200,11.2,17600,14.57,0.3308,8,0.186,0.0482,RENT,HOMEIMPROVEMENT,N,0
38,107000,10.9,22800,12.25,0.2131,9,0.45,0.0261,RENT,MEDICAL,N,1
53,43800,4.1,11300,13.32,0.258,2,0.0571,0.0344,RENT,EDUCATION,Y,0
46,192500,1.2,12400,7.19,0.0644,5,0.1786,0.0046,MORTGAGE,DEBTCONSOLIDATION,N,0
40,79100,10.4,5000,8.28,0.0632,5,0.2273,0.0052,RENT,EDUCATION,N,0
41,34900,8.8,12100,15.6,0.3467,2,0.087,0.0541,RENT,VENTURE,N,0
39,97300,1.2,7900,,0.0812,8,0.381,0.0103,MORTGAGE,DEBTCONSOLIDATION,N,0
40,38200,2.1,12200,13.83,0.3194,7,0.3182,0.0442,RENT,HOMEIMPROVEMENT,N,1
38,43400,,9200,10.03,0.212,3,0.15,0.0213,RENT,PERSONAL,N,0
43,37000,7.3,5800,8.65,0.1568,11,0.44,0.0136,MORTGAGE,EDUCATION,N,0
68,45700,5.0,16000,11.73,0.3501,2,0.04,0.0411,MORTGAGE,PERSONAL,N,0
39,53800,0.8,12900,13.56,0.2398,9,0.4286,0.0325,RENT,VENTURE,N,0
34,110100,3.4,22400,9.85,0.2035,4,0.25,0.02,MORTGAGE,VENTURE,N,0
38,33200,2.0,5600,10.18,0.1687,3,0.15,0.0172,MORTGAGE,HOMEIMPROVEMENT,N,0
41,67500,0.8,3400,8.58,0.0504,11,0.4783,0.0043,RENT,MEDICAL,N,0
49,75400,0.2,23600,7.65,0.313,11,0.3548,0.0239,RENT,MEDICAL,Y,0
60,31000,6.5,7200,8.25,0.2323,7,0.1667,0.0192,MORTGAGE,EDUCATION,N,0
44,39500,5.4,27800,18.24,0.7038,9,0.3462,0.1284,MORTGAGE,EDUCATION,Y,1
36,115900,0.5,6300,12.16,0.0544,13,0.7222,0.0066,OWN,VENTURE,Y,0
34,101300,13.9,16500,11.86,0.1629,11,0.6875,0.0193,MORTGAGE,HOMEIMPROVEMENT,N,0
54,51600,1.3,12700,11.36,0.2461,7,0.1944,0.028,RENT,PERSONAL,N,0
44,37800,26.0,10100,9.25,0.2672,5,0.1923,0.0247,RENT,MEDICAL,N,0
35,46800,1.0,11800,16.91,0.2521,2,0.1176,0.0426,MORTGAGE,DEBTCONSOLIDATION,N,1
43,48800,6.4,7000,13.71,0.1434,4,0.16,0.0197,MORTGAGE,DEBTCONSOLIDATION,N,0
48,60300,1.1,21800,15.33,0.3615,5,0.1667,0.0554,RENT,EDUCATION,N,1
40,93700,5.2,11200,9.44,0.1195,7,0.3182,0.0113,RENT,EDUCATION,N,0
49,68200,5.1,16800,,0.2463,5,0.1613,0.0312,RENT,HOMEIMPROVEMENT,N,0
45,132200,4.6,11900,10.5,0.09,2,0.0741,0.0094,RENT,VENTURE,N,0
38,130400,3.3,21000,13.26,0.161,3,0.15,0.0213,MORTGAGE,VENTURE,N,0
45,41700,4.4,13900,,0.3333,7,0.2593,0.0422,RENT,HOMEIMPROVEMENT,N,0
50,79100,1.6,10200,8.77,0.129,9,0.2812,0.0113,OWN,MEDICAL,N,0
33,31500,1.2,12800,17.07,0.4063,6,0.4,0.0694,RENT,PERSONAL,Y,1
44,48400,4.7,28300,19.9,0.5847,5,0.1923,0.1164,RENT,VENTURE,Y,1
38,57700,0.6,23500,15.0,0.4073,7,0.35,0.0611,RENT,MEDICAL,N,0
48,51600,7.5,9300,7.71,0.1802,3,0.1,0.0139,OWN,EDUCATION,N,0
36,23600,1.4,18900,21.52,0.8008,5,0.2778,0.1723,RENT,EDUCATION,Y,1
37,24700,0.2,19300,19.77,0.7814,10,0.5263,0.1545,MORTGAGE,PERSONAL,N,1
65,54400,9.9,4900,,0.0901,3,0.0638,0.0114,RENT,MEDICAL,N,0
43,98000,5.0,25100,,0.2561,9,0.36,0.0324,MORTGAGE,MEDICAL,N,0
37,133200,1.1,9700,11.41,0.0728,4,0.2105,0.0083,MORTGAGE,DEBTCONSOLIDATION,N,0
51,58100,,25000,18.92,0.4303,13,0.3939,0.0814,RENT,VENTURE,N,0
63,51200,1.2,15400,17.15,0.3008,7,0.1556,0.0516,MORTGAGE,VENTURE,N,0
54,19800,6.3,18000,19.14,0.9091,8,0.2222,0.174,RENT,EDUCATION,Y,0
51,107000,2.6,14200,11.04,0.1327,6,0.1818,0.0147,RENT,DEBTCONSOLIDATION,N,0
32,146400,4.5,16300,9.31,0.1113,5,0.3571,0.0104,MORTGAGE,PERSONAL,N,0
34,50500,7.4,5200,11.58,0.103,7,0.4375,0.0119,RENT,MEDICAL,N,0
40,48900,0.8,24400,16.53,0.499,3,0.1364,0.0825,RENT,MEDICAL,Y,1
48,17900,,3400,13.27,0.1899,9,0.3,0.0252,RENT,PERSONAL,N,0
41,105500,,8900,10.25,0.0844,10,0.4348,0.0087,MORTGAGE,VENTURE,N,0
40,77900,4.0,9400,11.91,0.1207,9,0.4091,0.0144,RENT,EDUCATION,N,0
40,75800,1.1,23400,10.83,0.3087,2,0.0909,0.0334,MORTGAGE,HOMEIMPROVEMENT,N,0
46,36800,1.6,21400,16.5,0.5815,7,0.25,0.0959,RENT,HOMEIMPROVEMENT,N,1
49,48700,2.9,6300,11.51,0.1294,6,0.1935,0.0149,RENT,DEBTCONSOLIDATION,N,0
52,40100,,12700,,0.3167,8,0.2353,0.0401,MORTGAGE,DEBTCONSOLIDATION,N,0
51,37100,8.2,16300,17.09,0.4394,4,0.1212,0.0751,MORTGAGE,DEBTCONSOLIDATION,N,0
36,46700,0.4,8700,14.26,0.1863,8,0.4444,0.0266,MORTGAGE,MEDICAL,N,0
62,112800,3.8,15200,9.88,0.1348,5,0.1136,0.0133,MORTGAGE,VENTURE,N,0
47,54400,3.5,16500,12.72,0.3033,5,0.1724,0.0386,RENT,PERSONAL,N,0
41,44300,5.3,20500,16.19,0.4628,3,0.1304,0.0749,RENT,PERSONAL,N,1
36,74800,,6400,10.94,0.0856,8,0.4444,0.0094,MORTGAGE,MEDICAL,N,0
58,67300,2.5,25900,16.81,0.3848,7,0.175,0.0647,RENT,DEBTCONSOLIDATION,N,1
28,12500,3.7,15300,22.98,1.224,5,0.5,0.2813,OWN,VENTURE,Y,1
33,34600,6.0,14600,15.81,0.422,6,0.4,0.0667,OWN,EDUCATION,N,0
45,55000,12.1,10700,11.08,0.1945,3,0.1111,0.0216,RENT,PERSONAL,N,0
33,101300,1.5,13200,9.76,0.1303,9,0.6,0.0127,RENT,HOMEIMPROVEMENT,N,0
47,67900,1.6,9200,10.53,0.1355,2,0.069,0.0143,RENT,HOMEIMPROVEMENT,N,0
45,61500,6.3,22800,13.13,0.3707,15,0.5556,0.0487,OWN,MEDICAL,N,1
46,29600,6.5,23200,,0.7838,10,0.3571,0.0992,OWN,PERSONAL,N,1
46,37100,8.6,14100,,0.3801,6,0.2143,0.0481,RENT,DEBTCONSOLIDATION,N,0
42,44800,0.2,7900,11.42,0.1763,6,0.25,0.0201,RENT,PERSONAL,N,0
48,25300,1.6,3500,8.82,0.1383,6,0.2,0.0122,MORTGAGE,PERSONAL,N,0
43,123200,2.4,10400,8.96,0.0844,4,0.16,0.0076,RENT,EDUCATION,N,0
62,20800,1.5,11600,16.1,0.5577,7,0.1591,0.0898,RENT,MEDICAL,N,0
35,43400,3.4,30100,17.73,0.6935,2,0.1176,0.123,RENT,VENTURE,N,1
46,69800,0.1,23300,12.05,0.3338,4,0.1429,0.0402,RENT,EDUCATION,N,0
32,89100,0.4,30900,11.14,0.3468,2,0.1429,0.0386,MORTGAGE,PERSONAL,N,0
44,73500,7.3,28300,17.85,0.385,4,0.1538,0.0687,RENT,MEDICAL,Y,1
46,47900,7.0,9700,13.54,0.2025,8,0.2857,0.0274,RENT,EDUCATION,N,0
55,74300,10.9,3800,9.44,0.0511,6,0.1622,0.0048,OTHER,PERSONAL,N,0
49,93300,16.8,13600,10.67,0.1458,14,0.4516,0.0156,MORTGAGE,PERSONAL,N,0
39,94400,0.8,3300,10.09,0.035,5,0.2381,0.0035,MORTGAGE,VENTURE,N,0
50,53500,7.0,8600,8.79,0.1607,6,0.1875,0.0141,OWN,EDUCATION,N,0
35,45000,4.8,16600,15.94,0.3689,7,0.4118,0.0588,RENT,MEDICAL,N,0
56,63400,0.3,23800,13.46,0.3754,8,0.2105,0.0505,MORTGAGE,PERSONAL,Y,0
39,71600,0.7,14400,13.52,0.2011,14,0.6667,0.0272,MORTGAGE,HOMEIMPROVEMENT,N,0
59,53400,0.1,18200,14.93,0.3408,8,0.1951,0.0509,RENT,HOMEIMPROVEMENT,N,0
57,82500,5.5,6200,,0.0752,13,0.3333,0.0095,MORTGAGE,DEBTCONSOLIDATION,N,0
43,55500,7.9,13300,11.23,0.2396,17,0.68,0.0269,MORTGAGE,PERSONAL,N,1
35,21700,1.0,7600,14.3,0.3502,9,0.5294,0.0501,OWN,PERSONAL,N,0
