person_age,person_income,person_home_ownership,person_emp_length,loan_intent,loan_amnt,loan_int_rate,loan_status,loan_percent_income,cb_person_default_on_file,cb_person_cred_hist_length
48,27100,RENT,2.0,VENTURE,4800,11.81,1,0.18,Y,11
42,102700,RENT,3.3,MEDICAL,13200,11.38,0,0.13,N,8
41,54400,MORTGAGE,3.4,VENTURE,5000,11.49,0,0.09,N,7
41,74400,MORTGAGE,4.5,PERSONAL,9300,10.79,0,0.12,N,2
60,73300,MORTGAGE,3.2,VENTURE,28600,15.92,1,0.39,N,3
51,45500,OWN,5.2,DEBTCONSOLIDATION,6300,9.52,0,0.14,N,12
40,14200,RENT,10.8,EDUCATION,4700,11.82,0,0.33,N,7
49,113300,RENT,2.5,VENTURE,5900,6.21,0,0.05,N,6
46,68700,MORTGAGE,10.5,VENTURE,18500,15.24,0,0.27,N,2
30,27200,RENT,1.2,EDUCATION,2800,9.4,0,0.1,N,9
36,66400,MORTGAGE,0.6,EDUCATION,11800,12.73,0,0.18,N,7
46,60500,MORTGAGE,1.4,VENTURE,28600,14.66,1,0.47,Y,5
59,111400,MORTGAGE,1.2,EDUCATION,5300,8.43,0,0.05,N,6
42,70200,MORTGAGE,21.0,PERSONAL,27300,13.38,0,0.39,N,11
39,70400,RENT,2.4,HOMEIMPROVEMENT,6700,7.73,0,0.1,N,10
44,60500,MORTGAGE,5.3,EDUCATION,6900,7.94,0,0.11,N,10
39,35500,MORTGAGE,6.0,DEBTCONSOLIDATION,16300,22.32,1,0.46,N,2
41,78400,MORTGAGE,2.9,VENTURE,9100,12.19,0,0.12,N,2
43,53400,RENT,1.3,VENTURE,1900,,0,0.04,N,3
35,32100,RENT,2.9,PERSONAL,20100,16.81,1,0.63,Y,7
51,37700,RENT,3.2,DEBTCONSOLIDATION,11400,13.41,0,0.3,Y,2
34,29000,MORTGAGE,15.4,HOMEIMPROVEMENT,26000,22.18,1,0.9,Y,4
33,97000,MORTGAGE,4.2,PERSONAL,9700,8.05,0,0.1,N,14
45,160900,MORTGAGE,17.5,PERSONAL,17900,7.35,0,0.11,N,6
51,102300,RENT,4.3,VENTURE,10600,8.23,0,0.1,N,9
45,66600,MORTGAGE,0.8,VENTURE,7400,12.34,0,0.11,N,3
42,52300,RENT,2.4,EDUCATION,30300,16.19,1,0.58,Y,3
41,46200,OWN,7.9,EDUCATION,15900,15.95,0,0.34,N,11
40,31500,MORTGAGE,2.7,MEDICAL,23100,19.47,1,0.73,N,5
54,158100,RENT,0.5,PERSONAL,9300,10.14,0,0.06,N,4
46,30700,MORTGAGE,0.5,EDUCATION,11800,16.82,1,0.38,N,7
40,34000,MORTGAGE,1.4,VENTURE,13500,14.58,1,0.4,Y,2
38,48700,MORTGAGE,4.2,EDUCATION,16900,15.18,0,0.35,N,3
49,50900,MORTGAGE,8.9,PERSONAL,11900,11.58,0,0.23,N,12
54,75400,OTHER,3.8,PERSONAL,9200,10.21,0,0.12,Y,6
53,37400,RENT,6.9,VENTURE,8200,,0,0.22,N,10
37,18100,RENT,5.2,VENTURE,16200,20.12,1,0.9,Y,2
41,47700,MORTGAGE,3.7,HOMEIMPROVEMENT,9200,,0,0.19,N,7
39,49500,MORTGAGE,1.2,DEBTCONSOLIDATION,11900,16.56,0,0.24,N,2
42,47300,RENT,10.7,DEBTCONSOLIDATION,4100,9.56,0,0.09,N,11
51,47000,RENT,1.6,MEDICAL,9400,9.5,0,0.2,N,12
57,44700,MORTGAGE,1.5,EDUCATION,13600,12.62,1,0.3,N,8
47,26100,MORTGAGE,1.5,MEDICAL,21600,17.5,1,0.83,N,3
38,121100,RENT,0.5,PERSONAL,11500,8.3,0,0.09,N,7
43,117400,MORTGAGE,3.5,VENTURE,10000,9.33,0,0.09,N,5
60,116700,RENT,2.0,PERSONAL,14300,9.31,0,0.12,N,7
44,28200,RENT,3.7,EDUCATION,4700,8.82,0,0.17,N,3
41,67600,RENT,3.0,EDUCATION,11100,10.84,0,0.16,N,6
42,42900,MORTGAGE,3.7,PERSONAL,7100,9.75,0,0.17,N,2
47,41700,MORTGAGE,1.8,MEDICAL,9300,10.92,0,0.22,N,2
37,32500,RENT,8.4,MEDICAL,11800,15.13,0,0.36,N,5
39,222100,RENT,,MEDICAL,5000,8.94,0,0.02,N,6
52,47200,MORTGAGE,1.2,DEBTCONSOLIDATION,21600,19.35,1,0.46,Y,3
47,32600,MORTGAGE,11.6,PERSONAL,9700,15.15,1,0.3,N,6
44,58500,OTHER,0.6,EDUCATION,9000,9.52,0,0.15,N,6
53,82400,MORTGAGE,6.6,MEDICAL,10900,10.12,0,0.13,N,15
38,50100,RENT,5.7,PERSONAL,11400,12.26,0,0.23,N,13
41,62000,MORTGAGE,0.4,HOMEIMPROVEMENT,22100,12.91,0,0.36,N,4
46,94000,RENT,11.6,DEBTCONSOLIDATION,9900,9.27,0,0.11,N,7
46,32000,OWN,1.9,MEDICAL,13200,16.26,0,0.41,Y,11
33,59700,RENT,6.8,EDUCATION,13900,13.72,0,0.23,N,3
40,38100,RENT,1.6,VENTURE,10200,11.9,0,0.27,N,7
42,35400,RENT,3.7,MEDICAL,21200,18.74,1,0.6,Y,10
47,142000,RENT,17.9,EDUCATION,16800,8.51,0,0.12,N,9
46,51600,RENT,4.7,PERSONAL,19300,13.14,0,0.37,Y,2
43,30200,RENT,1.8,EDUCATION,4900,9.7,0,0.16,N,15
30,51000,RENT,3.1,MEDICAL,22400,16.77,1,0.44,N,4
43,27900,RENT,5.6,DEBTCONSOLIDATION,9100,15.74,1,0.33,N,8
44,48100,MORTGAGE,,PERSONAL,6000,,1,0.12,N,3
70,37300,RENT,12.1,VENTURE,17700,17.12,0,0.47,N,5
42,71800,OWN,10.1,HOMEIMPROVEMENT,8700,,0,0.12,N,10
46,157200,RENT,0.8,EDUCATION,12100,11.2,0,0.08,N,11
55,49200,RENT,7.7,PERSONAL,18900,15.97,0,0.38,N,4
51,38100,MORTGAGE,14.3,EDUCATION,6300,6.6,0,0.17,N,3
58,57000,RENT,1.9,EDUCATION,6900,9.17,1,0.12,Y,9
33,123000,RENT,1.4,VENTURE,17800,10.82,1,0.14,N,6
36,72000,OWN,0.0,EDUCATION,12900,11.81,0,0.18,Y,3
39,50100,MORTGAGE,0.6,VENTURE,8800,13.32,1,0.18,Y,10
32,17400,RENT,14.0,EDUCATION,14300,20.1,1,0.82,Y,4
44,52600,MORTGAGE,2.5,VENTURE,16600,14.14,0,0.32,Y,4
36,83000,RENT,2.4,MEDICAL,12100,7.9,0,0.15,N,8
60,91700,MORTGAGE,1.6,EDUCATION,7900,12.94,0,0.09,N,5
37,111400,RENT,0.9,PERSONAL,17300,13.22,0,0.16,N,14
41,37400,RENT,3.6,MEDICAL,6700,12.75,0,0.18,N,6
51,43400,RENT,,VENTURE,17500,18.44,1,0.4,Y,3
34,50700,OWN,4.0,MEDICAL,9600,9.12,0,0.19,N,7
32,80000,RENT,0.2,EDUCATION,1600,9.7,0,0.02,N,2
45,46900,MORTGAGE,8.1,VENTURE,13300,15.0,0,0.28,N,3
46,72300,RENT,13.4,PERSONAL,10300,6.65,0,0.14,N,14
51,43900,RENT,2.9,DEBTCONSOLIDATION,8900,13.52,0,0.2,Y,4
48,36700,RENT,2.3,PERSONAL,13900,12.94,1,0.38,N,2
46,99700,RENT,1.3,EDUCATION,10800,10.4,0,0.11,N,19
38,64300,MORTGAGE,1.8,EDUCATION,10000,11.84,0,0.16,N,3
46,81700,OWN,5.2,EDUCATION,20500,12.01,0,0.25,N,6
46,48400,RENT,7.4,EDUCATION,5800,11.49,0,0.12,N,2
38,84300,RENT,2.0,VENTURE,11900,12.87,0,0.14,N,12
64,30200,MORTGAGE,2.1,EDUCATION,9200,11.15,0,0.3,N,4
48,33000,OWN,3.0,PERSONAL,9900,9.79,0,0.3,N,5
36,91000,RENT,0.9,EDUCATION,12800,7.67,0,0.14,N,11
51,52100,RENT,13.1,DEBTCONSOLIDATION,26700,21.62,1,0.51,N,7
53,47300,RENT,6.1,PERSONAL,17600,12.12,0,0.37,N,3
47,32700,RENT,2.8,HOMEIMPROVEMENT,8200,11.49,0,0.25,N,6
41,84300,RENT,0.7,HOMEIMPROVEMENT,15600,11.09,0,0.19,N,4
37,151100,OTHER,9.4,PERSONAL,7500,,0,0.05,N,7
43,75700,RENT,3.3,EDUCATION,24900,12.99,0,0.33,N,6
47,42300,RENT,8.0,EDUCATION,12400,8.96,0,0.29,N,7
44,116200,MORTGAGE,0.2,MEDICAL,28300,13.92,0,0.24,N,2
59,66000,RENT,1.6,MEDICAL,17700,13.51,0,0.27,N,6
49,42700,RENT,4.9,VENTURE,22900,20.91,1,0.54,Y,7
37,109300,OWN,3.3,PERSONAL,8000,8.1,0,0.07,N,8
35,49100,RENT,1.7,EDUCATION,23700,15.53,1,0.48,N,7
48,24500,OWN,1.1,VENTURE,8200,14.92,0,0.33,N,3
42,45500,RENT,1.8,EDUCATION,30400,18.4,1,0.67,Y,2
50,72600,RENT,6.8,DEBTCONSOLIDATION,9800,10.11,0,0.13,N,10
48,36500,OWN,1.0,EDUCATION,18300,,0,0.5,N,10
43,19300,RENT,4.5,MEDICAL,15000,22.56,1,0.78,Y,5
37,121600,MORTGAGE,2.8,MEDICAL,13500,7.95,0,0.11,N,9
32,250000,RENT,7.2,VENTURE,12500,9.16,0,0.05,N,6
45,41700,RENT,1.1,EDUCATION,11700,11.79,0,0.28,N,2
34,38300,MORTGAGE,1.6,HOMEIMPROVEMENT,10200,12.09,0,0.27,N,7
36,25800,MORTGAGE,2.5,MEDICAL,16100,17.24,1,0.62,N,2
45,34500,OWN,0.9,MEDICAL,31300,18.55,1,0.91,Y,4
44,23400,RENT,3.1,MEDICAL,18000,22.61,1,0.77,N,7
35,26400,MORTGAGE,2.7,PERSONAL,20300,20.52,1,0.77,Y,4
54,54200,RENT,23.1,EDUCATION,17500,11.02,0,0.32,N,4
54,22700,MORTGAGE,4.5,EDUCATION,14300,17.94,1,0.63,Y,3
48,24200,RENT,0.4,VENTURE,22300,17.99,1,0.92,N,11
48,60700,RENT,3.1,HOMEIMPROVEMENT,10500,7.85,0,0.17,N,5
48,38600,RENT,10.5,EDUCATION,9700,13.72,0,0.25,N,4
70,65900,RENT,10.1,EDUCATION,11700,10.4,0,0.18,N,4
53,44900,MORTGAGE,16.3,PERSONAL,15700,16.18,0,0.35,N,9
50,48900,RENT,11.2,PERSONAL,1200,,0,0.02,N,10
37,83200,MORTGAGE,1.0,DEBTCONSOLIDATION,22900,16.04,0,0.28,N,8
41,40100,RENT,0.0,VENTURE,10200,13.04,0,0.25,N,9
70,80000,RENT,4.8,MEDICAL,16200,11.02,0,0.2,N,4
30,43000,RENT,,VENTURE,4800,12.29,0,0.11,N,10
40,34500,MORTGAGE,0.7,MEDICAL,12600,,1,0.37,Y,2
54,30000,OTHER,0.9,HOMEIMPROVEMENT,5300,11.18,0,0.18,N,11
38,21800,RENT,16.5,MEDICAL,2800,11.04,0,0.13,Y,10
50,27400,RENT,14.4,EDUCATION,21300,14.83,1,0.78,Y,4
44,20400,RENT,0.9,MEDICAL,12100,19.23,0,0.59,Y,2
38,31400,MORTGAGE,1.4,HOMEIMPROVEMENT,22200,18.24,1,0.71,Y,3
29,85100,MORTGAGE,11.0,MEDICAL,10800,,0,0.13,N,7
45,53900,RENT,2.9,MEDICAL,17400,12.2,0,0.32,N,2
37,43800,RENT,8.0,MEDICAL,6100,8.63,1,0.14,N,7
42,37000,MORTGAGE,2.5,EDUCATION,8200,14.29,0,0.22,N,5
48,51800,RENT,6.7,PERSONAL,13400,10.63,0,0.26,N,6
52,55100,MORTGAGE,2.5,PERSONAL,12800,12.59,0,0.23,N,10
40,29300,RENT,11.5,MEDICAL,8300,13.56,0,0.28,N,9
38,69900,MORTGAGE,,DEBTCONSOLIDATION,24300,14.56,0,0.35,N,4
34,45300,RENT,3.7,PERSONAL,9800,,0,0.22,N,10
52,63800,MORTGAGE,3.7,VENTURE,12500,12.04,0,0.2,N,10
67,53200,MORTGAGE,5.2,PERSONAL,10800,9.56,0,0.2,N,7
54,24800,RENT,1.8,PERSONAL,33000,17.79,1,1.33,N,6
56,110800,RENT,5.1,VENTURE,11000,12.14,0,0.1,N,11
38,53800,RENT,0.8,MEDICAL,9500,13.88,0,0.18,N,4
48,44300,OTHER,11.2,EDUCATION,25900,17.96,0,0.58,N,7
51,74600,OWN,0.8,MEDICAL,7500,6.87,0,0.1,N,18
24,28700,MORTGAGE,6.0,VENTURE,26500,22.36,1,0.92,Y,6
35,22800,RENT,5.9,HOMEIMPROVEMENT,15500,20.12,1,0.68,Y,5
61,73600,RENT,2.1,EDUCATION,8800,11.58,0,0.12,N,7
33,101800,MORTGAGE,2.0,PERSONAL,9300,8.4,0,0.09,N,2
58,63400,OWN,16.9,MEDICAL,19000,14.75,0,0.3,N,2
33,84400,RENT,,HOMEIMPROVEMENT,4300,7.87,0,0.05,N,4
36,27000,MORTGAGE,6.4,VENTURE,19100,18.62,0,0.71,N,7
48,44500,MORTGAGE,1.0,MEDICAL,10300,9.54,0,0.23,N,3
44,37700,RENT,11.8,MEDICAL,22000,17.91,1,0.58,Y,4
40,95300,RENT,6.8,EDUCATION,6800,12.23,0,0.07,N,12
60,71100,MORTGAGE,13.5,PERSONAL,9200,11.17,0,0.13,N,8
34,95500,RENT,10.6,PERSONAL,12700,8.45,0,0.13,N,16
42,38600,RENT,4.0,DEBTCONSOLIDATION,24700,20.1,0,0.64,N,3
49,29100,RENT,0.8,VENTURE,9800,17.51,0,0.34,N,10
46,112500,OWN,1.3,EDUCATION,23200,12.16,0,0.21,N,4
38,55000,MORTGAGE,1.1,PERSONAL,6300,10.33,1,0.11,N,3
39,97300,MORTGAGE,1.2,DEBTCONSOLIDATION,7900,,0,0.08,N,8
52,52300,MORTGAGE,3.2,HOMEIMPROVEMENT,7600,8.69,0,0.15,Y,4
52,182100,OTHER,10.1,PERSONAL,16500,13.23,0,0.09,N,5
46,103600,RENT,0.1,MEDICAL,11800,,0,0.11,N,7
37,49600,RENT,1.4,VENTURE,24000,19.65,0,0.48,Y,12
39,54800,RENT,4.5,VENTURE,13700,12.9,0,0.25,N,20
43,54900,OWN,10.0,VENTURE,23000,13.44,0,0.42,N,4
45,29000,RENT,1.8,EDUCATION,9100,13.93,0,0.31,Y,3
49,41600,MORTGAGE,2.4,EDUCATION,27200,22.36,0,0.65,N,2
42,39900,RENT,2.3,VENTURE,17000,15.73,0,0.43,N,6
51,61600,RENT,1.7,DEBTCONSOLIDATION,14100,12.29,1,0.23,N,6
51,34600,RENT,6.0,EDUCATION,16400,16.09,0,0.47,N,6
57,49900,RENT,5.3,EDUCATION,26400,,1,0.53,Y,3
44,44300,RENT,9.3,PERSONAL,10900,10.96,0,0.25,N,2
46,56500,MORTGAGE,12.5,PERSONAL,9200,12.96,0,0.16,N,7
42,121500,MORTGAGE,11.5,VENTURE,9200,9.37,0,0.08,N,5
37,99000,OWN,3.9,EDUCATION,30100,10.45,0,0.3,N,9
67,26400,RENT,1.0,VENTURE,10800,15.31,0,0.41,N,11
55,52700,MORTGAGE,1.3,DEBTCONSOLIDATION,24900,17.25,1,0.47,Y,6
51,45900,MORTGAGE,4.5,EDUCATION,7100,10.09,0,0.15,N,12
43,38000,RENT,12.5,EDUCATION,12600,16.2,0,0.33,N,8
36,177000,MORTGAGE,3.8,DEBTCONSOLIDATION,16700,14.93,0,0.09,N,3
53,40500,MORTGAGE,13.7,VENTURE,29300,20.61,1,0.72,N,7
42,42100,RENT,1.5,PERSONAL,18100,17.56,0,0.43,N,5
47,142200,RENT,0.5,PERSONAL,1700,8.75,0,0.01,N,10
39,92300,RENT,8.0,MEDICAL,20400,8.35,0,0.22,Y,5
46,42500,MORTGAGE,10.6,MEDICAL,17400,11.45,0,0.41,N,2
39,82300,RENT,3.0,MEDICAL,8100,8.5,0,0.1,Y,8
40,47500,RENT,0.5,EDUCATION,16700,11.9,0,0.35,N,12
46,49300,MORTGAGE,0.2,MEDICAL,26900,15.65,1,0.55,N,9
33,34800,RENT,,HOMEIMPROVEMENT,2100,5.6,0,0.06,N,4
33,14200,RENT,2.9,EDUCATION,30200,22.46,1,2.13,Y,11
38,24700,RENT,1.3,MEDICAL,10100,18.01,1,0.41,Y,6
42,29500,OTHER,3.1,MEDICAL,16400,18.36,0,0.56,N,5
52,68200,RENT,3.4,EDUCATION,9700,8.48,0,0.14,N,6
42,58900,RENT,3.1,EDUCATION,19600,14.58,0,0.33,N,5
43,98500,RENT,4.8,EDUCATION,14300,10.71,0,0.15,N,10
41,27900,RENT,5.7,VENTURE,9500,15.84,0,0.34,N,3
46,144700,MORTGAGE,2.5,VENTURE,14000,9.59,0,0.1,N,4
37,137600,OWN,2.1,EDUCATION,11100,6.26,0,0.08,N,11
43,55200,MORTGAGE,2.3,VENTURE,9200,11.01,0,0.17,N,7
47,37100,RENT,0.4,EDUCATION,16000,14.87,0,0.43,Y,6
46,38200,RENT,1.9,VENTURE,17100,16.73,1,0.45,Y,5
44,60400,RENT,1.1,EDUCATION,7200,7.77,0,0.12,N,18
44,152600,RENT,1.7,PERSONAL,27100,,0,0.18,N,2
48,51400,MORTGAGE,6.3,VENTURE,2300,10.46,0,0.04,N,2
68,22700,RENT,22.3,EDUCATION,9700,15.17,1,0.43,N,8
37,153700,RENT,12.9,EDUCATION,10900,10.1,0,0.07,N,4
68,43500,RENT,8.6,EDUCATION,5300,6.92,0,0.12,N,8
37,120500,RENT,6.7,VENTURE,5900,11.22,0,0.05,N,10
29,76400,MORTGAGE,11.0,DEBTCONSOLIDATION,23400,12.82,0,0.31,N,11
39,49900,RENT,7.0,DEBTCONSOLIDATION,11200,13.69,0,0.22,N,4
47,92200,MORTGAGE,,VENTURE,11300,10.87,0,0.12,N,8
64,36200,MORTGAGE,4.6,DEBTCONSOLIDATION,18400,15.99,1,0.51,Y,6
36,46200,RENT,1.8,DEBTCONSOLIDATION,19400,14.56,1,0.42,N,2
48,40500,OWN,0.0,PERSONAL,18900,14.97,0,0.47,N,6
33,48500,RENT,2.2,MEDICAL,13300,13.16,0,0.27,N,14
63,73200,RENT,2.6,DEBTCONSOLIDATION,18900,15.29,1,0.26,Y,13
55,72900,MORTGAGE,6.6,MEDICAL,26800,15.51,0,0.37,N,7
40,23000,RENT,9.8,MEDICAL,7100,13.85,0,0.31,N,6
31,40400,RENT,13.0,PERSONAL,15600,,1,0.39,Y,10
57,44400,MORTGAGE,2.2,HOMEIMPROVEMENT,24600,16.53,0,0.55,N,6
43,74800,MORTGAGE,15.8,VENTURE,29500,13.76,0,0.39,N,2
56,25100,RENT,8.0,EDUCATION,5900,12.09,0,0.24,N,6
44,79900,MORTGAGE,,EDUCATION,28300,17.31,0,0.35,N,12
44,29200,MORTGAGE,4.5,MEDICAL,19400,18.89,1,0.66,N,9
40,62100,RENT,2.3,VENTURE,19400,14.32,0,0.31,N,7
49,100000,MORTGAGE,0.2,MEDICAL,7300,9.57,0,0.07,Y,9
45,27600,OTHER,3.8,PERSONAL,15600,17.6,1,0.57,Y,11
48,61900,OWN,4.4,VENTURE,11200,13.61,0,0.18,N,6
32,48900,RENT,1.5,MEDICAL,15900,12.18,1,0.33,Y,5
56,31600,RENT,14.1,EDUCATION,19800,23.22,0,0.63,N,9
60,27600,MORTGAGE,4.7,VENTURE,8100,13.07,0,0.29,N,7
45,36700,RENT,1.0,PERSONAL,7500,13.59,0,0.2,N,9
66,34700,MORTGAGE,6.4,PERSONAL,11200,16.75,0,0.32,N,7
62,48400,RENT,3.5,HOMEIMPROVEMENT,17200,11.49,0,0.36,N,9
50,42800,MORTGAGE,3.2,EDUCATION,18000,14.93,0,0.42,N,13
58,68400,RENT,9.0,EDUCATION,16400,13.59,0,0.24,N,8
54,84500,OWN,0.7,VENTURE,23500,14.87,1,0.28,N,3
31,23400,RENT,3.4,HOMEIMPROVEMENT,19700,18.71,1,0.84,Y,9
41,47200,RENT,7.6,MEDICAL,14100,13.62,0,0.3,N,5
50,32100,MORTGAGE,5.4,PERSONAL,13600,12.06,1,0.42,N,12
61,29800,RENT,0.0,MEDICAL,21600,19.73,1,0.72,N,10
33,22900,RENT,7.7,MEDICAL,24900,19.48,1,1.09,Y,5
31,21900,OWN,13.0,HOMEIMPROVEMENT,23400,19.11,1,1.07,Y,8
43,40700,MORTGAGE,6.1,VENTURE,13900,13.63,1,0.34,Y,4
29,67200,MORTGAGE,10.4,PERSONAL,15700,11.58,0,0.23,N,11
43,67100,RENT,2.2,VENTURE,21300,12.37,0,0.32,Y,6
47,30400,MORTGAGE,2.2,PERSONAL,15700,17.97,0,0.52,Y,8
36,28700,RENT,1.9,MEDICAL,8800,13.8,1,0.31,Y,8
43,61800,RENT,6.6,DEBTCONSOLIDATION,25000,16.12,1,0.4,Y,5
53,42700,MORTGAGE,14.2,VENTURE,13800,,1,0.32,N,3
39,88400,MORTGAGE,10.8,MEDICAL,31000,15.63,1,0.35,N,4
37,29400,OTHER,0.8,EDUCATION,15100,14.61,0,0.51,N,7
43,19500,MORTGAGE,4.9,EDUCATION,11700,,1,0.6,N,9
35,75900,MORTGAGE,,MEDICAL,8600,15.14,0,0.11,N,7
65,19200,MORTGAGE,1.8,EDUCATION,10900,18.09,0,0.57,N,5
44,24500,RENT,5.0,EDUCATION,8700,11.45,0,0.36,N,3
38,37500,RENT,11.9,VENTURE,26700,20.91,1,0.71,Y,10
45,46300,RENT,11.5,HOMEIMPROVEMENT,16200,13.91,0,0.35,N,4
43,75400,RENT,1.9,MEDICAL,22400,11.7,0,0.3,N,13
42,31000,OWN,0.5,VENTURE,8500,14.23,0,0.27,N,10
39,111800,RENT,5.2,EDUCATION,5100,8.6,0,0.05,N,10
39,23500,MORTGAGE,14.7,EDUCATION,12300,14.7,0,0.52,N,8
32,44200,MORTGAGE,3.5,MEDICAL,27500,18.93,1,0.62,Y,10
58,85500,MORTGAGE,3.1,DEBTCONSOLIDATION,6500,9.92,0,0.08,N,5
49,88100,MORTGAGE,10.0,HOMEIMPROVEMENT,21300,11.6,0,0.24,N,6
46,12000,RENT,2.8,PERSONAL,5000,15.03,0,0.42,N,7
42,240200,MORTGAGE,5.7,EDUCATION,7700,7.77,0,0.03,N,9
36,45400,OWN,2.5,MEDICAL,19500,15.93,0,0.43,N,8
37,63100,MORTGAGE,2.4,MEDICAL,8600,10.27,0,0.14,N,13
33,45100,MORTGAGE,1.0,HOMEIMPROVEMENT,3400,6.92,0,0.08,N,7
38,175300,RENT,0.5,PERSONAL,8700,9.24,0,0.05,N,4
35,110100,RENT,10.8,PERSONAL,19600,11.84,0,0.18,N,6
61,172700,MORTGAGE,1.0,VENTURE,14700,5.61,0,0.09,N,2
52,70300,MORTGAGE,0.3,PERSONAL,15000,6.03,0,0.21,Y,11
44,89500,RENT,4.4,PERSONAL,12200,9.96,0,0.14,N,11
37,30500,MORTGAGE,3.9,VENTURE,7300,12.34,0,0.24,N,4
35,46800,RENT,4.2,DEBTCONSOLIDATION,8700,13.6,0,0.19,N,6
42,89500,OTHER,3.2,EDUCATION,8100,7.77,0,0.09,Y,7
53,64500,MORTGAGE,0.8,HOMEIMPROVEMENT,18900,13.09,0,0.29,N,11
64,57400,RENT,0.1,PERSONAL,23400,16.08,1,0.41,N,2
33,35400,OTHER,0.2,VENTURE,9000,13.86,0,0.25,N,10
49,102800,RENT,14.3,DEBTCONSOLIDATION,7900,9.0,0,0.08,N,6
38,102000,RENT,3.8,DEBTCONSOLIDATION,9300,10.51,0,0.09,N,8
39,96100,RENT,2.6,MEDICAL,27600,11.6,0,0.29,N,5
44,63600,RENT,2.6,DEBTCONSOLIDATION,8600,11.73,0,0.14,N,6
37,54500,RENT,5.3,EDUCATION,18400,14.23,1,0.34,N,9
41,100500,RENT,2.4,VENTURE,6600,12.02,0,0.07,N,9
36,90700,OWN,8.0,EDUCATION,17700,10.54,0,0.2,N,12
39,33200,RENT,1.5,EDUCATION,9200,14.24,1,0.28,N,7
51,64500,RENT,2.3,DEBTCONSOLIDATION,23000,17.21,1,0.36,Y,4
44,77800,MORTGAGE,13.7,MEDICAL,3500,8.19,0,0.04,N,2
51,37400,MORTGAGE,1.5,PERSONAL,14000,12.95,0,0.37,N,7
38,89000,OTHER,5.4,MEDICAL,17700,10.96,0,0.2,N,3
49,80400,MORTGAGE,2.3,VENTURE,19900,14.3,0,0.25,N,9
32,43100,MORTGAGE,3.2,MEDICAL,25600,18.26,1,0.59,Y,10
44,25700,RENT,0.2,PERSONAL,16800,17.17,1,0.65,N,7
50,74800,RENT,0.9,PERSONAL,6900,9.31,0,0.09,N,15
31,159600,RENT,0.5,MEDICAL,19400,7.96,0,0.12,N,4
38,62300,RENT,9.3,DEBTCONSOLIDATION,14600,12.88,0,0.23,N,14
44,77100,RENT,16.3,MEDICAL,6200,12.19,0,0.08,N,2
53,28500,MORTGAGE,0.4,PERSONAL,7200,14.22,0,0.25,N,3
39,52800,RENT,0.4,PERSONAL,22700,14.49,0,0.43,N,7
48,51000,OWN,4.0,VENTURE,15400,14.17,1,0.3,N,7
58,33300,OTHER,3.5,DEBTCONSOLIDATION,7600,14.83,0,0.23,N,3
49,69000,MORTGAGE,5.3,VENTURE,21300,12.81,0,0.31,N,4
42,67600,MORTGAGE,6.7,DEBTCONSOLIDATION,15900,18.49,0,0.24,N,5
47,46100,RENT,8.0,PERSONAL,7700,7.8,0,0.17,N,8
39,53800,RENT,0.8,VENTURE,12900,13.56,0,0.24,N,9
44,167600,OTHER,0.2,MEDICAL,27100,9.9,0,0.16,N,13
42,38500,RENT,11.0,HOMEIMPROVEMENT,20200,17.07,0,0.52,N,6
47,29100,RENT,3.2,EDUCATION,11700,15.32,0,0.4,N,7
40,28700,RENT,17.7,DEBTCONSOLIDATION,2200,10.65,0,0.08,N,5
47,62100,MORTGAGE,3.8,VENTURE,8800,8.88,0,0.14,N,5
40,13400,RENT,3.6,PERSONAL,8000,17.48,1,0.6,N,7
52,40900,MORTGAGE,4.9,MEDICAL,11500,9.23,0,0.28,N,6
41,31800,RENT,0.9,MEDICAL,24800,18.28,1,0.78,Y,11
29,52500,OWN,1.5,EDUCATION,8000,,0,0.15,N,11
36,52600,OTHER,11.8,HOMEIMPROVEMENT,4700,10.29,0,0.09,N,7
44,65500,MORTGAGE,1.2,EDUCATION,7000,8.09,0,0.11,Y,8
61,76000,MORTGAGE,1.3,MEDICAL,12900,,0,0.17,N,2
52,101500,RENT,3.6,MEDICAL,5300,7.57,0,0.05,N,8
28,44600,OWN,5.1,DEBTCONSOLIDATION,15200,15.96,0,0.34,N,3
33,37600,MORTGAGE,0.0,VENTURE,9700,12.69,0,0.26,N,5
55,86600,RENT,3.1,EDUCATION,11500,10.68,0,0.13,N,8
49,21800,RENT,2.5,VENTURE,7500,14.39,0,0.34,N,7
69,82200,RENT,10.0,EDUCATION,20000,13.62,0,0.24,N,8
40,58600,MORTGAGE,9.2,EDUCATION,11600,13.32,0,0.2,N,8
37,69400,RENT,11.8,VENTURE,6600,7.32,0,0.1,N,5
44,66200,MORTGAGE,9.2,MEDICAL,11200,10.52,0,0.17,N,7
40,58400,MORTGAGE,7.7,EDUCATION,31200,16.02,0,0.53,N,4
54,59700,RENT,9.8,EDUCATION,19100,14.09,0,0.32,N,10
39,29400,OWN,1.0,VENTURE,24300,17.98,1,0.83,Y,3
41,37900,MORTGAGE,2.1,DEBTCONSOLIDATION,25200,19.69,0,0.66,Y,9
36,144000,RENT,5.8,PERSONAL,15000,10.2,0,0.1,N,4
51,78400,OWN,12.8,EDUCATION,15200,11.57,0,0.19,N,4
36,97100,MORTGAGE,5.5,PERSONAL,25900,12.01,0,0.27,N,6
47,44800,MORTGAGE,1.2,EDUCATION,24400,15.59,1,0.54,Y,2
64,56600,RENT,14.5,VENTURE,19200,14.94,0,0.34,N,7
31,72400,RENT,7.1,PERSONAL,22500,14.64,0,0.31,N,7
59,105100,MORTGAGE,6.3,VENTURE,19900,11.28,1,0.19,Y,10
46,49800,MORTGAGE,7.2,MEDICAL,10300,,0,0.21,Y,5
35,70400,MORTGAGE,5.4,HOMEIMPROVEMENT,6700,8.74,0,0.1,N,4
44,80100,OWN,0.1,EDUCATION,19200,10.34,0,0.24,N,6
50,90600,RENT,1.5,EDUCATION,25900,11.03,1,0.29,N,7
37,48500,RENT,15.7,DEBTCONSOLIDATION,30600,21.21,1,0.63,N,3
48,109600,MORTGAGE,1.7,DEBTCONSOLIDATION,4600,11.46,0,0.04,N,2
60,24800,RENT,7.4,MEDICAL,17100,16.57,1,0.69,N,7
39,29100,RENT,2.8,VENTURE,16600,18.23,1,0.57,Y,14
36,70600,OWN,11.9,EDUCATION,11400,10.56,0,0.16,N,11
42,69600,MORTGAGE,4.1,DEBTCONSOLIDATION,15100,10.5,0,0.22,N,2
44,47600,MORTGAGE,5.0,VENTURE,13100,14.08,0,0.28,N,6
54,42500,MORTGAGE,1.4,VENTURE,26800,19.48,1,0.63,Y,10
42,42800,RENT,0.3,EDUCATION,10100,10.39,0,0.24,N,6
40,33000,MORTGAGE,7.1,VENTURE,8000,14.64,0,0.24,N,3
36,52900,MORTGAGE,0.4,PERSONAL,18000,13.6,0,0.34,N,2
31,23000,RENT,6.4,MEDICAL,9900,,0,0.43,N,5
34,101000,MORTGAGE,4.1,DEBTCONSOLIDATION,4900,11.07,0,0.05,N,5
34,66800,RENT,8.6,EDUCATION,21800,12.65,0,0.33,N,5
41,110400,RENT,1.2,DEBTCONSOLIDATION,10600,9.32,0,0.1,N,5
32,59200,RENT,3.9,PERSONAL,32400,15.79,1,0.55,N,2
26,53100,RENT,4.8,DEBTCONSOLIDATION,10300,8.45,0,0.19,N,3
43,58000,OWN,0.4,PERSONAL,15200,,0,0.26,N,3
63,36900,RENT,6.7,MEDICAL,7600,13.68,0,0.21,Y,2
55,27300,RENT,2.5,MEDICAL,14700,14.47,0,0.54,N,3
41,31500,RENT,0.7,PERSONAL,9500,13.34,1,0.3,N,4
35,42900,MORTGAGE,2.4,MEDICAL,18200,13.01,0,0.42,N,6
70,33300,RENT,0.5,EDUCATION,3800,6.25,0,0.11,Y,4
44,113800,RENT,10.9,MEDICAL,18700,8.78,0,0.16,N,2
45,36800,MORTGAGE,3.1,PERSONAL,14400,15.25,0,0.39,N,2
42,67300,MORTGAGE,0.7,DEBTCONSOLIDATION,11600,10.61,0,0.17,N,8
43,74700,MORTGAGE,1.5,MEDICAL,5200,7.02,0,0.07,N,4
39,107000,MORTGAGE,6.4,MEDICAL,5100,11.32,0,0.05,N,4
41,78800,RENT,7.7,VENTURE,21400,13.57,1,0.27,Y,6
59,49200,MORTGAGE,0.2,MEDICAL,19900,15.56,1,0.4,N,2
56,138500,MORTGAGE,0.3,VENTURE,13300,11.52,0,0.1,N,6
29,27300,RENT,11.0,MEDICAL,2400,7.62,0,0.09,N,6
33,32300,RENT,2.0,EDUCATION,22100,20.63,1,0.68,Y,4
37,61100,RENT,1.1,EDUCATION,17800,11.16,1,0.29,Y,10
53,56800,RENT,,MEDICAL,5600,9.45,0,0.1,N,5
56,84900,RENT,3.2,EDUCATION,9700,8.52,0,0.11,N,9
50,59200,OWN,7.4,HOMEIMPROVEMENT,5300,9.33,0,0.09,N,10
35,66400,MORTGAGE,3.7,PERSONAL,24300,13.6,0,0.37,N,7
39,93700,RENT,0.1,EDUCATION,14100,10.37,0,0.15,N,8
48,58500,RENT,3.3,MEDICAL,11500,12.01,0,0.2,N,4
41,78700,RENT,1.9,MEDICAL,17000,10.26,1,0.22,N,4
40,35800,RENT,5.7,PERSONAL,20000,18.81,1,0.56,Y,6
40,37100,MORTGAGE,3.7,DEBTCONSOLIDATION,17500,16.83,0,0.47,N,4
55,88000,MORTGAGE,16.8,MEDICAL,22700,12.31,0,0.26,N,2
49,57900,RENT,4.6,MEDICAL,16100,10.87,0,0.28,N,6
41,59500,RENT,5.0,MEDICAL,1900,8.13,0,0.03,N,3
46,37000,OWN,3.7,VENTURE,7100,13.24,0,0.19,N,8
34,43300,RENT,1.9,EDUCATION,24200,17.85,1,0.56,Y,3
39,63400,RENT,5.0,VENTURE,6900,10.38,1,0.11,N,2
54,45900,RENT,2.0,HOMEIMPROVEMENT,16700,17.09,1,0.36,N,7
32,33700,RENT,6.3,PERSONAL,8500,10.81,0,0.25,N,10
49,33900,MORTGAGE,1.4,DEBTCONSOLIDATION,29100,23.22,1,0.86,N,4
29,38200,MORTGAGE,2.3,EDUCATION,8800,12.64,0,0.23,N,8
62,45000,RENT,4.4,VENTURE,11200,16.2,1,0.25,N,4
39,46500,RENT,,DEBTCONSOLIDATION,20900,15.6,0,0.45,N,9
47,128400,MORTGAGE,5.5,EDUCATION,17600,8.95,0,0.14,N,3
45,90100,RENT,6.0,DEBTCONSOLIDATION,10500,12.95,0,0.12,N,8
45,63800,RENT,1.9,EDUCATION,18700,11.63,0,0.29,N,5
46,150900,OWN,11.2,HOMEIMPROVEMENT,30800,10.63,0,0.2,N,15
31,50800,MORTGAGE,0.2,EDUCATION,7300,,0,0.14,N,7
45,70400,MORTGAGE,1.0,MEDICAL,9100,6.11,0,0.13,N,5
42,64900,MORTGAGE,,EDUCATION,12900,11.04,0,0.2,Y,13
39,70300,RENT,,EDUCATION,10400,8.13,0,0.15,N,3
37,35900,OWN,1.6,DEBTCONSOLIDATION,10400,,0,0.29,N,9
45,45800,RENT,1.1,EDUCATION,12500,11.23,1,0.27,Y,8
36,34700,RENT,3.3,DEBTCONSOLIDATION,21400,19.69,1,0.62,Y,12
54,67800,RENT,4.8,DEBTCONSOLIDATION,11200,14.33,0,0.17,N,9
48,54300,RENT,4.8,HOMEIMPROVEMENT,9400,9.17,0,0.17,Y,5
46,19200,RENT,4.1,DEBTCONSOLIDATION,15100,,1,0.79,Y,13
53,71900,RENT,24.1,HOMEIMPROVEMENT,24300,11.57,0,0.34,N,12
30,61000,RENT,9.8,EDUCATION,18700,9.97,0,0.31,N,6
34,138300,RENT,1.4,HOMEIMPROVEMENT,10800,5.61,0,0.08,N,7
48,90200,RENT,7.1,EDUCATION,30000,9.67,0,0.33,N,2
38,99900,RENT,4.2,EDUCATION,18500,7.34,0,0.19,N,7
38,29100,RENT,0.4,EDUCATION,7100,9.87,0,0.24,N,6
33,100200,RENT,0.3,PERSONAL,18600,11.62,0,0.19,N,6
36,48700,RENT,8.0,EDUCATION,25900,15.36,1,0.53,N,18
54,37000,RENT,3.9,MEDICAL,13400,12.65,1,0.36,Y,9
48,14900,MORTGAGE,4.2,PERSONAL,19500,19.56,1,1.31,Y,10
45,111600,RENT,2.0,VENTURE,7400,10.59,0,0.07,N,6
39,46300,RENT,13.3,EDUCATION,6500,11.04,0,0.14,Y,10
45,50700,OWN,6.2,VENTURE,16900,15.06,0,0.33,N,8
55,64600,MORTGAGE,13.1,MEDICAL,12000,12.92,1,0.19,N,2
38,150900,MORTGAGE,0.5,VENTURE,13100,10.93,0,0.09,N,5
43,47800,MORTGAGE,4.4,VENTURE,10300,11.43,0,0.22,N,6
62,53700,RENT,5.1,HOMEIMPROVEMENT,13100,15.17,1,0.24,N,2
50,92300,MORTGAGE,0.7,DEBTCONSOLIDATION,6200,13.47,0,0.07,N,4
39,46500,MORTGAGE,2.1,EDUCATION,6400,8.12,0,0.14,N,15
49,34300,RENT,1.2,EDUCATION,12800,14.75,0,0.37,N,3
32,16300,MORTGAGE,14.0,DEBTCONSOLIDATION,13000,20.1,1,0.8,Y,4
43,113000,MORTGAGE,3.9,VENTURE,24300,14.06,0,0.22,N,5
49,61800,RENT,1.9,PERSONAL,10700,11.87,0,0.17,N,7
47,73200,RENT,5.5,VENTURE,18100,9.4,0,0.25,N,6
49,41500,RENT,5.4,PERSONAL,10200,14.17,0,0.25,N,17
52,78700,RENT,2.1,EDUCATION,10300,10.7,0,0.13,N,7
48,39300,RENT,25.5,PERSONAL,19000,17.73,0,0.48,N,6
47,59200,RENT,8.3,DEBTCONSOLIDATION,15300,15.68,0,0.26,N,3
45,57500,RENT,2.6,MEDICAL,11500,11.23,0,0.2,N,2
35,100800,OWN,5.4,MEDICAL,13600,10.47,0,0.13,N,4
54,77300,MORTGAGE,6.2,VENTURE,23300,14.29,0,0.3,N,5
43,38400,MORTGAGE,1.0,DEBTCONSOLIDATION,20000,18.6,1,0.52,Y,2
50,75400,RENT,10.5,DEBTCONSOLIDATION,27400,14.48,0,0.36,N,3
53,44300,RENT,8.7,VENTURE,24600,18.34,1,0.56,Y,4
39,34700,MORTGAGE,7.0,PERSONAL,17900,,1,0.52,N,6
40,73400,RENT,1.3,DEBTCONSOLIDATION,8200,14.6,0,0.11,N,4
41,60300,RENT,0.7,EDUCATION,11300,,0,0.19,N,6
56,28100,MORTGAGE,1.0,DEBTCONSOLIDATION,15200,18.95,0,0.54,N,4
36,40800,RENT,0.5,MEDICAL,4000,,0,0.1,Y,4
58,81600,RENT,14.1,VENTURE,18200,13.43,0,0.22,N,9
45,67100,OWN,9.5,HOMEIMPROVEMENT,30800,15.95,0,0.46,N,2
46,68700,RENT,0.5,VENTURE,22700,17.23,0,0.33,N,7
52,149500,MORTGAGE,5.7,EDUCATION,18400,10.32,0,0.12,N,4
44,93700,OWN,1.4,DEBTCONSOLIDATION,18100,14.18,0,0.19,N,9
54,50800,RENT,0.1,VENTURE,25500,17.47,0,0.5,N,3
39,43400,MORTGAGE,1.7,EDUCATION,10300,8.17,0,0.24,N,2
58,37300,RENT,2.9,EDUCATION,12900,12.58,0,0.35,N,5
40,42100,MORTGAGE,0.1,MEDICAL,17700,16.59,0,0.42,Y,11
59,22500,RENT,2.0,EDUCATION,15600,20.44,1,0.69,Y,3
40,27800,OTHER,6.0,PERSONAL,23300,20.9,1,0.84,N,4
41,77800,MORTGAGE,1.3,VENTURE,11300,12.62,0,0.15,Y,8
36,126000,MORTGAGE,3.3,DEBTCONSOLIDATION,12300,10.87,0,0.1,N,6
37,55800,MORTGAGE,10.9,VENTURE,9200,12.64,0,0.16,N,4
43,36800,RENT,0.1,MEDICAL,17100,17.89,0,0.46,N,6
46,12000,RENT,7.7,EDUCATION,11800,22.09,1,0.98,N,18
53,138300,RENT,,EDUCATION,15000,12.34,1,0.11,N,9
42,25900,RENT,3.9,HOMEIMPROVEMENT,5100,15.39,0,0.2,N,15
35,24100,MORTGAGE,1.3,EDUCATION,18800,16.76,1,0.78,N,7
47,46000,MORTGAGE,4.3,VENTURE,14700,13.53,0,0.32,N,7
45,52900,RENT,6.6,DEBTCONSOLIDATION,19900,13.69,0,0.38,Y,8
48,54500,RENT,1.1,HOMEIMPROVEMENT,9300,8.85,0,0.17,N,7
38,33900,MORTGAGE,2.1,EDUCATION,23700,21.17,1,0.7,Y,5
39,68100,RENT,4.2,EDUCATION,24300,,0,0.36,N,4
38,40700,MORTGAGE,2.7,EDUCATION,12700,15.05,0,0.31,Y,6
55,41200,RENT,1.7,EDUCATION,6100,9.6,0,0.15,N,6
58,46500,RENT,3.0,VENTURE,14100,16.29,1,0.3,N,7
39,37300,MORTGAGE,1.7,PERSONAL,17300,16.2,0,0.46,N,10
39,27200,RENT,1.8,PERSONAL,16200,18.69,1,0.6,Y,13
50,28200,RENT,4.7,MEDICAL,25500,20.55,1,0.9,Y,2
60,29500,MORTGAGE,3.2,PERSONAL,26500,19.1,1,0.9,Y,10
63,69600,RENT,5.7,EDUCATION,16700,10.2,0,0.24,Y,7
38,67500,MORTGAGE,9.1,DEBTCONSOLIDATION,17200,10.88,0,0.25,N,4
40,46700,OWN,14.3,DEBTCONSOLIDATION,6900,14.69,0,0.15,N,10
46,48000,MORTGAGE,0.8,VENTURE,11800,12.72,0,0.25,Y,6
47,103000,MORTGAGE,4.9,MEDICAL,10700,7.92,0,0.1,N,9
42,71900,RENT,4.4,HOMEIMPROVEMENT,11000,9.87,0,0.15,N,5
37,128100,MORTGAGE,10.1,DEBTCONSOLIDATION,19500,9.79,0,0.15,N,5
43,39400,RENT,11.3,EDUCATION,13700,14.61,0,0.35,Y,6
63,28500,MORTGAGE,7.1,VENTURE,14000,17.83,0,0.49,N,13
39,93700,RENT,4.5,EDUCATION,9200,10.22,0,0.1,N,4
46,53600,RENT,1.1,EDUCATION,7700,9.49,0,0.14,N,7
70,34800,MORTGAGE,1.6,EDUCATION,12200,16.58,0,0.35,N,3
39,70900,MORTGAGE,4.6,PERSONAL,5000,9.84,0,0.07,N,11
50,36800,RENT,0.8,MEDICAL,7600,13.85,0,0.21,Y,18
63,79100,RENT,1.0,MEDICAL,22300,11.01,0,0.28,N,4
49,70800,RENT,12.1,EDUCATION,12700,12.96,0,0.18,N,2
55,47800,MORTGAGE,15.7,EDUCATION,30400,18.06,1,0.64,N,20
51,21400,RENT,0.0,DEBTCONSOLIDATION,2100,10.87,1,0.1,N,10
48,32600,RENT,9.9,PERSONAL,26600,19.55,1,0.82,Y,6
58,124900,RENT,,MEDICAL,17500,9.69,0,0.14,N,2
50,141500,RENT,3.7,EDUCATION,16700,11.5,0,0.12,N,9
42,225500,MORTGAGE,3.0,PERSONAL,23100,10.17,0,0.1,N,11
45,67500,RENT,12.6,HOMEIMPROVEMENT,16800,8.51,1,0.25,N,2
47,29700,RENT,0.0,VENTURE,4100,14.16,1,0.14,N,2
40,113100,OWN,9.2,EDUCATION,25900,13.31,0,0.23,N,4
45,46900,MORTGAGE,1.8,PERSONAL,24400,19.7,1,0.52,Y,13
44,37200,MORTGAGE,5.1,EDUCATION,14400,14.37,1,0.39,Y,4
50,65100,MORTGAGE,2.0,EDUCATION,6900,9.07,0,0.11,N,4
68,153800,MORTGAGE,3.7,VENTURE,22400,10.27,0,0.15,N,11
46,51100,RENT,8.3,MEDICAL,14600,12.76,0,0.29,N,15
60,54700,RENT,1.0,HOMEIMPROVEMENT,10600,12.06,0,0.19,N,2
49,23300,MORTGAGE,5.5,DEBTCONSOLIDATION,32600,20.58,1,1.4,Y,2
45,57500,MORTGAGE,11.4,MEDICAL,7700,8.71,0,0.13,N,3
40,78100,RENT,11.6,HOMEIMPROVEMENT,7700,10.74,0,0.1,N,3
45,51600,RENT,11.2,MEDICAL,16200,12.78,0,0.31,Y,13
45,53800,OWN,,VENTURE,9500,12.4,0,0.18,N,3
38,61300,RENT,7.3,VENTURE,12200,9.75,0,0.2,N,13
39,30400,RENT,3.0,PERSONAL,9100,11.05,0,0.3,N,2
47,15500,RENT,3.1,MEDICAL,21100,,0,1.36,N,2
60,51200,RENT,1.7,HOMEIMPROVEMENT,9700,10.73,0,0.19,N,7
43,47900,MORTGAGE,1.7,MEDICAL,23200,14.76,0,0.48,N,3
33,74100,RENT,0.2,PERSONAL,19700,12.29,0,0.27,Y,5
29,202500,MORTGAGE,3.8,PERSONAL,10100,7.23,0,0.05,N,6
35,110500,RENT,1.8,DEBTCONSOLIDATION,21700,16.23,0,0.2,N,8
50,17500,MORTGAGE,1.0,VENTURE,10500,20.57,1,0.6,Y,12
34,216700,RENT,0.6,PERSONAL,12100,8.16,0,0.06,N,5
52,78100,RENT,2.1,EDUCATION,5600,10.88,0,0.07,Y,6
50,46800,OWN,11.5,PERSONAL,15500,14.08,0,0.33,N,7
43,122000,RENT,3.6,PERSONAL,22300,10.67,0,0.18,N,7
32,13300,MORTGAGE,4.1,MEDICAL,16700,17.51,1,1.26,Y,2
38,40200,OWN,0.3,MEDICAL,15100,14.5,0,0.38,N,3
41,60400,RENT,3.7,MEDICAL,25500,14.8,0,0.42,N,8
47,56200,RENT,5.5,EDUCATION,12800,14.31,1,0.23,Y,4
34,124600,RENT,0.8,PERSONAL,33100,9.61,0,0.27,N,8
58,103700,RENT,20.5,DEBTCONSOLIDATION,13200,11.13,0,0.13,N,10
47,78800,MORTGAGE,12.3,PERSONAL,17200,10.12,0,0.22,N,8
48,46500,RENT,24.9,VENTURE,4600,9.59,0,0.1,N,9
50,91900,OTHER,2.2,HOMEIMPROVEMENT,18700,9.62,0,0.2,N,2
57,39000,MORTGAGE,8.6,VENTURE,10500,13.21,0,0.27,Y,8
45,82800,MORTGAGE,2.0,MEDICAL,6900,,0,0.08,N,2
50,36300,RENT,6.9,PERSONAL,7300,10.69,0,0.2,N,10
38,63700,RENT,14.8,VENTURE,14200,14.04,0,0.22,N,12
63,24300,RENT,0.8,HOMEIMPROVEMENT,16000,19.51,1,0.66,N,8
45,95800,MORTGAGE,0.8,DEBTCONSOLIDATION,18800,13.06,0,0.2,N,9
38,42400,RENT,0.6,HOMEIMPROVEMENT,12900,14.36,1,0.3,N,6
40,25500,MORTGAGE,8.0,EDUCATION,24100,20.48,1,0.95,Y,7
30,31900,MORTGAGE,5.5,MEDICAL,5300,8.91,1,0.17,Y,3
40,45800,MORTGAGE,3.7,PERSONAL,6700,11.37,0,0.15,N,2
27,32800,MORTGAGE,7.4,MEDICAL,8900,11.65,0,0.27,N,8
51,80500,MORTGAGE,9.5,PERSONAL,6300,10.87,0,0.08,N,6
47,46500,RENT,14.9,PERSONAL,20300,,0,0.44,Y,3
36,90600,RENT,1.1,PERSONAL,11300,8.72,0,0.12,N,10
43,46400,RENT,2.9,VENTURE,16300,12.27,1,0.35,N,2
43,80400,MORTGAGE,12.8,PERSONAL,20600,13.38,0,0.26,N,6
35,54400,RENT,3.1,PERSONAL,15000,12.72,1,0.28,N,8
42,47000,MORTGAGE,3.3,PERSONAL,14700,14.87,0,0.31,Y,7
44,30600,MORTGAGE,14.3,DEBTCONSOLIDATION,13000,16.6,1,0.42,Y,8
41,56200,RENT,6.6,HOMEIMPROVEMENT,18600,12.66,0,0.33,N,5
38,81200,MORTGAGE,4.0,EDUCATION,14600,,0,0.18,N,10
36,37100,RENT,2.2,DEBTCONSOLIDATION,12000,13.42,1,0.32,Y,3
41,53800,RENT,12.3,MEDICAL,16600,15.47,1,0.31,N,7
39,40000,MORTGAGE,0.0,VENTURE,29200,19.95,1,0.73,N,12
49,157100,OTHER,1.9,HOMEIMPROVEMENT,22000,11.46,0,0.14,N,8
58,64300,MORTGAGE,14.6,PERSONAL,12900,9.33,0,0.2,N,9
53,56900,OWN,3.4,EDUCATION,16400,10.2,0,0.29,N,9
44,41500,MORTGAGE,4.9,VENTURE,11800,14.18,0,0.28,N,5
38,88100,MORTGAGE,3.8,DEBTCONSOLIDATION,14400,13.42,0,0.16,N,9
52,54200,RENT,2.5,MEDICAL,19700,18.73,0,0.36,N,3
50,52300,RENT,5.5,DEBTCONSOLIDATION,23000,13.87,1,0.44,Y,29
57,52000,RENT,7.3,DEBTCONSOLIDATION,5100,9.19,0,0.1,Y,6
45,29500,RENT,,DEBTCONSOLIDATION,7700,15.45,1,0.26,N,4
62,123300,MORTGAGE,4.5,MEDICAL,15700,7.91,0,0.13,N,2
45,89800,RENT,0.4,VENTURE,18800,,0,0.21,N,5
38,54400,MORTGAGE,4.0,MEDICAL,17700,13.8,0,0.33,N,5
39,51200,RENT,6.9,VENTURE,9200,13.84,0,0.18,Y,3
48,33400,RENT,,EDUCATION,17500,19.16,1,0.52,Y,2
39,24100,RENT,10.5,MEDICAL,13200,,1,0.55,Y,3
62,33400,RENT,1.7,HOMEIMPROVEMENT,9200,,0,0.28,Y,7
48,101600,OWN,3.4,VENTURE,24900,13.85,0,0.25,N,2
44,43800,MORTGAGE,0.5,EDUCATION,14600,12.38,1,0.33,Y,7
45,98300,RENT,6.0,VENTURE,24000,10.48,0,0.24,N,12
41,53300,MORTGAGE,2.9,PERSONAL,12300,10.3,0,0.23,N,2
31,33600,MORTGAGE,3.8,VENTURE,17000,16.29,0,0.51,N,5
39,36200,MORTGAGE,0.7,VENTURE,22300,23.22,1,0.62,Y,2
60,62000,OTHER,29.7,PERSONAL,10600,,0,0.17,N,10
46,22200,MORTGAGE,7.4,EDUCATION,23800,17.9,1,1.07,Y,9
54,35500,MORTGAGE,2.6,MEDICAL,11100,12.93,0,0.31,N,5
54,42200,OWN,4.2,PERSONAL,8400,7.55,0,0.2,N,6
43,85100,RENT,4.8,VENTURE,19800,11.75,0,0.23,N,4
50,63300,RENT,16.2,DEBTCONSOLIDATION,10800,8.92,0,0.17,N,2
32,60100,RENT,7.3,VENTURE,28600,16.91,0,0.48,N,6
59,69900,MORTGAGE,2.2,EDUCATION,21900,10.1,0,0.31,Y,6
58,95700,MORTGAGE,19.0,EDUCATION,8900,8.22,0,0.09,N,11
48,55700,MORTGAGE,1.8,VENTURE,31500,17.35,1,0.57,Y,9
46,30700,RENT,4.3,MEDICAL,11300,,1,0.37,N,5
43,60100,MORTGAGE,6.0,MEDICAL,15200,9.83,0,0.25,N,6
55,34100,MORTGAGE,1.6,VENTURE,5500,11.35,0,0.16,N,4
51,17400,RENT,15.7,MEDICAL,4400,14.32,1,0.25,N,5
26,60100,RENT,1.2,EDUCATION,10000,13.66,0,0.17,N,4
40,72000,MORTGAGE,2.9,PERSONAL,2800,5.42,0,0.04,N,6
35,65600,MORTGAGE,1.0,HOMEIMPROVEMENT,9700,8.95,0,0.15,N,2
34,71500,MORTGAGE,10.4,EDUCATION,14400,12.85,0,0.2,N,16
55,100000,RENT,1.3,EDUCATION,18500,9.64,0,0.18,Y,5
43,31800,RENT,0.2,VENTURE,9300,15.07,0,0.29,N,6
48,43800,MORTGAGE,0.2,EDUCATION,12100,13.02,0,0.28,N,6
44,26700,OWN,2.7,MEDICAL,11600,,0,0.43,N,9
34,69400,OWN,3.7,HOMEIMPROVEMENT,10600,7.04,0,0.15,N,10
32,106500,MORTGAGE,0.2,DEBTCONSOLIDATION,11800,12.98,0,0.11,N,9
40,40200,MORTGAGE,0.5,PERSONAL,13700,15.9,0,0.34,N,14
41,80600,RENT,0.5,EDUCATION,8300,8.67,0,0.1,N,2
41,35500,MORTGAGE,5.5,MEDICAL,13200,14.59,1,0.37,Y,2
41,77300,RENT,1.8,VENTURE,9400,10.16,0,0.12,N,3
66,15900,MORTGAGE,4.1,PERSONAL,5200,13.5,0,0.33,N,7
54,125200,RENT,,PERSONAL,8600,10.44,0,0.07,N,15
46,29700,MORTGAGE,11.1,EDUCATION,27400,17.84,1,0.92,Y,3
43,59500,MORTGAGE,1.8,VENTURE,14100,13.98,0,0.24,N,9
43,117300,RENT,7.5,EDUCATION,31100,13.7,1,0.27,N,5
51,28500,RENT,8.8,HOMEIMPROVEMENT,8800,14.88,1,0.31,Y,5
43,142600,RENT,22.1,VENTURE,10000,9.78,0,0.07,N,7
52,172200,RENT,6.8,MEDICAL,17200,7.46,0,0.1,N,8
47,79100,RENT,2.9,DEBTCONSOLIDATION,11100,11.02,1,0.14,N,6
67,54700,MORTGAGE,0.8,DEBTCONSOLIDATION,11200,,0,0.2,Y,9
42,48900,MORTGAGE,0.2,VENTURE,23300,19.11,1,0.48,N,4
55,74300,OTHER,10.9,PERSONAL,3800,9.44,0,0.05,N,6
35,81700,RENT,3.0,MEDICAL,17800,,0,0.22,N,6
38,17900,RENT,6.9,MEDICAL,24700,16.42,1,1.38,Y,4
64,46300,RENT,3.4,VENTURE,7900,10.07,0,0.17,N,11
52,39300,RENT,,DEBTCONSOLIDATION,12000,13.51,0,0.31,N,8
48,36300,MORTGAGE,6.9,VENTURE,22000,17.93,1,0.61,Y,10
70,36700,RENT,0.4,VENTURE,14700,10.47,0,0.4,N,10
43,26600,MORTGAGE,,PERSONAL,11200,13.45,0,0.42,Y,3
55,127100,RENT,1.6,DEBTCONSOLIDATION,16800,11.5,0,0.13,N,9
55,39200,MORTGAGE,7.4,PERSONAL,10600,14.55,1,0.27,N,5
61,50000,OWN,14.8,MEDICAL,16800,15.97,0,0.34,N,2
35,45600,RENT,13.3,HOMEIMPROVEMENT,7300,12.09,0,0.16,N,7
43,40100,OWN,0.7,EDUCATION,8800,,0,0.22,N,4
47,68100,RENT,0.3,VENTURE,3000,12.72,0,0.04,N,3
61,45600,RENT,7.5,DEBTCONSOLIDATION,8100,11.9,0,0.18,N,2
48,75600,OWN,6.2,PERSONAL,7000,10.17,1,0.09,N,5
55,128500,MORTGAGE,1.0,PERSONAL,16200,9.44,0,0.13,N,2
34,29600,RENT,5.8,EDUCATION,28000,19.14,1,0.95,Y,4
41,64700,RENT,0.1,VENTURE,8700,12.21,1,0.13,Y,9
58,63700,RENT,5.0,HOMEIMPROVEMENT,6900,7.91,0,0.11,N,4
42,28400,MORTGAGE,8.9,EDUCATION,14700,18.25,1,0.52,Y,9
44,77300,MORTGAGE,5.1,MEDICAL,8000,8.07,0,0.1,N,8
60,46900,RENT,0.3,MEDICAL,14900,13.68,0,0.32,N,5
37,129100,MORTGAGE,19.0,MEDICAL,14100,10.24,0,0.11,N,7
38,93800,RENT,2.2,PERSONAL,3300,9.64,0,0.04,N,3
33,54200,MORTGAGE,2.4,EDUCATION,29400,16.97,0,0.54,N,7
61,48100,RENT,0.4,VENTURE,8400,9.16,0,0.17,N,11
53,140500,RENT,0.9,MEDICAL,25400,13.03,0,0.18,N,10
53,39400,RENT,1.6,PERSONAL,11600,13.02,0,0.29,N,5
41,62700,RENT,8.0,MEDICAL,7600,7.42,0,0.12,N,12
33,52300,RENT,5.9,VENTURE,6400,15.5,0,0.12,N,2
32,104500,RENT,4.4,PERSONAL,14200,11.65,0,0.14,N,6
58,109000,RENT,10.0,PERSONAL,11200,11.75,0,0.1,N,6
49,73000,RENT,30.6,DEBTCONSOLIDATION,26500,15.18,0,0.36,N,4
51,40500,MORTGAGE,2.4,HOMEIMPROVEMENT,8400,14.26,0,0.21,N,3
46,49700,RENT,2.5,DEBTCONSOLIDATION,19400,,1,0.39,N,3
37,27500,RENT,6.7,HOMEIMPROVEMENT,8100,13.16,1,0.29,Y,5
41,62100,OTHER,5.2,EDUCATION,24400,15.4,0,0.39,N,9
36,34800,RENT,0.1,PERSONAL,14200,13.18,0,0.41,N,4
35,185600,RENT,5.3,MEDICAL,22800,8.84,0,0.12,N,5
52,40100,MORTGAGE,,DEBTCONSOLIDATION,12700,,0,0.32,N,8
32,95200,RENT,14.0,DEBTCONSOLIDATION,7900,7.63,0,0.08,N,9
36,125600,MORTGAGE,4.4,EDUCATION,14800,10.34,0,0.12,N,5
42,85500,RENT,5.8,VENTURE,9600,9.53,0,0.11,N,5
44,41000,RENT,7.8,DEBTCONSOLIDATION,8100,12.46,0,0.2,N,7
33,39400,MORTGAGE,0.5,VENTURE,25800,21.83,1,0.65,Y,9
32,250000,RENT,6.6,MEDICAL,15100,9.81,0,0.06,N,5
48,160400,RENT,4.0,EDUCATION,21700,8.5,0,0.14,N,4
46,64000,RENT,0.5,PERSONAL,20900,12.81,1,0.33,Y,12
58,45000,RENT,5.5,EDUCATION,1500,7.53,0,0.03,N,9
45,33600,RENT,1.3,VENTURE,25000,19.14,1,0.74,N,5
49,38500,RENT,3.9,DEBTCONSOLIDATION,20800,18.05,1,0.54,Y,8
38,80100,MORTGAGE,1.6,MEDICAL,9600,8.86,0,0.12,N,11
38,193300,MORTGAGE,0.6,PERSONAL,8900,7.09,0,0.05,N,8
34,50700,MORTGAGE,1.4,DEBTCONSOLIDATION,4900,8.29,0,0.1,N,4
38,104700,MORTGAGE,2.9,EDUCATION,6000,,0,0.06,N,4
41,88800,MORTGAGE,3.4,DEBTCONSOLIDATION,8300,9.5,0,0.09,N,8
56,46100,OTHER,0.8,EDUCATION,2000,6.79,0,0.04,N,4
37,93900,RENT,1.9,MEDICAL,10400,8.0,1,0.11,N,5
67,95500,OWN,9.8,DEBTCONSOLIDATION,26700,14.14,0,0.28,N,4
50,89700,RENT,12.1,PERSONAL,15200,8.1,1,0.17,N,5
47,43200,MORTGAGE,3.8,MEDICAL,15700,17.09,0,0.36,Y,11
44,80400,MORTGAGE,3.4,EDUCATION,9000,10.39,0,0.11,N,3
42,104200,MORTGAGE,4.4,MEDICAL,8800,8.09,0,0.08,N,13
39,91600,RENT,1.2,HOMEIMPROVEMENT,11400,7.32,0,0.12,N,6
33,98000,MORTGAGE,15.0,EDUCATION,9500,10.76,0,0.1,N,5
37,48500,RENT,6.8,DEBTCONSOLIDATION,23800,16.89,1,0.49,Y,2
61,97700,MORTGAGE,1.4,MEDICAL,7900,,0,0.08,N,4
49,110100,OTHER,1.6,PERSONAL,18000,8.98,0,0.16,N,6
61,42100,RENT,5.2,PERSONAL,13800,11.9,0,0.33,N,4
39,25300,RENT,1.9,MEDICAL,18100,19.66,1,0.72,Y,13
36,133200,RENT,2.2,EDUCATION,22900,9.72,0,0.17,N,10
44,42000,RENT,7.6,EDUCATION,10900,13.51,0,0.26,N,9
37,36000,OWN,1.6,VENTURE,14900,15.33,0,0.41,Y,4
46,60900,MORTGAGE,6.1,HOMEIMPROVEMENT,14000,11.96,0,0.23,N,6
32,46700,RENT,13.7,HOMEIMPROVEMENT,11500,9.9,0,0.25,N,3
30,18800,MORTGAGE,0.7,EDUCATION,22100,18.88,1,1.18,Y,6
47,88500,MORTGAGE,0.8,DEBTCONSOLIDATION,2700,9.35,0,0.03,N,6
61,87300,RENT,14.3,EDUCATION,10300,9.63,0,0.12,N,3
47,30700,RENT,1.1,DEBTCONSOLIDATION,22800,,1,0.74,Y,5
49,53400,MORTGAGE,,PERSONAL,24400,14.48,0,0.46,N,5
44,31000,RENT,10.1,HOMEIMPROVEMENT,18500,17.34,1,0.6,N,7
45,33800,RENT,1.7,VENTURE,10900,12.17,0,0.32,N,5
33,38900,RENT,1.8,PERSONAL,22500,18.45,0,0.58,N,3
38,72500,MORTGAGE,1.3,PERSONAL,5800,8.38,0,0.08,N,6
56,163800,RENT,12.5,VENTURE,9500,6.07,0,0.06,N,6
35,43200,MORTGAGE,7.4,HOMEIMPROVEMENT,6000,10.39,0,0.14,N,5
41,85900,MORTGAGE,4.5,MEDICAL,6500,7.11,0,0.08,N,21
56,84000,RENT,3.0,HOMEIMPROVEMENT,16000,9.46,0,0.19,N,4
45,16800,MORTGAGE,0.8,DEBTCONSOLIDATION,5400,20.66,1,0.32,N,4
45,25300,RENT,13.0,VENTURE,18200,21.19,1,0.72,N,2
41,167000,MORTGAGE,6.9,EDUCATION,11000,7.76,0,0.07,N,5
50,41000,OWN,1.6,MEDICAL,4900,9.73,0,0.12,N,2
53,69500,RENT,14.7,DEBTCONSOLIDATION,9900,10.97,0,0.14,N,4
37,65200,MORTGAGE,13.7,PERSONAL,12000,16.17,0,0.18,N,9
33,16800,RENT,5.4,HOMEIMPROVEMENT,11300,19.74,0,0.67,Y,9
30,37200,RENT,12.0,MEDICAL,14200,15.31,0,0.38,N,12
48,80800,RENT,1.0,DEBTCONSOLIDATION,14000,9.26,0,0.17,N,10
47,32300,MORTGAGE,,DEBTCONSOLIDATION,11200,15.09,0,0.35,N,8
70,44000,RENT,0.8,HOMEIMPROVEMENT,25600,16.14,1,0.58,Y,2
44,27900,RENT,5.9,MEDICAL,8700,14.89,0,0.31,N,3
43,34100,MORTGAGE,,VENTURE,10900,16.7,0,0.32,N,4
46,40600,MORTGAGE,3.8,EDUCATION,15100,12.3,0,0.37,N,6
46,19500,MORTGAGE,7.2,VENTURE,9200,14.92,1,0.47,N,6
42,103200,RENT,0.8,PERSONAL,7400,6.88,0,0.07,N,12
37,25200,MORTGAGE,5.0,EDUCATION,2300,12.61,0,0.09,N,8
44,49300,OWN,0.3,EDUCATION,28000,16.52,0,0.57,N,2
43,36000,RENT,0.2,PERSONAL,21200,17.56,0,0.59,Y,5
43,98000,MORTGAGE,5.0,MEDICAL,25100,,0,0.26,N,9
51,27500,RENT,4.3,MEDICAL,4300,6.6,0,0.16,N,5
44,35200,MORTGAGE,2.0,VENTURE,5500,12.8,0,0.16,Y,6
34,26000,MORTGAGE,3.6,VENTURE,15100,19.6,1,0.58,Y,4
38,14400,OWN,5.8,EDUCATION,3500,9.7,1,0.24,N,9
42,71700,RENT,5.2,VENTURE,9600,9.63,0,0.13,N,6
44,55100,MORTGAGE,0.4,EDUCATION,30100,16.13,1,0.55,N,9
48,61100,RENT,5.7,EDUCATION,11200,11.71,0,0.18,Y,7
44,84600,RENT,5.4,PERSONAL,30700,16.04,1,0.36,Y,9
30,57500,RENT,5.5,PERSONAL,6700,9.44,0,0.12,N,4
34,42400,MORTGAGE,9.4,MEDICAL,11700,14.0,0,0.28,N,2
49,62500,RENT,4.3,EDUCATION,2300,7.01,0,0.04,N,6
42,41000,OWN,13.9,EDUCATION,16000,14.54,0,0.39,N,7
59,99900,RENT,19.6,MEDICAL,10900,8.66,0,0.11,Y,11
45,44400,RENT,7.0,VENTURE,14100,14.01,1,0.32,N,2
41,50700,OWN,,DEBTCONSOLIDATION,21500,14.64,0,0.42,N,3
38,76900,RENT,0.8,EDUCATION,15100,,0,0.2,N,5
41,195800,MORTGAGE,,MEDICAL,17800,9.62,0,0.09,N,5
45,30900,RENT,0.8,MEDICAL,13400,14.78,0,0.43,Y,6
44,27700,RENT,0.8,DEBTCONSOLIDATION,20100,19.92,1,0.73,Y,3
53,47300,RENT,12.6,EDUCATION,16300,13.34,0,0.34,Y,6
32,35900,RENT,4.1,EDUCATION,24100,,1,0.67,Y,10
33,79600,MORTGAGE,1.7,MEDICAL,20300,8.24,0,0.26,N,3
42,60400,MORTGAGE,16.5,VENTURE,8900,16.02,0,0.15,N,12
49,29300,MORTGAGE,,DEBTCONSOLIDATION,14500,16.15,1,0.49,N,5
51,81800,RENT,3.8,MEDICAL,24500,11.93,1,0.3,Y,4
39,149700,RENT,2.0,MEDICAL,23800,12.63,0,0.16,N,7
27,34900,MORTGAGE,5.6,MEDICAL,13500,16.97,1,0.39,Y,9
39,64800,RENT,6.6,EDUCATION,10400,7.24,0,0.16,N,5
47,16200,MORTGAGE,6.2,HOMEIMPROVEMENT,8600,15.43,0,0.53,N,10
43,44200,RENT,1.1,VENTURE,8300,,0,0.19,N,5
49,64200,OWN,6.0,MEDICAL,7300,7.5,0,0.11,N,10
56,50100,RENT,4.4,MEDICAL,34400,20.02,1,0.69,Y,7
42,57600,RENT,9.5,DEBTCONSOLIDATION,17700,14.31,0,0.31,N,2
40,35300,RENT,4.9,PERSONAL,10400,9.34,0,0.29,N,3
36,108300,RENT,0.8,VENTURE,10000,,0,0.09,N,9
33,43200,MORTGAGE,1.9,PERSONAL,10200,13.19,0,0.24,N,4
32,27600,OWN,6.8,PERSONAL,24400,19.5,1,0.88,Y,8
38,53000,RENT,6.7,EDUCATION,14300,15.61,0,0.27,Y,10
54,90000,RENT,1.3,EDUCATION,9600,10.4,1,0.11,Y,11
50,73500,RENT,2.2,HOMEIMPROVEMENT,21700,11.19,1,0.3,Y,8
39,40800,RENT,0.1,EDUCATION,20100,13.84,1,0.49,N,11
68,143700,RENT,2.0,VENTURE,13300,5.93,0,0.09,N,7
39,52000,MORTGAGE,0.1,HOMEIMPROVEMENT,18400,11.89,0,0.35,N,6
57,21100,MORTGAGE,,MEDICAL,19800,19.69,1,0.94,N,6
60,75100,MORTGAGE,5.5,VENTURE,4700,9.22,0,0.06,N,10
48,50200,MORTGAGE,,DEBTCONSOLIDATION,24500,,0,0.49,N,6
38,52000,MORTGAGE,11.1,MEDICAL,9900,11.33,0,0.19,N,4
40,88300,RENT,4.6,MEDICAL,30900,,0,0.35,N,6
45,46900,RENT,3.5,MEDICAL,26000,19.37,1,0.55,Y,2
33,46200,RENT,10.8,MEDICAL,3300,10.09,0,0.07,N,2
36,27200,RENT,1.8,VENTURE,16700,19.24,1,0.61,Y,11
35,40500,RENT,1.3,PERSONAL,29400,18.73,1,0.73,N,6
49,62000,RENT,2.6,DEBTCONSOLIDATION,15400,15.13,0,0.25,N,11
55,39200,RENT,0.3,VENTURE,16600,16.44,0,0.42,N,3
50,21600,MORTGAGE,1.8,MEDICAL,27200,18.25,1,1.26,Y,14
53,77500,MORTGAGE,0.4,DEBTCONSOLIDATION,15600,10.01,0,0.2,N,2
37,79300,RENT,0.3,MEDICAL,9200,,0,0.12,N,11
41,79600,MORTGAGE,4.0,PERSONAL,13200,,0,0.17,N,5
41,32600,MORTGAGE,6.2,PERSONAL,11000,12.41,0,0.34,N,12
48,53600,RENT,,EDUCATION,7700,10.33,0,0.14,N,7
68,61800,OTHER,,EDUCATION,8600,11.4,0,0.14,Y,5
38,75100,RENT,2.5,VENTURE,5100,11.85,0,0.07,N,9
53,76100,MORTGAGE,0.6,DEBTCONSOLIDATION,7800,10.77,1,0.1,N,8
59,24900,OWN,5.3,VENTURE,9400,12.65,1,0.38,N,13
48,139700,MORTGAGE,8.8,PERSONAL,20400,11.73,0,0.15,N,8
40,27900,MORTGAGE,0.6,PERSONAL,11300,12.88,0,0.41,N,9
37,22100,OWN,0.3,VENTURE,18500,19.2,1,0.84,Y,5
35,12000,RENT,2.6,VENTURE,33200,,1,2.77,Y,7
30,79600,RENT,1.8,EDUCATION,15800,11.43,0,0.2,N,6
42,120200,MORTGAGE,1.5,HOMEIMPROVEMENT,16500,10.18,0,0.14,N,10
41,38300,MORTGAGE,1.2,PERSONAL,15100,18.17,1,0.39,Y,6
52,20500,MORTGAGE,1.9,EDUCATION,11900,18.2,0,0.58,N,3
39,87600,OWN,16.8,MEDICAL,8100,7.39,0,0.09,N,7
42,26500,RENT,9.7,EDUCATION,30500,14.13,0,1.15,N,6
46,76100,MORTGAGE,,MEDICAL,13500,10.31,0,0.18,N,5
48,32600,OWN,8.1,MEDICAL,27500,19.54,1,0.84,Y,8
51,42600,RENT,0.1,PERSONAL,9400,14.95,1,0.22,Y,6
45,64600,OWN,0.6,VENTURE,6400,6.37,0,0.1,N,3
34,64800,RENT,1.7,DEBTCONSOLIDATION,17100,16.41,1,0.26,N,4
47,57500,OWN,5.2,EDUCATION,23500,16.37,0,0.41,Y,6
38,121600,OWN,10.7,PERSONAL,17700,12.04,0,0.15,N,11
56,139100,RENT,1.3,DEBTCONSOLIDATION,19900,12.21,0,0.14,N,12
44,145200,MORTGAGE,0.7,MEDICAL,16400,6.42,0,0.11,N,3
46,49200,MORTGAGE,9.4,MEDICAL,20000,,1,0.41,N,14
70,57400,RENT,2.6,VENTURE,10900,10.41,1,0.19,N,6
51,115600,RENT,6.0,PERSONAL,11800,11.1,0,0.1,N,5
47,37900,RENT,4.0,DEBTCONSOLIDATION,21100,19.18,1,0.56,Y,13
42,42800,MORTGAGE,1.0,EDUCATION,21800,16.62,1,0.51,N,6
34,54800,RENT,6.0,VENTURE,5700,10.97,1,0.1,N,6
42,53600,OWN,,PERSONAL,3100,9.92,0,0.06,N,8
37,46300,RENT,1.7,EDUCATION,17800,13.47,0,0.38,N,7
61,32400,MORTGAGE,11.6,EDUCATION,5800,10.16,0,0.18,N,5
47,86700,RENT,0.0,EDUCATION,7800,8.33,0,0.09,N,4
56,43800,MORTGAGE,2.6,MEDICAL,8300,10.05,0,0.19,N,2
38,59000,OWN,1.8,EDUCATION,14200,10.76,0,0.24,N,10
37,54000,RENT,0.3,VENTURE,8400,13.2,0,0.16,N,3
50,78500,RENT,0.4,PERSONAL,8000,11.29,0,0.1,N,8
36,69600,MORTGAGE,0.9,DEBTCONSOLIDATION,2700,11.22,0,0.04,N,15
40,47100,RENT,3.5,MEDICAL,20600,12.86,0,0.44,N,3
62,43100,RENT,1.7,EDUCATION,7100,9.79,0,0.16,N,11
40,51000,RENT,9.1,EDUCATION,15500,10.9,0,0.3,N,6
33,29400,RENT,1.4,DEBTCONSOLIDATION,10100,14.98,0,0.34,N,7
31,34800,MORTGAGE,6.4,DEBTCONSOLIDATION,8100,14.04,0,0.23,N,6
32,72500,OWN,1.2,EDUCATION,11000,11.13,0,0.15,N,8
56,63900,MORTGAGE,0.2,EDUCATION,9400,7.97,0,0.15,N,2
39,31800,RENT,1.5,DEBTCONSOLIDATION,12600,18.92,0,0.4,N,5
70,50700,RENT,9.1,PERSONAL,18500,11.52,0,0.36,N,10
60,22900,OWN,0.4,VENTURE,4700,12.25,0,0.21,N,2
66,58400,OWN,2.1,VENTURE,8100,12.72,0,0.14,N,5
54,45000,RENT,0.0,PERSONAL,5700,10.72,0,0.13,N,5
49,171500,OWN,5.0,MEDICAL,29700,10.79,0,0.17,N,12
37,74800,OWN,14.3,MEDICAL,15600,11.38,0,0.21,N,2
43,32100,RENT,2.4,EDUCATION,22400,17.73,1,0.7,Y,8
50,31800,MORTGAGE,4.3,VENTURE,9500,16.0,1,0.3,Y,10
53,76900,MORTGAGE,3.0,HOMEIMPROVEMENT,25400,12.72,0,0.33,Y,7
35,87900,RENT,17.0,MEDICAL,16900,7.91,0,0.19,N,4
42,150600,RENT,6.7,HOMEIMPROVEMENT,12100,,0,0.08,N,6
43,102300,RENT,0.2,PERSONAL,16200,10.28,0,0.16,N,7
42,70400,OWN,0.6,EDUCATION,6900,9.46,0,0.1,N,5
35,118500,MORTGAGE,3.2,PERSONAL,10400,10.17,0,0.09,N,5
64,56400,RENT,,MEDICAL,14800,13.69,0,0.26,N,9
42,55100,MORTGAGE,1.7,EDUCATION,17200,10.63,0,0.31,N,3
36,27800,RENT,5.6,EDUCATION,8700,12.17,0,0.31,N,6
64,124200,RENT,4.3,EDUCATION,32300,10.58,0,0.26,N,4
60,58300,MORTGAGE,2.9,DEBTCONSOLIDATION,22900,16.58,0,0.39,N,5
45,51300,MORTGAGE,4.4,DEBTCONSOLIDATION,15700,13.62,0,0.31,N,4
31,35000,RENT,12.4,VENTURE,30100,21.36,1,0.86,N,5
40,106300,RENT,1.4,VENTURE,14200,9.43,0,0.13,N,2
32,93200,MORTGAGE,7.8,PERSONAL,28200,13.56,1,0.3,Y,14
48,33000,MORTGAGE,0.1,PERSONAL,20200,,1,0.61,Y,5
39,71700,RENT,0.4,MEDICAL,8700,11.9,0,0.12,Y,2
43,83900,MORTGAGE,14.9,EDUCATION,12100,10.12,0,0.14,N,4
63,27300,MORTGAGE,6.0,MEDICAL,9500,10.83,0,0.35,N,3
39,77100,MORTGAGE,5.0,PERSONAL,19300,12.22,0,0.25,N,6
48,69000,OWN,2.0,DEBTCONSOLIDATION,20600,12.3,0,0.3,N,2
51,76300,RENT,1.0,EDUCATION,18300,13.72,0,0.24,N,8
56,161600,OWN,2.4,VENTURE,15000,9.95,0,0.09,N,2
43,250000,RENT,4.6,EDUCATION,12000,8.49,0,0.05,Y,3
42,106900,MORTGAGE,5.0,DEBTCONSOLIDATION,31300,11.18,0,0.29,N,3
42,62500,RENT,0.9,PERSONAL,3800,8.32,0,0.06,N,4
47,77000,RENT,2.9,PERSONAL,6800,6.09,0,0.09,N,2
59,68800,OWN,4.2,PERSONAL,16200,12.55,0,0.24,N,5
41,197500,RENT,16.1,VENTURE,20300,9.76,0,0.1,N,2
27,58400,MORTGAGE,4.0,MEDICAL,28900,16.32,0,0.49,N,9
52,43100,MORTGAGE,4.3,PERSONAL,13800,13.64,1,0.32,N,3
44,73300,RENT,7.2,PERSONAL,9500,10.86,0,0.13,N,5
48,170800,OWN,2.7,EDUCATION,24000,11.68,0,0.14,N,2
32,31800,MORTGAGE,2.4,DEBTCONSOLIDATION,12800,,0,0.4,Y,5
39,37400,OWN,4.5,EDUCATION,6900,10.31,0,0.18,N,4
51,36300,MORTGAGE,7.6,MEDICAL,14400,16.66,1,0.4,Y,6
34,28000,MORTGAGE,5.1,EDUCATION,14500,18.49,1,0.52,N,11
48,32100,RENT,1.0,HOMEIMPROVEMENT,8900,13.62,0,0.28,Y,5
43,90900,MORTGAGE,2.5,MEDICAL,7200,9.39,1,0.08,N,8
38,61100,RENT,3.6,HOMEIMPROVEMENT,7200,12.15,0,0.12,N,7
37,26600,MORTGAGE,3.7,PERSONAL,22500,,1,0.85,Y,9
36,79000,RENT,2.1,EDUCATION,14000,12.45,0,0.18,N,7
44,65500,RENT,3.7,VENTURE,19700,12.42,1,0.3,Y,7
45,91400,RENT,5.6,DEBTCONSOLIDATION,29200,12.92,1,0.32,N,12
40,38900,OWN,3.2,VENTURE,21400,22.5,1,0.55,N,12
35,27600,MORTGAGE,3.0,EDUCATION,7500,14.41,0,0.27,Y,4
48,78700,MORTGAGE,8.1,MEDICAL,12400,10.01,0,0.16,N,8
52,85300,MORTGAGE,7.1,EDUCATION,13900,6.77,0,0.16,N,3
49,29500,MORTGAGE,2.7,EDUCATION,18700,15.89,1,0.63,Y,9
66,61800,RENT,27.6,MEDICAL,29400,17.16,0,0.48,N,6
42,38600,MORTGAGE,0.3,PERSONAL,9900,,0,0.26,N,4
58,92400,OWN,2.0,MEDICAL,23900,12.52,0,0.26,N,6
38,78000,RENT,0.2,VENTURE,5400,10.59,0,0.07,N,5
37,105900,MORTGAGE,9.1,MEDICAL,24400,6.36,0,0.23,N,3
45,34100,MORTGAGE,7.0,HOMEIMPROVEMENT,18600,17.33,0,0.55,N,4
61,37100,RENT,5.8,VENTURE,3800,,0,0.1,N,4
41,44200,OWN,1.2,DEBTCONSOLIDATION,16500,15.36,0,0.37,N,19
32,40500,RENT,6.2,VENTURE,27200,21.99,1,0.67,Y,3
52,66300,RENT,2.2,EDUCATION,12600,14.39,1,0.19,N,7
43,30000,OWN,10.1,DEBTCONSOLIDATION,6600,12.15,0,0.22,N,9
46,125100,MORTGAGE,1.1,PERSONAL,31800,13.36,0,0.25,N,13
37,141400,RENT,1.2,MEDICAL,12300,8.49,0,0.09,N,3
45,99700,RENT,16.2,VENTURE,14600,10.82,0,0.15,N,5
33,71300,OWN,3.6,EDUCATION,29600,16.11,0,0.42,N,6
64,50600,RENT,3.0,EDUCATION,15800,13.0,1,0.31,N,8
54,60100,MORTGAGE,2.2,DEBTCONSOLIDATION,18100,18.24,0,0.3,N,8
44,35700,RENT,8.9,HOMEIMPROVEMENT,19000,14.86,0,0.53,N,2
52,59100,OTHER,2.2,MEDICAL,20200,14.18,0,0.34,N,17
38,65100,MORTGAGE,2.2,VENTURE,21700,14.56,1,0.33,Y,3
54,34400,MORTGAGE,0.7,PERSONAL,5500,13.38,0,0.16,N,8
41,132200,MORTGAGE,3.7,PERSONAL,27400,,0,0.21,N,15
40,51700,OWN,12.9,VENTURE,15000,13.47,1,0.29,Y,6
36,30800,OWN,15.8,VENTURE,14700,17.67,1,0.48,N,4
47,48400,MORTGAGE,27.0,PERSONAL,22900,18.36,0,0.47,N,10
44,38900,MORTGAGE,3.2,EDUCATION,10200,12.04,0,0.26,N,4
58,34100,RENT,7.5,PERSONAL,17600,15.74,1,0.52,N,17
35,128600,RENT,4.0,VENTURE,10400,7.61,0,0.08,N,2
47,54500,MORTGAGE,4.0,MEDICAL,20500,13.7,1,0.38,N,6
55,95500,MORTGAGE,8.2,MEDICAL,12600,9.93,0,0.13,N,19
70,67900,OWN,9.0,PERSONAL,8100,5.6,0,0.12,N,7
45,70400,RENT,0.1,EDUCATION,26000,12.09,0,0.37,N,15
41,53800,MORTGAGE,14.3,DEBTCONSOLIDATION,20200,,0,0.38,N,9
45,42700,MORTGAGE,8.7,EDUCATION,3000,6.0,0,0.07,N,14
57,110700,MORTGAGE,6.4,PERSONAL,5200,9.38,0,0.05,N,13
57,77600,RENT,9.6,DEBTCONSOLIDATION,11600,10.84,0,0.15,N,4
42,49000,MORTGAGE,3.9,HOMEIMPROVEMENT,21100,13.53,0,0.43,N,4
57,93600,RENT,7.4,VENTURE,9700,11.0,0,0.1,Y,8
43,124300,MORTGAGE,4.6,EDUCATION,32100,12.39,0,0.26,N,13
52,66300,MORTGAGE,3.9,PERSONAL,26500,15.11,0,0.4,N,7
49,127200,RENT,1.2,MEDICAL,24100,11.28,0,0.19,N,2
40,41700,MORTGAGE,9.4,EDUCATION,2600,8.22,0,0.06,N,3
36,33000,OWN,10.8,DEBTCONSOLIDATION,29400,18.03,0,0.89,N,5
56,44900,RENT,17.7,EDUCATION,16000,10.94,0,0.36,N,7
59,55400,MORTGAGE,0.6,VENTURE,16000,9.61,0,0.29,N,5
47,127400,RENT,1.7,PERSONAL,6200,9.22,0,0.05,N,8
43,43900,MORTGAGE,5.8,EDUCATION,16400,13.44,0,0.37,N,4
34,66900,RENT,9.7,DEBTCONSOLIDATION,14600,12.4,0,0.22,N,8
55,99300,RENT,7.0,MEDICAL,14900,6.51,0,0.15,N,6
46,70100,MORTGAGE,3.0,MEDICAL,8200,7.14,0,0.12,N,3
41,41300,RENT,6.5,EDUCATION,14900,11.71,1,0.36,N,7
52,26800,RENT,0.4,PERSONAL,5400,8.72,1,0.2,Y,5
33,105900,OTHER,5.4,VENTURE,3400,8.89,0,0.03,N,3
36,30400,MORTGAGE,0.0,HOMEIMPROVEMENT,8600,11.05,0,0.28,N,8
38,44000,MORTGAGE,0.2,PERSONAL,21800,,0,0.5,N,3
48,55200,MORTGAGE,7.1,PERSONAL,16300,14.14,0,0.3,N,4
45,108500,MORTGAGE,3.2,EDUCATION,25300,15.25,0,0.23,N,9
50,93800,RENT,,PERSONAL,11800,10.06,0,0.13,N,6
55,58800,RENT,3.3,VENTURE,11000,8.17,0,0.19,N,14
50,105600,RENT,0.3,MEDICAL,18700,17.07,0,0.18,N,14
64,119100,MORTGAGE,2.1,PERSONAL,12100,8.23,0,0.1,N,11
55,41700,RENT,0.9,HOMEIMPROVEMENT,11600,13.36,1,0.28,N,6
42,43600,MORTGAGE,1.2,EDUCATION,13300,14.43,0,0.31,N,5
39,81800,RENT,1.1,PERSONAL,6600,9.54,0,0.08,N,2
43,137800,MORTGAGE,2.3,DEBTCONSOLIDATION,8400,7.87,0,0.06,N,5
50,37000,MORTGAGE,0.6,MEDICAL,16300,14.88,0,0.44,N,6
40,19700,RENT,3.8,MEDICAL,16400,,1,0.83,N,5
51,77400,RENT,2.6,DEBTCONSOLIDATION,16000,12.64,0,0.21,N,6
49,114700,MORTGAGE,9.2,HOMEIMPROVEMENT,8400,6.4,0,0.07,N,4
36,58200,MORTGAGE,8.7,HOMEIMPROVEMENT,12700,11.43,0,0.22,N,12
54,230700,MORTGAGE,8.7,EDUCATION,26600,9.51,0,0.12,N,17
47,34200,RENT,3.2,DEBTCONSOLIDATION,23900,23.22,1,0.7,Y,8
63,36000,OWN,1.7,VENTURE,15200,16.89,0,0.42,N,3
43,35800,MORTGAGE,2.7,MEDICAL,25600,19.26,1,0.72,N,2
41,56800,RENT,5.8,DEBTCONSOLIDATION,18100,13.53,0,0.32,N,12
35,57600,RENT,3.8,DEBTCONSOLIDATION,12200,12.32,0,0.21,N,7
35,35500,MORTGAGE,4.9,VENTURE,20900,16.94,1,0.59,Y,5
53,100500,RENT,5.9,MEDICAL,10200,10.58,0,0.1,N,2
62,62800,OWN,12.5,VENTURE,23700,16.04,0,0.38,N,9
43,30700,MORTGAGE,14.4,MEDICAL,10700,7.76,1,0.35,N,6
42,75900,RENT,9.2,PERSONAL,21500,13.88,0,0.28,N,4
44,43000,OWN,0.3,DEBTCONSOLIDATION,9800,13.18,0,0.23,N,6
55,57300,RENT,19.4,MEDICAL,26400,19.02,0,0.46,Y,3
36,88300,RENT,,DEBTCONSOLIDATION,8100,8.32,0,0.09,N,2
46,93900,MORTGAGE,5.9,MEDICAL,19200,15.13,0,0.2,N,10
53,89700,MORTGAGE,0.1,EDUCATION,12100,11.1,0,0.13,N,16
48,55700,RENT,3.3,EDUCATION,3200,9.41,0,0.06,N,12
26,31700,RENT,4.9,VENTURE,10700,13.56,0,0.34,N,2
50,45500,MORTGAGE,1.6,VENTURE,8400,6.3,0,0.18,N,12
48,54900,MORTGAGE,0.4,EDUCATION,15200,12.75,1,0.28,Y,3
58,126800,MORTGAGE,3.8,PERSONAL,9400,10.17,0,0.07,N,5
60,40600,MORTGAGE,3.0,VENTURE,5400,11.71,0,0.13,N,2
57,60500,MORTGAGE,0.2,HOMEIMPROVEMENT,28600,15.91,1,0.47,N,5
44,27500,RENT,3.7,EDUCATION,23300,19.52,1,0.85,Y,7
32,65300,MORTGAGE,0.6,PERSONAL,4500,7.64,0,0.07,N,5
68,52800,RENT,2.8,EDUCATION,9600,10.66,0,0.18,N,12
42,50500,RENT,1.6,EDUCATION,16900,12.67,0,0.33,N,3
44,86300,MORTGAGE,17.6,EDUCATION,10500,8.42,0,0.12,N,4
62,37200,RENT,0.2,EDUCATION,9800,8.84,0,0.26,Y,2
37,117100,RENT,4.1,EDUCATION,16100,10.06,0,0.14,N,2
33,35700,RENT,0.8,EDUCATION,8300,13.31,0,0.23,N,13
40,114800,RENT,1.9,EDUCATION,17400,7.02,0,0.15,Y,5
38,22500,RENT,1.0,PERSONAL,5900,,0,0.26,N,4
33,64100,RENT,15.0,VENTURE,10600,12.26,0,0.17,N,6
43,75800,RENT,0.2,MEDICAL,6600,10.38,0,0.09,N,2
44,44500,RENT,3.9,EDUCATION,10100,9.79,0,0.23,N,3
33,63100,RENT,4.7,MEDICAL,18300,12.36,0,0.29,N,7
41,44400,RENT,7.4,VENTURE,20600,16.91,1,0.46,Y,9
37,69300,MORTGAGE,4.9,HOMEIMPROVEMENT,7300,11.07,0,0.11,N,3
30,62200,RENT,1.3,VENTURE,20000,12.6,0,0.32,N,8
45,183400,MORTGAGE,4.6,EDUCATION,5800,8.66,0,0.03,N,4
45,25400,RENT,18.4,EDUCATION,8700,14.08,0,0.34,N,7
37,60500,RENT,9.4,MEDICAL,14000,14.2,0,0.23,N,5
54,43000,RENT,3.0,VENTURE,30000,18.89,1,0.7,Y,7
44,58000,RENT,3.2,PERSONAL,30200,15.89,1,0.52,N,9
38,50300,RENT,0.7,VENTURE,13500,15.15,1,0.27,N,6
32,44700,RENT,4.2,VENTURE,21900,17.88,1,0.49,N,7
46,40600,RENT,1.6,DEBTCONSOLIDATION,15100,17.7,0,0.37,Y,5
48,80300,MORTGAGE,0.6,EDUCATION,20200,12.14,0,0.25,N,6
39,44100,RENT,3.2,EDUCATION,17500,15.11,1,0.4,Y,4
45,53500,RENT,0.2,DEBTCONSOLIDATION,18600,12.91,0,0.35,N,2
60,60000,MORTGAGE,0.6,VENTURE,12700,8.89,0,0.21,Y,23
52,36400,RENT,1.2,VENTURE,22900,18.71,1,0.63,Y,3
29,75700,RENT,11.0,DEBTCONSOLIDATION,12900,11.87,0,0.17,N,2
38,32000,RENT,8.3,HOMEIMPROVEMENT,18900,17.87,1,0.59,N,9
42,71100,RENT,3.9,VENTURE,24300,14.09,0,0.34,N,6
44,67600,RENT,1.3,DEBTCONSOLIDATION,17600,15.17,0,0.26,N,4
45,50400,OWN,3.7,VENTURE,14200,14.06,0,0.28,N,3
48,29700,MORTGAGE,5.2,EDUCATION,14600,16.92,1,0.49,Y,12
43,54400,RENT,0.0,HOMEIMPROVEMENT,19000,13.41,0,0.35,N,6
44,30700,RENT,,DEBTCONSOLIDATION,6000,9.14,0,0.2,N,6
53,50900,MORTGAGE,4.9,PERSONAL,17100,15.31,0,0.34,N,2
46,83600,RENT,22.2,VENTURE,11500,10.82,0,0.14,N,6
35,53700,MORTGAGE,3.2,HOMEIMPROVEMENT,7100,7.85,0,0.13,N,14
44,108000,RENT,4.9,VENTURE,26200,16.48,0,0.24,Y,7
42,63700,RENT,3.1,PERSONAL,13900,13.67,0,0.22,N,2
30,82900,RENT,0.0,EDUCATION,13100,10.51,0,0.16,N,2
45,80400,OWN,9.5,EDUCATION,14900,9.58,0,0.19,N,5
35,117500,RENT,3.0,MEDICAL,16700,6.94,0,0.14,Y,14
53,26400,MORTGAGE,3.2,VENTURE,8300,14.43,0,0.31,N,4
47,40600,MORTGAGE,2.2,DEBTCONSOLIDATION,16800,14.49,0,0.41,Y,10
34,55000,RENT,2.8,MEDICAL,11100,10.99,0,0.2,N,2
52,84200,RENT,6.5,PERSONAL,19100,11.98,0,0.23,N,5
58,59400,RENT,6.0,DEBTCONSOLIDATION,20800,16.5,1,0.35,Y,9
41,54000,MORTGAGE,8.3,DEBTCONSOLIDATION,2400,11.35,0,0.04,N,9
42,95500,MORTGAGE,18.4,PERSONAL,19200,9.76,0,0.2,N,2
51,45000,MORTGAGE,2.5,DEBTCONSOLIDATION,11100,15.63,0,0.25,N,5
57,43900,RENT,2.1,DEBTCONSOLIDATION,10200,13.21,1,0.23,N,7
31,72100,RENT,3.4,VENTURE,11500,9.96,0,0.16,N,10
35,202100,MORTGAGE,0.8,DEBTCONSOLIDATION,15600,11.95,0,0.08,N,7
40,53600,OWN,7.1,MEDICAL,6600,12.65,0,0.12,N,12
41,38000,OWN,4.4,VENTURE,18700,18.13,0,0.49,N,10
51,39700,MORTGAGE,1.2,EDUCATION,12900,13.45,0,0.32,N,12
57,44300,RENT,10.0,DEBTCONSOLIDATION,7600,13.69,0,0.17,N,2
58,112300,RENT,,EDUCATION,14200,7.14,0,0.13,N,4
31,44300,RENT,0.2,MEDICAL,15600,,0,0.35,N,9
37,64100,MORTGAGE,1.1,MEDICAL,11000,,0,0.17,N,8
34,51500,RENT,11.1,EDUCATION,25600,18.42,0,0.5,N,13
39,26300,MORTGAGE,2.4,HOMEIMPROVEMENT,18600,17.63,0,0.71,N,3
37,45200,MORTGAGE,19.0,HOMEIMPROVEMENT,17700,12.58,0,0.39,N,5
47,13900,RENT,3.8,DEBTCONSOLIDATION,4800,13.96,0,0.35,N,10
49,59700,OWN,1.2,MEDICAL,14000,13.22,0,0.23,N,23
44,70900,RENT,4.5,EDUCATION,23500,12.57,0,0.33,N,6
43,34000,RENT,0.5,EDUCATION,17900,15.87,1,0.53,N,6
40,40200,MORTGAGE,8.2,PERSONAL,9000,10.03,0,0.22,N,3
41,25900,OWN,4.9,MEDICAL,23900,19.73,1,0.92,N,4
60,16000,MORTGAGE,16.6,DEBTCONSOLIDATION,11400,18.6,1,0.71,Y,13
50,23700,MORTGAGE,5.9,DEBTCONSOLIDATION,26300,20.75,1,1.11,Y,4
41,77500,MORTGAGE,0.3,EDUCATION,14200,6.5,0,0.18,N,5
43,45600,MORTGAGE,3.2,PERSONAL,21300,15.04,0,0.47,N,10
48,60800,MORTGAGE,3.8,VENTURE,16500,12.85,0,0.27,N,4
34,166500,RENT,12.4,EDUCATION,10000,12.16,0,0.06,N,10
45,93800,RENT,2.8,VENTURE,17500,8.39,0,0.19,Y,8
50,72900,MORTGAGE,4.5,DEBTCONSOLIDATION,2600,,0,0.04,N,3
48,41500,MORTGAGE,1.0,HOMEIMPROVEMENT,22900,17.65,1,0.55,Y,4
37,127700,RENT,1.4,EDUCATION,29500,13.52,0,0.23,N,8
38,106900,RENT,4.0,MEDICAL,8500,11.74,0,0.08,N,2
30,88500,OWN,6.0,VENTURE,24900,13.63,0,0.28,N,4
51,54000,MORTGAGE,2.9,MEDICAL,7800,8.47,0,0.14,N,6
66,32600,OTHER,2.8,MEDICAL,13800,,0,0.42,N,2
36,124800,MORTGAGE,1.5,PERSONAL,10000,10.47,0,0.08,N,3
54,87400,MORTGAGE,6.0,PERSONAL,8200,5.78,0,0.09,N,11
65,48400,RENT,0.0,PERSONAL,20300,17.95,0,0.42,N,3
40,46500,RENT,3.6,DEBTCONSOLIDATION,21900,15.84,1,0.47,N,4
43,27700,RENT,0.0,VENTURE,23100,20.95,1,0.83,Y,4
46,82300,MORTGAGE,4.5,PERSONAL,2500,11.45,0,0.03,N,3
48,59500,RENT,,EDUCATION,23400,13.64,1,0.39,N,2
46,67400,MORTGAGE,14.1,HOMEIMPROVEMENT,4700,8.61,0,0.07,N,5
40,90400,MORTGAGE,3.2,DEBTCONSOLIDATION,12900,12.75,0,0.14,N,8
49,80600,RENT,5.8,DEBTCONSOLIDATION,7900,8.94,0,0.1,N,12
40,33500,MORTGAGE,9.6,VENTURE,25900,23.22,1,0.77,Y,2
47,54800,RENT,1.3,VENTURE,15700,14.49,1,0.29,N,4
43,68000,RENT,3.9,EDUCATION,13300,17.32,0,0.2,N,2
31,70900,RENT,10.0,EDUCATION,12800,12.59,0,0.18,N,5
56,22600,RENT,3.9,MEDICAL,12100,19.59,1,0.54,N,6
39,31200,MORTGAGE,2.5,EDUCATION,13400,14.11,0,0.43,N,4
58,77800,MORTGAGE,2.3,VENTURE,15400,12.97,0,0.2,N,11
54,77100,MORTGAGE,2.4,MEDICAL,22300,13.9,0,0.29,N,12
46,131300,MORTGAGE,4.8,MEDICAL,9000,9.77,0,0.07,N,2
48,23100,MORTGAGE,0.2,EDUCATION,21800,16.57,1,0.94,N,8
50,88800,MORTGAGE,2.7,VENTURE,22800,,0,0.26,N,14
42,66600,MORTGAGE,4.1,PERSONAL,23500,12.8,0,0.35,N,8
42,30400,RENT,7.7,MEDICAL,27800,18.96,1,0.91,Y,5
49,20500,MORTGAGE,3.8,EDUCATION,28800,20.78,1,1.4,N,4
43,90900,MORTGAGE,13.0,PERSONAL,6400,8.11,0,0.07,N,4
40,31500,RENT,2.9,EDUCATION,24600,22.77,1,0.78,Y,10
37,26300,RENT,5.3,DEBTCONSOLIDATION,23300,22.27,1,0.89,Y,15
47,69500,MORTGAGE,0.1,VENTURE,11500,12.29,0,0.17,N,2
38,53900,MORTGAGE,1.4,EDUCATION,18500,,0,0.34,N,2
52,74300,RENT,8.4,DEBTCONSOLIDATION,27000,15.78,0,0.36,N,6
53,68700,RENT,4.4,EDUCATION,6000,12.03,0,0.09,N,3
48,250000,RENT,14.6,VENTURE,11100,6.47,0,0.04,N,8
50,80700,RENT,7.0,VENTURE,30200,16.73,0,0.37,Y,8
48,77900,RENT,3.0,EDUCATION,15000,9.28,1,0.19,N,5
51,33300,RENT,7.5,VENTURE,6000,11.36,0,0.18,N,14
51,127900,RENT,3.2,PERSONAL,29100,11.9,0,0.23,Y,9
47,41000,RENT,2.0,DEBTCONSOLIDATION,25700,,1,0.63,Y,4
54,32800,MORTGAGE,0.2,PERSONAL,21900,20.04,1,0.67,N,10
42,48200,RENT,10.0,VENTURE,21500,20.77,1,0.45,N,5
37,69000,MORTGAGE,2.7,DEBTCONSOLIDATION,13700,13.72,1,0.2,Y,4
37,42000,MORTGAGE,5.8,MEDICAL,24500,17.55,1,0.58,Y,5
41,33500,MORTGAGE,0.8,DEBTCONSOLIDATION,10200,12.06,0,0.3,N,10
30,33100,RENT,8.8,DEBTCONSOLIDATION,11200,13.19,0,0.34,N,4
45,60700,RENT,8.7,VENTURE,8700,7.95,0,0.14,N,3
50,73700,MORTGAGE,3.3,MEDICAL,12000,10.08,0,0.16,N,14
53,77100,MORTGAGE,5.6,VENTURE,9000,11.16,0,0.12,N,4
32,23000,MORTGAGE,3.7,DEBTCONSOLIDATION,10800,16.84,1,0.47,Y,3
37,34300,RENT,4.0,PERSONAL,18500,16.26,1,0.54,Y,4
52,90400,RENT,11.0,DEBTCONSOLIDATION,12600,12.07,0,0.14,N,2
42,42900,RENT,17.0,MEDICAL,20700,16.97,0,0.48,N,4
50,60600,RENT,2.3,MEDICAL,13500,11.96,0,0.22,N,8
34,229700,RENT,2.0,MEDICAL,7200,8.18,0,0.03,N,9
57,15700,RENT,1.8,VENTURE,19900,19.09,1,1.27,Y,3
34,50500,RENT,7.4,MEDICAL,5200,11.58,0,0.1,N,7
25,80000,MORTGAGE,6.4,DEBTCONSOLIDATION,27900,14.63,1,0.35,N,7
45,31600,MORTGAGE,0.2,EDUCATION,23100,21.07,0,0.73,N,9
45,50300,RENT,0.5,VENTURE,29300,18.32,1,0.58,N,4
39,28000,OWN,5.2,MEDICAL,9200,13.49,0,0.33,N,20
48,74400,MORTGAGE,1.6,HOMEIMPROVEMENT,13600,11.28,0,0.18,N,10
48,37500,RENT,0.5,PERSONAL,8200,10.72,0,0.22,N,5
47,42700,RENT,2.7,MEDICAL,12400,10.82,0,0.29,N,6
39,88700,RENT,10.5,PERSONAL,9100,5.42,0,0.1,N,9
38,73600,MORTGAGE,2.3,PERSONAL,23600,12.51,0,0.32,N,4
40,92500,RENT,,EDUCATION,6800,8.88,0,0.07,Y,3
37,142400,RENT,11.5,PERSONAL,8800,9.77,0,0.06,N,6
55,56400,RENT,0.9,EDUCATION,9500,13.86,0,0.17,N,10
41,173500,MORTGAGE,,EDUCATION,19800,10.47,0,0.11,N,6
45,60300,RENT,11.9,VENTURE,16900,13.84,1,0.28,N,5
51,111800,RENT,1.1,HOMEIMPROVEMENT,7100,8.28,0,0.06,N,13
37,53300,RENT,19.0,HOMEIMPROVEMENT,16300,13.72,1,0.31,N,8
33,86000,RENT,2.3,DEBTCONSOLIDATION,23300,15.23,0,0.27,N,13
37,42800,RENT,1.2,EDUCATION,13000,16.37,1,0.3,Y,6
46,113200,RENT,9.1,DEBTCONSOLIDATION,16500,12.06,0,0.15,N,11
45,102000,RENT,3.2,PERSONAL,14700,8.94,0,0.14,N,5
47,48200,RENT,5.6,VENTURE,11200,12.04,0,0.23,Y,3
43,59000,RENT,3.4,MEDICAL,1800,6.7,0,0.03,N,7
27,32200,RENT,5.2,PERSONAL,8100,17.07,0,0.25,N,8
42,90400,RENT,0.2,EDUCATION,28200,10.74,0,0.31,N,11
53,86000,RENT,2.2,PERSONAL,11100,9.29,0,0.13,N,12
56,27500,RENT,5.4,PERSONAL,10100,13.95,0,0.37,N,2
44,178900,RENT,2.2,VENTURE,16500,10.48,0,0.09,N,4
45,67400,RENT,7.5,DEBTCONSOLIDATION,25800,15.53,0,0.38,N,2
49,47700,MORTGAGE,16.2,MEDICAL,10200,10.5,0,0.21,N,6
56,104700,MORTGAGE,0.2,VENTURE,8800,9.15,0,0.08,N,9
44,40700,RENT,9.7,PERSONAL,25700,19.82,0,0.63,Y,2
49,111200,RENT,0.9,PERSONAL,20900,11.25,0,0.19,N,2
39,28400,OWN,12.5,VENTURE,18800,20.24,0,0.66,Y,12
34,48000,MORTGAGE,14.7,MEDICAL,15200,12.77,0,0.32,N,5
40,51600,MORTGAGE,4.2,MEDICAL,12500,11.23,0,0.24,N,5
59,40200,MORTGAGE,3.3,PERSONAL,17100,,0,0.43,N,7
49,36100,OWN,7.1,EDUCATION,8700,,0,0.24,N,15
35,41400,RENT,12.5,PERSONAL,22300,18.53,1,0.54,Y,3
50,40400,RENT,1.3,MEDICAL,12300,15.88,1,0.3,N,5
35,41900,RENT,2.4,PERSONAL,20300,18.68,1,0.48,Y,9
47,119200,MORTGAGE,2.7,EDUCATION,22100,10.3,0,0.19,Y,6
36,68800,MORTGAGE,9.3,MEDICAL,5500,8.2,0,0.08,N,6
34,51600,RENT,0.7,PERSONAL,18100,12.76,0,0.35,N,9
61,82500,RENT,4.9,PERSONAL,10200,,0,0.12,N,8
41,51400,MORTGAGE,2.2,EDUCATION,11200,13.09,0,0.22,N,5
49,35000,RENT,10.8,MEDICAL,19600,17.72,1,0.56,N,7
44,22400,MORTGAGE,2.1,VENTURE,28900,20.06,1,1.29,N,3
36,93300,MORTGAGE,18.0,VENTURE,21800,13.81,0,0.23,N,6
42,15900,RENT,0.1,PERSONAL,10000,21.11,1,0.63,N,14
36,23600,RENT,1.4,EDUCATION,18900,21.52,1,0.8,Y,5
70,71500,MORTGAGE,3.1,EDUCATION,10600,12.41,0,0.15,N,2
51,53700,RENT,1.5,EDUCATION,12700,10.19,0,0.24,N,3
44,120900,MORTGAGE,6.7,EDUCATION,6800,10.62,0,0.06,N,6
49,38000,MORTGAGE,8.4,EDUCATION,22900,17.58,1,0.6,Y,4
50,82700,MORTGAGE,6.0,HOMEIMPROVEMENT,17300,12.38,0,0.21,N,18
50,49200,MORTGAGE,17.6,EDUCATION,24000,16.89,0,0.49,N,8
50,73300,RENT,,EDUCATION,8800,5.42,0,0.12,N,12
49,59500,MORTGAGE,19.5,VENTURE,6900,10.14,0,0.12,N,2
44,71500,RENT,0.7,HOMEIMPROVEMENT,22200,15.48,1,0.31,N,14
60,61000,MORTGAGE,9.4,HOMEIMPROVEMENT,24700,16.83,0,0.4,N,3
45,63700,RENT,0.2,PERSONAL,7800,9.71,1,0.12,N,4
44,29800,OWN,3.8,EDUCATION,17200,,1,0.58,N,11
45,56500,OWN,3.3,EDUCATION,7700,9.42,0,0.14,N,5
46,75500,MORTGAGE,9.7,MEDICAL,3000,10.36,0,0.04,N,5
32,52700,RENT,6.0,EDUCATION,14900,14.58,0,0.28,N,7
37,51200,RENT,2.9,PERSONAL,28400,,0,0.55,Y,5
43,19200,RENT,11.3,HOMEIMPROVEMENT,16000,19.04,1,0.83,Y,2
32,126000,MORTGAGE,10.9,EDUCATION,12500,14.23,0,0.1,N,11
44,25500,MORTGAGE,0.1,MEDICAL,9800,13.18,0,0.38,N,4
46,38600,MORTGAGE,10.2,DEBTCONSOLIDATION,9800,17.82,1,0.25,N,6
34,35100,MORTGAGE,3.7,PERSONAL,9500,15.51,0,0.27,N,8
38,63800,RENT,9.1,DEBTCONSOLIDATION,8500,10.93,0,0.13,N,4
57,65400,MORTGAGE,,HOMEIMPROVEMENT,5300,10.05,0,0.08,N,12
49,77900,RENT,0.8,MEDICAL,20300,11.17,1,0.26,N,8
48,79800,RENT,6.4,PERSONAL,10400,10.12,0,0.13,N,14
55,139800,MORTGAGE,1.6,PERSONAL,7500,10.84,0,0.05,N,2
37,45800,MORTGAGE,4.1,PERSONAL,16300,13.89,1,0.36,N,3
34,34300,RENT,5.8,MEDICAL,27400,17.31,1,0.8,Y,2
53,47600,RENT,4.7,DEBTCONSOLIDATION,18400,13.51,0,0.39,Y,12
43,29500,MORTGAGE,6.0,PERSONAL,8200,11.48,0,0.28,N,2
37,44800,MORTGAGE,4.8,VENTURE,12200,13.71,0,0.27,N,2
67,23100,OWN,2.4,MEDICAL,22600,21.54,1,0.98,Y,4
32,34200,RENT,0.5,EDUCATION,4700,9.05,0,0.14,N,2
45,21400,MORTGAGE,9.7,DEBTCONSOLIDATION,10800,18.95,0,0.5,N,4
42,105300,MORTGAGE,9.4,MEDICAL,11700,13.04,0,0.11,Y,4
40,57600,MORTGAGE,0.0,VENTURE,13000,9.89,0,0.23,N,5
28,152400,RENT,9.2,MEDICAL,15200,10.26,0,0.1,N,9
60,99800,MORTGAGE,0.8,PERSONAL,13800,9.07,0,0.14,N,3
33,105400,RENT,2.0,MEDICAL,7700,7.08,0,0.07,N,4
41,50200,RENT,2.7,EDUCATION,12300,12.57,0,0.25,N,8
40,70900,RENT,5.7,DEBTCONSOLIDATION,11400,15.15,0,0.16,N,5
49,33100,MORTGAGE,0.5,EDUCATION,27100,19.21,1,0.82,Y,3
32,40400,RENT,8.8,EDUCATION,19900,15.08,1,0.49,Y,5
48,54600,MORTGAGE,14.3,EDUCATION,24100,13.59,0,0.44,N,5
45,20800,RENT,15.3,VENTURE,19000,20.68,0,0.91,N,10
38,41000,RENT,0.5,MEDICAL,4900,,0,0.12,N,8
47,83800,OWN,12.6,DEBTCONSOLIDATION,13400,10.42,0,0.16,N,5
44,41400,MORTGAGE,4.2,EDUCATION,21000,15.63,0,0.51,N,6
63,36100,RENT,6.5,PERSONAL,16000,16.28,0,0.44,Y,5
42,43900,MORTGAGE,13.3,EDUCATION,20400,14.82,1,0.46,Y,8
36,81800,MORTGAGE,5.4,VENTURE,29200,14.37,0,0.36,N,9
48,66100,MORTGAGE,3.1,DEBTCONSOLIDATION,9200,11.11,0,0.14,N,9
41,47900,MORTGAGE,3.7,MEDICAL,31200,20.62,1,0.65,Y,5
43,54700,RENT,5.8,HOMEIMPROVEMENT,6700,10.45,0,0.12,N,4
34,86800,RENT,14.5,PERSONAL,26600,12.94,0,0.31,N,7
49,111200,MORTGAGE,11.0,PERSONAL,8200,9.69,0,0.07,N,5
40,41700,RENT,4.3,VENTURE,19300,17.25,1,0.46,Y,6
46,51800,OWN,1.2,MEDICAL,21200,16.42,0,0.41,N,2
67,107400,RENT,2.1,EDUCATION,22100,8.44,0,0.21,N,18
41,72200,RENT,2.2,EDUCATION,12700,14.29,0,0.18,N,13
51,25000,RENT,1.7,VENTURE,7800,13.8,0,0.31,N,5
42,33100,MORTGAGE,6.9,VENTURE,21600,19.48,0,0.65,N,7
38,33700,RENT,9.0,HOMEIMPROVEMENT,17300,16.08,1,0.51,Y,4
57,43100,RENT,1.9,DEBTCONSOLIDATION,9400,13.25,0,0.22,N,8
30,66400,OWN,9.4,DEBTCONSOLIDATION,11800,10.64,0,0.18,N,7
53,152800,MORTGAGE,6.6,MEDICAL,10100,,0,0.07,N,10
30,51800,RENT,2.9,MEDICAL,26300,17.1,1,0.51,N,8
52,77900,RENT,6.0,EDUCATION,21800,15.06,0,0.28,N,9
44,101100,RENT,7.3,VENTURE,24800,11.57,0,0.25,N,4
36,122700,MORTGAGE,4.1,EDUCATION,4700,11.99,0,0.04,N,9
40,101100,MORTGAGE,2.9,VENTURE,17700,10.87,0,0.18,N,8
50,35900,MORTGAGE,0.5,VENTURE,9600,12.09,0,0.27,N,7
65,24400,OWN,0.0,EDUCATION,20100,18.39,1,0.82,Y,11
32,38300,MORTGAGE,13.8,PERSONAL,25200,19.57,1,0.66,N,4
36,59400,RENT,1.6,PERSONAL,20600,14.52,1,0.35,Y,4
33,36000,RENT,5.4,EDUCATION,26100,20.55,1,0.72,N,9
42,22200,MORTGAGE,14.4,HOMEIMPROVEMENT,11900,15.4,0,0.54,N,7
53,27800,MORTGAGE,8.5,VENTURE,16800,16.25,1,0.6,Y,7
33,250000,MORTGAGE,0.7,EDUCATION,13500,9.22,0,0.05,N,9
43,48000,MORTGAGE,8.1,MEDICAL,22700,16.59,0,0.47,N,3
52,145800,RENT,6.5,HOMEIMPROVEMENT,15300,10.12,0,0.1,N,7
40,47600,RENT,2.0,DEBTCONSOLIDATION,19000,,1,0.4,Y,8
27,83800,MORTGAGE,5.8,EDUCATION,16900,9.23,0,0.2,Y,7
45,50100,RENT,8.7,DEBTCONSOLIDATION,24000,16.56,1,0.48,Y,4
56,54400,RENT,1.7,VENTURE,14600,14.21,0,0.27,N,4
35,83100,RENT,10.2,EDUCATION,6400,9.2,1,0.08,N,2
31,43400,MORTGAGE,0.4,PERSONAL,28300,21.21,0,0.65,N,5
46,28100,OWN,3.7,MEDICAL,15200,18.81,0,0.54,N,10
47,34800,RENT,1.3,MEDICAL,21100,17.57,1,0.61,Y,3
39,34700,MORTGAGE,6.5,MEDICAL,18200,20.74,1,0.52,N,5
38,56700,MORTGAGE,1.0,VENTURE,12600,,0,0.22,N,7
44,19100,MORTGAGE,2.1,PERSONAL,28400,18.02,1,1.49,N,2
35,64100,MORTGAGE,0.7,PERSONAL,19600,13.28,0,0.31,N,6
35,108700,RENT,8.4,MEDICAL,8900,6.67,0,0.08,N,5
50,41000,RENT,0.7,PERSONAL,33100,17.01,1,0.81,Y,9
35,37800,RENT,6.4,EDUCATION,34700,15.93,1,0.92,N,6
31,159900,OWN,6.1,HOMEIMPROVEMENT,9900,9.89,0,0.06,N,2
38,121700,MORTGAGE,0.8,VENTURE,31400,6.58,0,0.26,N,8
40,68500,OWN,4.2,EDUCATION,16600,12.56,0,0.24,N,8
48,35900,RENT,3.4,VENTURE,8100,14.35,0,0.23,N,6
39,74700,MORTGAGE,4.5,VENTURE,30600,16.63,1,0.41,Y,8
58,31100,MORTGAGE,13.8,EDUCATION,6300,9.96,0,0.2,N,16
44,26200,MORTGAGE,0.4,EDUCATION,17100,16.95,1,0.65,N,8
37,69500,RENT,8.6,HOMEIMPROVEMENT,23000,16.37,0,0.33,N,12
47,41600,RENT,9.9,MEDICAL,22700,18.09,1,0.55,Y,5
58,17800,RENT,0.7,MEDICAL,2300,7.25,0,0.13,N,10
50,74800,MORTGAGE,5.3,VENTURE,12500,10.27,0,0.17,N,2
32,120900,MORTGAGE,6.1,EDUCATION,5900,10.51,0,0.05,N,4
40,77900,RENT,4.0,EDUCATION,9400,11.91,0,0.12,N,9
46,41200,RENT,3.5,EDUCATION,27600,19.17,1,0.67,Y,8
49,16700,RENT,1.9,DEBTCONSOLIDATION,24900,23.22,1,1.49,Y,4
42,58700,MORTGAGE,5.8,MEDICAL,17600,13.18,0,0.3,N,4
41,37700,MORTGAGE,1.7,VENTURE,25500,18.87,1,0.68,N,3
63,33000,OTHER,3.1,EDUCATION,10400,10.61,0,0.32,N,3
50,18600,MORTGAGE,9.7,VENTURE,22700,23.22,1,1.22,Y,11
47,152100,RENT,,VENTURE,18300,6.91,0,0.12,N,5
39,29600,RENT,,MEDICAL,19700,19.06,1,0.67,Y,6
35,19900,RENT,3.3,MEDICAL,5800,16.2,1,0.29,N,3
48,137600,RENT,2.4,PERSONAL,11000,8.61,0,0.08,N,15
51,55100,MORTGAGE,,DEBTCONSOLIDATION,4600,12.54,0,0.08,N,7
43,50600,RENT,0.1,MEDICAL,7400,11.69,0,0.15,N,3
50,64200,RENT,3.4,VENTURE,9600,12.07,0,0.15,N,4
50,68800,MORTGAGE,3.3,DEBTCONSOLIDATION,15900,13.37,1,0.23,N,10
52,60900,RENT,3.6,EDUCATION,20400,12.7,0,0.33,Y,5
32,23700,RENT,,HOMEIMPROVEMENT,6400,11.45,0,0.27,N,5
40,22700,MORTGAGE,1.2,PERSONAL,4900,10.13,0,0.22,N,5
48,36300,MORTGAGE,5.2,MEDICAL,24900,18.37,1,0.69,Y,3
44,40900,RENT,0.5,MEDICAL,7000,10.85,1,0.17,N,6
50,44400,MORTGAGE,1.8,EDUCATION,12900,11.26,0,0.29,N,6
47,61400,MORTGAGE,8.9,MEDICAL,6500,9.9,0,0.11,Y,11
29,46500,MORTGAGE,0.5,VENTURE,14700,13.89,0,0.32,N,6
54,37300,MORTGAGE,3.2,EDUCATION,6400,14.8,0,0.17,N,4
39,67300,MORTGAGE,5.5,EDUCATION,20500,16.52,0,0.3,N,8
37,80200,RENT,0.8,HOMEIMPROVEMENT,5800,8.99,0,0.07,N,4
54,34700,RENT,1.9,EDUCATION,12600,10.8,0,0.36,N,12
49,25500,MORTGAGE,4.1,DEBTCONSOLIDATION,12400,18.94,1,0.49,Y,3
56,59800,MORTGAGE,2.0,VENTURE,26600,19.15,0,0.44,N,7
46,43000,RENT,0.6,VENTURE,12500,9.82,1,0.29,N,3
40,85800,MORTGAGE,1.3,PERSONAL,5400,9.64,0,0.06,N,7
45,31500,RENT,0.6,EDUCATION,14900,17.73,1,0.47,Y,6
35,27900,MORTGAGE,17.0,PERSONAL,19400,19.85,1,0.7,Y,6
33,38200,MORTGAGE,1.3,DEBTCONSOLIDATION,10800,14.9,0,0.28,N,8
38,72100,RENT,3.8,MEDICAL,16400,10.82,0,0.23,N,6
60,44600,MORTGAGE,2.8,MEDICAL,6800,10.94,0,0.15,N,3
39,51600,RENT,4.2,EDUCATION,12500,11.8,0,0.24,N,4
31,41300,RENT,3.4,DEBTCONSOLIDATION,7700,,0,0.19,Y,5
42,94700,MORTGAGE,6.5,DEBTCONSOLIDATION,9700,10.32,0,0.1,N,10
39,70700,RENT,10.3,MEDICAL,17200,,0,0.24,N,10
55,23400,RENT,1.7,MEDICAL,20200,17.27,0,0.86,N,12
59,88900,MORTGAGE,1.0,MEDICAL,10300,7.79,0,0.12,N,9
40,75000,MORTGAGE,20.8,MEDICAL,32000,16.01,1,0.43,Y,6
46,98400,RENT,10.1,MEDICAL,9900,7.93,0,0.1,N,6
47,40500,MORTGAGE,2.3,EDUCATION,7400,,0,0.18,N,5
43,32300,RENT,11.3,EDUCATION,24200,18.9,1,0.75,Y,10
42,51800,MORTGAGE,5.6,PERSONAL,17400,13.97,1,0.34,N,11
36,59300,RENT,2.9,MEDICAL,18200,12.08,0,0.31,N,7
30,104000,MORTGAGE,10.3,VENTURE,21500,13.22,0,0.21,N,12
36,76900,MORTGAGE,,MEDICAL,34300,15.85,1,0.45,N,5
43,58800,RENT,8.8,MEDICAL,9800,12.97,0,0.17,N,8
33,50500,RENT,2.7,EDUCATION,15000,14.88,0,0.3,N,15
45,54600,RENT,8.0,MEDICAL,18800,11.12,0,0.34,N,4
44,43600,MORTGAGE,2.3,VENTURE,7300,13.63,1,0.17,N,6
39,78700,RENT,6.6,DEBTCONSOLIDATION,10200,10.55,0,0.13,N,3
41,24400,OWN,2.9,MEDICAL,10200,14.67,1,0.42,N,2
34,54400,RENT,2.6,EDUCATION,10600,13.89,0,0.19,N,8
52,96200,RENT,8.0,PERSONAL,19200,11.12,0,0.2,N,3
51,29000,OWN,0.7,MEDICAL,16000,16.87,1,0.55,N,9
35,157900,MORTGAGE,13.2,DEBTCONSOLIDATION,19200,,0,0.12,N,4
35,30000,MORTGAGE,3.6,HOMEIMPROVEMENT,14200,12.88,0,0.47,Y,3
36,41000,OWN,5.1,DEBTCONSOLIDATION,28700,21.54,1,0.7,Y,5
49,95300,OTHER,2.6,EDUCATION,14400,8.48,0,0.15,N,5
47,120400,RENT,5.2,MEDICAL,16300,9.2,0,0.14,N,3
54,65900,RENT,6.2,DEBTCONSOLIDATION,10100,12.52,1,0.15,N,5
55,65000,RENT,10.1,VENTURE,5000,6.24,0,0.08,Y,2
32,144800,MORTGAGE,9.6,MEDICAL,22200,13.82,0,0.15,N,5
48,25500,RENT,2.2,MEDICAL,23700,20.28,1,0.93,Y,4
55,21000,MORTGAGE,4.8,VENTURE,23500,21.6,1,1.12,Y,2
41,18800,MORTGAGE,7.6,DEBTCONSOLIDATION,21800,19.02,1,1.16,Y,5
43,33900,MORTGAGE,7.2,VENTURE,9600,11.01,1,0.28,N,9
42,36500,RENT,11.1,PERSONAL,15600,15.43,0,0.43,N,8
42,66800,RENT,8.9,PERSONAL,22200,,0,0.33,N,6
51,94300,RENT,6.3,PERSONAL,16800,9.9,0,0.18,N,6
62,89300,RENT,6.9,DEBTCONSOLIDATION,28900,17.45,0,0.32,N,15
58,87900,RENT,,EDUCATION,18100,10.82,0,0.21,N,8
39,32000,RENT,9.1,HOMEIMPROVEMENT,15300,17.12,1,0.48,N,10
46,66900,MORTGAGE,2.2,MEDICAL,33000,16.69,0,0.49,N,6
37,36200,OWN,7.6,MEDICAL,14700,17.89,0,0.41,N,8
38,75400,OWN,14.9,VENTURE,29600,12.9,0,0.39,N,10
43,55500,RENT,1.3,MEDICAL,2800,7.26,0,0.05,N,10
38,88100,MORTGAGE,0.2,EDUCATION,15100,8.5,0,0.17,N,4
39,200200,MORTGAGE,0.4,HOMEIMPROVEMENT,9900,12.32,0,0.05,N,4
46,53200,MORTGAGE,1.2,EDUCATION,11900,5.78,0,0.22,N,2
48,29500,MORTGAGE,12.6,HOMEIMPROVEMENT,5900,12.06,0,0.2,N,3
48,22100,OTHER,0.7,PERSONAL,9500,16.38,1,0.43,Y,9
48,33100,RENT,6.9,HOMEIMPROVEMENT,15500,16.34,1,0.47,Y,4
34,97400,MORTGAGE,10.1,DEBTCONSOLIDATION,19300,10.97,0,0.2,Y,3
37,70700,MORTGAGE,10.5,PERSONAL,26100,12.66,0,0.37,N,10
44,61500,RENT,2.7,VENTURE,8900,11.72,0,0.14,N,12
54,66800,RENT,3.4,HOMEIMPROVEMENT,21600,13.37,0,0.32,N,10
70,80500,RENT,2.0,VENTURE,3600,7.64,0,0.04,N,14
46,23000,OWN,0.8,EDUCATION,25300,19.44,1,1.1,Y,2
50,93200,MORTGAGE,1.2,HOMEIMPROVEMENT,16100,11.28,0,0.17,N,5
33,67100,MORTGAGE,0.7,MEDICAL,23300,14.86,0,0.35,N,4
50,24500,MORTGAGE,2.6,EDUCATION,9300,15.52,0,0.38,N,8
65,65200,RENT,0.9,PERSONAL,11500,8.37,0,0.18,N,6
37,26500,MORTGAGE,2.6,VENTURE,6100,11.93,0,0.23,N,5
39,71700,RENT,9.5,MEDICAL,5600,6.34,0,0.08,N,2
52,57900,RENT,5.3,PERSONAL,22600,15.46,0,0.39,Y,11
44,31100,MORTGAGE,5.4,EDUCATION,10100,10.69,0,0.32,N,10
30,68000,MORTGAGE,8.4,PERSONAL,11100,8.8,0,0.16,N,8
39,84500,MORTGAGE,0.2,VENTURE,14600,10.63,0,0.17,N,4
58,39500,RENT,7.9,VENTURE,17900,16.9,0,0.45,N,4
41,83300,RENT,1.1,DEBTCONSOLIDATION,4600,9.08,0,0.06,N,3
41,46500,MORTGAGE,2.1,DEBTCONSOLIDATION,15600,12.83,0,0.34,N,23
51,87600,RENT,1.8,VENTURE,16400,12.64,0,0.19,N,7
47,51400,RENT,0.6,VENTURE,23500,17.19,1,0.46,N,8
41,103300,RENT,1.0,DEBTCONSOLIDATION,7500,6.8,0,0.07,N,2
38,32800,RENT,15.7,MEDICAL,13000,14.29,0,0.4,N,7
70,33300,RENT,4.6,PERSONAL,13400,15.25,0,0.4,Y,6
56,35100,RENT,3.2,VENTURE,23400,21.13,1,0.67,Y,3
48,58100,MORTGAGE,7.1,VENTURE,11300,11.15,0,0.19,N,2
49,49800,RENT,8.4,HOMEIMPROVEMENT,5700,13.0,0,0.11,Y,4
42,63400,RENT,0.6,EDUCATION,16200,12.33,0,0.26,N,4
47,28600,MORTGAGE,6.8,MEDICAL,17700,20.44,1,0.62,Y,5
42,36500,RENT,13.5,HOMEIMPROVEMENT,15800,14.43,0,0.43,N,3
37,109000,RENT,4.4,HOMEIMPROVEMENT,13800,11.47,0,0.13,N,2
47,66500,RENT,4.8,PERSONAL,8600,9.64,0,0.13,N,7
41,76300,RENT,10.2,VENTURE,14800,14.17,0,0.19,N,5
47,47100,RENT,5.7,PERSONAL,4100,8.39,0,0.09,N,6
49,63700,MORTGAGE,26.8,MEDICAL,15400,12.09,0,0.24,N,12
48,41700,RENT,1.7,VENTURE,13700,13.78,0,0.33,N,10
36,19600,RENT,9.3,VENTURE,28500,,1,1.45,Y,8
40,95700,RENT,4.7,EDUCATION,10500,9.7,0,0.11,N,7
41,59900,RENT,2.3,DEBTCONSOLIDATION,3400,6.41,0,0.06,N,12
53,36200,RENT,,VENTURE,20400,20.87,1,0.56,N,7
52,54200,RENT,27.9,DEBTCONSOLIDATION,7800,8.68,0,0.14,N,4
38,41900,MORTGAGE,0.3,MEDICAL,14900,16.18,0,0.36,N,8
34,123500,RENT,13.0,MEDICAL,8600,9.93,0,0.07,N,6
70,78400,OTHER,1.1,MEDICAL,14800,12.66,0,0.19,N,2
48,28800,OWN,1.1,PERSONAL,15800,16.17,0,0.55,N,4
33,26700,MORTGAGE,0.2,VENTURE,17700,19.77,1,0.66,Y,9
39,62200,MORTGAGE,12.8,DEBTCONSOLIDATION,11500,13.66,0,0.18,N,4
54,58300,OWN,7.1,MEDICAL,5100,6.37,0,0.09,N,6
67,72000,RENT,0.3,PERSONAL,16100,9.66,0,0.22,N,15
64,50100,RENT,5.0,PERSONAL,24100,13.02,1,0.48,N,6
47,37900,RENT,0.6,MEDICAL,14500,16.15,1,0.38,Y,5
26,71700,MORTGAGE,7.0,DEBTCONSOLIDATION,9300,10.93,0,0.13,N,5
44,75100,RENT,2.6,MEDICAL,12200,11.93,0,0.16,N,3
36,108200,OWN,0.3,PERSONAL,14800,11.32,0,0.14,N,9
44,81100,RENT,8.8,VENTURE,5900,11.86,0,0.07,N,9
36,34200,OWN,4.2,MEDICAL,15500,14.76,1,0.45,N,9
40,62400,RENT,7.4,EDUCATION,6500,7.07,0,0.1,N,7
52,46300,MORTGAGE,5.6,VENTURE,8000,11.97,0,0.17,N,12
41,32200,MORTGAGE,2.8,MEDICAL,11800,13.77,0,0.37,N,6
41,20300,RENT,6.0,MEDICAL,21700,20.82,1,1.07,Y,10
43,186500,MORTGAGE,0.1,VENTURE,22500,10.97,0,0.12,N,8
70,39800,RENT,2.1,PERSONAL,9800,13.62,1,0.25,Y,4
35,50500,RENT,7.5,PERSONAL,14800,14.83,0,0.29,Y,6
46,61100,OWN,7.2,MEDICAL,6000,6.68,0,0.1,N,3
62,57600,RENT,10.9,EDUCATION,33600,14.48,0,0.58,N,2
43,13500,RENT,4.7,DEBTCONSOLIDATION,17500,18.26,0,1.3,N,7
56,49500,RENT,14.3,PERSONAL,8800,8.89,0,0.18,N,12
34,143500,MORTGAGE,4.1,DEBTCONSOLIDATION,25600,11.88,0,0.18,N,11
42,48200,MORTGAGE,3.5,MEDICAL,11000,9.92,0,0.23,N,7
37,133200,MORTGAGE,1.1,DEBTCONSOLIDATION,9700,11.41,0,0.07,N,4
43,55100,MORTGAGE,7.5,MEDICAL,10100,,0,0.18,N,16
43,44700,RENT,5.9,MEDICAL,13700,12.97,0,0.31,N,16
44,58700,RENT,3.1,VENTURE,4000,10.37,0,0.07,N,2
52,55300,MORTGAGE,0.5,HOMEIMPROVEMENT,17400,14.36,0,0.31,N,5
28,54600,MORTGAGE,0.7,EDUCATION,28200,15.85,1,0.52,Y,10
39,39300,RENT,0.6,DEBTCONSOLIDATION,22200,20.36,1,0.56,Y,15
45,25600,RENT,2.4,EDUCATION,22100,15.99,1,0.86,Y,5
30,73800,OWN,0.9,EDUCATION,20900,11.86,0,0.28,N,10
49,57100,MORTGAGE,9.9,MEDICAL,11200,12.63,0,0.2,N,11
38,135300,MORTGAGE,11.5,PERSONAL,8200,6.57,0,0.06,N,13
42,53200,RENT,9.7,EDUCATION,10400,9.03,0,0.2,N,9
52,23600,MORTGAGE,4.7,EDUCATION,7900,12.29,0,0.33,N,5
56,64700,RENT,4.5,EDUCATION,23500,13.93,0,0.36,N,10
50,56500,MORTGAGE,11.1,PERSONAL,12400,11.2,0,0.22,Y,13
35,42700,MORTGAGE,2.6,EDUCATION,22100,17.96,1,0.52,N,5
49,76100,RENT,0.3,MEDICAL,10000,12.17,0,0.13,N,11
50,71200,RENT,3.2,EDUCATION,7300,9.6,0,0.1,N,20
48,28000,MORTGAGE,4.0,MEDICAL,24300,20.83,1,0.87,Y,3
59,41900,MORTGAGE,4.0,PERSONAL,21700,16.71,1,0.52,Y,5
44,98900,MORTGAGE,0.9,MEDICAL,15200,9.13,0,0.15,N,8
58,31600,MORTGAGE,7.6,VENTURE,6800,14.48,0,0.22,N,9
58,49300,RENT,6.6,MEDICAL,10800,11.0,1,0.22,Y,9
50,61400,MORTGAGE,1.3,PERSONAL,5000,6.67,0,0.08,N,5
46,28700,MORTGAGE,4.0,PERSONAL,25500,20.72,1,0.89,Y,9
48,51300,RENT,7.8,MEDICAL,9100,12.29,0,0.18,N,10
62,50400,MORTGAGE,0.0,EDUCATION,14500,13.66,0,0.29,N,8
54,45300,MORTGAGE,1.6,EDUCATION,27800,18.64,1,0.61,Y,5
35,23300,MORTGAGE,3.2,VENTURE,16700,19.88,1,0.72,Y,5
47,54200,RENT,9.3,MEDICAL,16700,,0,0.31,N,10
37,38600,RENT,8.0,MEDICAL,22800,20.25,1,0.59,Y,12
38,97400,OTHER,0.8,VENTURE,18500,10.72,0,0.19,N,6
40,68100,RENT,3.1,EDUCATION,13700,8.44,0,0.2,N,4
33,35300,RENT,1.8,VENTURE,6800,13.43,0,0.19,Y,3
36,43600,MORTGAGE,2.6,EDUCATION,13900,13.02,0,0.32,N,15
59,58000,RENT,3.9,HOMEIMPROVEMENT,8000,11.36,0,0.14,N,5
38,43500,RENT,3.5,EDUCATION,13800,13.36,0,0.32,N,4
52,23500,RENT,0.8,EDUCATION,3400,10.88,0,0.14,N,5
45,63600,OWN,0.6,VENTURE,11100,10.31,0,0.17,Y,4
49,72400,RENT,0.7,EDUCATION,4900,10.87,0,0.07,N,11
49,81400,MORTGAGE,9.2,DEBTCONSOLIDATION,7300,8.5,0,0.09,N,6
36,90800,MORTGAGE,0.1,DEBTCONSOLIDATION,18600,9.44,0,0.2,N,6
52,34400,RENT,1.1,MEDICAL,30400,18.05,1,0.88,Y,4
34,83400,RENT,15.6,DEBTCONSOLIDATION,15400,11.66,0,0.18,N,5
38,28900,RENT,0.3,PERSONAL,7800,14.23,0,0.27,N,11
49,65900,OTHER,0.2,EDUCATION,11500,9.56,0,0.17,N,11
36,36700,MORTGAGE,2.4,DEBTCONSOLIDATION,9000,12.72,0,0.25,N,7
30,68200,MORTGAGE,0.8,DEBTCONSOLIDATION,4600,10.42,0,0.07,N,6
47,23600,RENT,4.2,MEDICAL,26200,16.83,1,1.11,Y,10
32,73000,RENT,2.1,PERSONAL,14900,14.39,0,0.2,N,4
50,35100,MORTGAGE,1.2,DEBTCONSOLIDATION,7400,11.99,0,0.21,N,7
41,70700,MORTGAGE,23.0,PERSONAL,20000,13.68,0,0.28,N,10
47,66500,MORTGAGE,2.1,EDUCATION,7800,10.2,0,0.12,N,5
46,67000,MORTGAGE,5.1,EDUCATION,8500,7.12,0,0.13,N,4
51,55600,MORTGAGE,10.4,HOMEIMPROVEMENT,16200,12.78,1,0.29,N,17
49,28500,RENT,12.8,VENTURE,12500,15.66,0,0.44,N,7
36,123000,MORTGAGE,2.6,PERSONAL,25400,11.93,0,0.21,N,5
41,50400,MORTGAGE,18.7,DEBTCONSOLIDATION,16100,16.93,1,0.32,Y,4
47,50400,MORTGAGE,6.4,EDUCATION,8000,12.27,0,0.16,N,4
58,116000,MORTGAGE,4.4,MEDICAL,13500,10.63,0,0.12,N,16
49,33200,MORTGAGE,5.9,VENTURE,19500,18.09,1,0.59,N,8
57,52800,MORTGAGE,2.2,EDUCATION,16200,12.15,0,0.31,N,5
47,59500,RENT,2.8,PERSONAL,10500,12.04,0,0.18,N,6
54,47700,RENT,4.4,DEBTCONSOLIDATION,11700,12.26,1,0.25,N,10
46,63000,OWN,2.0,EDUCATION,17800,12.6,0,0.28,N,2
54,39400,MORTGAGE,7.3,DEBTCONSOLIDATION,14400,16.18,0,0.37,N,4
41,52200,RENT,1.4,HOMEIMPROVEMENT,5500,7.08,0,0.11,N,9
60,58200,MORTGAGE,8.0,HOMEIMPROVEMENT,15000,,0,0.26,N,6
48,114900,RENT,0.8,VENTURE,13000,11.19,0,0.11,N,11
33,134700,RENT,1.2,DEBTCONSOLIDATION,22200,11.16,0,0.16,Y,8
47,59500,RENT,7.0,PERSONAL,6500,12.06,0,0.11,N,6
49,104800,RENT,1.5,DEBTCONSOLIDATION,1500,8.19,0,0.01,Y,2
52,36400,RENT,7.9,MEDICAL,22400,21.11,1,0.62,Y,18
65,186900,MORTGAGE,7.7,VENTURE,8600,12.38,0,0.05,N,3
39,47400,MORTGAGE,1.5,EDUCATION,3900,10.9,0,0.08,N,2
65,53200,MORTGAGE,0.4,EDUCATION,8800,12.68,0,0.17,N,8
44,72600,RENT,0.9,VENTURE,25000,13.53,0,0.34,Y,3
37,86600,RENT,7.0,MEDICAL,7800,6.76,0,0.09,N,4
39,49300,RENT,9.4,VENTURE,10500,12.67,0,0.21,Y,11
49,18000,RENT,2.4,HOMEIMPROVEMENT,16400,17.98,1,0.91,N,3
36,77700,MORTGAGE,0.9,EDUCATION,8000,8.87,0,0.1,N,4
41,32800,RENT,0.4,DEBTCONSOLIDATION,17300,16.99,1,0.53,Y,8
47,82900,RENT,1.2,EDUCATION,18900,10.43,0,0.23,N,8
60,81900,RENT,19.5,PERSONAL,8900,11.0,0,0.11,Y,4
52,60200,OWN,0.9,MEDICAL,6100,8.16,0,0.1,N,8
44,89100,RENT,0.5,EDUCATION,12000,10.23,0,0.13,N,4
49,41400,MORTGAGE,7.7,PERSONAL,18700,14.37,0,0.45,N,14
46,115400,MORTGAGE,4.8,PERSONAL,22200,10.48,0,0.19,N,7
35,59300,RENT,3.8,PERSONAL,4200,5.42,0,0.07,N,4
62,48900,OWN,3.0,HOMEIMPROVEMENT,14800,10.94,0,0.3,N,7
60,101500,RENT,6.1,EDUCATION,9400,10.2,0,0.09,N,9
43,37600,MORTGAGE,6.0,MEDICAL,12300,11.25,0,0.33,N,8
40,17000,RENT,2.8,VENTURE,14600,20.14,1,0.86,Y,4
35,27300,RENT,1.3,MEDICAL,19700,19.09,1,0.72,Y,10
49,119300,MORTGAGE,9.2,PERSONAL,4300,9.99,0,0.04,N,4
49,62200,MORTGAGE,0.9,DEBTCONSOLIDATION,7800,8.8,0,0.13,N,3
37,59500,RENT,3.8,PERSONAL,16600,12.52,0,0.28,Y,5
46,89400,MORTGAGE,5.9,VENTURE,12800,,0,0.14,N,12
51,63700,RENT,5.1,PERSONAL,8600,13.07,0,0.14,N,6
39,46600,OWN,4.8,EDUCATION,5200,13.1,0,0.11,Y,8
42,42600,MORTGAGE,5.4,PERSONAL,26300,20.63,1,0.62,N,5
42,28400,RENT,10.4,MEDICAL,11300,16.18,0,0.4,N,7
37,30100,RENT,2.3,MEDICAL,12200,14.41,1,0.41,N,3
42,59600,RENT,4.9,VENTURE,4700,9.69,0,0.08,N,3
32,49700,MORTGAGE,6.0,DEBTCONSOLIDATION,19800,15.54,1,0.4,Y,8
41,70900,RENT,,MEDICAL,32400,16.37,0,0.46,N,8
41,51700,RENT,11.7,PERSONAL,30600,16.87,1,0.59,N,9
43,30200,OWN,5.3,VENTURE,10300,,0,0.34,N,3
48,62000,RENT,2.8,DEBTCONSOLIDATION,29100,16.51,1,0.47,Y,2
34,60000,RENT,9.3,VENTURE,12100,11.15,0,0.2,N,9
35,54700,RENT,3.4,DEBTCONSOLIDATION,11700,10.55,0,0.21,N,3
37,59100,RENT,3.8,DEBTCONSOLIDATION,22800,19.03,1,0.39,Y,2
34,159700,MORTGAGE,4.4,VENTURE,21400,12.43,0,0.13,N,2
49,28100,MORTGAGE,1.9,VENTURE,13500,18.09,1,0.48,N,16
39,32000,RENT,6.4,MEDICAL,12900,,0,0.4,N,5
43,21200,RENT,0.5,VENTURE,29700,20.12,1,1.4,Y,4
37,57000,RENT,10.2,MEDICAL,12100,13.16,0,0.21,N,4
40,18700,RENT,7.0,DEBTCONSOLIDATION,23900,,1,1.28,Y,8
46,61300,RENT,2.2,MEDICAL,20000,15.59,1,0.33,N,14
47,52500,RENT,1.3,MEDICAL,6400,10.06,0,0.12,Y,13
36,39500,RENT,2.5,DEBTCONSOLIDATION,7600,,0,0.19,Y,6
43,70200,MORTGAGE,8.2,VENTURE,4200,7.95,0,0.06,N,6
37,63800,RENT,0.2,EDUCATION,4100,5.42,0,0.06,N,3
42,131000,MORTGAGE,3.2,MEDICAL,16300,,0,0.12,N,7
38,75900,RENT,1.5,PERSONAL,5600,7.46,0,0.07,N,7
63,52300,MORTGAGE,10.4,MEDICAL,7100,9.89,0,0.14,N,8
51,15400,MORTGAGE,2.7,MEDICAL,9200,19.14,1,0.6,Y,5
47,90300,MORTGAGE,6.0,VENTURE,15100,9.77,0,0.17,N,3
41,90700,RENT,2.2,EDUCATION,8900,11.32,0,0.1,N,5
52,112200,RENT,2.0,MEDICAL,11900,9.14,0,0.11,N,3
43,15400,MORTGAGE,2.0,EDUCATION,11100,22.44,1,0.72,Y,4
62,60600,RENT,5.7,MEDICAL,11900,10.27,0,0.2,N,7
53,77800,RENT,16.7,VENTURE,27100,17.18,1,0.35,Y,6
40,104900,OWN,1.2,PERSONAL,29800,10.27,0,0.28,N,3
60,75400,MORTGAGE,5.2,PERSONAL,5400,8.8,0,0.07,N,6
41,56000,MORTGAGE,1.5,VENTURE,6500,10.91,0,0.12,N,8
64,30900,RENT,4.0,VENTURE,4900,8.28,0,0.16,N,6
61,50800,RENT,3.9,VENTURE,11700,11.93,0,0.23,N,8
46,67100,RENT,3.0,VENTURE,23500,16.62,1,0.35,Y,8
32,83300,MORTGAGE,3.5,MEDICAL,21700,11.86,0,0.26,N,4
45,22600,RENT,10.6,DEBTCONSOLIDATION,11100,21.13,1,0.49,Y,4
35,63700,RENT,0.5,VENTURE,20200,12.72,0,0.32,N,5
38,24100,MORTGAGE,8.9,HOMEIMPROVEMENT,30700,20.79,1,1.27,Y,3
39,62700,RENT,3.1,MEDICAL,8300,9.93,0,0.13,N,7
35,28800,MORTGAGE,2.0,MEDICAL,29300,17.52,1,1.02,Y,7
45,24500,RENT,1.0,HOMEIMPROVEMENT,20800,20.08,1,0.85,N,5
38,146600,RENT,8.4,PERSONAL,6600,,0,0.05,N,2
42,25300,RENT,4.5,VENTURE,21500,21.0,0,0.85,N,13
39,38200,MORTGAGE,6.5,PERSONAL,6300,10.96,0,0.16,N,8
48,53600,RENT,1.9,MEDICAL,3800,10.21,0,0.07,N,3
47,17200,MORTGAGE,2.5,PERSONAL,20600,21.47,1,1.2,Y,10
41,83400,MORTGAGE,12.2,EDUCATION,25400,10.9,0,0.3,N,8
49,36800,MORTGAGE,16.2,HOMEIMPROVEMENT,12000,11.99,0,0.33,N,3
56,30900,OWN,6.7,VENTURE,3600,9.26,0,0.12,N,12
29,90100,RENT,,EDUCATION,16100,9.01,0,0.18,N,7
39,26000,MORTGAGE,5.9,DEBTCONSOLIDATION,9000,12.89,1,0.35,N,4
36,69300,RENT,4.4,DEBTCONSOLIDATION,14900,12.98,0,0.22,Y,4
38,54900,OWN,,PERSONAL,10400,9.93,0,0.19,N,19
28,55900,MORTGAGE,10.0,PERSONAL,16700,14.31,0,0.3,N,10
29,52500,MORTGAGE,6.9,HOMEIMPROVEMENT,9400,13.03,0,0.18,N,8
26,58100,RENT,5.3,PERSONAL,7400,9.87,0,0.13,N,8
39,15500,RENT,1.0,DEBTCONSOLIDATION,20200,22.47,1,1.3,Y,4
39,33500,RENT,18.9,VENTURE,14800,,1,0.44,N,2
58,32800,MORTGAGE,3.7,PERSONAL,10400,15.25,0,0.32,N,5
45,99600,RENT,14.4,HOMEIMPROVEMENT,16900,13.36,0,0.17,N,7
29,59100,RENT,6.3,MEDICAL,9900,9.17,0,0.17,N,9
48,54500,MORTGAGE,0.2,PERSONAL,11300,12.55,0,0.21,N,7
70,150300,MORTGAGE,3.9,EDUCATION,11500,,0,0.08,N,3
29,17800,RENT,11.0,PERSONAL,8800,,0,0.49,N,7
62,117900,OWN,0.3,MEDICAL,12800,7.19,0,0.11,N,2
43,54500,RENT,10.1,DEBTCONSOLIDATION,22200,,0,0.41,N,4
40,35800,RENT,4.8,MEDICAL,29900,19.2,1,0.84,Y,12
39,40400,MORTGAGE,0.2,VENTURE,8700,11.56,0,0.22,N,7
47,41200,RENT,2.3,HOMEIMPROVEMENT,27600,17.89,1,0.67,Y,7
40,123600,OWN,0.2,EDUCATION,9700,13.23,0,0.08,N,13
35,61800,RENT,0.0,VENTURE,13400,11.22,0,0.22,N,5
39,79000,OWN,11.3,DEBTCONSOLIDATION,6200,11.74,0,0.08,N,9
47,36000,RENT,6.9,MEDICAL,16400,16.0,0,0.46,N,4
50,57600,MORTGAGE,1.7,EDUCATION,14200,13.43,0,0.25,N,6
63,89300,OTHER,0.6,DEBTCONSOLIDATION,18200,8.23,0,0.2,N,3
44,100600,RENT,0.3,VENTURE,16200,14.37,0,0.16,N,3
57,25900,RENT,12.5,EDUCATION,30900,17.94,1,1.19,N,4
42,84500,RENT,4.9,MEDICAL,20700,10.16,1,0.24,N,5
43,50000,MORTGAGE,0.9,DEBTCONSOLIDATION,29500,22.57,0,0.59,Y,3
42,66200,RENT,5.7,PERSONAL,14500,12.1,0,0.22,N,11
45,40500,MORTGAGE,27.0,PERSONAL,9800,11.95,0,0.24,N,7
52,125400,MORTGAGE,7.8,VENTURE,14700,8.6,0,0.12,N,7
40,62500,MORTGAGE,3.0,DEBTCONSOLIDATION,13300,11.65,1,0.21,N,8
36,39200,RENT,8.4,DEBTCONSOLIDATION,12500,16.3,1,0.32,N,8
53,41400,MORTGAGE,6.8,MEDICAL,12000,13.18,0,0.29,N,7
52,86900,RENT,0.5,DEBTCONSOLIDATION,22100,10.26,0,0.25,Y,5
59,80600,MORTGAGE,13.0,VENTURE,19900,14.89,0,0.25,N,10
39,56600,RENT,10.8,EDUCATION,17300,12.37,0,0.31,N,4
42,43800,RENT,4.5,EDUCATION,17300,16.58,1,0.39,N,5
53,91600,MORTGAGE,3.5,PERSONAL,11500,9.57,0,0.13,N,6
40,40600,RENT,1.3,MEDICAL,12700,13.32,0,0.31,N,9
50,39500,RENT,9.0,MEDICAL,7400,12.66,0,0.19,N,2
42,217400,MORTGAGE,,VENTURE,15700,9.16,0,0.07,N,12
46,66700,MORTGAGE,4.3,PERSONAL,7200,8.45,0,0.11,N,28
35,51800,RENT,0.9,EDUCATION,26300,14.42,0,0.51,N,6
44,42400,MORTGAGE,1.2,VENTURE,12300,14.03,0,0.29,N,10
25,48300,MORTGAGE,7.0,PERSONAL,4400,8.48,0,0.09,N,4
56,107600,MORTGAGE,3.4,DEBTCONSOLIDATION,1700,10.91,0,0.02,N,6
51,85500,MORTGAGE,8.5,EDUCATION,18100,10.85,0,0.21,N,4
36,37900,RENT,8.9,PERSONAL,16500,16.26,0,0.44,N,10
62,45200,RENT,20.0,VENTURE,20700,17.53,0,0.46,N,6
55,26300,RENT,20.3,VENTURE,20100,19.09,1,0.76,Y,7
35,62600,RENT,3.1,EDUCATION,1900,10.36,0,0.03,N,11
39,12000,RENT,15.0,PERSONAL,7700,17.78,0,0.64,Y,2
35,23200,OWN,2.3,MEDICAL,10600,12.85,0,0.46,N,3
47,57000,MORTGAGE,4.7,EDUCATION,5100,8.72,0,0.09,N,2
39,12800,RENT,8.6,DEBTCONSOLIDATION,8000,17.13,0,0.62,N,4
30,190300,RENT,12.0,MEDICAL,15800,9.27,0,0.08,N,9
43,33300,RENT,3.7,EDUCATION,13100,13.4,0,0.39,Y,7
52,70700,RENT,2.7,MEDICAL,23900,15.49,0,0.34,N,4
44,108800,OWN,6.5,EDUCATION,8800,9.35,0,0.08,N,5
49,62800,MORTGAGE,3.0,PERSONAL,14700,8.6,0,0.23,N,9
45,54000,MORTGAGE,5.6,EDUCATION,23900,15.61,0,0.44,N,4
51,39600,RENT,8.2,PERSONAL,5100,13.95,0,0.13,N,4
46,26200,MORTGAGE,9.2,EDUCATION,24300,21.11,1,0.93,Y,5
42,41700,MORTGAGE,1.5,EDUCATION,10900,14.28,0,0.26,N,6
44,57300,RENT,4.2,MEDICAL,23900,18.28,1,0.42,N,9
59,53400,RENT,0.1,HOMEIMPROVEMENT,18200,14.93,0,0.34,N,8
49,32000,MORTGAGE,8.0,DEBTCONSOLIDATION,18000,18.27,1,0.56,Y,6
36,97200,RENT,0.7,EDUCATION,4600,10.27,0,0.05,N,2
44,24700,RENT,10.3,MEDICAL,27800,20.6,1,1.13,Y,11
47,75100,MORTGAGE,2.6,MEDICAL,12600,9.81,1,0.17,N,5
42,86500,RENT,0.9,EDUCATION,6400,7.68,0,0.07,N,10
30,61800,MORTGAGE,7.9,MEDICAL,20600,13.7,0,0.33,N,10
37,135300,RENT,1.1,PERSONAL,24100,7.89,0,0.18,N,4
40,67700,OWN,2.5,EDUCATION,27100,13.6,0,0.4,N,10
64,115600,RENT,4.2,PERSONAL,14100,10.12,0,0.12,N,6
48,12500,RENT,2.2,MEDICAL,12000,16.73,1,0.96,Y,2
32,90800,RENT,1.0,PERSONAL,15800,10.51,0,0.17,N,6
43,74800,RENT,2.6,PERSONAL,10100,7.12,0,0.14,N,3
57,72700,MORTGAGE,0.8,PERSONAL,11800,7.94,0,0.16,N,4
39,76100,OTHER,6.3,DEBTCONSOLIDATION,14800,8.7,0,0.19,N,9
54,41600,MORTGAGE,0.9,DEBTCONSOLIDATION,22500,19.9,1,0.54,Y,4
32,82200,RENT,3.3,PERSONAL,23600,11.6,0,0.29,N,11
26,144300,RENT,4.1,VENTURE,7000,13.22,0,0.05,N,8
56,19300,RENT,14.5,EDUCATION,7000,13.08,0,0.36,N,17
40,104200,MORTGAGE,0.4,HOMEIMPROVEMENT,8100,8.63,0,0.08,N,9
30,50500,RENT,12.0,VENTURE,16100,13.99,0,0.32,N,5
40,37700,MORTGAGE,1.2,VENTURE,8400,10.16,0,0.22,N,8
45,27800,RENT,9.2,EDUCATION,16500,18.55,1,0.59,Y,5
48,66800,RENT,0.5,PERSONAL,19400,12.84,0,0.29,N,6
27,129400,MORTGAGE,9.0,HOMEIMPROVEMENT,23800,10.74,0,0.18,N,9
38,43700,OWN,8.2,MEDICAL,24200,16.65,0,0.55,N,5
44,78200,RENT,0.3,DEBTCONSOLIDATION,8600,10.89,0,0.11,N,9
48,53900,RENT,1.2,MEDICAL,10300,8.5,0,0.19,N,7
36,21900,MORTGAGE,4.0,VENTURE,8000,16.51,1,0.37,N,6
42,49100,MORTGAGE,3.7,EDUCATION,18200,13.84,1,0.37,Y,7
39,37600,OWN,5.0,VENTURE,18400,20.01,0,0.49,N,8
46,31000,RENT,3.1,VENTURE,2000,10.35,0,0.06,N,4
55,42800,RENT,6.6,EDUCATION,7700,10.52,0,0.18,N,4
41,45500,RENT,2.1,MEDICAL,10800,12.08,0,0.24,N,2
33,94200,MORTGAGE,1.0,EDUCATION,8500,10.21,0,0.09,N,13
38,54900,MORTGAGE,0.2,VENTURE,15100,14.97,0,0.28,Y,2
62,25000,MORTGAGE,,HOMEIMPROVEMENT,4300,10.07,0,0.17,N,5
37,105200,OWN,2.8,MEDICAL,22600,12.16,0,0.21,Y,19
34,67000,RENT,5.4,VENTURE,13300,11.82,0,0.2,N,11
40,63200,MORTGAGE,8.2,EDUCATION,16100,15.08,0,0.25,N,6
43,87600,MORTGAGE,1.4,EDUCATION,15700,10.95,0,0.18,N,4
39,53500,MORTGAGE,3.4,MEDICAL,13000,14.25,0,0.24,N,4
32,40300,RENT,1.3,VENTURE,15400,16.77,0,0.38,N,3
46,65600,MORTGAGE,15.1,PERSONAL,5500,9.76,0,0.08,N,7
46,76300,MORTGAGE,,VENTURE,11700,13.21,0,0.15,N,2
50,66800,MORTGAGE,5.7,EDUCATION,19000,13.18,0,0.28,N,2
45,84600,RENT,3.8,MEDICAL,11300,7.32,0,0.13,N,10
61,57300,MORTGAGE,1.7,EDUCATION,9300,9.78,0,0.16,N,6
51,31300,MORTGAGE,1.1,DEBTCONSOLIDATION,15400,17.74,0,0.49,N,3
49,38300,RENT,5.3,EDUCATION,13500,14.2,1,0.35,Y,10
56,115300,RENT,12.7,EDUCATION,14700,11.38,0,0.13,N,14
45,55200,RENT,1.2,MEDICAL,28900,15.62,1,0.52,Y,9
42,29100,MORTGAGE,4.2,PERSONAL,7400,8.56,0,0.25,N,2
46,27700,MORTGAGE,3.8,MEDICAL,16600,17.48,1,0.6,N,6
30,25900,RENT,5.1,EDUCATION,3900,11.1,0,0.15,N,2
45,85200,MORTGAGE,4.4,DEBTCONSOLIDATION,17300,12.54,0,0.2,N,6
43,64200,RENT,1.6,PERSONAL,8300,8.15,0,0.13,N,13
47,149400,RENT,5.9,MEDICAL,21900,11.13,0,0.15,N,10
54,74400,RENT,,PERSONAL,9600,10.4,0,0.13,N,5
49,76900,RENT,5.3,MEDICAL,12000,10.1,0,0.16,N,5
38,161800,MORTGAGE,1.8,VENTURE,14300,15.2,0,0.09,N,2
52,31800,OTHER,0.4,DEBTCONSOLIDATION,16400,15.59,1,0.52,Y,5
61,23700,RENT,0.7,EDUCATION,10100,13.67,0,0.43,N,6
54,73400,OWN,9.0,DEBTCONSOLIDATION,7500,11.89,0,0.1,N,3
34,47400,MORTGAGE,0.6,PERSONAL,17000,14.01,0,0.36,Y,9
49,63800,RENT,2.0,HOMEIMPROVEMENT,12800,10.28,0,0.2,N,9
35,106300,RENT,1.7,VENTURE,5000,7.74,0,0.05,N,6
41,82400,MORTGAGE,0.3,MEDICAL,14800,8.29,0,0.18,Y,16
47,124800,MORTGAGE,4.6,MEDICAL,13300,10.99,0,0.11,N,5
46,32900,RENT,8.0,PERSONAL,14200,15.03,0,0.43,N,4
54,88700,RENT,24.4,EDUCATION,6400,10.18,0,0.07,N,16
61,35400,MORTGAGE,13.7,MEDICAL,13400,11.51,0,0.38,N,7
48,135700,RENT,0.3,PERSONAL,20000,12.36,0,0.15,N,5
40,69300,MORTGAGE,1.5,VENTURE,7000,11.4,0,0.1,N,10
30,71600,RENT,2.7,EDUCATION,16800,10.57,0,0.23,Y,10
57,39300,RENT,10.4,VENTURE,8000,13.12,0,0.2,N,3
43,40400,RENT,2.2,VENTURE,10300,13.95,0,0.25,N,11
43,67700,RENT,4.2,PERSONAL,11300,12.15,0,0.17,Y,9
44,141700,RENT,5.4,EDUCATION,20500,9.26,0,0.14,N,11
48,129400,RENT,1.8,MEDICAL,8800,,0,0.07,N,16
48,66000,MORTGAGE,4.4,DEBTCONSOLIDATION,9500,8.99,0,0.14,N,7
41,43000,RENT,0.3,EDUCATION,24300,16.67,1,0.57,N,2
43,74200,MORTGAGE,3.3,PERSONAL,19900,9.21,0,0.27,N,10
39,108000,MORTGAGE,2.4,EDUCATION,14100,11.0,0,0.13,N,8
38,60900,MORTGAGE,2.2,MEDICAL,10400,9.75,0,0.17,N,10
38,43800,RENT,1.3,DEBTCONSOLIDATION,21400,15.87,1,0.49,Y,10
43,78700,MORTGAGE,8.5,MEDICAL,15300,12.51,0,0.19,N,14
36,47500,MORTGAGE,10.7,VENTURE,10700,13.29,0,0.23,N,9
25,44600,RENT,7.0,EDUCATION,10400,11.45,0,0.23,N,2
40,52500,RENT,2.5,MEDICAL,13100,14.92,0,0.25,N,5
34,78200,RENT,1.5,EDUCATION,28300,15.4,0,0.36,N,7
44,47900,MORTGAGE,0.5,VENTURE,17200,15.06,0,0.36,N,11
39,53100,MORTGAGE,5.6,VENTURE,18200,14.87,0,0.34,Y,11
48,58600,MORTGAGE,2.0,MEDICAL,11700,8.13,0,0.2,Y,3
35,43900,MORTGAGE,1.6,HOMEIMPROVEMENT,30400,16.66,1,0.69,Y,16
31,127000,RENT,2.3,EDUCATION,12100,,0,0.1,N,3
43,149300,OWN,4.0,DEBTCONSOLIDATION,2800,6.57,0,0.02,N,3
40,45900,MORTGAGE,0.9,EDUCATION,21700,15.03,1,0.47,N,14
34,34900,RENT,16.0,DEBTCONSOLIDATION,14200,,1,0.41,Y,14
51,42000,MORTGAGE,6.6,VENTURE,7400,10.83,0,0.18,N,7
36,69200,RENT,0.2,DEBTCONSOLIDATION,3500,10.42,0,0.05,N,8
37,51700,RENT,1.8,PERSONAL,32400,19.97,0,0.63,N,5
53,26800,MORTGAGE,0.3,VENTURE,17300,19.68,1,0.65,Y,6
48,49700,MORTGAGE,1.3,MEDICAL,13300,,0,0.27,Y,6
35,67800,RENT,1.7,PERSONAL,10700,9.74,0,0.16,N,8
41,93100,MORTGAGE,6.3,DEBTCONSOLIDATION,5400,8.84,0,0.06,N,3
34,142400,RENT,6.3,VENTURE,17300,10.81,0,0.12,N,4
52,42300,MORTGAGE,0.2,MEDICAL,11400,11.64,0,0.27,N,5
52,38400,RENT,4.4,EDUCATION,32000,17.95,1,0.83,N,5
63,47200,OWN,16.2,DEBTCONSOLIDATION,6400,11.05,0,0.14,N,6
69,32200,MORTGAGE,4.9,MEDICAL,9200,11.28,0,0.29,N,2
38,36900,RENT,16.2,EDUCATION,12000,15.59,0,0.33,N,5
50,37000,MORTGAGE,2.4,EDUCATION,21600,19.51,1,0.58,N,6
30,64800,MORTGAGE,3.1,PERSONAL,21000,14.82,0,0.32,N,12
45,34300,RENT,3.4,PERSONAL,9200,11.82,1,0.27,N,3
47,85300,OWN,12.9,EDUCATION,11200,7.71,0,0.13,N,2
36,101900,OWN,2.4,VENTURE,5000,10.99,0,0.05,N,5
38,29200,RENT,20.0,EDUCATION,11600,11.6,0,0.4,N,3
52,26400,RENT,3.9,MEDICAL,7800,15.25,0,0.3,N,9
48,40300,RENT,1.2,PERSONAL,26600,22.73,1,0.66,N,3
61,43400,RENT,0.5,EDUCATION,22000,18.57,0,0.51,N,6
59,108700,RENT,0.9,EDUCATION,7700,8.78,0,0.07,N,4
31,52700,RENT,0.2,EDUCATION,13800,10.02,1,0.26,Y,5
39,68200,OWN,5.9,MEDICAL,28900,,0,0.42,N,9
35,68200,MORTGAGE,3.6,MEDICAL,12200,10.02,0,0.18,N,17
51,33400,MORTGAGE,6.7,PERSONAL,12900,15.13,0,0.39,N,4
46,47200,OWN,7.6,PERSONAL,10900,12.0,0,0.23,N,4
36,53800,RENT,13.4,MEDICAL,13800,14.99,0,0.26,N,2
37,66700,MORTGAGE,0.6,MEDICAL,16100,11.18,0,0.24,N,11
56,24600,RENT,1.0,VENTURE,5900,14.63,1,0.24,N,8
40,39100,MORTGAGE,4.0,PERSONAL,6000,10.56,0,0.15,N,5
29,54500,RENT,0.7,HOMEIMPROVEMENT,20700,14.1,0,0.38,N,5
35,42500,RENT,0.5,MEDICAL,31100,19.6,1,0.73,Y,10
64,25100,RENT,5.5,DEBTCONSOLIDATION,13800,20.11,1,0.55,Y,3
53,36400,MORTGAGE,6.4,EDUCATION,23900,16.25,0,0.66,N,7
34,25200,OWN,9.3,EDUCATION,24200,17.11,1,0.96,Y,10
45,115800,RENT,12.4,DEBTCONSOLIDATION,11400,8.66,0,0.1,N,8
53,45400,RENT,2.9,VENTURE,10600,13.34,0,0.23,N,2
31,52300,MORTGAGE,13.0,EDUCATION,19500,15.21,1,0.37,N,6
54,31600,RENT,0.2,EDUCATION,26100,17.25,1,0.83,Y,3
48,61500,OWN,10.2,EDUCATION,23600,,0,0.38,N,5
38,79400,RENT,1.9,MEDICAL,10500,9.37,0,0.13,N,6
49,32700,RENT,12.7,PERSONAL,11100,13.64,0,0.34,N,10
46,33100,RENT,1.3,PERSONAL,19700,,1,0.6,N,7
47,41300,MORTGAGE,6.8,HOMEIMPROVEMENT,10400,10.96,0,0.25,N,7
45,25100,RENT,2.8,VENTURE,23600,21.31,1,0.94,Y,5
36,66800,RENT,2.4,EDUCATION,14200,14.94,0,0.21,N,2
38,82200,MORTGAGE,0.3,HOMEIMPROVEMENT,10000,9.3,0,0.12,N,6
41,24600,RENT,6.1,PERSONAL,9900,16.84,0,0.4,N,2
44,88000,RENT,1.0,MEDICAL,21200,13.22,0,0.24,N,8
50,88000,OWN,3.1,MEDICAL,6800,8.03,0,0.08,N,2
65,12000,MORTGAGE,0.8,EDUCATION,27200,20.63,1,2.27,Y,11
46,29500,RENT,,HOMEIMPROVEMENT,12200,14.09,0,0.41,N,20
50,38800,RENT,1.3,MEDICAL,23300,20.41,1,0.6,N,7
52,74100,MORTGAGE,4.5,VENTURE,21400,16.33,0,0.29,N,6
50,68900,MORTGAGE,14.7,DEBTCONSOLIDATION,21000,14.32,0,0.3,N,4
36,32600,MORTGAGE,,HOMEIMPROVEMENT,18000,15.91,1,0.55,Y,4
57,132400,MORTGAGE,1.1,EDUCATION,14000,10.65,0,0.11,N,14
55,36900,MORTGAGE,0.5,HOMEIMPROVEMENT,11800,12.91,0,0.32,N,2
45,34200,RENT,0.2,EDUCATION,15700,15.82,0,0.46,Y,15
37,28600,RENT,8.8,DEBTCONSOLIDATION,14600,17.97,0,0.51,N,14
44,49100,MORTGAGE,1.4,HOMEIMPROVEMENT,11000,13.79,0,0.22,N,2
32,89100,RENT,1.7,VENTURE,13800,10.53,0,0.15,N,2
59,33000,MORTGAGE,1.3,VENTURE,11300,14.38,0,0.34,N,4
38,60800,MORTGAGE,9.2,PERSONAL,17600,14.98,0,0.29,N,2
41,60600,RENT,19.3,MEDICAL,22900,13.58,0,0.38,N,10
58,53200,MORTGAGE,7.0,EDUCATION,21300,13.82,0,0.4,N,2
56,64700,MORTGAGE,8.7,EDUCATION,10900,12.01,1,0.17,N,2
47,89200,MORTGAGE,4.8,DEBTCONSOLIDATION,14200,,0,0.16,N,3
61,63000,MORTGAGE,3.8,VENTURE,2700,6.89,0,0.04,N,4
36,96300,MORTGAGE,6.4,PERSONAL,24300,9.49,0,0.25,N,4
47,29600,OWN,0.2,MEDICAL,9200,13.94,0,0.31,N,4
36,42500,MORTGAGE,0.3,DEBTCONSOLIDATION,12800,12.6,0,0.3,N,15
54,29600,RENT,5.8,MEDICAL,7400,12.66,0,0.25,N,4
54,73200,MORTGAGE,2.0,EDUCATION,18100,,0,0.25,N,9
62,106100,MORTGAGE,3.4,MEDICAL,15000,12.27,0,0.14,N,11
43,45700,MORTGAGE,7.6,DEBTCONSOLIDATION,11300,14.21,0,0.25,N,9
67,63200,MORTGAGE,4.3,DEBTCONSOLIDATION,14700,10.77,0,0.23,N,4
36,23800,MORTGAGE,8.2,HOMEIMPROVEMENT,7800,14.24,0,0.33,N,4
43,54800,RENT,2.7,VENTURE,20900,16.89,0,0.38,N,12
36,21600,RENT,1.7,HOMEIMPROVEMENT,9500,15.72,0,0.44,N,7
45,56000,MORTGAGE,1.3,VENTURE,16600,12.94,0,0.3,N,3
36,18800,MORTGAGE,0.7,EDUCATION,25600,20.06,1,1.36,N,17
55,137600,RENT,0.2,VENTURE,4200,10.69,0,0.03,N,8
48,52700,RENT,0.3,DEBTCONSOLIDATION,11700,,1,0.22,N,4
35,51600,RENT,1.6,PERSONAL,7100,9.88,0,0.14,N,10
52,154800,MORTGAGE,1.6,MEDICAL,26000,12.24,0,0.17,N,7
60,56200,RENT,2.4,EDUCATION,11200,8.85,1,0.2,N,2
49,22400,MORTGAGE,4.5,VENTURE,8600,13.05,1,0.38,N,5
33,42700,RENT,7.1,HOMEIMPROVEMENT,18100,14.55,0,0.42,Y,6
42,157900,MORTGAGE,1.1,EDUCATION,14900,12.24,0,0.09,N,9
50,33100,OWN,7.1,DEBTCONSOLIDATION,22300,,1,0.67,N,4
41,42500,MORTGAGE,0.7,EDUCATION,20200,18.67,0,0.48,N,12
35,126800,RENT,17.0,DEBTCONSOLIDATION,30300,,0,0.24,N,7
56,35500,MORTGAGE,1.7,PERSONAL,6000,7.45,0,0.17,N,7
41,51400,RENT,9.1,EDUCATION,5700,10.37,0,0.11,N,10
60,113900,RENT,1.1,EDUCATION,26000,10.56,0,0.23,N,5
39,39500,RENT,15.0,HOMEIMPROVEMENT,28700,,1,0.73,Y,6
41,34900,RENT,8.8,VENTURE,12100,15.6,0,0.35,N,2
39,19700,RENT,2.2,VENTURE,13100,23.22,1,0.66,Y,4
42,29500,MORTGAGE,2.7,EDUCATION,11400,17.88,0,0.39,Y,10
48,33300,RENT,0.0,EDUCATION,21000,17.57,1,0.63,N,9
36,44400,MORTGAGE,1.4,PERSONAL,20800,16.2,0,0.47,Y,8
35,65900,RENT,1.7,PERSONAL,8700,9.42,0,0.13,N,2
31,52900,OTHER,3.0,DEBTCONSOLIDATION,11700,12.15,0,0.22,N,2
31,27500,RENT,0.7,VENTURE,8600,14.15,0,0.31,Y,6
33,114500,MORTGAGE,3.3,MEDICAL,4600,5.42,0,0.04,N,12
39,29600,RENT,5.5,PERSONAL,4900,9.47,0,0.17,N,7
45,146100,MORTGAGE,2.3,VENTURE,7300,11.43,0,0.05,N,5
47,58900,OWN,,EDUCATION,3900,5.42,0,0.07,N,7
45,96300,MORTGAGE,4.0,HOMEIMPROVEMENT,12400,6.98,0,0.13,N,5
59,72500,RENT,0.1,PERSONAL,5200,10.84,0,0.07,Y,6
63,124000,RENT,2.1,EDUCATION,23400,13.32,0,0.19,N,2
41,52900,RENT,3.7,HOMEIMPROVEMENT,19000,11.64,0,0.36,N,2
36,46800,RENT,2.0,HOMEIMPROVEMENT,21200,17.69,1,0.45,Y,4
68,64100,MORTGAGE,2.1,HOMEIMPROVEMENT,16600,13.97,0,0.26,N,2
55,46600,RENT,9.4,DEBTCONSOLIDATION,17800,16.22,0,0.38,N,7
55,69500,RENT,,EDUCATION,6600,,0,0.09,N,5
39,127100,RENT,8.8,HOMEIMPROVEMENT,5000,10.01,0,0.04,N,9
52,21400,RENT,0.5,PERSONAL,31900,18.85,1,1.49,Y,10
45,52000,OWN,1.7,PERSONAL,11500,11.84,0,0.22,N,2
43,181700,RENT,6.2,HOMEIMPROVEMENT,4700,10.17,0,0.03,N,10
43,43700,RENT,18.3,MEDICAL,7600,9.52,0,0.17,N,15
48,94600,MORTGAGE,1.4,HOMEIMPROVEMENT,24500,11.58,0,0.26,N,4
59,87500,RENT,11.4,VENTURE,8500,12.88,0,0.1,Y,8
69,24600,RENT,6.7,VENTURE,13300,16.32,0,0.54,N,2
40,63800,MORTGAGE,,PERSONAL,17900,13.94,0,0.28,N,3
45,61100,OTHER,0.5,PERSONAL,29500,16.42,0,0.48,N,16
43,250000,MORTGAGE,2.5,VENTURE,3000,10.42,0,0.01,N,9
48,12800,OWN,3.3,HOMEIMPROVEMENT,13700,19.52,1,1.07,Y,2
27,22200,MORTGAGE,5.6,EDUCATION,33100,17.99,1,1.49,Y,9
42,47800,RENT,5.3,DEBTCONSOLIDATION,6800,8.18,1,0.14,N,6
66,44500,RENT,11.8,PERSONAL,6800,7.71,0,0.15,N,5
38,33300,MORTGAGE,9.1,DEBTCONSOLIDATION,5900,11.48,0,0.18,N,7
40,34500,RENT,0.3,MEDICAL,14100,,1,0.41,N,4
39,78900,RENT,3.3,DEBTCONSOLIDATION,11000,12.23,0,0.14,N,5
42,34100,OWN,2.6,VENTURE,19200,20.55,1,0.56,N,5
34,40200,RENT,16.0,DEBTCONSOLIDATION,15500,17.01,0,0.39,N,7
39,93700,MORTGAGE,2.8,MEDICAL,15800,10.53,0,0.17,N,4
47,86100,MORTGAGE,5.7,DEBTCONSOLIDATION,14200,14.02,0,0.16,N,2
47,41700,MORTGAGE,1.7,HOMEIMPROVEMENT,32400,19.73,1,0.78,N,6
46,24200,RENT,4.8,VENTURE,14800,21.62,1,0.61,Y,7
58,87900,MORTGAGE,1.2,MEDICAL,5400,8.96,0,0.06,N,11
48,32300,RENT,4.6,VENTURE,10500,12.87,0,0.33,N,2
57,110300,MORTGAGE,,EDUCATION,21100,11.76,0,0.19,N,7
69,68200,MORTGAGE,0.1,VENTURE,16900,12.93,0,0.25,N,14
52,48700,MORTGAGE,3.5,DEBTCONSOLIDATION,18300,14.02,1,0.38,N,3
34,69000,RENT,16.0,MEDICAL,26700,17.43,0,0.39,N,10
46,18500,MORTGAGE,0.9,PERSONAL,12800,19.22,1,0.69,Y,3
45,122300,MORTGAGE,1.0,PERSONAL,3300,8.1,0,0.03,N,2
60,48300,MORTGAGE,3.2,MEDICAL,32000,17.85,1,0.66,N,5
43,59400,RENT,10.2,VENTURE,13000,10.69,0,0.22,N,8
37,39500,RENT,4.1,DEBTCONSOLIDATION,6200,12.04,1,0.16,N,2
40,49300,MORTGAGE,3.6,VENTURE,15000,16.16,0,0.3,N,8
34,130500,OTHER,0.5,PERSONAL,16000,11.14,0,0.12,N,2
25,46700,RENT,7.0,PERSONAL,15400,12.31,0,0.33,N,4
66,43100,OWN,2.1,EDUCATION,29400,19.57,0,0.68,N,6
44,78900,MORTGAGE,1.5,EDUCATION,10500,14.9,0,0.13,N,10
34,64300,MORTGAGE,2.7,EDUCATION,4100,7.8,0,0.06,N,9
62,127300,RENT,2.7,EDUCATION,26600,11.51,0,0.21,N,6
64,17900,MORTGAGE,3.1,DEBTCONSOLIDATION,8200,18.85,1,0.46,N,11
45,42100,MORTGAGE,5.8,MEDICAL,20100,15.52,0,0.48,N,4
33,24700,MORTGAGE,10.1,EDUCATION,8400,10.7,0,0.34,N,9
40,106600,MORTGAGE,0.3,VENTURE,22700,15.88,0,0.21,N,10
42,26600,RENT,,PERSONAL,25900,18.9,1,0.97,Y,6
44,65000,MORTGAGE,2.7,EDUCATION,6400,11.1,0,0.1,N,7
35,26400,RENT,0.1,MEDICAL,7300,11.75,0,0.28,N,3
53,41200,RENT,,EDUCATION,26900,23.22,1,0.65,Y,10
29,31300,RENT,0.6,PERSONAL,20800,22.46,1,0.66,N,6
55,54000,RENT,0.6,EDUCATION,4300,8.56,0,0.08,N,3
58,165300,MORTGAGE,0.2,PERSONAL,8000,8.64,0,0.05,N,2
40,24700,MORTGAGE,1.1,EDUCATION,12200,16.07,0,0.49,N,6
43,29000,RENT,1.0,EDUCATION,24000,19.51,1,0.83,N,4
59,75200,MORTGAGE,2.1,DEBTCONSOLIDATION,7400,9.62,0,0.1,N,2
50,49800,RENT,5.4,MEDICAL,19400,14.04,1,0.39,Y,7
41,26900,RENT,0.3,VENTURE,5800,8.72,0,0.22,N,12
42,41800,MORTGAGE,9.8,EDUCATION,13300,12.59,0,0.32,N,4
48,23600,RENT,2.0,VENTURE,19500,19.15,1,0.83,Y,2
65,41400,MORTGAGE,4.7,EDUCATION,5200,8.92,0,0.13,N,6
42,31700,RENT,0.1,DEBTCONSOLIDATION,8500,15.22,1,0.27,Y,14
40,64300,MORTGAGE,2.3,PERSONAL,21400,13.12,0,0.33,N,2
44,77200,RENT,0.0,PERSONAL,7700,11.75,0,0.1,N,5
44,12600,RENT,0.9,PERSONAL,17900,18.32,1,1.42,Y,8
46,57500,RENT,3.0,MEDICAL,17200,11.37,0,0.3,N,12
43,15300,MORTGAGE,3.8,VENTURE,14400,,1,0.94,Y,4
56,54400,RENT,0.8,EDUCATION,8400,8.32,0,0.15,N,8
36,130000,RENT,6.8,EDUCATION,12300,8.96,0,0.09,N,5
48,44700,RENT,1.0,MEDICAL,16700,11.3,0,0.37,N,6
48,62400,RENT,0.6,DEBTCONSOLIDATION,24800,14.97,1,0.4,N,8
37,81300,RENT,2.0,VENTURE,21600,15.9,0,0.27,N,4
47,82900,RENT,4.0,MEDICAL,16400,12.32,0,0.2,N,9
48,85700,OTHER,22.5,HOMEIMPROVEMENT,8900,8.27,0,0.1,N,4
27,68800,RENT,2.7,VENTURE,8700,,0,0.13,N,4
36,35800,RENT,2.8,VENTURE,22200,20.31,1,0.62,N,10
61,77200,OTHER,0.3,HOMEIMPROVEMENT,17800,13.24,0,0.23,N,3
39,122900,RENT,7.3,EDUCATION,11200,6.38,0,0.09,N,4
34,70700,MORTGAGE,1.0,MEDICAL,30000,9.07,0,0.42,N,5
30,60100,RENT,6.8,VENTURE,25100,15.9,1,0.42,Y,3
35,21600,OWN,12.1,VENTURE,18000,19.25,0,0.83,Y,3
43,30200,OWN,7.3,EDUCATION,11400,,0,0.38,N,7
34,36500,RENT,5.1,MEDICAL,10300,14.62,1,0.28,Y,8
50,29600,RENT,4.6,EDUCATION,27700,19.92,1,0.94,Y,4
37,49500,RENT,3.0,DEBTCONSOLIDATION,12800,15.45,1,0.26,Y,2
47,32500,OWN,0.8,DEBTCONSOLIDATION,21700,20.74,1,0.67,Y,3
59,87200,RENT,7.5,EDUCATION,27700,13.32,0,0.32,N,8
58,43500,OTHER,3.2,MEDICAL,13800,14.96,0,0.32,N,6
46,29300,MORTGAGE,4.9,PERSONAL,17500,19.86,1,0.6,Y,2
35,32600,RENT,2.3,EDUCATION,5800,12.81,0,0.18,Y,7
43,56300,MORTGAGE,1.1,DEBTCONSOLIDATION,17500,14.97,0,0.31,N,6
47,46400,RENT,8.2,VENTURE,8600,10.59,0,0.19,Y,3
70,55400,MORTGAGE,2.1,EDUCATION,17900,13.15,0,0.32,N,16
30,47300,RENT,10.1,MEDICAL,6200,,0,0.13,N,12
43,139400,RENT,16.9,DEBTCONSOLIDATION,13900,12.39,0,0.1,N,7
50,86800,RENT,8.9,EDUCATION,14400,9.85,0,0.17,N,10
45,33800,RENT,0.7,EDUCATION,13600,13.66,0,0.4,N,5
46,18600,MORTGAGE,9.7,EDUCATION,20300,20.16,1,1.09,Y,5
37,44400,MORTGAGE,3.7,EDUCATION,20300,13.13,0,0.46,N,6
53,29000,OWN,1.4,EDUCATION,18900,17.38,0,0.65,N,3
44,20900,MORTGAGE,0.5,DEBTCONSOLIDATION,17000,20.98,1,0.81,Y,3
46,77000,MORTGAGE,1.6,VENTURE,25800,13.88,0,0.34,N,2
54,53900,RENT,0.7,VENTURE,15600,13.63,0,0.29,N,3
41,100400,RENT,0.1,EDUCATION,11000,8.17,0,0.11,Y,5
57,52000,RENT,22.0,MEDICAL,5000,9.28,0,0.1,N,7
34,48000,RENT,8.9,DEBTCONSOLIDATION,14700,14.83,0,0.31,Y,10
46,26900,MORTGAGE,6.7,EDUCATION,8900,14.32,0,0.33,N,2
37,38400,MORTGAGE,1.1,DEBTCONSOLIDATION,11700,13.57,1,0.3,Y,3
35,20200,OWN,0.1,PERSONAL,4700,,0,0.23,N,8
64,95900,RENT,3.3,VENTURE,17200,10.42,0,0.18,N,4
34,26300,MORTGAGE,6.8,EDUCATION,25000,18.55,0,0.95,N,4
44,61200,MORTGAGE,16.5,PERSONAL,10600,14.59,0,0.17,N,10
34,47300,RENT,9.3,DEBTCONSOLIDATION,21900,14.07,0,0.46,Y,5
56,67100,RENT,11.2,EDUCATION,6900,,0,0.1,N,2
40,55200,OWN,1.4,EDUCATION,19400,13.89,0,0.35,N,3
54,26200,MORTGAGE,,PERSONAL,5700,10.85,0,0.22,N,11
49,45100,MORTGAGE,1.4,VENTURE,9400,15.7,0,0.21,Y,10
70,108700,OWN,0.7,VENTURE,11200,8.61,0,0.1,N,6
33,34500,MORTGAGE,8.0,VENTURE,7500,14.82,0,0.22,N,15
36,102400,RENT,11.7,VENTURE,8100,,0,0.08,N,6
53,78000,MORTGAGE,,MEDICAL,18700,,0,0.24,N,2
47,58500,MORTGAGE,10.5,EDUCATION,6100,7.82,0,0.1,N,4
42,36100,RENT,0.3,PERSONAL,27400,18.27,1,0.76,Y,4
66,62900,MORTGAGE,5.7,VENTURE,20700,,0,0.33,N,6
44,40900,RENT,3.7,DEBTCONSOLIDATION,11200,15.33,1,0.27,N,16
37,99500,MORTGAGE,1.6,HOMEIMPROVEMENT,16900,13.21,0,0.17,N,3
54,26700,RENT,7.3,EDUCATION,19300,18.85,1,0.72,Y,8
44,64200,RENT,1.2,DEBTCONSOLIDATION,16100,14.07,1,0.25,Y,2
44,55000,MORTGAGE,,HOMEIMPROVEMENT,16600,14.83,0,0.3,N,5
50,64900,MORTGAGE,6.2,PERSONAL,26400,,0,0.41,N,4
51,80400,OWN,2.1,MEDICAL,24700,12.94,0,0.31,N,6
36,33200,OWN,9.7,DEBTCONSOLIDATION,26300,22.31,1,0.79,Y,17
41,33200,RENT,10.0,DEBTCONSOLIDATION,24900,22.51,1,0.75,N,5
33,61000,RENT,1.1,VENTURE,18300,15.31,0,0.3,N,4
47,92100,RENT,2.9,VENTURE,13800,9.57,0,0.15,N,5
64,47200,RENT,,PERSONAL,13700,14.03,0,0.29,N,4
36,119500,MORTGAGE,2.6,EDUCATION,20800,8.55,0,0.17,N,3
32,45900,RENT,3.5,HOMEIMPROVEMENT,26800,20.79,0,0.58,N,4
38,36600,RENT,0.4,HOMEIMPROVEMENT,5900,7.56,0,0.16,N,9
41,69600,RENT,10.2,MEDICAL,24600,14.62,1,0.35,N,5
51,40100,RENT,1.7,PERSONAL,23500,17.44,1,0.59,Y,3
41,40400,MORTGAGE,0.0,MEDICAL,5900,,0,0.15,N,5
47,62500,MORTGAGE,5.8,EDUCATION,17600,9.97,0,0.28,N,9
39,90400,RENT,5.3,HOMEIMPROVEMENT,30000,11.71,0,0.33,N,4
42,64000,RENT,20.4,EDUCATION,23500,15.18,1,0.37,N,7
37,57500,MORTGAGE,6.4,EDUCATION,5100,9.59,0,0.09,N,9
35,156100,MORTGAGE,2.0,DEBTCONSOLIDATION,26900,13.74,1,0.17,N,5
51,79500,RENT,15.2,EDUCATION,7900,,0,0.1,N,2
40,45000,RENT,2.3,PERSONAL,5400,5.42,0,0.12,N,9
48,99400,RENT,,HOMEIMPROVEMENT,8900,10.6,0,0.09,N,4
37,47500,RENT,2.0,MEDICAL,13600,14.13,1,0.29,N,13
44,75500,MORTGAGE,0.2,EDUCATION,22200,16.02,0,0.29,N,8
29,72900,RENT,6.6,EDUCATION,9500,9.77,0,0.13,N,3
40,54300,MORTGAGE,2.2,HOMEIMPROVEMENT,11800,8.24,0,0.22,N,2
38,36400,OWN,2.1,VENTURE,7200,10.81,0,0.2,N,3
56,53400,MORTGAGE,6.3,VENTURE,10000,13.61,0,0.19,N,5
34,41700,RENT,1.9,EDUCATION,25700,18.96,1,0.62,N,5
42,62600,RENT,0.6,DEBTCONSOLIDATION,18200,16.71,1,0.29,N,11
47,68300,RENT,2.6,VENTURE,18000,15.46,0,0.26,N,5
54,18300,MORTGAGE,8.7,VENTURE,9200,15.54,1,0.5,Y,4
52,65200,RENT,0.7,VENTURE,7300,9.13,0,0.11,N,9
43,250000,RENT,4.0,PERSONAL,25000,7.5,0,0.1,N,13
44,45500,RENT,0.7,EDUCATION,27900,19.13,1,0.61,Y,2
56,93300,RENT,0.3,HOMEIMPROVEMENT,4800,5.52,0,0.05,N,21
43,81500,MORTGAGE,2.4,EDUCATION,14600,10.12,0,0.18,N,17
45,22000,MORTGAGE,5.4,EDUCATION,12700,18.51,1,0.58,N,12
56,71200,OTHER,1.6,EDUCATION,19800,,0,0.28,N,6
70,34100,MORTGAGE,3.0,EDUCATION,10200,13.15,0,0.3,N,13
46,48600,RENT,3.4,MEDICAL,16700,11.98,0,0.34,N,2
49,24300,RENT,9.2,EDUCATION,5700,8.81,0,0.23,N,2
52,69100,RENT,8.5,EDUCATION,22500,,0,0.33,N,6
56,44900,RENT,0.0,HOMEIMPROVEMENT,9100,12.55,1,0.2,N,5
54,113500,MORTGAGE,2.7,HOMEIMPROVEMENT,10400,8.47,0,0.09,Y,8
39,25600,OWN,5.3,MEDICAL,11600,14.37,0,0.45,N,6
47,89300,MORTGAGE,9.6,MEDICAL,8500,7.94,0,0.1,N,14
54,68300,MORTGAGE,0.3,MEDICAL,22000,14.26,0,0.32,N,2
59,33800,RENT,4.9,DEBTCONSOLIDATION,5300,11.64,1,0.16,N,4
42,23200,RENT,,EDUCATION,27300,19.7,1,1.18,Y,9
46,46200,OWN,1.5,VENTURE,27200,19.93,0,0.59,N,5
47,61700,MORTGAGE,1.1,EDUCATION,22600,14.35,0,0.37,N,11
44,30100,RENT,3.2,PERSONAL,28500,21.8,1,0.95,Y,9
46,32100,RENT,16.4,PERSONAL,20500,21.37,1,0.64,Y,12
29,93400,RENT,5.9,MEDICAL,15300,10.69,0,0.16,N,11
70,35200,MORTGAGE,2.8,EDUCATION,19300,19.73,1,0.55,Y,15
42,74500,RENT,0.1,PERSONAL,2000,8.92,0,0.03,N,4
43,105900,MORTGAGE,4.1,EDUCATION,18300,13.81,0,0.17,N,3
32,34800,MORTGAGE,2.1,MEDICAL,4400,10.81,0,0.13,N,14
31,27200,MORTGAGE,1.0,MEDICAL,25000,15.52,1,0.92,N,13
48,87500,RENT,3.5,VENTURE,25400,15.23,0,0.29,N,6
54,46000,RENT,2.1,VENTURE,6600,11.59,0,0.14,N,7
52,42600,MORTGAGE,0.2,MEDICAL,18200,15.53,0,0.43,N,2
37,118900,RENT,6.5,MEDICAL,17900,7.99,0,0.15,N,6
51,46800,RENT,6.6,MEDICAL,13900,13.37,1,0.3,N,8
42,63100,OTHER,4.8,VENTURE,3600,12.55,0,0.06,N,4
40,22300,MORTGAGE,,DEBTCONSOLIDATION,6600,14.65,0,0.3,N,7
33,51900,MORTGAGE,1.1,EDUCATION,17600,13.16,0,0.34,N,4
38,33400,MORTGAGE,1.7,VENTURE,14600,13.95,0,0.44,Y,13
48,41000,RENT,3.1,EDUCATION,4500,8.44,0,0.11,N,3
46,39700,OWN,0.3,PERSONAL,14300,14.4,0,0.36,N,8
45,110800,OTHER,10.8,PERSONAL,23500,12.47,0,0.21,N,10
29,37600,MORTGAGE,3.4,PERSONAL,25200,17.61,1,0.67,Y,11
45,40400,MORTGAGE,2.0,VENTURE,18600,15.69,1,0.46,N,7
39,126000,MORTGAGE,3.3,EDUCATION,17700,9.52,0,0.14,N,5
47,44500,MORTGAGE,2.0,VENTURE,20700,15.52,1,0.47,N,6
56,38500,RENT,1.7,EDUCATION,7000,11.95,1,0.18,Y,4
40,99200,MORTGAGE,3.0,MEDICAL,8200,,0,0.08,N,11
44,54700,RENT,3.3,DEBTCONSOLIDATION,13700,12.03,0,0.25,Y,6
66,56900,RENT,2.8,MEDICAL,13000,11.55,0,0.23,N,10
46,63900,RENT,4.0,VENTURE,8100,12.43,0,0.13,N,3
43,113200,RENT,7.6,MEDICAL,18100,11.14,0,0.16,N,5
37,30700,MORTGAGE,0.3,EDUCATION,19900,16.64,1,0.65,N,4
51,101700,RENT,8.3,VENTURE,9600,11.13,0,0.09,N,6
36,23800,MORTGAGE,,EDUCATION,10400,15.73,1,0.44,N,2
57,34600,RENT,1.5,DEBTCONSOLIDATION,9400,13.73,1,0.27,N,8
50,33100,RENT,4.6,PERSONAL,9700,13.1,0,0.29,Y,6
39,50100,MORTGAGE,,HOMEIMPROVEMENT,11300,,0,0.23,N,11
37,35900,RENT,0.1,HOMEIMPROVEMENT,12800,14.74,0,0.36,N,2
37,109000,MORTGAGE,5.6,PERSONAL,13600,11.44,0,0.12,N,15
31,72100,MORTGAGE,6.0,PERSONAL,13700,11.62,0,0.19,N,4
48,53700,RENT,,VENTURE,16600,18.51,0,0.31,N,7
29,33400,RENT,0.0,EDUCATION,10900,14.42,1,0.33,N,4
43,117100,RENT,4.7,DEBTCONSOLIDATION,14000,10.72,0,0.12,Y,4
42,57200,MORTGAGE,0.6,MEDICAL,14100,10.52,1,0.25,N,5
41,47200,MORTGAGE,0.4,PERSONAL,6100,11.39,0,0.13,N,10
48,50300,MORTGAGE,6.0,PERSONAL,16900,13.24,0,0.34,N,8
39,48000,RENT,6.0,VENTURE,9700,12.6,0,0.2,N,11
45,86300,RENT,11.0,PERSONAL,4600,8.27,0,0.05,N,6
57,100900,RENT,,MEDICAL,17300,10.32,0,0.17,N,5
49,32600,RENT,2.4,PERSONAL,4600,7.01,0,0.14,N,2
40,37800,RENT,0.1,HOMEIMPROVEMENT,12800,14.58,0,0.34,Y,4
44,38900,RENT,2.3,VENTURE,16700,16.62,1,0.43,Y,2
41,64600,MORTGAGE,3.4,EDUCATION,33900,14.89,1,0.52,N,11
42,93800,OWN,3.8,VENTURE,14300,13.08,0,0.15,N,5
45,25500,RENT,2.2,MEDICAL,10400,11.91,1,0.41,N,10
33,30500,MORTGAGE,6.5,MEDICAL,13800,16.4,1,0.45,Y,4
32,44800,MORTGAGE,2.7,EDUCATION,8300,11.86,0,0.19,Y,7
36,72700,MORTGAGE,3.6,PERSONAL,12700,10.7,0,0.17,N,5
48,32300,RENT,8.0,PERSONAL,24400,23.22,1,0.76,Y,10
50,43800,OWN,1.0,PERSONAL,7100,15.5,0,0.16,N,4
51,36400,OWN,1.9,HOMEIMPROVEMENT,14600,,0,0.4,N,10
37,82200,OWN,3.7,EDUCATION,16700,9.77,0,0.2,N,3
44,51000,MORTGAGE,7.3,DEBTCONSOLIDATION,10400,13.16,0,0.2,N,2
40,36300,RENT,2.8,PERSONAL,19700,15.85,1,0.54,N,4
42,28400,RENT,0.4,PERSONAL,17800,19.97,0,0.63,N,17
40,43600,OWN,22.0,PERSONAL,13200,17.87,0,0.3,N,4
46,46900,RENT,6.2,VENTURE,17200,15.49,0,0.37,N,10
38,86300,RENT,6.4,MEDICAL,23100,13.36,0,0.27,N,7
55,94800,RENT,3.1,HOMEIMPROVEMENT,16200,8.18,0,0.17,N,9
55,28300,MORTGAGE,4.0,EDUCATION,15500,16.03,0,0.55,N,13
48,93100,MORTGAGE,,EDUCATION,16700,7.12,0,0.18,Y,9
54,80200,OWN,4.5,EDUCATION,18100,11.16,0,0.23,N,7
33,40500,MORTGAGE,1.2,PERSONAL,12000,15.19,0,0.3,N,12
56,82200,RENT,16.7,DEBTCONSOLIDATION,23000,12.1,0,0.28,Y,2
47,35000,MORTGAGE,3.9,EDUCATION,26800,20.22,1,0.77,Y,8
38,67700,RENT,0.1,EDUCATION,16700,11.65,0,0.25,N,8
38,205600,RENT,4.3,MEDICAL,25000,10.05,0,0.12,N,9
60,61500,MORTGAGE,0.4,DEBTCONSOLIDATION,20000,18.77,0,0.33,Y,9
52,44900,MORTGAGE,3.7,EDUCATION,12400,14.65,0,0.28,N,5
42,26300,RENT,8.7,EDUCATION,13900,16.68,1,0.53,Y,2
33,56700,RENT,3.9,EDUCATION,15500,11.69,0,0.27,N,6
57,93800,MORTGAGE,2.3,HOMEIMPROVEMENT,27700,11.58,0,0.3,N,6
35,36700,RENT,10.7,EDUCATION,17400,,1,0.47,Y,3
40,72900,RENT,13.1,DEBTCONSOLIDATION,14200,13.79,0,0.19,N,7
42,46900,MORTGAGE,2.1,VENTURE,6800,12.83,0,0.14,N,8
38,43500,RENT,3.5,MEDICAL,17800,13.8,1,0.41,Y,16
42,70900,MORTGAGE,20.3,MEDICAL,15200,11.63,0,0.21,N,4
43,19100,MORTGAGE,1.0,MEDICAL,27700,19.21,0,1.45,Y,11
42,48800,MORTGAGE,1.8,MEDICAL,10900,9.25,0,0.22,N,6
46,93200,MORTGAGE,2.8,DEBTCONSOLIDATION,21600,11.11,0,0.23,N,3
61,48900,MORTGAGE,0.5,VENTURE,9800,9.71,0,0.2,N,11
33,54400,RENT,1.6,HOMEIMPROVEMENT,7800,9.92,0,0.14,N,4
45,50400,OWN,3.9,VENTURE,2800,7.02,0,0.06,N,6
35,155100,RENT,1.3,DEBTCONSOLIDATION,25400,15.2,0,0.16,N,6
33,66900,RENT,5.8,PERSONAL,12800,13.83,0,0.19,N,3
53,26900,RENT,2.1,MEDICAL,9800,12.58,0,0.36,N,4
46,33600,OWN,0.5,PERSONAL,12000,11.64,0,0.36,N,14
32,57000,RENT,7.2,EDUCATION,19000,13.78,0,0.33,N,7
42,108200,RENT,4.2,EDUCATION,11800,,0,0.11,N,8
30,77900,RENT,8.7,VENTURE,8800,10.0,0,0.11,N,4
36,93500,RENT,2.2,PERSONAL,5900,9.95,0,0.06,N,9
29,29100,MORTGAGE,0.1,PERSONAL,16700,16.22,1,0.57,Y,7
42,76600,RENT,0.2,VENTURE,30100,15.71,0,0.39,N,5
50,36100,MORTGAGE,7.9,EDUCATION,17000,14.41,1,0.47,Y,6
49,50700,MORTGAGE,2.6,MEDICAL,28100,15.7,1,0.55,N,6
40,86500,MORTGAGE,18.7,VENTURE,24600,14.63,0,0.28,N,4
53,39600,MORTGAGE,8.9,EDUCATION,7500,11.1,0,0.19,N,5
58,24500,RENT,0.1,PERSONAL,24700,21.95,1,1.01,Y,2
50,44200,RENT,10.2,EDUCATION,1500,5.78,0,0.03,N,11
39,57900,MORTGAGE,1.2,EDUCATION,14200,9.58,1,0.25,N,6
42,78900,MORTGAGE,3.3,MEDICAL,14500,13.01,0,0.18,N,9
61,33200,RENT,3.5,MEDICAL,19500,17.01,1,0.59,Y,7
41,39900,MORTGAGE,0.3,DEBTCONSOLIDATION,20300,18.37,0,0.51,N,5
49,61000,RENT,0.7,VENTURE,8900,11.77,0,0.15,N,6
38,73100,RENT,2.7,EDUCATION,24800,12.91,0,0.34,N,2
53,60600,RENT,5.1,DEBTCONSOLIDATION,8000,10.82,0,0.13,N,7
37,50000,RENT,1.5,MEDICAL,29200,18.17,1,0.58,N,8
43,36100,RENT,3.7,VENTURE,31400,18.73,1,0.87,Y,2
49,88200,RENT,2.4,VENTURE,18600,11.89,0,0.21,N,3
64,105600,RENT,5.0,HOMEIMPROVEMENT,17400,12.05,0,0.16,N,5
46,39300,MORTGAGE,2.8,MEDICAL,30700,18.87,1,0.78,Y,11
41,41700,RENT,9.5,EDUCATION,9100,9.37,1,0.22,N,14
41,78900,RENT,20.6,MEDICAL,17200,12.6,0,0.22,Y,3
53,59400,OTHER,12.2,VENTURE,12100,13.3,0,0.2,N,5
48,74600,MORTGAGE,0.9,EDUCATION,7800,8.49,0,0.1,N,6
50,62900,MORTGAGE,3.1,MEDICAL,6900,5.42,0,0.11,N,2
59,66800,MORTGAGE,3.1,PERSONAL,18700,12.92,0,0.28,N,9
44,43300,MORTGAGE,9.2,EDUCATION,8900,15.42,0,0.21,N,8
47,18100,RENT,2.2,HOMEIMPROVEMENT,16200,20.61,1,0.9,Y,5
41,60300,RENT,4.0,VENTURE,9000,9.88,0,0.15,N,5
37,79200,MORTGAGE,4.7,VENTURE,13000,7.89,1,0.16,N,19
39,63400,MORTGAGE,0.6,MEDICAL,19900,11.69,0,0.31,N,3
28,35900,RENT,4.1,MEDICAL,14600,16.03,0,0.41,Y,8
49,39400,RENT,1.4,VENTURE,24300,19.0,1,0.62,N,4
47,209300,RENT,1.2,VENTURE,14500,11.67,0,0.07,N,2
48,65700,MORTGAGE,1.4,EDUCATION,8300,7.93,0,0.13,N,5
37,14900,RENT,0.5,DEBTCONSOLIDATION,25500,18.82,1,1.71,Y,6
39,39500,MORTGAGE,0.4,DEBTCONSOLIDATION,12300,13.1,0,0.31,N,3
38,48100,OWN,5.2,VENTURE,24200,18.65,0,0.5,N,4
55,27400,MORTGAGE,14.1,MEDICAL,9000,13.23,0,0.33,N,4
45,50400,OWN,5.8,VENTURE,17100,13.65,0,0.34,N,3
44,41300,RENT,1.9,EDUCATION,7700,12.35,0,0.19,Y,11
51,60300,MORTGAGE,2.0,EDUCATION,5700,11.39,0,0.09,N,9
38,46300,MORTGAGE,3.9,MEDICAL,34000,16.3,1,0.73,Y,2
47,36900,RENT,10.1,EDUCATION,2700,10.62,0,0.07,N,18
66,45000,RENT,1.1,EDUCATION,16000,13.62,0,0.36,N,6
57,86300,RENT,3.2,EDUCATION,2900,10.4,0,0.03,N,3
47,56100,MORTGAGE,,DEBTCONSOLIDATION,15100,14.13,0,0.27,Y,2
44,48100,MORTGAGE,13.4,EDUCATION,6200,11.36,0,0.13,N,9
48,65700,MORTGAGE,3.8,MEDICAL,21300,11.25,0,0.32,N,7
58,54100,MORTGAGE,7.6,VENTURE,10000,10.11,0,0.18,N,3
57,29500,RENT,0.5,VENTURE,10900,14.8,0,0.37,N,6
61,79000,MORTGAGE,2.0,EDUCATION,9300,6.88,0,0.12,N,5
46,38400,MORTGAGE,4.7,DEBTCONSOLIDATION,6600,10.01,0,0.17,N,6
29,44900,RENT,5.7,EDUCATION,14000,14.98,0,0.31,N,11
64,23600,OWN,10.8,HOMEIMPROVEMENT,12900,14.74,0,0.55,N,16
37,85100,MORTGAGE,4.5,MEDICAL,14800,8.9,0,0.17,N,3
30,58000,MORTGAGE,1.7,EDUCATION,16800,12.32,0,0.29,N,2
51,63400,MORTGAGE,3.9,HOMEIMPROVEMENT,5900,,0,0.09,N,6
29,84800,OWN,6.2,VENTURE,12200,8.36,0,0.14,N,8
44,85200,RENT,7.7,DEBTCONSOLIDATION,16000,11.43,0,0.19,N,12
29,36800,MORTGAGE,11.0,PERSONAL,10500,12.76,0,0.29,N,7
41,54500,RENT,1.1,EDUCATION,8200,11.1,0,0.15,N,3
61,51700,RENT,5.4,DEBTCONSOLIDATION,16300,12.91,0,0.32,N,2
47,49100,RENT,1.1,EDUCATION,19200,12.08,0,0.39,N,2
44,34800,RENT,1.9,VENTURE,20200,16.78,0,0.58,N,9
48,118600,MORTGAGE,0.8,MEDICAL,10600,8.89,0,0.09,N,2
26,94600,RENT,7.4,MEDICAL,6200,7.85,0,0.07,N,3
38,69100,MORTGAGE,12.3,PERSONAL,26400,14.14,0,0.38,N,9
39,114300,OWN,0.2,PERSONAL,18400,9.97,0,0.16,N,12
50,70300,MORTGAGE,8.4,VENTURE,28200,15.14,0,0.4,N,4
36,45900,RENT,1.4,EDUCATION,7300,9.93,0,0.16,N,3
45,43000,RENT,3.3,EDUCATION,17600,15.53,1,0.41,Y,6
43,67000,RENT,6.9,PERSONAL,8300,11.53,0,0.12,N,5
39,25400,RENT,3.5,HOMEIMPROVEMENT,24100,19.45,1,0.95,Y,3
39,87300,RENT,1.3,DEBTCONSOLIDATION,14400,12.76,0,0.16,N,4
43,22100,MORTGAGE,11.8,EDUCATION,14700,17.21,1,0.67,N,6
30,99300,RENT,4.5,EDUCATION,27200,14.89,0,0.27,N,6
51,71200,RENT,13.4,VENTURE,10200,11.95,0,0.14,N,7
37,158400,RENT,9.4,PERSONAL,16600,12.07,1,0.1,N,3
41,59800,MORTGAGE,10.5,VENTURE,7300,10.21,0,0.12,N,3
60,77700,MORTGAGE,2.2,DEBTCONSOLIDATION,11300,11.26,0,0.15,N,17
51,79500,OTHER,21.8,EDUCATION,8300,6.9,0,0.1,N,2
35,33300,MORTGAGE,9.6,EDUCATION,8400,13.51,0,0.25,N,14
26,30100,RENT,2.1,DEBTCONSOLIDATION,17700,17.16,1,0.59,N,5
48,32400,MORTGAGE,11.3,PERSONAL,9900,,0,0.31,N,8
42,53200,MORTGAGE,7.0,PERSONAL,9300,12.48,0,0.17,Y,4
45,54000,MORTGAGE,6.5,MEDICAL,22000,14.45,1,0.41,N,4
51,55200,MORTGAGE,0.0,PERSONAL,13400,11.59,0,0.24,N,3
53,71100,RENT,0.1,PERSONAL,11600,,0,0.16,N,3
40,36000,OTHER,5.9,VENTURE,22200,15.28,0,0.62,N,7
43,85900,RENT,1.6,PERSONAL,13700,10.05,0,0.16,N,15
47,68700,RENT,0.3,VENTURE,22200,12.3,1,0.32,Y,3
48,129200,RENT,1.7,HOMEIMPROVEMENT,10500,9.9,0,0.08,N,12
45,68700,MORTGAGE,,VENTURE,29200,18.51,0,0.43,N,2
59,52100,RENT,3.2,EDUCATION,26800,14.62,1,0.51,N,8
48,176500,RENT,4.8,EDUCATION,22500,10.9,0,0.13,N,8
51,51700,MORTGAGE,8.1,HOMEIMPROVEMENT,8600,11.17,1,0.17,Y,2
46,63500,MORTGAGE,2.0,VENTURE,19500,,0,0.31,N,4
36,68800,MORTGAGE,0.1,EDUCATION,22300,,0,0.32,Y,8
38,90400,RENT,2.0,EDUCATION,11300,11.69,0,0.12,Y,11
34,56800,MORTGAGE,15.7,EDUCATION,7200,11.15,0,0.13,N,3
54,248200,MORTGAGE,3.3,EDUCATION,9600,,0,0.04,N,6
32,39500,MORTGAGE,4.2,HOMEIMPROVEMENT,15900,14.38,0,0.4,N,6
42,122900,MORTGAGE,7.1,MEDICAL,9300,10.24,0,0.08,N,14
40,24200,RENT,0.6,MEDICAL,17700,20.14,1,0.73,N,2
40,31500,MORTGAGE,6.6,PERSONAL,11800,13.47,1,0.37,N,14
41,23000,RENT,1.8,PERSONAL,8800,10.93,0,0.38,N,10
61,32600,RENT,2.5,HOMEIMPROVEMENT,16500,13.33,0,0.51,Y,7
30,22000,RENT,1.6,PERSONAL,5500,14.1,0,0.25,N,11
57,57500,MORTGAGE,0.8,EDUCATION,16800,11.36,0,0.29,N,4
42,33200,RENT,2.2,HOMEIMPROVEMENT,30200,17.21,1,0.91,Y,8
52,124600,MORTGAGE,0.5,PERSONAL,19000,10.04,0,0.15,N,9
44,71400,RENT,9.3,MEDICAL,10600,,0,0.15,N,8
35,56200,OWN,,MEDICAL,25700,14.45,1,0.46,Y,5
58,62700,MORTGAGE,5.3,HOMEIMPROVEMENT,14600,7.88,0,0.23,N,6
56,77300,MORTGAGE,1.8,EDUCATION,14600,10.27,0,0.19,N,10
35,104400,MORTGAGE,,EDUCATION,11600,7.49,0,0.11,N,12
49,41200,RENT,6.3,MEDICAL,4800,,1,0.12,N,11
39,37200,OWN,4.9,PERSONAL,9600,13.6,0,0.26,N,7
32,68100,MORTGAGE,1.2,MEDICAL,22300,11.0,0,0.33,N,6
37,128400,MORTGAGE,4.7,MEDICAL,9400,9.94,0,0.07,N,6
57,25600,MORTGAGE,0.0,MEDICAL,12200,17.08,0,0.48,N,12
52,67500,MORTGAGE,1.0,EDUCATION,17000,11.89,0,0.25,N,6
41,110200,RENT,6.5,VENTURE,9800,12.37,0,0.09,N,3
57,76000,RENT,2.6,MEDICAL,22100,14.46,0,0.29,N,20
55,65000,MORTGAGE,1.1,MEDICAL,25500,11.72,0,0.39,N,6
37,72900,RENT,3.5,EDUCATION,5100,8.88,0,0.07,Y,8
61,146100,MORTGAGE,3.1,VENTURE,15600,10.25,0,0.11,N,3
40,83900,RENT,5.0,PERSONAL,11000,12.03,0,0.13,N,5
41,23100,RENT,0.4,HOMEIMPROVEMENT,15200,15.71,1,0.66,Y,2
30,51700,MORTGAGE,8.6,EDUCATION,15000,12.8,0,0.29,N,11
38,56800,MORTGAGE,0.3,DEBTCONSOLIDATION,2600,10.15,0,0.05,N,2
42,95200,RENT,3.0,MEDICAL,17400,12.79,0,0.18,N,4
46,56700,RENT,6.2,DEBTCONSOLIDATION,8700,12.07,0,0.15,N,7
35,54700,RENT,2.1,DEBTCONSOLIDATION,15300,14.73,0,0.28,N,7
38,55500,OTHER,12.0,HOMEIMPROVEMENT,25400,18.74,1,0.46,N,9
61,61800,RENT,7.0,MEDICAL,8200,9.26,0,0.13,N,6
54,51500,RENT,2.8,MEDICAL,9600,11.03,0,0.19,N,12
56,43000,OTHER,,MEDICAL,5200,,0,0.12,N,7
43,49900,MORTGAGE,0.2,VENTURE,13800,11.72,0,0.28,N,3
47,64100,MORTGAGE,8.1,PERSONAL,24300,11.7,0,0.38,N,7
49,76200,RENT,1.1,PERSONAL,14900,11.67,1,0.2,Y,5
61,244000,RENT,1.6,EDUCATION,11100,8.55,0,0.05,N,3
32,26100,RENT,0.1,VENTURE,25900,23.22,1,0.99,Y,13
39,74800,MORTGAGE,0.1,EDUCATION,14700,10.66,0,0.2,N,3
46,122000,RENT,1.3,PERSONAL,30200,12.78,1,0.25,Y,4
44,35400,RENT,10.3,HOMEIMPROVEMENT,20100,,1,0.57,Y,2
37,78900,RENT,7.6,PERSONAL,26100,12.5,1,0.33,Y,17
48,44300,MORTGAGE,7.3,PERSONAL,17400,17.4,0,0.39,N,5
40,40800,MORTGAGE,8.8,EDUCATION,31900,16.94,1,0.78,Y,6
44,36200,MORTGAGE,1.0,EDUCATION,14500,15.83,0,0.4,N,5
48,51500,RENT,19.3,MEDICAL,17200,15.76,0,0.33,N,3
40,50500,MORTGAGE,1.3,HOMEIMPROVEMENT,7000,,1,0.14,N,9
51,82000,MORTGAGE,0.8,MEDICAL,27500,11.68,0,0.34,N,26
53,24500,RENT,1.7,DEBTCONSOLIDATION,10800,18.96,1,0.44,Y,4
38,86500,OWN,3.8,EDUCATION,17800,13.05,0,0.21,N,9
39,85400,RENT,0.7,PERSONAL,11200,9.79,1,0.13,Y,3
36,64200,MORTGAGE,6.7,PERSONAL,24900,15.44,1,0.39,N,2
43,190700,MORTGAGE,2.3,VENTURE,6500,8.29,0,0.03,N,5
46,106800,RENT,4.2,PERSONAL,25700,10.69,0,0.24,N,15
63,41100,RENT,6.6,PERSONAL,16800,14.9,1,0.41,Y,4
41,28200,OWN,11.6,VENTURE,28800,20.17,1,1.02,N,7
46,37100,RENT,8.6,DEBTCONSOLIDATION,14100,,0,0.38,N,6
39,39400,MORTGAGE,3.9,MEDICAL,13800,12.65,0,0.35,N,4
39,19800,MORTGAGE,21.0,MEDICAL,11200,15.56,1,0.57,Y,2
47,71100,RENT,3.8,VENTURE,10600,12.71,0,0.15,N,16
40,26300,RENT,3.8,EDUCATION,6800,13.02,0,0.26,N,5
43,61600,RENT,,VENTURE,10600,,0,0.17,N,4
47,90700,RENT,0.8,MEDICAL,16400,5.56,0,0.18,N,6
46,117000,MORTGAGE,0.9,MEDICAL,5800,6.26,0,0.05,N,2
28,47200,MORTGAGE,4.5,VENTURE,8100,12.15,0,0.17,N,9
39,36500,RENT,2.7,MEDICAL,23900,21.46,1,0.65,Y,4
54,113000,RENT,2.4,DEBTCONSOLIDATION,6000,10.61,0,0.05,N,8
32,124100,RENT,0.7,MEDICAL,9100,9.97,0,0.07,N,3
25,78900,RENT,2.4,MEDICAL,2000,9.4,0,0.03,N,2
49,37000,MORTGAGE,2.4,HOMEIMPROVEMENT,19200,17.68,0,0.52,N,7
46,26300,RENT,4.8,MEDICAL,23500,19.1,1,0.89,Y,11
35,100100,MORTGAGE,2.5,EDUCATION,24700,10.25,0,0.25,N,4
44,52400,RENT,2.7,DEBTCONSOLIDATION,25600,19.39,1,0.49,Y,6
38,107100,MORTGAGE,1.6,DEBTCONSOLIDATION,12000,,0,0.11,N,6
48,37600,RENT,0.7,EDUCATION,15300,15.62,1,0.41,N,8
26,99700,MORTGAGE,1.8,DEBTCONSOLIDATION,18100,12.69,0,0.18,N,5
41,117500,MORTGAGE,0.2,VENTURE,26300,11.26,0,0.22,N,11
39,47400,RENT,1.1,EDUCATION,21600,,1,0.46,N,13
51,64200,MORTGAGE,2.0,VENTURE,13700,9.07,0,0.21,N,8
30,28600,MORTGAGE,0.8,DEBTCONSOLIDATION,14200,,0,0.5,N,4
44,29000,RENT,5.5,MEDICAL,10800,16.21,0,0.37,N,2
49,64500,RENT,1.6,VENTURE,2800,9.19,0,0.04,N,8
64,40300,RENT,4.8,EDUCATION,7300,10.57,0,0.18,N,6
39,61800,RENT,5.2,DEBTCONSOLIDATION,10700,10.74,0,0.17,N,3
46,59300,MORTGAGE,3.0,EDUCATION,16300,15.54,1,0.27,N,11
31,77600,RENT,3.0,EDUCATION,19100,13.94,0,0.25,N,3
43,72500,OWN,4.4,HOMEIMPROVEMENT,25200,17.41,0,0.35,N,2
55,89900,MORTGAGE,1.5,DEBTCONSOLIDATION,15200,11.68,0,0.17,N,9
64,61400,RENT,0.1,VENTURE,11900,9.79,0,0.19,N,3
47,64200,RENT,5.2,EDUCATION,18500,8.16,0,0.29,N,7
32,54100,MORTGAGE,4.7,VENTURE,11800,14.69,1,0.22,N,9
57,96500,RENT,3.2,HOMEIMPROVEMENT,6400,9.28,0,0.07,N,8
32,149100,MORTGAGE,10.4,VENTURE,2100,9.38,0,0.01,N,3
34,81800,RENT,3.6,EDUCATION,18900,10.02,0,0.23,N,10
59,71200,MORTGAGE,1.8,DEBTCONSOLIDATION,25600,16.87,0,0.36,N,4
43,48100,RENT,,DEBTCONSOLIDATION,18100,15.81,0,0.38,N,3
39,61900,MORTGAGE,16.4,VENTURE,3700,9.74,0,0.06,N,2
50,43600,RENT,6.7,DEBTCONSOLIDATION,8700,,0,0.2,N,5
45,38600,RENT,12.0,EDUCATION,28100,21.51,1,0.73,Y,6
68,48600,RENT,0.6,VENTURE,19000,15.11,1,0.39,N,2
54,145000,RENT,0.6,EDUCATION,19800,9.62,0,0.14,N,9
45,51700,RENT,0.8,DEBTCONSOLIDATION,21900,16.71,1,0.42,Y,8
46,132300,RENT,6.1,HOMEIMPROVEMENT,26200,12.35,0,0.2,N,6
54,31700,RENT,2.5,HOMEIMPROVEMENT,12700,14.56,0,0.4,N,11
43,58500,MORTGAGE,3.2,VENTURE,12600,13.14,0,0.22,Y,6
36,80500,MORTGAGE,,VENTURE,3500,,0,0.04,N,10
51,82800,OWN,6.7,DEBTCONSOLIDATION,27500,14.69,0,0.33,N,8
41,29900,RENT,9.3,PERSONAL,7000,11.99,0,0.23,Y,7
46,27800,RENT,0.9,EDUCATION,13000,,0,0.47,N,10
30,76200,MORTGAGE,1.1,EDUCATION,16200,13.66,1,0.21,N,6
42,40000,RENT,2.1,HOMEIMPROVEMENT,32600,18.34,1,0.82,Y,7
39,76800,MORTGAGE,1.6,MEDICAL,12000,11.79,0,0.16,N,10
29,119300,OWN,3.8,EDUCATION,17900,10.03,0,0.15,N,5
43,37800,RENT,7.0,PERSONAL,28500,20.29,1,0.75,N,7
43,40700,RENT,7.9,DEBTCONSOLIDATION,15500,17.86,1,0.38,N,8
47,17800,MORTGAGE,1.2,EDUCATION,14700,20.43,1,0.83,Y,6
55,84200,MORTGAGE,1.0,MEDICAL,15600,9.13,0,0.19,N,9
53,174900,MORTGAGE,2.3,DEBTCONSOLIDATION,22300,12.26,0,0.13,N,4
40,27300,RENT,0.8,EDUCATION,4400,11.63,0,0.16,N,7
45,107400,OTHER,0.5,DEBTCONSOLIDATION,20400,12.49,0,0.19,N,7
48,112900,RENT,1.4,EDUCATION,7800,8.49,0,0.07,N,7
40,83400,RENT,2.5,EDUCATION,20700,13.7,0,0.25,N,19
32,38800,OTHER,4.4,DEBTCONSOLIDATION,21700,17.74,0,0.56,N,5
42,47400,MORTGAGE,6.4,MEDICAL,16800,12.91,1,0.35,N,9
56,73400,RENT,1.3,EDUCATION,12700,,0,0.17,N,8
32,72200,RENT,8.5,DEBTCONSOLIDATION,19600,15.11,0,0.27,N,5
36,47200,MORTGAGE,0.2,VENTURE,3300,9.24,0,0.07,N,3
37,69800,RENT,2.9,MEDICAL,17400,14.48,0,0.25,N,4
36,44400,RENT,5.0,PERSONAL,8900,5.42,1,0.2,N,10
50,50900,OWN,1.7,DEBTCONSOLIDATION,17700,14.33,0,0.35,N,12
38,48500,MORTGAGE,5.8,DEBTCONSOLIDATION,7100,,0,0.15,N,4
51,98900,MORTGAGE,10.1,EDUCATION,8000,8.92,0,0.08,N,2
44,24700,MORTGAGE,0.5,VENTURE,13000,18.22,1,0.53,N,2
31,77500,MORTGAGE,3.6,PERSONAL,14600,13.82,0,0.19,N,2
40,66000,OWN,0.1,EDUCATION,12300,7.85,0,0.19,N,3
53,15600,RENT,1.6,VENTURE,16500,,1,1.06,Y,5
45,87500,MORTGAGE,0.7,EDUCATION,4800,10.02,0,0.05,N,2
41,93700,MORTGAGE,4.9,MEDICAL,8300,10.37,0,0.09,N,5
56,43400,OWN,1.4,EDUCATION,2000,6.94,0,0.05,N,15
35,70700,MORTGAGE,1.7,VENTURE,15400,,1,0.22,N,5
39,62800,MORTGAGE,1.2,EDUCATION,18500,12.89,1,0.29,N,2
52,184900,RENT,1.4,PERSONAL,13600,8.34,0,0.07,N,8
50,71400,RENT,1.3,EDUCATION,13200,12.53,0,0.18,N,13
35,57400,RENT,6.0,PERSONAL,12500,14.77,0,0.22,N,4
48,98900,RENT,15.6,EDUCATION,10800,8.58,0,0.11,N,9
38,131200,RENT,3.4,VENTURE,15900,10.89,0,0.12,N,7
29,169300,RENT,4.6,PERSONAL,2300,6.14,0,0.01,N,7
41,39000,OTHER,8.5,EDUCATION,16100,14.66,1,0.41,N,5
65,68600,RENT,3.2,PERSONAL,13800,10.02,0,0.2,N,4
54,38500,RENT,1.8,HOMEIMPROVEMENT,16800,17.98,0,0.44,N,7
43,194200,MORTGAGE,15.1,MEDICAL,23700,12.23,0,0.12,N,8
32,55600,RENT,11.8,EDUCATION,22700,13.56,0,0.41,N,10
29,91700,RENT,1.2,VENTURE,21900,,0,0.24,N,11
44,49500,RENT,6.1,DEBTCONSOLIDATION,12200,12.27,0,0.25,Y,3
47,71300,RENT,5.2,PERSONAL,11800,10.98,0,0.17,Y,6
50,20100,OWN,5.2,PERSONAL,8500,16.32,0,0.42,Y,2
49,96000,MORTGAGE,8.9,DEBTCONSOLIDATION,3900,8.8,0,0.04,N,6
50,110900,MORTGAGE,5.6,DEBTCONSOLIDATION,14100,10.45,0,0.13,N,3
46,39100,MORTGAGE,3.6,EDUCATION,30300,21.74,1,0.77,N,4
56,20000,RENT,9.4,VENTURE,20200,19.89,1,1.01,Y,9
39,122500,MORTGAGE,1.5,DEBTCONSOLIDATION,15000,9.45,0,0.12,N,6
44,114200,MORTGAGE,5.7,PERSONAL,10100,9.86,0,0.09,N,7
31,83700,OWN,6.0,MEDICAL,6800,7.52,0,0.08,N,5
39,48900,RENT,10.2,DEBTCONSOLIDATION,9500,,0,0.19,Y,2
53,46400,RENT,31.9,MEDICAL,14700,13.09,0,0.32,N,7
50,112800,RENT,4.1,MEDICAL,16800,9.35,0,0.15,Y,4
28,45400,RENT,3.3,EDUCATION,11300,13.87,0,0.25,N,6
66,59100,MORTGAGE,4.6,DEBTCONSOLIDATION,6300,12.51,0,0.11,N,13
45,54000,RENT,5.4,EDUCATION,9500,11.46,0,0.18,N,15
45,64900,RENT,6.2,HOMEIMPROVEMENT,9400,9.29,0,0.14,N,12
38,51100,MORTGAGE,1.7,MEDICAL,14700,11.74,0,0.29,Y,5
40,54500,RENT,3.3,PERSONAL,6300,10.68,0,0.12,N,5
45,145100,RENT,2.3,EDUCATION,9900,8.81,0,0.07,Y,10
49,72300,OWN,0.2,VENTURE,10900,13.23,0,0.15,N,10
46,66900,MORTGAGE,4.7,EDUCATION,14600,11.71,0,0.22,Y,2
39,85100,MORTGAGE,10.4,DEBTCONSOLIDATION,10100,11.45,0,0.12,N,7
36,29300,MORTGAGE,12.7,VENTURE,7400,12.77,0,0.25,N,2
36,94800,RENT,3.6,PERSONAL,3600,8.58,0,0.04,N,5
54,64000,RENT,7.3,DEBTCONSOLIDATION,7900,11.25,0,0.12,N,3
53,38600,RENT,6.2,EDUCATION,22600,18.51,1,0.59,N,9
48,51400,RENT,1.3,VENTURE,11000,11.33,0,0.21,N,5
54,72600,MORTGAGE,0.3,EDUCATION,14800,9.15,1,0.2,N,5
42,56800,RENT,6.9,EDUCATION,13800,10.26,0,0.24,N,2
52,98500,RENT,1.7,PERSONAL,9700,11.26,0,0.1,N,9
49,35800,MORTGAGE,4.0,EDUCATION,23200,18.95,0,0.65,N,10
52,29200,RENT,3.7,VENTURE,27600,19.41,1,0.95,Y,3
35,35600,OTHER,8.5,EDUCATION,8600,13.1,0,0.24,N,9
27,43200,RENT,5.2,EDUCATION,22000,15.95,0,0.51,N,5
46,58300,MORTGAGE,9.4,VENTURE,20300,14.54,1,0.35,N,10
30,45100,MORTGAGE,7.0,VENTURE,23000,16.29,0,0.51,N,8
41,28200,MORTGAGE,23.0,EDUCATION,12100,16.21,0,0.43,N,9
28,25700,RENT,10.0,VENTURE,18300,18.78,1,0.71,Y,5
56,26800,RENT,1.2,PERSONAL,8200,10.23,0,0.31,N,7
53,46200,RENT,16.3,PERSONAL,29700,21.35,1,0.64,Y,6
47,34700,MORTGAGE,2.1,DEBTCONSOLIDATION,19300,18.36,0,0.56,N,3
37,43900,MORTGAGE,4.7,DEBTCONSOLIDATION,5600,10.1,0,0.13,N,10
31,112400,MORTGAGE,13.0,PERSONAL,24600,11.45,0,0.22,N,9
28,28500,RENT,1.2,VENTURE,29000,,1,1.02,N,8
39,63900,RENT,9.7,EDUCATION,10700,12.08,0,0.17,N,6
50,28200,RENT,15.3,EDUCATION,14800,14.85,1,0.52,Y,4
41,26000,MORTGAGE,9.6,VENTURE,32300,19.11,1,1.24,N,11
48,66500,MORTGAGE,8.6,HOMEIMPROVEMENT,13000,10.54,0,0.2,N,6
49,78500,RENT,1.5,MEDICAL,17800,10.74,0,0.23,N,8
50,83600,MORTGAGE,2.6,EDUCATION,13000,9.9,0,0.16,N,5
30,99800,RENT,7.1,MEDICAL,5500,9.96,0,0.06,N,8
37,49100,MORTGAGE,0.6,EDUCATION,14200,14.94,0,0.29,N,5
48,63000,RENT,11.0,VENTURE,22600,17.73,1,0.36,Y,2
59,43800,MORTGAGE,1.2,EDUCATION,4400,8.6,0,0.1,N,6
55,110300,MORTGAGE,4.2,HOMEIMPROVEMENT,12800,8.96,0,0.12,N,8
46,32800,RENT,0.6,DEBTCONSOLIDATION,22500,19.45,1,0.69,Y,16
56,71400,RENT,1.0,EDUCATION,11100,8.83,0,0.16,N,6
46,30200,RENT,4.4,EDUCATION,30500,17.87,1,1.01,N,11
32,57600,RENT,,HOMEIMPROVEMENT,11600,7.24,0,0.2,N,7
50,22400,OWN,1.6,DEBTCONSOLIDATION,21200,22.72,1,0.95,Y,6
55,61400,RENT,0.6,HOMEIMPROVEMENT,9200,7.01,0,0.15,N,4
63,160500,RENT,4.0,MEDICAL,10700,11.17,0,0.07,N,7
39,39800,MORTGAGE,9.2,EDUCATION,19300,15.85,0,0.48,N,3
35,47400,RENT,1.1,VENTURE,4900,8.56,0,0.1,N,8
52,87300,RENT,5.9,HOMEIMPROVEMENT,6100,5.42,0,0.07,N,7
47,55500,RENT,2.4,EDUCATION,9500,11.44,0,0.17,N,3
46,106100,MORTGAGE,14.3,DEBTCONSOLIDATION,9300,7.6,0,0.09,N,4
57,67300,MORTGAGE,0.4,MEDICAL,5200,7.8,0,0.08,N,2
52,87700,OWN,0.2,EDUCATION,30000,15.19,0,0.34,N,6
48,18300,RENT,0.7,VENTURE,10000,18.0,0,0.55,N,5
40,57000,RENT,7.6,VENTURE,19300,13.62,0,0.34,N,9
51,29500,MORTGAGE,12.8,EDUCATION,11800,14.55,0,0.4,N,4
34,43600,MORTGAGE,8.6,VENTURE,32200,22.04,0,0.74,N,4
46,68700,OWN,6.3,PERSONAL,7200,8.41,0,0.1,N,5
43,47700,RENT,0.3,PERSONAL,11500,12.01,0,0.24,Y,6
32,35200,RENT,1.2,EDUCATION,12600,,1,0.36,Y,3
47,108000,RENT,13.7,DEBTCONSOLIDATION,19200,11.0,0,0.18,N,5
39,94300,RENT,4.9,EDUCATION,13900,9.1,0,0.15,N,3
47,25500,RENT,3.2,PERSONAL,20100,19.8,1,0.79,Y,7
36,82400,RENT,5.3,VENTURE,23200,13.78,0,0.28,N,5
52,59500,RENT,1.0,DEBTCONSOLIDATION,9900,14.44,0,0.17,N,8
61,61700,MORTGAGE,11.2,EDUCATION,21800,12.63,0,0.35,N,17
34,127500,RENT,5.3,EDUCATION,13800,8.63,1,0.11,N,7
36,59000,RENT,3.2,EDUCATION,5600,8.58,0,0.09,N,5
33,80200,OWN,3.1,MEDICAL,10100,7.66,0,0.13,N,6
42,60900,RENT,8.6,MEDICAL,21800,13.41,0,0.36,N,4
47,61100,MORTGAGE,1.8,EDUCATION,11800,12.54,0,0.19,N,3
50,32600,MORTGAGE,0.7,VENTURE,6000,10.07,0,0.18,N,4
46,208900,RENT,1.0,EDUCATION,17100,9.65,0,0.08,N,6
50,12000,MORTGAGE,0.4,EDUCATION,23500,18.95,1,1.96,Y,5
43,36300,MORTGAGE,3.5,EDUCATION,7000,9.72,0,0.19,N,12
39,41400,RENT,,HOMEIMPROVEMENT,14900,13.22,0,0.36,N,4
36,89300,MORTGAGE,13.6,MEDICAL,8500,8.47,0,0.1,N,3
42,24900,MORTGAGE,6.9,MEDICAL,10800,14.93,0,0.43,N,5
36,49200,MORTGAGE,4.4,VENTURE,12200,12.84,0,0.25,N,2
47,83500,RENT,10.0,EDUCATION,2200,8.75,0,0.03,N,9
36,27700,RENT,,MEDICAL,11100,17.22,1,0.4,N,8
39,50200,RENT,6.2,EDUCATION,10300,8.2,1,0.21,Y,3
54,49400,RENT,0.3,MEDICAL,17900,12.28,0,0.36,N,2
55,39000,RENT,1.7,HOMEIMPROVEMENT,24700,20.27,1,0.63,Y,7
55,55300,RENT,2.0,EDUCATION,6400,11.28,0,0.12,N,6
43,42900,RENT,25.0,VENTURE,13600,14.37,0,0.32,N,14
39,92200,RENT,3.1,PERSONAL,9700,8.16,0,0.11,N,7
48,72500,RENT,7.2,DEBTCONSOLIDATION,31700,13.2,0,0.44,Y,2
36,49000,MORTGAGE,8.4,HOMEIMPROVEMENT,21100,15.74,1,0.43,Y,13
51,56200,RENT,5.3,MEDICAL,6700,11.64,0,0.12,N,10
38,43700,MORTGAGE,0.1,HOMEIMPROVEMENT,11400,14.65,0,0.26,N,19
42,113000,RENT,0.1,MEDICAL,6500,7.63,0,0.06,N,10
51,69500,MORTGAGE,8.5,DEBTCONSOLIDATION,21300,15.02,0,0.31,Y,7
31,50200,MORTGAGE,6.7,EDUCATION,13700,12.41,0,0.27,N,2
39,69000,OWN,3.8,EDUCATION,17300,9.43,0,0.25,N,3
47,153100,MORTGAGE,1.4,EDUCATION,15600,9.7,0,0.1,N,4
49,37200,RENT,0.5,MEDICAL,8000,7.91,0,0.22,N,7
47,88100,RENT,0.9,DEBTCONSOLIDATION,2900,,0,0.03,N,9
42,68000,MORTGAGE,,EDUCATION,24300,15.44,1,0.36,N,5
52,48100,RENT,3.9,EDUCATION,6000,11.63,0,0.12,N,10
36,36300,RENT,14.2,EDUCATION,21400,,1,0.59,Y,12
36,86900,MORTGAGE,,MEDICAL,8200,12.54,0,0.09,N,9
47,63600,RENT,4.3,EDUCATION,23600,13.36,0,0.37,N,15
35,119900,OWN,9.2,MEDICAL,16000,7.42,0,0.13,N,4
62,103000,RENT,8.4,HOMEIMPROVEMENT,12000,11.23,0,0.12,N,5
51,63900,MORTGAGE,7.0,VENTURE,17600,13.82,0,0.28,N,11
39,36400,OTHER,2.9,DEBTCONSOLIDATION,9700,11.74,1,0.27,N,5
52,167700,MORTGAGE,2.5,VENTURE,12300,9.62,0,0.07,N,2
34,38500,MORTGAGE,1.5,EDUCATION,22500,17.3,1,0.58,N,10
59,85500,MORTGAGE,13.8,VENTURE,2600,12.03,0,0.03,N,9
44,20400,MORTGAGE,9.0,HOMEIMPROVEMENT,9000,16.78,0,0.44,N,13
39,128500,RENT,1.0,VENTURE,19900,9.9,0,0.15,N,3
41,17700,MORTGAGE,,VENTURE,19300,20.25,1,1.09,Y,3
37,45600,RENT,4.4,PERSONAL,7700,9.51,0,0.17,N,2
42,30200,RENT,2.7,DEBTCONSOLIDATION,31100,23.17,1,1.03,Y,5
34,116700,RENT,1.2,VENTURE,18100,10.35,0,0.16,N,7
63,36000,MORTGAGE,7.8,MEDICAL,11400,11.86,0,0.32,N,5
39,72500,RENT,0.0,EDUCATION,11000,8.29,0,0.15,N,4
52,62700,MORTGAGE,2.1,EDUCATION,14500,12.7,0,0.23,N,5
45,24500,RENT,13.3,PERSONAL,4100,,0,0.17,N,8
36,95400,RENT,7.2,VENTURE,19100,10.75,0,0.2,N,4
42,53700,OTHER,2.6,EDUCATION,5300,7.93,0,0.1,N,4
56,124100,RENT,,PERSONAL,17500,13.66,0,0.14,N,4
40,75900,RENT,11.6,MEDICAL,21800,15.02,0,0.29,N,2
35,35700,RENT,0.3,MEDICAL,25800,19.23,1,0.72,N,4
49,48500,MORTGAGE,0.7,EDUCATION,7300,11.77,1,0.15,N,6
29,47700,MORTGAGE,,VENTURE,20000,15.36,0,0.42,N,9
41,83100,MORTGAGE,13.3,MEDICAL,31200,14.4,0,0.38,Y,5
57,81600,RENT,9.3,DEBTCONSOLIDATION,5300,12.02,0,0.06,N,7
42,37400,MORTGAGE,0.2,DEBTCONSOLIDATION,3800,10.95,0,0.1,Y,8
53,91200,MORTGAGE,3.6,EDUCATION,8600,7.07,0,0.09,N,3
35,67800,MORTGAGE,6.4,EDUCATION,8500,8.66,0,0.13,N,4
41,78300,MORTGAGE,1.6,MEDICAL,10500,10.34,0,0.13,N,13
41,72000,MORTGAGE,6.4,VENTURE,26800,16.31,0,0.37,N,6
48,85500,RENT,2.3,MEDICAL,18300,13.82,0,0.21,N,6
44,32400,RENT,1.6,MEDICAL,2700,7.31,0,0.08,N,7
29,60100,MORTGAGE,2.5,EDUCATION,13900,12.45,0,0.23,N,9
58,94300,RENT,15.1,MEDICAL,24500,10.51,0,0.26,N,21
39,100100,RENT,11.8,VENTURE,14700,,0,0.15,N,6
44,100000,RENT,12.3,HOMEIMPROVEMENT,8300,9.33,0,0.08,N,6
41,33300,RENT,12.5,DEBTCONSOLIDATION,28600,18.64,0,0.86,N,3
43,169900,MORTGAGE,1.0,DEBTCONSOLIDATION,10300,9.8,0,0.06,N,4
43,143000,RENT,11.3,VENTURE,11000,9.46,0,0.08,N,11
36,33700,MORTGAGE,1.2,MEDICAL,11100,12.04,0,0.33,N,6
51,46000,RENT,9.1,DEBTCONSOLIDATION,11900,15.07,0,0.26,N,9
38,79000,MORTGAGE,3.9,MEDICAL,19000,11.15,0,0.24,N,3
38,36400,MORTGAGE,,VENTURE,10400,13.15,0,0.29,N,3
32,74600,MORTGAGE,2.5,MEDICAL,13300,9.19,1,0.18,N,5
39,60900,RENT,2.8,PERSONAL,9500,14.32,0,0.16,N,8
38,110100,RENT,6.6,VENTURE,14100,9.66,0,0.13,N,15
25,68600,RENT,4.7,DEBTCONSOLIDATION,28200,15.26,0,0.41,Y,3
29,17700,RENT,8.5,VENTURE,9900,19.19,1,0.56,Y,9
42,87100,RENT,2.5,EDUCATION,22300,,0,0.26,N,7
58,106500,MORTGAGE,6.8,HOMEIMPROVEMENT,8700,7.25,0,0.08,N,5
33,52300,OWN,7.9,VENTURE,7300,6.0,0,0.14,N,8
43,58800,RENT,0.3,MEDICAL,6000,10.39,0,0.1,N,11
41,58900,RENT,2.4,MEDICAL,30800,15.28,0,0.52,N,10
49,39300,MORTGAGE,10.9,EDUCATION,15500,15.45,0,0.39,Y,12
50,210700,MORTGAGE,6.1,EDUCATION,14300,8.79,0,0.07,N,6
68,35200,RENT,2.7,VENTURE,2400,10.31,0,0.07,N,2
46,90300,OTHER,1.0,HOMEIMPROVEMENT,13600,9.79,0,0.15,N,9
37,90000,MORTGAGE,0.5,EDUCATION,17700,12.4,0,0.2,Y,3
39,42100,MORTGAGE,1.3,DEBTCONSOLIDATION,12200,11.75,0,0.29,N,9
40,32400,MORTGAGE,1.4,DEBTCONSOLIDATION,6900,11.68,0,0.21,N,5
38,51100,RENT,2.3,DEBTCONSOLIDATION,9600,9.86,0,0.19,N,2
61,79500,RENT,1.0,PERSONAL,19100,10.29,0,0.24,N,6
50,64100,RENT,0.8,VENTURE,13500,10.4,0,0.21,N,9
32,147100,RENT,9.3,EDUCATION,13500,9.72,0,0.09,N,6
48,39200,RENT,1.4,VENTURE,4200,6.69,0,0.11,N,6
35,39700,RENT,4.1,MEDICAL,14600,14.64,1,0.37,N,4
50,88000,RENT,1.1,EDUCATION,12400,12.68,0,0.14,N,3
55,21600,RENT,3.4,DEBTCONSOLIDATION,24700,22.05,0,1.14,N,5
42,39700,RENT,1.6,VENTURE,11600,11.51,0,0.29,N,4
39,50400,MORTGAGE,0.5,PERSONAL,16400,14.27,0,0.33,N,15
59,53800,RENT,20.1,VENTURE,27500,19.53,1,0.51,Y,4
38,41000,MORTGAGE,3.1,VENTURE,15400,14.92,1,0.38,N,4
37,19900,MORTGAGE,2.5,PERSONAL,3800,13.42,0,0.19,N,4
36,118000,RENT,1.1,MEDICAL,6300,8.74,0,0.05,N,3
43,114600,RENT,3.4,DEBTCONSOLIDATION,29600,14.93,1,0.26,Y,6
46,21700,MORTGAGE,5.0,MEDICAL,15100,18.1,1,0.7,N,6
53,78500,RENT,1.8,PERSONAL,8200,9.9,1,0.1,N,6
48,50300,MORTGAGE,3.3,MEDICAL,15500,12.55,0,0.31,Y,8
48,73700,MORTGAGE,1.4,PERSONAL,28900,14.67,0,0.39,N,3
56,63200,MORTGAGE,3.8,EDUCATION,4500,9.67,0,0.07,N,2
36,24300,MORTGAGE,7.7,HOMEIMPROVEMENT,14600,16.76,1,0.6,Y,8
33,84200,RENT,0.3,PERSONAL,7100,8.86,0,0.08,N,3
49,40000,MORTGAGE,3.6,PERSONAL,12900,16.94,0,0.32,N,3
42,13000,RENT,2.5,MEDICAL,17500,21.08,1,1.35,Y,7
53,60400,RENT,0.4,DEBTCONSOLIDATION,13100,13.89,0,0.22,N,6
43,22900,RENT,14.1,PERSONAL,29300,19.49,1,1.28,Y,8
38,101700,MORTGAGE,1.5,VENTURE,15800,13.1,1,0.16,N,18
49,46200,MORTGAGE,4.2,EDUCATION,29300,17.91,1,0.63,Y,2
44,56600,RENT,2.3,EDUCATION,10400,,0,0.18,N,10
43,72100,MORTGAGE,1.6,VENTURE,3400,7.51,0,0.05,N,2
70,57400,RENT,3.7,PERSONAL,7500,8.7,0,0.13,N,7
55,39100,RENT,5.8,PERSONAL,5400,9.4,0,0.14,Y,8
50,100800,OWN,7.7,VENTURE,19800,14.74,0,0.2,N,5
44,51000,RENT,5.0,EDUCATION,8200,12.96,0,0.16,N,2
44,29200,RENT,3.7,EDUCATION,20300,19.81,1,0.7,Y,7
41,65800,RENT,7.5,EDUCATION,14800,10.64,0,0.22,N,3
45,51800,RENT,3.6,EDUCATION,8700,9.78,0,0.17,N,4
39,53500,RENT,18.3,EDUCATION,16500,,0,0.31,N,6
34,58100,RENT,3.7,PERSONAL,2800,8.36,0,0.05,N,3
43,55900,RENT,1.9,VENTURE,10700,13.02,0,0.19,N,5
46,120800,RENT,3.0,HOMEIMPROVEMENT,21200,11.6,0,0.18,N,7
53,34900,MORTGAGE,3.4,PERSONAL,20100,21.69,1,0.58,N,5
37,17200,MORTGAGE,1.7,MEDICAL,21400,18.1,1,1.24,Y,10
44,54200,RENT,0.9,PERSONAL,15900,13.19,0,0.29,N,6
48,85600,MORTGAGE,2.8,EDUCATION,15600,8.94,0,0.18,N,6
48,22900,RENT,11.4,HOMEIMPROVEMENT,12100,16.63,1,0.53,N,6
60,66200,RENT,1.5,VENTURE,28300,16.77,1,0.43,Y,9
41,25000,MORTGAGE,2.2,EDUCATION,28300,20.41,1,1.13,N,9
37,86200,MORTGAGE,7.1,VENTURE,2500,7.42,0,0.03,N,5
44,54500,RENT,0.4,HOMEIMPROVEMENT,29200,18.25,1,0.54,Y,7
41,33400,RENT,8.7,DEBTCONSOLIDATION,24300,18.93,1,0.73,N,4
40,22400,RENT,6.4,MEDICAL,16300,18.48,1,0.73,Y,8
39,179800,MORTGAGE,4.0,MEDICAL,10600,9.29,0,0.06,N,5
46,192500,MORTGAGE,1.2,DEBTCONSOLIDATION,12400,7.19,0,0.06,N,5
38,29900,RENT,0.5,DEBTCONSOLIDATION,23400,19.99,1,0.78,Y,4
50,29500,RENT,1.3,DEBTCONSOLIDATION,7300,14.15,0,0.25,N,28
50,56600,RENT,7.2,HOMEIMPROVEMENT,16700,12.61,1,0.3,Y,11
47,43800,MORTGAGE,13.6,VENTURE,8900,11.81,0,0.2,N,3
36,45300,RENT,6.7,DEBTCONSOLIDATION,11600,15.42,0,0.26,Y,2
46,63300,RENT,3.7,MEDICAL,2200,6.59,0,0.03,N,3
54,155600,RENT,15.0,DEBTCONSOLIDATION,29800,10.43,0,0.19,N,8
51,114600,RENT,8.8,MEDICAL,6400,6.73,0,0.06,N,21
50,45400,RENT,5.3,VENTURE,20500,18.24,0,0.45,N,7
44,80600,MORTGAGE,0.2,VENTURE,15300,11.08,0,0.19,N,4
43,19600,RENT,1.7,DEBTCONSOLIDATION,22700,22.63,1,1.16,Y,3
56,58400,MORTGAGE,1.8,EDUCATION,14300,13.13,1,0.24,N,2
46,47600,MORTGAGE,2.1,HOMEIMPROVEMENT,31300,20.51,1,0.66,N,5
46,92000,RENT,2.5,VENTURE,16400,10.59,0,0.18,N,8
70,76300,MORTGAGE,14.0,VENTURE,16600,,0,0.22,N,2
41,64200,RENT,6.8,DEBTCONSOLIDATION,26600,,1,0.41,Y,9
29,69800,RENT,5.9,PERSONAL,9400,12.14,0,0.13,N,5
42,42700,OWN,2.8,HOMEIMPROVEMENT,11300,15.21,0,0.26,N,9
43,92200,MORTGAGE,2.1,VENTURE,17800,8.71,0,0.19,N,4
46,69800,RENT,0.6,VENTURE,7200,10.15,0,0.1,N,8
48,49600,RENT,3.0,HOMEIMPROVEMENT,22000,17.16,1,0.44,Y,6
30,57200,RENT,,HOMEIMPROVEMENT,16000,14.41,1,0.28,Y,12
48,86200,RENT,2.5,EDUCATION,20300,13.7,0,0.24,N,6
43,90800,RENT,0.9,MEDICAL,32100,15.02,0,0.35,N,4
41,44900,RENT,2.1,PERSONAL,30500,19.96,1,0.68,N,8
32,33100,MORTGAGE,0.2,HOMEIMPROVEMENT,12900,15.48,0,0.39,Y,4
58,42200,MORTGAGE,0.0,VENTURE,9800,14.08,0,0.23,N,9
40,43400,RENT,10.2,PERSONAL,17000,,0,0.39,N,2
50,58000,MORTGAGE,5.1,EDUCATION,19000,15.76,0,0.33,N,6
37,104700,RENT,4.4,VENTURE,10000,12.05,0,0.1,N,5
46,41800,RENT,3.6,EDUCATION,9800,11.63,0,0.23,N,4
41,67100,MORTGAGE,6.5,MEDICAL,8600,10.08,0,0.13,N,6
49,49000,MORTGAGE,6.7,EDUCATION,26100,16.68,0,0.53,N,2
41,54700,RENT,13.7,EDUCATION,6300,8.06,0,0.12,N,11
37,64000,RENT,1.4,HOMEIMPROVEMENT,9200,10.8,0,0.14,N,6
43,104900,OWN,7.7,MEDICAL,16800,13.26,0,0.16,N,9
43,62100,MORTGAGE,23.6,VENTURE,13300,11.24,0,0.21,Y,14
46,13100,RENT,0.1,EDUCATION,6700,18.38,0,0.51,N,8
53,48600,RENT,2.3,DEBTCONSOLIDATION,9900,14.59,0,0.2,N,8
35,128400,OWN,2.9,PERSONAL,12100,9.91,0,0.09,N,9
52,101500,RENT,8.6,EDUCATION,29000,11.74,0,0.29,Y,7
34,83700,RENT,0.1,EDUCATION,11900,10.56,0,0.14,N,4
49,103600,RENT,,MEDICAL,6600,6.57,0,0.06,N,5
49,85200,RENT,11.2,PERSONAL,30100,12.14,0,0.35,N,7
40,102500,RENT,0.8,EDUCATION,12600,10.98,0,0.12,N,2
37,29300,MORTGAGE,0.6,EDUCATION,7200,,0,0.25,N,9
37,52400,RENT,19.0,MEDICAL,16500,10.88,0,0.31,N,12
44,58800,MORTGAGE,8.7,EDUCATION,22000,11.31,0,0.37,N,2
50,55800,RENT,6.0,PERSONAL,19000,16.32,0,0.34,N,7
42,39400,RENT,2.5,EDUCATION,10300,12.55,0,0.26,N,3
29,58700,MORTGAGE,9.6,HOMEIMPROVEMENT,9100,9.66,0,0.16,N,8
39,21300,OWN,12.8,MEDICAL,24800,18.34,1,1.16,Y,12
39,69500,MORTGAGE,6.6,EDUCATION,8300,10.71,0,0.12,N,6
48,37400,RENT,2.5,EDUCATION,20300,17.49,1,0.54,Y,9
48,16400,RENT,,MEDICAL,3500,11.46,0,0.21,N,7
45,54700,MORTGAGE,0.5,DEBTCONSOLIDATION,12300,9.3,0,0.22,N,4
52,126900,MORTGAGE,0.9,MEDICAL,31300,14.9,0,0.25,N,5
53,19000,MORTGAGE,7.6,EDUCATION,17000,21.66,1,0.89,Y,11
40,47400,OWN,0.1,VENTURE,10300,12.87,0,0.22,N,13
37,22200,RENT,0.3,MEDICAL,18700,21.2,1,0.84,N,7
43,62400,MORTGAGE,3.5,VENTURE,11100,15.37,0,0.18,N,3
31,87500,RENT,0.9,MEDICAL,27600,12.61,1,0.32,Y,9
45,34700,MORTGAGE,1.7,PERSONAL,9000,12.05,0,0.26,N,6
39,42900,MORTGAGE,2.5,DEBTCONSOLIDATION,10500,13.39,0,0.24,N,4
70,49900,MORTGAGE,3.7,DEBTCONSOLIDATION,18400,13.54,0,0.37,N,8
57,107100,MORTGAGE,1.7,PERSONAL,21500,9.16,0,0.2,N,12
38,25100,MORTGAGE,3.3,MEDICAL,15700,19.72,1,0.63,Y,8
36,42200,MORTGAGE,2.3,VENTURE,9900,13.11,0,0.23,N,7
38,128500,OWN,0.4,PERSONAL,15600,13.26,0,0.12,N,4
53,36300,RENT,10.1,EDUCATION,8700,12.41,0,0.24,Y,8
53,43600,OTHER,1.7,PERSONAL,5000,13.15,0,0.11,N,4
58,59800,RENT,4.7,PERSONAL,26600,12.2,0,0.44,N,9
37,194800,RENT,4.2,PERSONAL,13600,7.51,0,0.07,N,9
48,29300,RENT,,MEDICAL,13600,16.03,1,0.46,Y,8
37,82100,RENT,0.2,VENTURE,20000,14.88,0,0.24,Y,6
60,28200,MORTGAGE,9.7,EDUCATION,15300,16.68,0,0.54,N,8
37,31100,RENT,3.4,EDUCATION,13000,16.53,0,0.42,N,5
34,40800,OWN,2.7,PERSONAL,21500,19.45,0,0.53,N,7
35,70000,RENT,7.2,MEDICAL,13500,13.41,0,0.19,N,4
43,40000,RENT,0.2,VENTURE,26200,23.22,1,0.66,Y,8
50,58300,MORTGAGE,7.2,MEDICAL,10200,7.88,0,0.17,N,6
49,36500,MORTGAGE,2.6,EDUCATION,4000,8.75,0,0.11,N,8
35,56700,MORTGAGE,4.0,PERSONAL,7400,13.72,0,0.13,N,6
40,26500,RENT,7.0,DEBTCONSOLIDATION,22400,,1,0.85,N,6
39,26900,MORTGAGE,4.0,DEBTCONSOLIDATION,26900,19.62,1,1.0,N,6
35,40800,RENT,0.3,DEBTCONSOLIDATION,5500,11.31,1,0.13,N,2
39,75800,OTHER,6.5,MEDICAL,26000,16.57,0,0.34,N,2
57,60300,MORTGAGE,7.7,DEBTCONSOLIDATION,27900,15.56,1,0.46,N,5
34,35400,MORTGAGE,3.1,MEDICAL,20300,15.45,1,0.57,Y,5
45,29100,MORTGAGE,2.9,EDUCATION,20500,18.06,0,0.7,Y,8
57,95700,MORTGAGE,1.5,PERSONAL,1600,10.79,0,0.02,N,7
57,114700,MORTGAGE,5.2,EDUCATION,8800,9.59,0,0.08,N,12
61,71600,MORTGAGE,10.7,VENTURE,8600,6.26,0,0.12,N,14
46,65900,RENT,5.3,EDUCATION,15800,12.02,0,0.24,N,7
48,16700,RENT,7.4,MEDICAL,17600,18.8,1,1.05,Y,2
39,75100,RENT,9.1,DEBTCONSOLIDATION,25700,16.36,1,0.34,N,7
34,129800,MORTGAGE,1.3,VENTURE,13700,10.6,0,0.11,N,4
42,97700,MORTGAGE,2.6,EDUCATION,14000,10.43,0,0.14,N,10
54,94800,MORTGAGE,2.9,PERSONAL,4800,8.32,0,0.05,N,9
29,21800,MORTGAGE,4.1,DEBTCONSOLIDATION,33500,19.0,1,1.54,Y,3
40,36800,MORTGAGE,0.3,EDUCATION,28100,19.7,1,0.76,Y,10
49,50000,RENT,4.4,PERSONAL,5400,8.35,0,0.11,N,7
44,36600,RENT,0.5,VENTURE,15200,16.22,1,0.42,Y,7
56,28600,RENT,8.2,VENTURE,11000,18.75,0,0.38,N,9
53,68200,RENT,16.5,HOMEIMPROVEMENT,12500,9.56,0,0.18,N,2
33,93700,RENT,1.7,EDUCATION,17500,10.7,0,0.19,N,8
44,25100,MORTGAGE,3.5,PERSONAL,12400,16.09,1,0.49,Y,6
38,95900,RENT,8.7,EDUCATION,13900,8.6,0,0.14,N,4
37,61300,RENT,1.9,PERSONAL,9700,12.02,0,0.16,N,6
33,132300,OWN,0.9,DEBTCONSOLIDATION,5700,10.5,0,0.04,N,9
46,83900,OTHER,6.7,EDUCATION,20300,13.68,0,0.24,N,8
56,58200,MORTGAGE,6.0,EDUCATION,11600,7.11,0,0.2,N,7
46,58400,RENT,4.2,HOMEIMPROVEMENT,25000,17.01,0,0.43,N,9
33,54200,MORTGAGE,14.5,HOMEIMPROVEMENT,28000,17.07,1,0.52,Y,2
43,147300,MORTGAGE,15.5,HOMEIMPROVEMENT,5900,9.18,0,0.04,N,4
48,75900,RENT,9.9,HOMEIMPROVEMENT,18300,,0,0.24,N,6
42,44200,MORTGAGE,1.7,VENTURE,22400,16.33,1,0.51,Y,6
46,74100,RENT,1.3,HOMEIMPROVEMENT,17300,12.29,0,0.23,N,14
38,70000,OWN,9.0,DEBTCONSOLIDATION,10600,10.65,0,0.15,N,8
41,42900,MORTGAGE,5.3,EDUCATION,9900,11.62,0,0.23,N,12
41,34500,RENT,2.5,DEBTCONSOLIDATION,13200,16.2,0,0.38,N,2
59,103800,RENT,2.6,PERSONAL,9400,9.03,0,0.09,N,2
36,46900,RENT,9.6,EDUCATION,25400,,1,0.54,Y,9
29,45500,MORTGAGE,0.9,PERSONAL,4700,11.0,0,0.1,N,4
58,74600,RENT,14.4,VENTURE,6500,8.42,0,0.09,N,10
45,40800,RENT,5.0,DEBTCONSOLIDATION,16300,14.09,1,0.4,N,9
34,61400,RENT,7.8,DEBTCONSOLIDATION,17600,11.24,0,0.29,Y,3
52,44000,RENT,2.3,HOMEIMPROVEMENT,19700,11.63,0,0.45,N,2
49,13100,OWN,4.4,EDUCATION,9700,18.87,1,0.74,N,4
61,67000,OWN,6.9,PERSONAL,10000,9.53,0,0.15,N,2
45,62600,RENT,2.9,MEDICAL,12200,6.44,0,0.19,N,8
70,65800,RENT,3.3,PERSONAL,9000,10.1,0,0.14,N,6
42,17300,MORTGAGE,4.4,VENTURE,11500,21.56,1,0.66,Y,10
49,25800,MORTGAGE,0.3,VENTURE,18600,19.14,1,0.72,N,9
50,102700,RENT,9.9,EDUCATION,13900,9.86,0,0.14,N,9
70,56400,RENT,10.1,VENTURE,29600,18.66,0,0.52,N,7
40,19100,RENT,1.7,MEDICAL,15700,18.11,0,0.82,N,4
40,56800,RENT,,MEDICAL,10600,10.71,0,0.19,N,5
51,22800,MORTGAGE,,HOMEIMPROVEMENT,8000,14.62,0,0.35,N,10
34,39500,RENT,3.3,PERSONAL,8700,11.31,0,0.22,N,10
38,62300,RENT,2.1,VENTURE,3100,9.8,0,0.05,N,6
42,62300,MORTGAGE,2.5,DEBTCONSOLIDATION,12800,13.01,0,0.21,N,3
60,94300,MORTGAGE,3.8,EDUCATION,29100,14.02,0,0.31,N,4
51,70000,RENT,2.7,VENTURE,21000,11.12,0,0.3,N,6
44,72400,RENT,2.7,DEBTCONSOLIDATION,10100,11.83,0,0.14,Y,10
39,43900,MORTGAGE,1.1,EDUCATION,21700,17.18,1,0.49,Y,4
29,33900,RENT,6.2,EDUCATION,27200,19.77,1,0.8,Y,3
66,55700,MORTGAGE,4.7,EDUCATION,18000,15.79,1,0.32,N,6
43,94900,RENT,24.1,HOMEIMPROVEMENT,14200,8.42,0,0.15,N,6
38,85300,RENT,0.8,VENTURE,7100,9.56,0,0.08,N,7
69,48500,RENT,0.6,VENTURE,5700,13.84,0,0.12,N,8
34,52400,RENT,3.6,MEDICAL,8700,12.12,1,0.17,N,16
57,33000,RENT,0.8,VENTURE,17700,16.77,1,0.54,N,4
44,102000,MORTGAGE,4.7,PERSONAL,7500,8.13,0,0.07,N,3
51,131700,MORTGAGE,1.1,DEBTCONSOLIDATION,14700,9.66,0,0.11,N,2
49,69000,MORTGAGE,3.3,EDUCATION,12700,8.86,0,0.18,N,2
50,22000,MORTGAGE,4.7,MEDICAL,16900,17.11,1,0.77,N,6
70,78500,MORTGAGE,3.1,EDUCATION,4800,8.27,0,0.06,N,7
68,134600,MORTGAGE,1.9,MEDICAL,30800,10.07,0,0.23,N,8
38,29300,MORTGAGE,7.6,VENTURE,18400,21.7,0,0.63,N,11
48,86300,RENT,9.6,PERSONAL,19300,,0,0.22,N,3
31,48900,RENT,1.6,DEBTCONSOLIDATION,3100,9.71,0,0.06,N,12
52,107400,OTHER,8.4,VENTURE,5600,10.36,0,0.05,N,3
54,28700,MORTGAGE,2.5,VENTURE,18400,19.97,0,0.64,N,10
29,42700,MORTGAGE,3.3,VENTURE,6500,12.21,0,0.15,Y,2
43,22900,MORTGAGE,1.3,DEBTCONSOLIDATION,25400,20.44,1,1.11,Y,2
50,65300,MORTGAGE,4.9,PERSONAL,16700,10.74,0,0.26,N,12
47,73400,RENT,0.5,PERSONAL,5400,7.27,0,0.07,N,6
34,65500,OTHER,4.5,PERSONAL,16500,7.84,0,0.25,N,15
35,40800,MORTGAGE,17.0,HOMEIMPROVEMENT,21800,17.96,0,0.53,N,5
42,42500,MORTGAGE,7.0,DEBTCONSOLIDATION,21700,15.3,1,0.51,Y,6
40,45300,RENT,11.3,MEDICAL,12000,11.07,0,0.26,N,5
41,88200,OWN,3.1,DEBTCONSOLIDATION,13200,12.43,0,0.15,N,7
33,24400,MORTGAGE,0.8,VENTURE,19700,17.4,1,0.81,N,7
44,44900,MORTGAGE,1.7,DEBTCONSOLIDATION,24500,19.4,1,0.55,Y,9
60,24100,RENT,0.3,DEBTCONSOLIDATION,21500,19.22,1,0.89,Y,5
34,43300,MORTGAGE,3.5,PERSONAL,16100,15.1,0,0.37,N,6
42,53800,RENT,5.2,PERSONAL,19400,14.31,1,0.36,N,6
49,172000,MORTGAGE,2.8,EDUCATION,17500,7.69,0,0.1,N,12
32,37500,MORTGAGE,4.1,MEDICAL,15700,17.49,0,0.42,N,5
44,95300,RENT,1.9,VENTURE,26600,16.66,0,0.28,N,3
54,21100,MORTGAGE,0.4,EDUCATION,17400,17.83,1,0.82,Y,2
36,55400,RENT,2.8,DEBTCONSOLIDATION,11600,12.89,0,0.21,Y,4
45,55300,MORTGAGE,4.0,MEDICAL,30200,18.05,1,0.55,Y,6
53,81600,RENT,20.3,PERSONAL,28300,16.47,1,0.35,Y,2
70,40100,RENT,2.1,PERSONAL,21100,14.02,0,0.53,Y,4
44,35200,MORTGAGE,5.7,VENTURE,4000,,0,0.11,N,2
38,17300,MORTGAGE,8.6,DEBTCONSOLIDATION,19500,19.26,1,1.13,Y,7
31,65000,OTHER,2.0,PERSONAL,3900,7.89,0,0.06,N,7
38,38100,RENT,13.3,MEDICAL,5500,10.39,0,0.14,N,12
33,95200,MORTGAGE,2.1,DEBTCONSOLIDATION,11100,12.19,0,0.12,N,3
62,71800,RENT,17.5,PERSONAL,10400,11.68,0,0.14,Y,7
52,104000,MORTGAGE,0.0,EDUCATION,15400,8.39,0,0.15,N,2
35,33500,MORTGAGE,,PERSONAL,9100,13.17,0,0.27,N,10
37,60600,MORTGAGE,7.8,PERSONAL,8400,11.45,0,0.14,N,3
44,60100,RENT,1.6,MEDICAL,17800,11.27,1,0.3,Y,10
54,41200,OTHER,,DEBTCONSOLIDATION,12800,13.3,1,0.31,N,5
48,106600,OWN,0.1,MEDICAL,4800,8.0,0,0.05,N,16
47,83300,RENT,0.4,VENTURE,12800,9.6,0,0.15,N,2
45,165500,MORTGAGE,3.9,MEDICAL,20400,9.16,1,0.12,N,4
35,79400,MORTGAGE,9.1,PERSONAL,5300,8.74,0,0.07,N,12
44,151400,RENT,0.3,VENTURE,26400,12.23,0,0.17,N,8
43,149500,MORTGAGE,0.6,VENTURE,13500,12.03,0,0.09,N,8
33,41300,MORTGAGE,,EDUCATION,14200,12.2,0,0.34,N,2
61,24100,MORTGAGE,1.7,VENTURE,10100,15.38,0,0.42,N,9
39,137000,MORTGAGE,12.7,PERSONAL,17300,10.95,0,0.13,N,3
33,79300,RENT,1.6,EDUCATION,3400,12.36,0,0.04,N,9
40,72200,MORTGAGE,2.9,MEDICAL,19800,,0,0.27,N,9
41,42300,MORTGAGE,1.0,DEBTCONSOLIDATION,6200,12.34,0,0.15,N,4
43,67400,MORTGAGE,0.6,VENTURE,12800,12.33,0,0.19,N,7
41,94800,MORTGAGE,,MEDICAL,7300,8.54,0,0.08,N,5
43,77800,RENT,1.2,HOMEIMPROVEMENT,7800,8.32,0,0.1,N,9
45,38700,MORTGAGE,0.7,DEBTCONSOLIDATION,13200,16.46,0,0.34,N,6
44,126500,RENT,7.8,EDUCATION,5200,12.61,0,0.04,N,9
47,58000,MORTGAGE,3.2,DEBTCONSOLIDATION,7400,13.07,0,0.13,N,4
48,78700,MORTGAGE,3.9,EDUCATION,14900,11.02,0,0.19,N,2
48,86000,RENT,2.3,EDUCATION,18600,10.96,0,0.22,N,2
50,175000,RENT,1.2,EDUCATION,11200,9.22,0,0.06,N,8
38,68000,MORTGAGE,0.5,VENTURE,24100,14.98,0,0.35,N,4
38,52600,OWN,0.4,PERSONAL,7600,9.66,0,0.14,N,13
54,155200,RENT,1.0,PERSONAL,15300,7.74,1,0.1,N,2
40,99600,RENT,9.5,EDUCATION,5900,9.42,0,0.06,N,5
42,64100,RENT,1.2,EDUCATION,7700,12.83,0,0.12,N,2
42,61900,RENT,2.2,PERSONAL,26000,15.66,0,0.42,N,8
69,18400,OWN,4.3,VENTURE,32500,18.34,1,1.77,Y,8
37,51600,MORTGAGE,3.6,EDUCATION,33500,18.13,0,0.65,N,5
37,25100,MORTGAGE,5.5,HOMEIMPROVEMENT,21700,23.2,1,0.86,N,4
43,12500,MORTGAGE,1.1,PERSONAL,8400,17.7,1,0.67,N,8
42,39000,RENT,3.7,MEDICAL,9900,14.18,0,0.25,Y,2
35,25300,MORTGAGE,7.3,VENTURE,5900,,0,0.23,Y,6
43,44600,MORTGAGE,2.5,MEDICAL,4800,8.4,0,0.11,N,7
44,64200,MORTGAGE,17.9,VENTURE,19600,16.33,1,0.31,N,3
39,71700,RENT,4.3,VENTURE,14800,13.07,0,0.21,N,7
42,51000,RENT,5.6,MEDICAL,17700,13.84,0,0.35,N,4
37,26700,MORTGAGE,3.1,PERSONAL,15700,17.03,1,0.59,Y,12
35,50700,RENT,9.8,VENTURE,2800,11.88,0,0.06,N,5
40,30100,OWN,3.0,PERSONAL,10500,12.67,0,0.35,N,3
36,117200,MORTGAGE,14.3,MEDICAL,18500,8.43,0,0.16,Y,7
34,50000,RENT,1.8,EDUCATION,23900,17.09,0,0.48,Y,4
30,29000,MORTGAGE,10.0,EDUCATION,7500,11.02,0,0.26,N,5
45,30400,MORTGAGE,5.1,VENTURE,6700,12.01,1,0.22,N,7
40,54400,RENT,8.0,HOMEIMPROVEMENT,29000,19.76,1,0.53,Y,11
54,55900,RENT,,MEDICAL,29600,13.98,1,0.53,Y,7
30,48700,RENT,1.6,EDUCATION,20100,14.65,1,0.41,Y,6
40,93600,RENT,9.4,EDUCATION,5000,9.32,0,0.05,N,15
45,31900,MORTGAGE,,VENTURE,16900,17.96,1,0.53,N,2
38,94100,MORTGAGE,6.2,HOMEIMPROVEMENT,6900,6.32,0,0.07,N,3
43,51400,RENT,24.3,HOMEIMPROVEMENT,23300,14.25,0,0.45,Y,4
30,87100,MORTGAGE,1.0,EDUCATION,10200,11.19,1,0.12,N,11
40,38400,MORTGAGE,2.7,DEBTCONSOLIDATION,13500,16.25,1,0.35,Y,4
37,83100,MORTGAGE,0.9,EDUCATION,8100,7.83,0,0.1,N,5
53,34800,MORTGAGE,0.8,DEBTCONSOLIDATION,19400,22.65,1,0.56,N,4
45,134100,RENT,5.0,DEBTCONSOLIDATION,14000,11.2,0,0.1,N,7
51,51800,RENT,1.1,EDUCATION,18900,16.02,0,0.36,N,5
55,42700,RENT,3.3,EDUCATION,10500,11.12,0,0.25,N,10
39,28400,MORTGAGE,19.1,EDUCATION,11500,18.03,0,0.4,N,6
44,59400,MORTGAGE,2.0,VENTURE,25400,14.64,0,0.43,N,5
35,49900,OWN,10.3,EDUCATION,9300,13.0,0,0.19,N,2
47,26000,MORTGAGE,2.5,PERSONAL,25700,15.65,1,0.99,N,4
48,36100,RENT,1.5,VENTURE,5500,13.67,0,0.15,N,2
46,18500,MORTGAGE,2.0,MEDICAL,7600,15.42,1,0.41,N,6
39,29100,RENT,0.7,VENTURE,17700,19.14,0,0.61,N,9
63,50600,MORTGAGE,5.7,HOMEIMPROVEMENT,32700,18.7,1,0.65,N,10
44,65800,RENT,,EDUCATION,27400,15.18,0,0.42,N,9
70,45300,RENT,4.8,PERSONAL,14200,9.71,0,0.31,N,6
35,70200,RENT,1.8,PERSONAL,14600,10.46,0,0.21,N,9
49,32000,OTHER,5.3,PERSONAL,15600,,0,0.49,N,6
53,69200,MORTGAGE,0.9,MEDICAL,21400,15.33,0,0.31,Y,5
35,51900,RENT,5.3,EDUCATION,15100,10.83,0,0.29,N,7
41,48400,RENT,0.4,PERSONAL,6700,12.45,0,0.14,N,5
33,54100,RENT,2.6,DEBTCONSOLIDATION,23000,14.14,1,0.43,N,3
56,39000,RENT,4.7,HOMEIMPROVEMENT,24900,20.06,1,0.64,Y,9
43,23300,RENT,9.7,VENTURE,26500,20.72,1,1.14,Y,3
37,30500,MORTGAGE,8.4,MEDICAL,12400,13.97,0,0.41,N,7
53,24900,MORTGAGE,3.7,MEDICAL,8800,16.67,1,0.35,N,6
43,47800,OTHER,10.7,DEBTCONSOLIDATION,6700,11.0,0,0.14,N,4
51,78900,RENT,3.5,MEDICAL,14500,13.49,1,0.18,N,6
47,122500,MORTGAGE,3.6,VENTURE,9700,10.3,0,0.08,N,15
36,42000,RENT,6.4,MEDICAL,12500,12.18,0,0.3,Y,3
39,49600,RENT,10.5,DEBTCONSOLIDATION,6200,13.07,0,0.12,N,3
37,152600,RENT,4.6,MEDICAL,8400,6.71,0,0.06,N,3
35,43400,OTHER,,PERSONAL,12700,13.87,0,0.29,N,5
32,38400,OTHER,1.3,VENTURE,8000,14.09,0,0.21,N,4
66,50400,MORTGAGE,12.9,MEDICAL,8800,8.86,0,0.17,N,22
46,42900,RENT,1.3,MEDICAL,3300,9.61,0,0.08,N,7
47,37300,MORTGAGE,3.7,DEBTCONSOLIDATION,5500,13.11,0,0.15,N,5
54,25000,MORTGAGE,7.9,VENTURE,6600,14.92,1,0.26,Y,2
39,130100,RENT,8.1,VENTURE,17600,11.68,0,0.14,N,4
33,73300,RENT,1.6,HOMEIMPROVEMENT,7400,10.92,0,0.1,N,13
50,131800,MORTGAGE,21.3,MEDICAL,24700,12.43,0,0.19,N,9
34,91600,MORTGAGE,0.4,DEBTCONSOLIDATION,21200,12.75,0,0.23,N,7
50,54600,MORTGAGE,0.2,PERSONAL,22300,13.98,0,0.41,N,4
33,21600,MORTGAGE,9.2,VENTURE,11100,17.91,1,0.51,N,7
34,32900,MORTGAGE,8.5,EDUCATION,5000,,0,0.15,N,5
38,44700,MORTGAGE,6.2,DEBTCONSOLIDATION,5600,11.39,0,0.13,Y,11
50,31900,MORTGAGE,9.5,EDUCATION,18400,19.93,0,0.58,N,13
61,19900,RENT,0.7,VENTURE,26800,19.62,1,1.35,Y,3
47,33200,MORTGAGE,0.5,PERSONAL,7900,10.34,0,0.24,N,9
39,48700,RENT,17.4,VENTURE,24000,19.7,1,0.49,N,6
52,129900,RENT,4.9,EDUCATION,17500,11.14,0,0.13,N,4
32,37400,RENT,12.6,HOMEIMPROVEMENT,18100,15.61,0,0.48,N,7
36,77700,MORTGAGE,11.8,EDUCATION,18700,9.32,0,0.24,N,11
44,31700,RENT,5.3,EDUCATION,5100,12.54,0,0.16,N,4
51,47900,OWN,5.0,EDUCATION,16300,12.4,0,0.34,N,9
42,53200,MORTGAGE,2.2,VENTURE,13600,11.26,0,0.26,N,22
41,130600,OTHER,0.8,HOMEIMPROVEMENT,23000,13.79,0,0.18,N,10
41,12500,RENT,5.8,HOMEIMPROVEMENT,12500,20.98,1,1.0,Y,13
54,34700,MORTGAGE,8.5,PERSONAL,14200,14.88,0,0.41,N,3
37,62100,OWN,3.9,PERSONAL,15700,12.42,0,0.25,N,6
36,68200,RENT,0.3,PERSONAL,15900,12.3,1,0.23,N,8
41,28400,RENT,0.8,PERSONAL,12000,,1,0.42,Y,2
56,53000,MORTGAGE,0.5,DEBTCONSOLIDATION,7700,13.22,0,0.15,N,10
38,54600,RENT,5.4,MEDICAL,9300,13.22,0,0.17,N,9
41,121700,RENT,4.2,EDUCATION,12200,11.07,0,0.1,N,10
32,60800,OTHER,3.1,MEDICAL,16700,,0,0.27,N,2
42,50100,MORTGAGE,3.9,EDUCATION,13000,12.43,0,0.26,N,5
46,36800,RENT,1.6,HOMEIMPROVEMENT,21400,16.5,1,0.58,N,7
34,75700,RENT,8.2,PERSONAL,15600,12.41,0,0.21,N,3
54,47100,RENT,2.0,EDUCATION,10900,8.39,0,0.23,N,5
45,39700,RENT,5.2,MEDICAL,13900,13.97,0,0.35,N,2
39,31600,RENT,2.5,HOMEIMPROVEMENT,11200,12.17,1,0.35,N,8
45,46000,RENT,0.4,PERSONAL,3900,7.6,0,0.08,N,2
48,79600,RENT,1.5,MEDICAL,9800,9.7,0,0.12,N,6
31,40900,OWN,13.0,EDUCATION,13000,12.34,0,0.32,N,12
46,55200,MORTGAGE,1.1,EDUCATION,9300,9.89,0,0.17,N,6
56,39900,RENT,0.6,PERSONAL,19300,12.88,0,0.48,Y,7
37,59500,MORTGAGE,1.7,PERSONAL,24000,14.33,0,0.4,Y,4
39,56700,RENT,10.5,EDUCATION,10100,15.66,0,0.18,N,2
41,35100,MORTGAGE,1.8,EDUCATION,3600,10.71,0,0.1,N,6
51,85600,MORTGAGE,2.7,MEDICAL,24500,13.05,0,0.29,N,2
35,24300,OTHER,1.9,PERSONAL,15700,18.86,1,0.65,Y,5
47,101200,RENT,22.5,HOMEIMPROVEMENT,2300,5.65,0,0.02,N,5
41,64900,RENT,23.0,DEBTCONSOLIDATION,14000,13.4,0,0.22,N,6
61,74900,RENT,3.3,PERSONAL,6100,10.06,0,0.08,N,2
41,21900,RENT,7.7,DEBTCONSOLIDATION,18000,22.86,1,0.82,Y,2
29,52700,MORTGAGE,1.2,MEDICAL,14700,10.17,0,0.28,Y,2
49,125900,MORTGAGE,2.3,MEDICAL,26200,13.2,0,0.21,N,2
47,50000,OWN,5.7,EDUCATION,11900,,0,0.24,N,2
45,58200,RENT,1.7,EDUCATION,26800,11.55,1,0.46,N,15
55,28900,MORTGAGE,1.3,HOMEIMPROVEMENT,23000,16.62,1,0.8,Y,5
32,24600,RENT,12.8,HOMEIMPROVEMENT,20200,16.75,1,0.82,Y,7
36,61500,OWN,1.4,EDUCATION,12700,13.3,0,0.21,N,4
43,37300,RENT,0.3,VENTURE,12200,14.33,0,0.33,Y,9
45,40000,MORTGAGE,7.0,MEDICAL,11900,12.8,1,0.3,Y,8
42,56100,RENT,1.4,PERSONAL,4700,11.51,0,0.08,N,7
32,79000,RENT,3.0,MEDICAL,16300,10.36,1,0.21,Y,6
39,72300,MORTGAGE,0.6,MEDICAL,21600,13.24,0,0.3,N,11
60,57200,MORTGAGE,0.4,DEBTCONSOLIDATION,20000,13.0,0,0.35,N,9
35,88200,MORTGAGE,3.1,HOMEIMPROVEMENT,15800,12.02,0,0.18,N,3
43,96200,RENT,2.1,EDUCATION,11200,9.99,0,0.12,N,9
48,50400,RENT,3.5,EDUCATION,18600,15.01,1,0.37,Y,2
51,135600,RENT,16.9,MEDICAL,14600,10.89,0,0.11,N,2
49,29800,MORTGAGE,2.6,PERSONAL,23100,19.62,0,0.78,N,4
39,23300,RENT,4.6,EDUCATION,9700,14.15,0,0.42,N,15
36,115900,OWN,0.5,VENTURE,6300,12.16,0,0.05,Y,13
61,36900,MORTGAGE,10.9,DEBTCONSOLIDATION,1900,12.45,0,0.05,N,5
52,12500,MORTGAGE,8.2,EDUCATION,19900,19.62,1,1.59,N,14
44,45300,MORTGAGE,3.7,EDUCATION,16200,13.49,0,0.36,N,6
57,106500,MORTGAGE,1.0,DEBTCONSOLIDATION,5000,12.63,0,0.05,N,8
32,45700,RENT,2.8,PERSONAL,23100,,1,0.51,N,5
33,20400,RENT,1.8,PERSONAL,13500,20.37,1,0.66,N,3
29,46200,RENT,,EDUCATION,13200,14.12,0,0.29,N,10
44,48900,RENT,3.4,DEBTCONSOLIDATION,18300,15.5,0,0.37,N,11
45,45000,RENT,2.7,MEDICAL,17000,12.01,1,0.38,N,10
33,36500,MORTGAGE,0.9,EDUCATION,9100,9.06,0,0.25,N,9
51,37400,RENT,1.4,VENTURE,17300,15.32,1,0.46,N,4
30,80800,MORTGAGE,6.2,HOMEIMPROVEMENT,23800,14.32,0,0.29,N,6
46,39400,MORTGAGE,3.8,HOMEIMPROVEMENT,11800,14.11,0,0.3,N,8
49,59200,MORTGAGE,2.2,VENTURE,9900,12.68,0,0.17,Y,2
44,59100,RENT,1.8,HOMEIMPROVEMENT,5000,7.51,0,0.08,N,4
32,38600,MORTGAGE,1.1,VENTURE,16300,18.63,0,0.42,N,14
55,35800,MORTGAGE,0.2,EDUCATION,20300,22.31,1,0.57,N,7
39,56300,RENT,18.9,MEDICAL,29700,14.53,1,0.53,N,11
39,21800,OTHER,7.0,MEDICAL,16500,18.62,1,0.76,N,4
38,162200,RENT,13.1,PERSONAL,12900,7.28,0,0.08,N,9
50,39500,RENT,2.7,EDUCATION,27400,18.28,0,0.69,N,7
39,43700,RENT,10.2,EDUCATION,8000,9.36,0,0.18,N,7
34,81200,RENT,1.5,VENTURE,18900,,0,0.23,N,2
53,49300,MORTGAGE,3.6,EDUCATION,10600,14.53,0,0.22,N,3
43,43100,RENT,1.1,VENTURE,23900,18.81,1,0.55,Y,3
53,26000,MORTGAGE,7.4,EDUCATION,20000,19.35,1,0.77,Y,4
43,57300,MORTGAGE,3.4,PERSONAL,10700,11.65,0,0.19,N,15
37,40100,MORTGAGE,3.8,DEBTCONSOLIDATION,20900,12.74,0,0.52,N,3
31,170200,RENT,9.8,DEBTCONSOLIDATION,25200,10.85,0,0.15,N,4
44,48400,MORTGAGE,6.7,EDUCATION,9300,10.71,0,0.19,N,5
41,15600,RENT,16.9,VENTURE,15500,,1,0.99,N,8
50,91400,MORTGAGE,2.6,EDUCATION,12300,10.03,0,0.13,N,3
38,31300,OWN,3.1,EDUCATION,26900,22.24,1,0.86,Y,8
47,57400,RENT,4.8,VENTURE,30100,20.66,1,0.52,Y,3
43,117300,RENT,3.0,VENTURE,6300,7.49,0,0.05,N,6
37,45700,MORTGAGE,2.7,EDUCATION,15000,12.94,1,0.33,N,8
39,48400,RENT,2.1,MEDICAL,14600,13.63,1,0.3,Y,6
33,90600,RENT,8.9,MEDICAL,24200,10.79,0,0.27,N,5
62,118700,RENT,3.8,MEDICAL,21000,9.6,0,0.18,N,4
46,50200,RENT,,MEDICAL,9900,10.93,0,0.2,N,4
33,164800,RENT,1.1,DEBTCONSOLIDATION,14400,10.36,0,0.09,N,4
62,20800,RENT,1.5,MEDICAL,11600,16.1,0,0.56,N,7
35,33000,MORTGAGE,2.1,MEDICAL,11100,12.86,1,0.34,Y,14
38,41700,MORTGAGE,3.1,EDUCATION,19600,16.59,0,0.47,N,12
41,96900,OWN,0.2,DEBTCONSOLIDATION,16200,11.93,0,0.17,N,3
43,61500,RENT,11.0,PERSONAL,8400,8.2,0,0.14,N,6
50,37400,RENT,11.7,MEDICAL,16700,18.52,1,0.45,Y,3
30,29200,RENT,5.4,VENTURE,13200,21.98,1,0.45,Y,7
43,23800,MORTGAGE,1.9,DEBTCONSOLIDATION,10900,19.08,0,0.46,Y,5
41,72000,OWN,2.4,MEDICAL,5300,8.77,0,0.07,N,5
45,43700,MORTGAGE,6.6,VENTURE,27100,18.93,1,0.62,N,7
40,94600,RENT,1.7,EDUCATION,23900,11.83,0,0.25,N,6
39,24600,MORTGAGE,4.7,DEBTCONSOLIDATION,10200,16.36,1,0.41,N,8
42,68500,MORTGAGE,11.8,MEDICAL,15200,11.34,0,0.22,N,21
61,52900,RENT,2.6,MEDICAL,24100,16.35,1,0.46,N,4
39,38700,MORTGAGE,4.4,VENTURE,14400,16.22,0,0.37,N,9
54,40200,RENT,13.2,VENTURE,7200,14.87,0,0.18,N,9
44,57300,RENT,2.1,MEDICAL,13500,12.91,0,0.24,N,8
44,53200,RENT,7.1,HOMEIMPROVEMENT,10400,10.17,0,0.2,Y,11
45,33200,RENT,7.0,MEDICAL,13100,12.97,1,0.39,N,2
47,71900,MORTGAGE,13.2,HOMEIMPROVEMENT,23400,13.87,0,0.33,N,8
40,105100,MORTGAGE,9.8,PERSONAL,12100,9.48,0,0.12,N,2
54,47400,RENT,6.9,DEBTCONSOLIDATION,21700,19.93,0,0.46,N,6
47,74600,RENT,5.1,MEDICAL,9000,10.93,0,0.12,N,8
34,49600,RENT,1.4,EDUCATION,16000,11.71,1,0.32,N,5
29,204000,MORTGAGE,5.6,MEDICAL,12500,8.17,0,0.06,N,5
60,54600,RENT,1.6,MEDICAL,30100,16.07,1,0.55,Y,4
45,79700,MORTGAGE,2.9,EDUCATION,1500,11.61,0,0.02,N,9
33,102900,OWN,6.2,EDUCATION,11300,8.1,0,0.11,N,9
39,38100,MORTGAGE,5.6,EDUCATION,22200,15.68,1,0.58,Y,2
52,79900,RENT,2.6,MEDICAL,11800,9.33,0,0.15,N,6
42,87100,RENT,1.0,HOMEIMPROVEMENT,8700,6.97,0,0.1,N,6
42,68600,RENT,3.3,PERSONAL,23600,11.32,0,0.34,N,12
50,82400,RENT,1.6,MEDICAL,16000,11.79,0,0.19,N,12
46,37900,MORTGAGE,1.5,DEBTCONSOLIDATION,15200,16.33,1,0.4,Y,3
48,176500,RENT,2.0,VENTURE,12000,13.87,0,0.07,N,4
49,14500,RENT,6.1,MEDICAL,7500,20.87,1,0.52,Y,2
37,34100,MORTGAGE,3.4,EDUCATION,15600,16.2,1,0.46,N,8
38,26000,MORTGAGE,2.3,HOMEIMPROVEMENT,14100,18.7,1,0.54,Y,4
37,139700,RENT,11.5,PERSONAL,12000,8.8,0,0.09,N,4
38,50400,MORTGAGE,6.1,MEDICAL,5600,11.34,0,0.11,N,3
42,32200,MORTGAGE,3.4,MEDICAL,17400,17.27,1,0.54,N,9
43,38800,MORTGAGE,2.7,PERSONAL,17000,14.74,0,0.44,N,6
57,23400,MORTGAGE,8.5,EDUCATION,15300,18.07,1,0.65,N,4
45,76500,RENT,0.9,MEDICAL,7000,,0,0.09,N,5
42,80900,MORTGAGE,5.5,EDUCATION,10200,9.92,0,0.13,N,8
35,64000,MORTGAGE,0.1,EDUCATION,13400,13.15,0,0.21,N,3
40,36500,MORTGAGE,0.0,VENTURE,19700,18.3,0,0.54,N,14
61,125400,RENT,13.4,MEDICAL,8800,6.66,0,0.07,N,3
61,83300,RENT,3.6,PERSONAL,21700,14.79,0,0.26,N,4
40,20800,RENT,1.9,HOMEIMPROVEMENT,10500,16.67,1,0.5,Y,6
31,48700,MORTGAGE,7.9,DEBTCONSOLIDATION,17800,17.4,1,0.37,N,13
39,28700,MORTGAGE,20.9,VENTURE,27500,16.49,1,0.96,Y,3
57,121700,RENT,0.2,MEDICAL,19100,8.19,0,0.16,N,8
42,42300,RENT,0.2,VENTURE,5300,6.01,0,0.13,Y,8
50,25400,RENT,9.6,EDUCATION,11500,14.32,1,0.45,Y,6
43,50000,MORTGAGE,4.1,HOMEIMPROVEMENT,15700,14.6,0,0.31,N,9
33,129900,OTHER,10.7,HOMEIMPROVEMENT,18000,10.41,0,0.14,N,5
43,87200,MORTGAGE,5.9,HOMEIMPROVEMENT,10900,9.99,0,0.12,N,9
51,40700,MORTGAGE,3.2,PERSONAL,12500,15.99,0,0.31,N,2
38,49200,RENT,0.9,VENTURE,11500,,0,0.23,N,12
51,93600,OTHER,2.5,PERSONAL,18700,11.14,0,0.2,N,4
44,116700,MORTGAGE,7.7,MEDICAL,26300,9.09,0,0.23,N,5
50,23100,RENT,1.3,DEBTCONSOLIDATION,21000,22.55,1,0.91,Y,7
46,59000,MORTGAGE,6.2,EDUCATION,9500,14.67,1,0.16,Y,11
36,44600,RENT,1.4,DEBTCONSOLIDATION,14800,11.43,0,0.33,N,2
41,41400,MORTGAGE,3.1,DEBTCONSOLIDATION,13500,15.41,0,0.33,N,3
40,113300,OWN,0.4,EDUCATION,3100,7.54,0,0.03,N,6
38,25700,RENT,3.0,VENTURE,27600,17.77,1,1.07,N,14
45,84400,MORTGAGE,4.7,DEBTCONSOLIDATION,13300,10.49,0,0.16,N,6
64,15400,MORTGAGE,4.1,HOMEIMPROVEMENT,27900,18.19,1,1.81,N,6
54,36400,OWN,2.6,DEBTCONSOLIDATION,17800,16.92,0,0.49,N,7
55,55200,RENT,2.3,HOMEIMPROVEMENT,18900,12.53,0,0.34,N,2
38,26300,MORTGAGE,1.6,HOMEIMPROVEMENT,12500,16.21,1,0.48,Y,2
55,182100,RENT,7.3,HOMEIMPROVEMENT,23800,8.51,0,0.13,N,10
60,36500,RENT,7.6,MEDICAL,8100,12.8,1,0.22,Y,4
37,34900,RENT,3.3,MEDICAL,29000,17.77,1,0.83,N,2
47,37000,RENT,2.4,PERSONAL,16600,15.37,0,0.45,Y,5
47,74700,OWN,5.1,EDUCATION,10700,14.08,0,0.14,N,4
41,89200,RENT,,VENTURE,19800,11.49,0,0.22,N,7
45,42600,RENT,5.5,VENTURE,20000,15.14,1,0.47,N,10
48,64500,RENT,1.8,DEBTCONSOLIDATION,20900,,0,0.32,N,3
42,67300,RENT,7.8,MEDICAL,10000,7.85,0,0.15,N,11
53,24500,RENT,1.9,VENTURE,3600,9.41,0,0.15,N,4
34,50700,OWN,2.7,DEBTCONSOLIDATION,25100,16.27,0,0.5,N,6
40,38300,MORTGAGE,0.7,MEDICAL,21600,19.64,1,0.56,N,8
50,23000,MORTGAGE,9.7,VENTURE,12000,12.27,0,0.52,N,2
62,60900,MORTGAGE,5.2,PERSONAL,7700,8.36,0,0.13,N,9
54,94700,MORTGAGE,1.3,MEDICAL,13300,12.67,0,0.14,N,8
44,55500,OWN,9.5,EDUCATION,10200,9.1,0,0.18,N,21
42,13200,OWN,6.1,PERSONAL,8300,19.28,1,0.63,N,7
41,42100,RENT,2.9,MEDICAL,13700,14.67,0,0.33,N,6
41,33100,OWN,22.9,MEDICAL,22700,14.85,0,0.69,N,16
31,144200,MORTGAGE,2.1,HOMEIMPROVEMENT,15800,12.83,0,0.11,N,6
62,45000,RENT,0.5,MEDICAL,13700,,0,0.3,N,5
43,22300,MORTGAGE,6.6,HOMEIMPROVEMENT,32700,15.73,1,1.47,N,3
37,52800,RENT,7.1,EDUCATION,20400,13.74,0,0.39,N,7
47,76800,RENT,0.3,MEDICAL,7000,8.81,0,0.09,N,10
37,57200,MORTGAGE,8.6,PERSONAL,12300,13.51,0,0.22,N,10
52,34800,RENT,7.5,EDUCATION,13300,15.98,1,0.38,N,5
37,42100,RENT,13.3,MEDICAL,16400,13.21,0,0.39,N,12
50,82500,OWN,0.6,DEBTCONSOLIDATION,18200,14.3,0,0.22,N,7
41,57300,RENT,4.6,PERSONAL,10600,13.23,0,0.18,N,7
46,165000,RENT,1.2,MEDICAL,11400,11.21,0,0.07,Y,15
51,57200,OWN,2.5,MEDICAL,6300,,0,0.11,N,15
39,23400,OWN,1.5,VENTURE,5900,,0,0.25,N,5
51,48500,RENT,3.0,PERSONAL,20400,14.94,1,0.42,N,7
31,39700,RENT,,EDUCATION,26900,23.22,1,0.68,Y,6
58,23100,OWN,1.8,VENTURE,8300,14.89,0,0.36,N,6
53,58200,RENT,0.4,EDUCATION,26800,14.77,1,0.46,Y,2
42,43000,MORTGAGE,3.4,MEDICAL,10900,11.33,0,0.25,N,8
55,58800,RENT,1.8,EDUCATION,24700,16.89,0,0.42,N,4
53,148200,MORTGAGE,4.5,MEDICAL,3700,9.0,0,0.02,N,11
43,50500,RENT,3.0,MEDICAL,6000,11.85,0,0.12,N,6
43,95200,MORTGAGE,1.4,PERSONAL,12600,8.59,0,0.13,N,5
36,48800,RENT,0.5,MEDICAL,23400,13.32,1,0.48,N,3
44,68100,RENT,7.0,PERSONAL,12900,12.52,0,0.19,Y,9
33,57900,RENT,5.0,VENTURE,23100,16.19,1,0.4,N,4
50,62800,RENT,0.2,DEBTCONSOLIDATION,10900,10.56,0,0.17,N,7
50,50400,MORTGAGE,22.7,MEDICAL,7000,12.45,0,0.14,N,6
31,120300,OWN,,HOMEIMPROVEMENT,26900,12.8,0,0.22,N,9
57,76700,MORTGAGE,1.2,MEDICAL,5600,6.33,1,0.07,N,4
38,57700,MORTGAGE,9.2,VENTURE,18900,14.06,0,0.33,N,17
70,89300,RENT,10.7,PERSONAL,24800,11.28,0,0.28,N,4
45,58100,RENT,4.3,VENTURE,6700,11.67,0,0.12,N,6
57,100100,RENT,10.8,DEBTCONSOLIDATION,14400,,0,0.14,N,11
36,28300,MORTGAGE,0.1,EDUCATION,4800,9.08,0,0.17,N,4
41,175000,RENT,14.5,VENTURE,13100,10.37,0,0.07,N,7
39,59600,OWN,0.3,VENTURE,21300,17.64,0,0.36,N,11
32,28900,MORTGAGE,5.1,MEDICAL,10200,13.9,1,0.35,N,5
34,81800,OTHER,2.1,MEDICAL,9000,9.79,0,0.11,N,12
42,110400,RENT,0.2,EDUCATION,9300,7.24,0,0.08,N,6
47,30800,MORTGAGE,13.2,PERSONAL,21400,17.85,0,0.69,N,5
35,41800,RENT,0.7,EDUCATION,30200,,1,0.72,N,5
40,94700,MORTGAGE,9.6,DEBTCONSOLIDATION,8900,10.79,0,0.09,N,3
37,73900,OWN,,VENTURE,5300,11.13,0,0.07,Y,2
43,42500,RENT,6.8,VENTURE,6900,8.8,0,0.16,N,16
49,47200,RENT,1.5,EDUCATION,16900,16.3,0,0.36,N,4
44,27200,RENT,4.4,EDUCATION,18100,,1,0.67,N,4
39,31500,OTHER,8.0,EDUCATION,12900,17.37,0,0.41,N,11
53,21600,RENT,4.2,PERSONAL,5600,12.12,0,0.26,N,6
46,44700,MORTGAGE,1.8,VENTURE,27000,20.82,1,0.6,Y,6
44,78600,RENT,1.3,MEDICAL,27100,16.01,0,0.34,N,3
35,46800,MORTGAGE,1.0,DEBTCONSOLIDATION,11800,16.91,1,0.25,N,2
52,100100,RENT,9.1,EDUCATION,22400,14.46,0,0.22,N,3
47,38000,RENT,4.7,MEDICAL,25500,20.29,1,0.67,N,2
48,23900,MORTGAGE,,PERSONAL,14100,18.53,0,0.59,N,5
41,102200,MORTGAGE,1.4,EDUCATION,16200,8.81,0,0.16,N,5
40,66300,RENT,2.8,EDUCATION,19600,10.5,0,0.3,N,8
62,106400,MORTGAGE,4.8,VENTURE,25200,8.86,0,0.24,N,9
40,45000,RENT,0.4,DEBTCONSOLIDATION,5900,9.62,0,0.13,N,8
34,129900,OWN,2.2,MEDICAL,4800,8.11,0,0.04,N,8
45,30000,RENT,1.4,EDUCATION,18100,14.69,1,0.6,Y,13
43,46300,RENT,5.2,HOMEIMPROVEMENT,4600,7.4,1,0.1,N,5
54,67800,RENT,4.7,VENTURE,6300,10.9,0,0.09,N,5
42,41900,RENT,1.8,EDUCATION,12400,,0,0.3,N,5
49,61400,RENT,0.2,MEDICAL,8000,10.71,0,0.13,N,3
58,107600,RENT,1.0,VENTURE,25500,,0,0.24,N,4
47,66600,MORTGAGE,0.9,EDUCATION,10700,10.9,0,0.16,N,8
36,49100,RENT,4.2,PERSONAL,15700,13.81,1,0.32,N,6
31,106300,RENT,0.9,VENTURE,2600,9.86,0,0.02,Y,5
47,71800,MORTGAGE,3.3,PERSONAL,14300,11.47,0,0.2,N,11
40,53900,MORTGAGE,4.8,MEDICAL,22000,13.4,0,0.41,N,4
45,51800,RENT,10.6,MEDICAL,29700,17.81,1,0.57,Y,5
43,44300,RENT,1.4,HOMEIMPROVEMENT,18100,16.97,1,0.41,Y,7
34,86100,RENT,1.0,EDUCATION,8400,9.7,0,0.1,N,12
42,87900,MORTGAGE,1.0,EDUCATION,11300,11.59,0,0.13,N,5
35,108700,OWN,2.2,HOMEIMPROVEMENT,7500,11.2,0,0.07,N,13
39,68600,RENT,5.2,EDUCATION,10800,,0,0.16,N,8
52,40200,MORTGAGE,5.6,DEBTCONSOLIDATION,15300,17.3,1,0.38,Y,11
44,65000,RENT,1.2,DEBTCONSOLIDATION,13700,,1,0.21,Y,8
48,39800,RENT,0.7,VENTURE,24400,19.15,1,0.61,Y,5
44,59200,MORTGAGE,3.0,PERSONAL,8400,11.1,0,0.14,N,3
41,117600,RENT,0.8,EDUCATION,12600,10.18,0,0.11,N,9
45,103700,MORTGAGE,8.4,PERSONAL,17000,11.26,0,0.16,N,2
32,89100,MORTGAGE,0.4,PERSONAL,30900,11.14,0,0.35,N,2
50,53500,OWN,7.0,EDUCATION,8600,8.79,0,0.16,N,6
37,88700,RENT,0.2,VENTURE,22900,11.04,0,0.26,N,7
48,38100,RENT,8.2,HOMEIMPROVEMENT,16600,16.39,1,0.44,N,2
40,24200,RENT,4.9,HOMEIMPROVEMENT,7000,14.24,0,0.29,N,2
34,62900,RENT,1.9,HOMEIMPROVEMENT,21200,14.79,0,0.34,Y,3
38,44100,MORTGAGE,2.6,PERSONAL,7900,10.1,1,0.18,Y,5
48,144500,MORTGAGE,5.6,EDUCATION,18700,11.35,0,0.13,N,6
67,133000,RENT,,MEDICAL,9100,7.64,0,0.07,N,7
43,37100,OTHER,11.1,PERSONAL,13300,14.35,0,0.36,N,11
65,79400,MORTGAGE,3.3,MEDICAL,21200,13.45,0,0.27,N,2
32,18300,MORTGAGE,7.1,DEBTCONSOLIDATION,17000,20.99,1,0.93,Y,10
27,65300,OTHER,3.5,DEBTCONSOLIDATION,19800,15.66,1,0.3,Y,6
41,64400,RENT,3.0,PERSONAL,21800,13.4,0,0.34,N,3
43,31400,RENT,3.2,MEDICAL,4100,11.12,0,0.13,N,7
48,59300,MORTGAGE,2.3,PERSONAL,13600,10.28,0,0.23,N,5
38,32500,MORTGAGE,6.6,EDUCATION,31400,17.77,1,0.97,Y,5
46,86600,RENT,9.4,MEDICAL,21500,12.05,1,0.25,N,14
41,60000,RENT,9.6,PERSONAL,11300,8.62,0,0.19,N,5
55,123100,RENT,0.6,DEBTCONSOLIDATION,9900,13.13,0,0.08,N,11
45,23300,RENT,7.2,MEDICAL,18800,19.61,1,0.81,N,5
70,33600,OWN,1.1,HOMEIMPROVEMENT,7100,12.28,0,0.21,N,9
42,41500,RENT,0.1,MEDICAL,24800,17.83,1,0.6,N,2
55,71000,MORTGAGE,1.6,PERSONAL,5700,9.86,0,0.08,N,5
58,62900,MORTGAGE,1.7,DEBTCONSOLIDATION,15300,14.55,0,0.24,N,3
27,68400,MORTGAGE,8.3,VENTURE,23400,14.51,0,0.34,Y,9
50,37900,RENT,6.8,MEDICAL,19300,15.66,1,0.51,N,3
34,19000,MORTGAGE,0.4,EDUCATION,13700,17.15,0,0.72,N,5
41,35700,OWN,2.0,EDUCATION,8900,13.86,0,0.25,N,3
35,117500,RENT,1.4,EDUCATION,16200,7.23,0,0.14,N,4
56,38500,RENT,4.5,VENTURE,29500,19.65,1,0.77,Y,7
39,59700,MORTGAGE,3.9,VENTURE,6100,8.54,0,0.1,N,4
31,56000,MORTGAGE,5.7,DEBTCONSOLIDATION,3900,9.57,0,0.07,N,8
45,59900,MORTGAGE,12.1,EDUCATION,12300,11.16,0,0.21,N,3
57,26000,OWN,2.7,PERSONAL,16000,18.63,1,0.62,N,8
35,85000,MORTGAGE,,PERSONAL,11200,10.04,0,0.13,N,3
51,51300,RENT,12.5,PERSONAL,19200,12.71,0,0.37,N,16
30,193000,RENT,3.9,MEDICAL,14500,10.14,0,0.08,N,6
58,44100,RENT,1.8,MEDICAL,11000,9.87,0,0.25,N,3
47,92700,RENT,2.6,PERSONAL,21500,10.26,0,0.23,N,4
34,43800,RENT,7.0,MEDICAL,6200,9.87,0,0.14,N,8
50,155700,RENT,6.4,MEDICAL,4300,12.4,0,0.03,N,5
39,81000,OWN,6.9,HOMEIMPROVEMENT,4900,,0,0.06,N,2
36,26700,RENT,6.8,HOMEIMPROVEMENT,22200,16.3,1,0.83,N,9
39,117500,MORTGAGE,12.7,EDUCATION,21600,11.42,0,0.18,N,8
49,83000,MORTGAGE,7.2,PERSONAL,22800,12.23,0,0.27,N,7
36,41900,MORTGAGE,9.7,VENTURE,9800,11.91,0,0.23,N,6
28,22300,MORTGAGE,4.3,VENTURE,13800,18.67,1,0.62,Y,3
39,104700,RENT,5.2,MEDICAL,10500,9.67,0,0.1,N,11
56,140100,OWN,17.2,VENTURE,15900,10.05,0,0.11,N,5
56,100300,RENT,10.2,VENTURE,23300,13.78,0,0.23,N,12
39,87400,MORTGAGE,7.5,MEDICAL,3300,6.05,0,0.04,N,2
39,73600,OWN,5.8,DEBTCONSOLIDATION,15500,10.61,0,0.21,N,5
38,97000,RENT,,MEDICAL,8400,9.48,0,0.09,N,5
38,46900,OWN,4.0,VENTURE,24300,18.35,0,0.52,Y,9
38,20000,MORTGAGE,0.3,DEBTCONSOLIDATION,28800,22.29,1,1.44,Y,7
45,82200,MORTGAGE,2.7,HOMEIMPROVEMENT,22700,10.96,0,0.28,N,10
56,67200,RENT,0.6,VENTURE,4000,8.02,0,0.06,N,9
36,25000,OWN,6.5,VENTURE,10200,13.24,0,0.41,N,15
37,16200,RENT,11.1,DEBTCONSOLIDATION,8900,19.06,1,0.55,Y,5
46,56700,RENT,1.0,EDUCATION,22600,12.62,0,0.4,Y,5
50,49700,MORTGAGE,,PERSONAL,3200,9.64,0,0.06,N,7
33,47500,MORTGAGE,9.7,EDUCATION,26700,19.4,1,0.56,Y,8
61,74500,RENT,4.4,PERSONAL,15900,14.02,0,0.21,N,4
28,36000,RENT,4.4,DEBTCONSOLIDATION,20000,17.12,1,0.56,N,8
41,79100,MORTGAGE,4.1,EDUCATION,13100,11.74,0,0.17,N,7
33,79400,RENT,1.2,DEBTCONSOLIDATION,18900,17.21,1,0.24,N,10
32,12500,RENT,1.4,EDUCATION,10700,18.53,1,0.86,Y,13
32,52200,RENT,14.0,EDUCATION,17700,,0,0.34,N,6
54,60500,MORTGAGE,6.4,DEBTCONSOLIDATION,12600,11.68,0,0.21,N,11
44,81800,MORTGAGE,0.5,EDUCATION,27200,,1,0.33,N,6
54,73300,MORTGAGE,1.3,PERSONAL,27200,13.61,0,0.37,N,7
42,20700,RENT,4.9,MEDICAL,15500,19.28,1,0.75,Y,10
54,57100,MORTGAGE,1.7,MEDICAL,20800,,0,0.36,N,7
42,47000,MORTGAGE,,PERSONAL,19900,15.67,1,0.42,N,3
25,97800,RENT,1.1,EDUCATION,18900,12.92,0,0.19,N,3
48,28000,RENT,1.0,VENTURE,30200,20.36,1,1.08,Y,12
43,54100,OWN,4.8,HOMEIMPROVEMENT,24600,14.05,0,0.45,N,3
41,87500,RENT,11.8,DEBTCONSOLIDATION,20000,13.32,0,0.23,N,15
36,82300,MORTGAGE,2.2,DEBTCONSOLIDATION,5600,8.61,0,0.07,N,8
50,49800,RENT,0.6,MEDICAL,11100,16.41,0,0.22,N,5
35,103700,MORTGAGE,0.7,PERSONAL,10900,7.61,0,0.11,N,2
50,36200,RENT,13.6,PERSONAL,14200,16.88,1,0.39,N,3
44,81000,RENT,3.8,DEBTCONSOLIDATION,23700,15.16,0,0.29,N,6
50,88800,MORTGAGE,3.1,MEDICAL,18000,10.8,0,0.2,N,4
45,25500,OWN,11.1,PERSONAL,20800,21.93,1,0.82,N,7
55,110900,MORTGAGE,,EDUCATION,4400,7.47,0,0.04,N,2
47,21900,RENT,3.3,EDUCATION,4800,10.09,0,0.22,Y,3
44,66500,MORTGAGE,13.1,VENTURE,27000,14.64,1,0.41,N,3
28,41900,MORTGAGE,3.2,PERSONAL,8500,13.08,0,0.2,N,6
56,94500,RENT,2.5,EDUCATION,21500,11.63,0,0.23,N,4
32,65000,MORTGAGE,4.4,EDUCATION,15000,14.26,0,0.23,N,4
33,145100,RENT,15.0,MEDICAL,11000,9.19,0,0.08,N,2
51,101200,MORTGAGE,16.6,EDUCATION,20500,14.06,0,0.2,N,2
44,58300,MORTGAGE,7.5,MEDICAL,29400,16.2,0,0.5,N,3
32,105100,RENT,3.5,HOMEIMPROVEMENT,9400,10.5,0,0.09,N,9
39,51200,RENT,10.7,PERSONAL,11100,10.46,0,0.22,N,4
55,29800,RENT,2.7,MEDICAL,10000,12.5,0,0.34,N,6
45,42100,MORTGAGE,5.1,MEDICAL,17300,16.09,0,0.41,Y,7
44,50900,MORTGAGE,1.0,HOMEIMPROVEMENT,19400,15.35,0,0.38,Y,2
38,12000,RENT,5.4,DEBTCONSOLIDATION,13500,21.47,1,1.12,Y,10
51,116000,RENT,1.6,VENTURE,8600,8.82,0,0.07,N,7
42,51400,MORTGAGE,7.4,MEDICAL,10500,12.31,0,0.2,N,4
49,92100,RENT,2.7,DEBTCONSOLIDATION,20100,12.98,0,0.22,N,6
37,59200,MORTGAGE,,PERSONAL,24900,14.26,1,0.42,N,6
67,23200,MORTGAGE,6.9,VENTURE,14100,20.09,1,0.61,N,5
58,56600,MORTGAGE,,PERSONAL,9200,9.89,0,0.16,N,7
45,50700,MORTGAGE,6.3,EDUCATION,17800,14.67,0,0.35,N,2
47,37200,MORTGAGE,9.7,HOMEIMPROVEMENT,17100,14.07,0,0.46,N,10
39,43700,MORTGAGE,0.7,HOMEIMPROVEMENT,26000,,1,0.59,N,9
50,55000,RENT,3.3,MEDICAL,9900,,0,0.18,N,11
29,14000,MORTGAGE,11.0,HOMEIMPROVEMENT,22300,16.78,1,1.59,Y,4
61,66000,RENT,8.4,DEBTCONSOLIDATION,17900,14.09,1,0.27,N,12
49,75500,RENT,18.2,HOMEIMPROVEMENT,23100,10.5,0,0.31,N,6
36,71400,MORTGAGE,9.8,DEBTCONSOLIDATION,6300,11.59,0,0.09,N,8
61,46400,MORTGAGE,1.9,EDUCATION,22600,17.4,0,0.49,N,8
65,159600,MORTGAGE,1.0,MEDICAL,13500,,0,0.08,N,4
47,71800,RENT,1.2,MEDICAL,20900,12.13,0,0.29,N,14
37,43100,RENT,1.2,EDUCATION,9100,9.74,0,0.21,N,5
44,27400,RENT,0.4,MEDICAL,11000,16.41,0,0.4,N,9
49,25600,MORTGAGE,11.9,MEDICAL,12300,12.94,0,0.48,N,8
46,67500,OWN,3.5,MEDICAL,15100,7.99,0,0.22,N,10
36,80600,MORTGAGE,0.5,MEDICAL,14200,,0,0.18,N,4
48,58000,MORTGAGE,7.2,EDUCATION,9000,11.02,0,0.16,N,3
55,52500,RENT,2.0,EDUCATION,25800,17.97,1,0.49,Y,7
34,45000,RENT,,MEDICAL,28000,19.22,1,0.62,Y,7
35,71000,MORTGAGE,1.1,DEBTCONSOLIDATION,9000,13.74,0,0.13,N,4
38,35400,RENT,5.4,HOMEIMPROVEMENT,11800,10.77,0,0.33,N,3
42,53600,MORTGAGE,7.9,MEDICAL,21900,,0,0.41,N,6
52,57000,RENT,1.5,PERSONAL,21100,15.09,0,0.37,N,4
55,74400,MORTGAGE,,DEBTCONSOLIDATION,30200,15.56,1,0.41,Y,2
37,34500,RENT,0.0,VENTURE,28200,20.91,1,0.82,Y,7
45,31200,OTHER,1.6,PERSONAL,24500,19.94,1,0.79,Y,12
54,55700,RENT,1.0,HOMEIMPROVEMENT,15900,15.35,0,0.29,N,6
68,60700,RENT,0.4,EDUCATION,10800,11.84,0,0.18,N,15
45,54000,OWN,3.3,EDUCATION,14500,12.31,1,0.27,N,10
46,12200,RENT,5.0,PERSONAL,20800,20.69,1,1.7,Y,9
47,65000,MORTGAGE,0.2,VENTURE,6300,8.59,0,0.1,N,6
41,222500,RENT,0.7,MEDICAL,18800,5.42,0,0.08,N,5
45,89800,MORTGAGE,13.5,DEBTCONSOLIDATION,25400,14.0,0,0.28,N,2
30,18500,MORTGAGE,1.3,DEBTCONSOLIDATION,8600,21.18,1,0.46,Y,5
39,43300,MORTGAGE,7.1,MEDICAL,22100,17.87,1,0.51,Y,14
48,48700,RENT,6.9,PERSONAL,25200,14.23,0,0.52,N,11
36,45400,MORTGAGE,1.9,DEBTCONSOLIDATION,5300,11.34,0,0.12,N,3
52,27400,RENT,1.1,MEDICAL,28900,23.22,1,1.05,Y,8
31,33200,MORTGAGE,1.4,EDUCATION,14000,14.93,0,0.42,N,2
51,90500,RENT,4.2,DEBTCONSOLIDATION,13100,11.11,0,0.14,N,8
51,81700,OTHER,,EDUCATION,16300,9.24,0,0.2,N,3
68,50900,MORTGAGE,3.4,VENTURE,8600,11.13,0,0.17,N,6
40,91300,RENT,8.3,EDUCATION,17800,8.47,0,0.19,N,4
44,37800,MORTGAGE,3.5,HOMEIMPROVEMENT,22000,17.0,1,0.58,Y,5
60,44900,RENT,26.7,EDUCATION,10500,15.41,0,0.23,N,10
58,44300,MORTGAGE,5.5,EDUCATION,9300,8.91,0,0.21,N,4
54,23100,RENT,1.2,PERSONAL,26300,20.07,1,1.14,Y,9
47,47100,RENT,3.5,EDUCATION,13300,16.16,1,0.28,N,5
59,133400,RENT,8.4,EDUCATION,16900,10.51,0,0.13,N,5
70,125600,MORTGAGE,1.2,EDUCATION,23700,13.04,0,0.19,N,9
49,57800,RENT,6.5,VENTURE,19200,,0,0.33,N,6
44,48000,RENT,0.2,EDUCATION,10500,9.89,0,0.22,N,2
50,143300,MORTGAGE,14.3,MEDICAL,3400,8.57,0,0.02,N,7
45,47300,RENT,5.4,DEBTCONSOLIDATION,13300,12.68,0,0.28,N,4
41,40700,RENT,0.9,EDUCATION,9200,10.56,0,0.23,N,8
52,91700,MORTGAGE,10.4,DEBTCONSOLIDATION,12300,11.94,0,0.13,N,2
39,21100,MORTGAGE,0.4,PERSONAL,13100,21.08,1,0.62,N,5
49,51000,MORTGAGE,2.6,DEBTCONSOLIDATION,24100,17.22,1,0.47,Y,8
32,52300,MORTGAGE,6.7,MEDICAL,20600,15.84,1,0.39,N,5
62,71900,RENT,13.9,VENTURE,8300,14.09,0,0.12,N,8
37,39100,MORTGAGE,2.1,PERSONAL,10400,,1,0.27,N,8
33,49300,RENT,8.9,EDUCATION,15800,,0,0.32,N,11
57,57000,RENT,1.1,PERSONAL,15400,9.22,0,0.27,N,3
60,47100,RENT,0.2,EDUCATION,15000,12.31,0,0.32,N,2
46,48900,MORTGAGE,0.1,MEDICAL,28500,19.98,1,0.58,Y,6
43,85600,RENT,5.4,DEBTCONSOLIDATION,18500,15.44,1,0.22,Y,9
41,74600,OWN,0.8,PERSONAL,6100,7.77,0,0.08,N,10
46,72000,RENT,0.3,PERSONAL,27700,12.84,0,0.38,N,12
43,21900,MORTGAGE,18.8,EDUCATION,13200,,0,0.6,N,9
42,68600,MORTGAGE,1.4,PERSONAL,15700,15.13,0,0.23,N,5
37,34100,RENT,3.1,EDUCATION,22400,20.06,1,0.66,N,6
35,162000,MORTGAGE,4.7,HOMEIMPROVEMENT,8600,10.61,0,0.05,N,9
44,53900,MORTGAGE,0.8,MEDICAL,14200,12.92,0,0.26,N,9
46,48600,RENT,2.2,DEBTCONSOLIDATION,23900,14.91,0,0.49,N,5
38,124900,RENT,5.2,HOMEIMPROVEMENT,19700,11.71,0,0.16,N,5
39,105300,OWN,5.1,EDUCATION,11000,8.13,0,0.1,N,3
46,47500,RENT,9.2,EDUCATION,15900,12.91,0,0.33,N,10
36,28400,OTHER,2.9,DEBTCONSOLIDATION,2500,7.81,0,0.09,N,5
54,20500,MORTGAGE,11.0,PERSONAL,4600,10.14,0,0.22,N,7
49,30500,MORTGAGE,5.7,EDUCATION,6600,11.22,0,0.22,N,6
38,64600,RENT,4.1,DEBTCONSOLIDATION,18600,11.65,0,0.29,N,15
48,50000,RENT,0.6,DEBTCONSOLIDATION,16700,11.85,0,0.33,Y,6
37,32400,RENT,4.3,VENTURE,26400,22.05,0,0.81,N,4
51,43700,RENT,4.5,HOMEIMPROVEMENT,18900,14.57,1,0.43,Y,5
37,139300,RENT,7.1,VENTURE,12400,9.85,0,0.09,N,10
43,100300,RENT,,VENTURE,24200,12.87,0,0.24,N,2
45,142100,RENT,3.8,EDUCATION,4400,6.83,0,0.03,N,8
59,37100,RENT,4.5,HOMEIMPROVEMENT,2700,11.76,0,0.07,N,13
37,84400,RENT,7.4,EDUCATION,9300,11.11,1,0.11,N,7
37,79800,MORTGAGE,2.2,MEDICAL,6900,11.12,0,0.09,N,8
33,121500,MORTGAGE,0.7,PERSONAL,9600,10.52,0,0.08,N,3
64,54500,OWN,10.4,EDUCATION,10200,12.88,0,0.19,N,2
44,35200,RENT,16.8,VENTURE,13100,16.92,0,0.37,Y,16
54,33000,MORTGAGE,2.8,EDUCATION,16400,16.34,1,0.5,Y,14
39,53800,MORTGAGE,21.0,EDUCATION,11100,10.49,0,0.21,N,8
39,56500,MORTGAGE,1.9,PERSONAL,29600,15.0,0,0.52,N,5
43,62900,MORTGAGE,0.3,VENTURE,14900,11.65,0,0.24,N,5
43,25100,MORTGAGE,4.2,PERSONAL,24500,20.86,1,0.98,Y,3
50,110400,RENT,10.1,VENTURE,21800,10.28,1,0.2,N,6
44,25700,RENT,,VENTURE,4600,13.18,0,0.18,N,15
40,110200,RENT,,VENTURE,13400,10.9,0,0.12,N,4
64,45400,RENT,0.1,EDUCATION,21900,16.23,0,0.48,N,4
36,149500,MORTGAGE,6.4,EDUCATION,25900,10.25,0,0.17,N,4
37,20700,MORTGAGE,9.3,DEBTCONSOLIDATION,17000,16.77,1,0.82,Y,5
37,103400,MORTGAGE,1.5,PERSONAL,27200,10.65,0,0.26,N,12
50,30700,RENT,,EDUCATION,17700,17.56,0,0.58,N,3
48,29500,MORTGAGE,16.2,MEDICAL,8500,12.48,0,0.29,N,10
42,134700,RENT,3.1,DEBTCONSOLIDATION,15200,11.92,0,0.11,N,6
36,82000,RENT,0.7,HOMEIMPROVEMENT,20300,12.93,0,0.25,N,7
45,24000,MORTGAGE,,DEBTCONSOLIDATION,17800,18.29,1,0.74,Y,2
52,60500,MORTGAGE,3.4,VENTURE,5800,7.71,0,0.1,N,7
60,117300,MORTGAGE,2.1,DEBTCONSOLIDATION,9000,11.78,0,0.08,N,7
38,73700,RENT,0.5,PERSONAL,18400,10.64,0,0.25,N,2
42,55100,OWN,3.1,PERSONAL,14600,14.31,0,0.26,N,2
48,102000,MORTGAGE,7.3,DEBTCONSOLIDATION,3900,9.6,0,0.04,N,6
40,66400,MORTGAGE,6.3,MEDICAL,19800,14.81,0,0.3,N,5
33,21700,OTHER,3.4,PERSONAL,5600,11.54,0,0.26,N,5
42,57100,RENT,6.4,EDUCATION,8100,9.81,0,0.14,N,5
34,70700,RENT,2.2,EDUCATION,25800,15.44,0,0.36,N,8
53,61200,OWN,6.6,DEBTCONSOLIDATION,10400,9.79,0,0.17,Y,8
41,43400,RENT,0.4,VENTURE,4100,8.96,0,0.09,N,10
43,69700,RENT,1.1,MEDICAL,3200,11.8,0,0.05,N,8
37,59900,RENT,10.5,VENTURE,27500,16.0,1,0.46,N,2
43,18100,RENT,1.7,HOMEIMPROVEMENT,11400,18.57,0,0.63,N,6
57,26100,RENT,1.2,DEBTCONSOLIDATION,16700,20.55,1,0.64,Y,5
54,64300,MORTGAGE,0.5,VENTURE,12200,13.09,0,0.19,N,11
35,81600,RENT,2.5,VENTURE,8600,11.74,0,0.11,N,16
26,35300,RENT,0.3,VENTURE,24600,19.56,1,0.7,Y,6
42,81300,RENT,3.4,DEBTCONSOLIDATION,28300,16.06,1,0.35,Y,3
41,71300,MORTGAGE,12.6,DEBTCONSOLIDATION,31700,15.55,0,0.44,N,4
40,48800,MORTGAGE,7.7,EDUCATION,4400,9.74,0,0.09,N,5
39,68500,MORTGAGE,0.2,PERSONAL,4700,7.72,0,0.07,N,4
35,67700,RENT,1.8,EDUCATION,23800,16.2,0,0.35,N,17
69,87700,RENT,1.0,PERSONAL,7900,12.63,0,0.09,N,7
64,90100,MORTGAGE,0.3,EDUCATION,15300,7.22,0,0.17,N,17
40,30500,RENT,0.6,DEBTCONSOLIDATION,15700,21.53,1,0.51,N,2
45,36200,MORTGAGE,11.9,PERSONAL,17700,15.96,1,0.49,Y,8
53,122000,RENT,1.9,DEBTCONSOLIDATION,4200,11.71,0,0.03,N,7
45,88000,RENT,,HOMEIMPROVEMENT,10300,11.36,1,0.12,Y,6
40,77000,RENT,3.3,HOMEIMPROVEMENT,14300,,0,0.19,N,7
34,83900,RENT,6.8,EDUCATION,7900,8.62,0,0.09,N,4
44,101300,RENT,8.0,MEDICAL,28000,9.92,0,0.28,N,5
34,58300,RENT,16.0,VENTURE,22700,12.95,0,0.39,N,5
56,44000,OWN,1.2,PERSONAL,7200,12.97,0,0.16,N,8
43,73800,OWN,1.8,EDUCATION,17900,13.33,0,0.24,N,3
48,53400,MORTGAGE,1.9,HOMEIMPROVEMENT,12200,8.57,0,0.23,N,6
41,127000,OWN,2.9,MEDICAL,10300,6.27,0,0.08,N,2
52,126000,MORTGAGE,8.2,PERSONAL,10000,10.73,0,0.08,N,2
38,88400,RENT,1.4,HOMEIMPROVEMENT,17700,12.88,0,0.2,N,2
46,26800,MORTGAGE,,DEBTCONSOLIDATION,25800,21.47,1,0.96,Y,5
40,29700,RENT,1.1,MEDICAL,23000,19.28,1,0.77,Y,3
42,26300,MORTGAGE,6.2,VENTURE,11000,14.7,0,0.42,N,6
53,60000,RENT,8.0,PERSONAL,18900,12.8,0,0.32,N,22
37,90000,MORTGAGE,9.6,PERSONAL,14600,11.13,0,0.16,N,9
47,45700,MORTGAGE,3.6,PERSONAL,12800,12.36,0,0.28,N,12
57,38000,RENT,2.0,EDUCATION,10100,12.44,0,0.27,N,7
53,57400,MORTGAGE,7.4,EDUCATION,5700,13.46,0,0.1,N,2
39,35200,MORTGAGE,1.9,EDUCATION,8200,11.0,0,0.23,N,3
48,62700,MORTGAGE,0.8,MEDICAL,15400,9.65,0,0.25,N,10
31,47400,MORTGAGE,9.0,EDUCATION,19500,15.17,0,0.41,N,13
53,37700,MORTGAGE,2.6,DEBTCONSOLIDATION,4200,10.9,0,0.11,N,9
70,57700,RENT,4.2,MEDICAL,11600,10.4,0,0.2,N,11
46,88300,RENT,12.5,PERSONAL,7700,8.27,0,0.09,N,2
58,23500,RENT,0.7,HOMEIMPROVEMENT,16200,17.19,1,0.69,Y,6
33,59400,RENT,4.1,MEDICAL,24100,15.19,0,0.41,N,3
36,17100,RENT,4.1,VENTURE,27100,22.38,1,1.58,N,7
41,47100,MORTGAGE,9.9,EDUCATION,24900,17.44,1,0.53,Y,17
42,79400,RENT,2.1,MEDICAL,24400,12.3,0,0.31,N,6
46,95100,RENT,2.6,VENTURE,16200,10.56,0,0.17,N,2
39,40600,MORTGAGE,3.7,EDUCATION,9100,11.35,0,0.22,N,4
45,40400,RENT,0.9,VENTURE,20000,18.57,1,0.5,Y,7
53,47700,RENT,3.2,MEDICAL,19400,15.49,1,0.41,Y,7
48,29500,RENT,2.9,HOMEIMPROVEMENT,7700,12.58,0,0.26,N,16
40,59200,RENT,1.1,MEDICAL,8300,7.9,0,0.14,N,2
51,31200,OWN,8.9,EDUCATION,6500,13.86,0,0.21,N,3
40,73600,MORTGAGE,2.8,VENTURE,13900,11.55,0,0.19,N,6
44,36500,RENT,1.8,MEDICAL,10500,,1,0.29,N,6
52,45400,RENT,0.7,MEDICAL,25600,18.61,0,0.56,N,4
42,71300,RENT,,MEDICAL,4200,5.42,0,0.06,Y,6
34,76800,MORTGAGE,16.0,DEBTCONSOLIDATION,10600,8.7,0,0.14,N,2
44,74900,OWN,26.0,VENTURE,24500,15.31,0,0.33,Y,2
52,62600,RENT,11.4,MEDICAL,34100,15.65,1,0.54,N,4
54,29800,MORTGAGE,3.1,DEBTCONSOLIDATION,19400,19.99,1,0.65,Y,10
35,53200,RENT,8.2,VENTURE,25600,16.39,1,0.48,N,3
50,49200,MORTGAGE,9.0,EDUCATION,3100,5.42,0,0.06,N,5
41,43000,RENT,1.8,HOMEIMPROVEMENT,20800,16.51,0,0.48,N,5
59,56400,RENT,4.4,EDUCATION,13200,12.22,1,0.23,N,8
34,33700,RENT,15.7,PERSONAL,18500,21.3,1,0.55,Y,3
50,53200,RENT,1.6,DEBTCONSOLIDATION,12600,12.64,0,0.24,N,5
41,45900,MORTGAGE,5.4,MEDICAL,15500,13.33,0,0.34,N,7
39,42100,OWN,5.4,EDUCATION,9400,10.87,0,0.22,N,10
53,29300,RENT,3.0,MEDICAL,15600,21.73,1,0.53,Y,9
55,28900,RENT,3.4,VENTURE,10000,15.22,0,0.35,N,6
30,113400,RENT,3.0,HOMEIMPROVEMENT,9800,8.23,0,0.09,N,3
53,57700,RENT,3.7,EDUCATION,10600,10.78,0,0.18,N,6
43,146800,MORTGAGE,0.8,PERSONAL,8400,8.08,0,0.06,N,3
44,150800,RENT,7.9,DEBTCONSOLIDATION,8800,9.54,0,0.06,N,7
34,106500,MORTGAGE,5.4,VENTURE,27200,11.99,0,0.26,N,4
49,26800,MORTGAGE,18.2,PERSONAL,13000,17.83,0,0.49,N,2
70,117700,RENT,1.4,DEBTCONSOLIDATION,16500,10.72,0,0.14,N,6
39,50500,MORTGAGE,0.8,VENTURE,15500,13.49,0,0.31,N,15
56,46500,OWN,2.1,DEBTCONSOLIDATION,9500,12.63,0,0.2,N,3
43,43000,RENT,3.6,EDUCATION,1200,8.53,0,0.03,N,7
39,44700,MORTGAGE,1.1,VENTURE,6300,13.32,0,0.14,N,3
33,67500,MORTGAGE,3.1,EDUCATION,22800,13.03,1,0.34,N,2
58,191900,MORTGAGE,5.1,DEBTCONSOLIDATION,6500,9.92,0,0.03,Y,6
44,22000,RENT,0.3,PERSONAL,8500,13.31,1,0.39,N,6
40,157800,MORTGAGE,7.1,VENTURE,26200,11.84,0,0.17,N,9
41,124200,MORTGAGE,14.0,MEDICAL,22000,10.96,0,0.18,N,6
50,49100,RENT,1.6,MEDICAL,4800,8.87,0,0.1,N,10
40,41200,MORTGAGE,7.5,EDUCATION,17200,,0,0.42,N,11
36,25800,OWN,2.7,MEDICAL,14300,12.96,0,0.55,N,5
43,32900,MORTGAGE,5.5,MEDICAL,11300,11.57,0,0.34,N,8
42,38800,OWN,6.8,VENTURE,13900,13.27,1,0.36,N,6
42,51200,RENT,1.7,PERSONAL,7400,11.47,0,0.14,N,6
40,53300,RENT,7.7,PERSONAL,28700,16.23,1,0.54,N,12
56,82300,MORTGAGE,0.6,VENTURE,7800,12.79,0,0.09,N,4
70,77500,RENT,21.6,HOMEIMPROVEMENT,8100,9.28,0,0.1,N,4
35,61800,MORTGAGE,2.1,EDUCATION,11400,11.45,0,0.18,N,9
29,52900,RENT,1.3,PERSONAL,8600,11.12,0,0.16,N,2
41,101600,RENT,0.7,EDUCATION,10400,7.13,0,0.1,N,10
30,86000,MORTGAGE,8.4,PERSONAL,4300,8.95,0,0.05,N,11
32,69200,RENT,4.4,PERSONAL,16500,9.23,0,0.24,N,3
39,43300,RENT,15.1,PERSONAL,9100,13.01,0,0.21,N,7
50,99500,MORTGAGE,5.2,PERSONAL,29900,11.61,0,0.3,N,15
41,85700,MORTGAGE,2.1,EDUCATION,6600,10.1,0,0.08,N,4
28,47300,MORTGAGE,9.1,EDUCATION,5600,8.44,0,0.12,N,3
41,18900,MORTGAGE,1.7,PERSONAL,7900,15.49,1,0.42,Y,4
42,57100,RENT,1.7,DEBTCONSOLIDATION,14900,12.58,0,0.26,N,4
42,37000,RENT,0.1,EDUCATION,20100,19.02,1,0.54,N,5
54,80400,RENT,1.5,EDUCATION,15300,10.85,0,0.19,N,6
52,61000,MORTGAGE,1.5,DEBTCONSOLIDATION,23900,16.84,0,0.39,N,2
44,21600,RENT,1.8,HOMEIMPROVEMENT,16000,18.18,1,0.74,Y,5
66,63700,MORTGAGE,2.3,VENTURE,7100,9.82,0,0.11,N,3
33,139200,RENT,4.3,EDUCATION,8100,,0,0.06,N,4
39,49800,MORTGAGE,1.2,MEDICAL,11200,11.73,0,0.22,N,6
42,53900,RENT,5.1,PERSONAL,26600,,0,0.49,N,5
43,44900,MORTGAGE,0.7,VENTURE,13200,15.8,1,0.29,N,10
33,56400,MORTGAGE,13.4,EDUCATION,24500,15.92,1,0.43,N,8
30,126400,MORTGAGE,0.1,MEDICAL,5500,5.77,0,0.04,Y,6
43,96800,MORTGAGE,11.9,PERSONAL,18400,10.12,0,0.19,N,13
32,39500,MORTGAGE,4.0,MEDICAL,13300,9.21,1,0.34,N,14
38,52100,MORTGAGE,6.2,MEDICAL,7900,8.32,0,0.15,N,5
45,53900,RENT,1.8,DEBTCONSOLIDATION,5700,12.75,0,0.11,N,3
34,67900,RENT,1.0,HOMEIMPROVEMENT,10400,10.43,0,0.15,N,7
47,68600,MORTGAGE,14.7,PERSONAL,22400,11.28,0,0.33,N,12
37,51400,OWN,2.9,MEDICAL,17200,14.06,0,0.33,N,9
40,27300,MORTGAGE,3.3,MEDICAL,13200,14.79,1,0.48,Y,9
48,50900,MORTGAGE,21.2,MEDICAL,23300,13.19,1,0.46,N,5
43,44400,MORTGAGE,2.0,EDUCATION,8000,11.63,0,0.18,N,8
46,33100,OTHER,0.5,EDUCATION,9800,11.45,0,0.3,N,9
48,83600,MORTGAGE,4.4,MEDICAL,15100,9.67,0,0.18,N,11
43,54800,MORTGAGE,,PERSONAL,16000,,0,0.29,N,3
47,30700,RENT,7.4,VENTURE,10500,15.87,0,0.34,N,10
38,161000,RENT,15.5,MEDICAL,14100,10.58,0,0.09,N,5
48,68100,RENT,1.8,EDUCATION,6700,8.91,0,0.1,N,10
42,83700,MORTGAGE,6.4,PERSONAL,2700,7.94,0,0.03,N,5
57,96400,RENT,2.9,EDUCATION,25800,12.59,0,0.27,N,8
45,42600,MORTGAGE,7.7,EDUCATION,12800,10.95,0,0.3,N,2
39,73100,OWN,0.9,MEDICAL,8900,9.63,0,0.12,N,5
48,18700,MORTGAGE,3.5,VENTURE,10700,18.44,0,0.57,N,6
57,92000,MORTGAGE,0.4,PERSONAL,14400,8.36,0,0.16,N,12
40,52200,RENT,4.1,PERSONAL,28100,16.64,0,0.54,N,11
38,72400,RENT,0.9,MEDICAL,19300,,0,0.27,Y,4
27,52100,RENT,9.0,PERSONAL,28200,15.29,0,0.54,N,3
45,147200,MORTGAGE,4.0,EDUCATION,6500,9.7,0,0.04,N,11
41,106200,RENT,3.8,VENTURE,8000,8.26,0,0.08,N,6
48,12900,RENT,17.9,VENTURE,11300,19.78,1,0.88,N,3
48,73400,MORTGAGE,3.4,PERSONAL,9200,10.51,0,0.13,N,2
33,46400,RENT,5.6,EDUCATION,28800,,1,0.62,Y,7
52,75000,MORTGAGE,0.2,EDUCATION,7800,8.58,0,0.1,N,6
37,74500,MORTGAGE,6.2,EDUCATION,7800,10.37,0,0.1,N,19
40,36000,MORTGAGE,0.6,VENTURE,13700,16.02,1,0.38,Y,5
28,50800,OTHER,7.6,VENTURE,18600,16.25,0,0.37,N,4
47,30900,RENT,10.5,EDUCATION,11600,15.25,1,0.38,Y,11
35,122700,RENT,1.9,PERSONAL,4400,9.43,0,0.04,N,7
38,64900,RENT,10.5,PERSONAL,20600,13.74,0,0.32,N,6
34,68700,RENT,3.3,EDUCATION,28100,14.83,0,0.41,N,2
53,64000,MORTGAGE,4.2,MEDICAL,22100,17.09,0,0.35,N,5
40,30200,OWN,2.6,DEBTCONSOLIDATION,23100,23.22,1,0.76,Y,3
34,76700,OWN,3.2,PERSONAL,23400,,0,0.31,N,8
34,144600,MORTGAGE,11.9,MEDICAL,20400,9.75,0,0.14,N,3
51,23000,MORTGAGE,14.7,PERSONAL,21900,18.97,1,0.95,N,6
37,56600,MORTGAGE,3.0,DEBTCONSOLIDATION,5600,8.19,0,0.1,N,2
39,82300,RENT,3.6,MEDICAL,4900,5.42,0,0.06,N,4
44,35900,RENT,0.6,PERSONAL,5500,9.57,0,0.15,Y,6
41,81000,RENT,2.0,EDUCATION,16000,13.98,0,0.2,N,4
30,55500,RENT,3.6,EDUCATION,9100,12.14,0,0.16,N,10
49,36600,RENT,,VENTURE,3800,9.69,0,0.1,N,6
41,13600,MORTGAGE,4.3,VENTURE,5600,16.67,0,0.41,N,5
46,51300,MORTGAGE,5.8,DEBTCONSOLIDATION,5300,8.97,0,0.1,N,4
50,52000,MORTGAGE,5.2,PERSONAL,16900,14.35,0,0.32,N,6
29,111600,RENT,2.9,MEDICAL,7200,8.74,0,0.06,N,10
50,65300,MORTGAGE,7.3,VENTURE,23300,17.34,0,0.36,N,6
70,40500,MORTGAGE,1.9,PERSONAL,32500,19.33,1,0.8,Y,3
47,22800,RENT,3.2,MEDICAL,12800,11.75,0,0.56,N,5
57,87600,MORTGAGE,1.6,MEDICAL,14800,10.23,0,0.17,N,3
53,57800,MORTGAGE,4.6,EDUCATION,9400,10.08,1,0.16,N,5
50,43600,MORTGAGE,2.9,EDUCATION,17600,14.52,0,0.4,N,14
53,40200,RENT,1.2,VENTURE,26300,16.75,1,0.65,Y,4
55,107400,RENT,1.8,VENTURE,8000,13.62,0,0.07,N,11
56,116400,RENT,1.6,EDUCATION,28600,12.23,0,0.25,N,8
34,38400,OWN,12.1,EDUCATION,8800,11.29,0,0.23,N,4
54,15300,MORTGAGE,3.7,EDUCATION,9500,17.73,1,0.62,N,11
41,48200,RENT,5.3,PERSONAL,26200,16.23,1,0.54,Y,4
56,61400,MORTGAGE,13.6,EDUCATION,16000,9.56,0,0.26,N,8
48,56400,RENT,1.0,MEDICAL,3900,10.91,0,0.07,N,2
34,22800,MORTGAGE,13.8,EDUCATION,21800,19.26,1,0.96,Y,7
58,125900,MORTGAGE,3.9,VENTURE,17200,11.22,0,0.14,N,10
37,19500,MORTGAGE,9.7,VENTURE,19900,22.24,1,1.02,Y,5
41,35900,RENT,0.9,HOMEIMPROVEMENT,7600,10.46,0,0.21,N,13
61,30900,RENT,1.6,PERSONAL,24400,21.63,1,0.79,N,10
45,30000,RENT,1.1,HOMEIMPROVEMENT,21100,18.41,1,0.7,Y,9
41,16300,MORTGAGE,5.3,VENTURE,28900,18.83,1,1.77,N,4
43,56000,MORTGAGE,0.8,PERSONAL,12100,10.89,0,0.22,N,13
40,117900,MORTGAGE,7.9,DEBTCONSOLIDATION,14400,10.94,0,0.12,N,2
51,49500,RENT,1.4,EDUCATION,18800,16.47,0,0.38,N,9
41,31100,MORTGAGE,1.5,DEBTCONSOLIDATION,6300,13.12,1,0.2,Y,14
43,117600,RENT,1.7,EDUCATION,8600,9.45,0,0.07,N,7
49,86000,RENT,6.9,PERSONAL,9900,7.48,0,0.12,N,10
48,34000,MORTGAGE,12.9,PERSONAL,28000,19.53,0,0.82,N,7
38,64700,RENT,11.9,EDUCATION,1600,5.51,0,0.02,N,4
51,98100,RENT,0.5,HOMEIMPROVEMENT,32700,,0,0.33,N,5
39,33000,RENT,1.5,HOMEIMPROVEMENT,11900,14.07,1,0.36,Y,4
35,57900,MORTGAGE,5.6,PERSONAL,17400,10.6,0,0.3,N,6
31,43800,RENT,4.8,EDUCATION,12200,16.71,0,0.28,N,2
42,28100,RENT,2.2,VENTURE,21200,19.32,1,0.75,Y,4
32,59400,RENT,9.9,MEDICAL,28400,18.3,0,0.48,Y,4
37,68700,RENT,0.7,HOMEIMPROVEMENT,12900,12.52,0,0.19,N,6
43,55500,MORTGAGE,5.1,MEDICAL,8000,,0,0.14,N,11
55,34600,OWN,1.6,PERSONAL,8800,12.88,0,0.25,N,10
41,172000,RENT,3.7,PERSONAL,9500,6.88,0,0.06,N,13
33,41400,OTHER,2.5,MEDICAL,8800,12.32,0,0.21,N,4
43,73700,RENT,19.5,VENTURE,2900,9.26,0,0.04,N,12
55,84500,RENT,3.3,MEDICAL,24000,9.23,0,0.28,Y,7
41,13800,MORTGAGE,18.7,MEDICAL,18200,20.36,1,1.32,Y,9
57,85500,MORTGAGE,1.5,DEBTCONSOLIDATION,14300,,0,0.17,N,7
43,54400,RENT,,EDUCATION,7300,6.75,0,0.13,N,4
50,46900,RENT,6.3,MEDICAL,4300,13.3,0,0.09,N,9
45,50600,MORTGAGE,9.4,EDUCATION,11700,14.89,0,0.23,N,3
57,74700,OWN,5.9,MEDICAL,2200,9.16,0,0.03,N,2
67,15400,OTHER,5.7,PERSONAL,4900,13.94,0,0.32,N,4
40,55100,MORTGAGE,5.4,EDUCATION,5500,9.61,0,0.1,N,2
45,68700,MORTGAGE,21.0,MEDICAL,22200,9.29,0,0.32,N,6
55,177800,MORTGAGE,1.3,DEBTCONSOLIDATION,19400,11.92,0,0.11,N,5
46,25800,MORTGAGE,,PERSONAL,10300,15.35,1,0.4,Y,6
31,69100,OTHER,5.7,EDUCATION,10200,11.02,0,0.15,N,5
41,41500,MORTGAGE,0.9,HOMEIMPROVEMENT,10900,11.02,0,0.26,N,2
46,70700,MORTGAGE,5.7,HOMEIMPROVEMENT,15400,11.17,0,0.22,N,6
60,87300,RENT,1.9,EDUCATION,23900,12.85,0,0.27,N,7
44,36200,MORTGAGE,0.2,HOMEIMPROVEMENT,13500,13.89,0,0.37,N,5
36,158800,MORTGAGE,7.3,VENTURE,7400,9.39,0,0.05,N,5
46,112100,RENT,0.3,HOMEIMPROVEMENT,7600,9.41,0,0.07,N,7
59,83600,RENT,1.3,HOMEIMPROVEMENT,4900,9.19,0,0.06,Y,10
38,44500,RENT,2.1,PERSONAL,19900,16.01,0,0.45,N,10
39,39900,OWN,0.7,MEDICAL,12000,13.63,0,0.3,N,5
38,69000,MORTGAGE,12.2,HOMEIMPROVEMENT,26500,12.48,0,0.38,N,10
34,43600,RENT,4.9,VENTURE,10300,11.88,0,0.24,N,5
44,40600,RENT,10.4,MEDICAL,21600,14.95,0,0.53,N,11
43,155300,MORTGAGE,5.7,VENTURE,13900,,0,0.09,N,6
31,73200,MORTGAGE,13.0,MEDICAL,23400,13.11,0,0.32,N,4
37,85200,RENT,3.7,HOMEIMPROVEMENT,15300,8.98,0,0.18,N,6
45,152100,OWN,0.3,DEBTCONSOLIDATION,8200,13.57,0,0.05,N,3
50,56700,MORTGAGE,0.9,EDUCATION,21700,17.31,0,0.38,Y,2
53,38300,MORTGAGE,4.4,EDUCATION,2200,6.21,0,0.06,N,8
51,30100,MORTGAGE,2.1,EDUCATION,14100,16.02,1,0.47,N,8
43,114100,RENT,0.6,VENTURE,8300,12.79,0,0.07,N,3
33,44100,MORTGAGE,1.4,DEBTCONSOLIDATION,10800,12.09,0,0.24,N,3
42,12000,MORTGAGE,3.2,VENTURE,12100,21.48,1,1.01,N,7
28,12500,OWN,3.7,VENTURE,15300,22.98,1,1.22,Y,5
45,24100,RENT,13.6,MEDICAL,11100,16.49,0,0.46,N,5
38,44100,MORTGAGE,0.5,VENTURE,17300,17.52,1,0.39,N,10
29,47800,MORTGAGE,2.2,MEDICAL,8100,8.19,0,0.17,N,11
47,72400,MORTGAGE,3.5,MEDICAL,21400,11.93,0,0.3,N,5
59,29000,MORTGAGE,0.6,MEDICAL,16200,17.49,1,0.56,N,2
32,61100,RENT,5.8,EDUCATION,11100,10.49,0,0.18,N,8
48,88100,RENT,3.6,HOMEIMPROVEMENT,14700,12.44,0,0.17,N,4
40,50100,RENT,3.1,DEBTCONSOLIDATION,12000,13.91,0,0.24,N,6
37,42000,RENT,5.3,DEBTCONSOLIDATION,24500,19.58,1,0.58,Y,2
37,33600,OWN,1.7,VENTURE,15000,13.04,0,0.45,Y,12
40,101700,RENT,2.1,DEBTCONSOLIDATION,21300,12.47,0,0.21,N,6
40,25500,RENT,0.9,HOMEIMPROVEMENT,21500,17.04,1,0.84,Y,14
43,129000,MORTGAGE,3.7,MEDICAL,19700,,0,0.15,N,12
37,53500,OWN,2.3,MEDICAL,20200,13.53,0,0.38,N,6
38,30600,MORTGAGE,1.5,PERSONAL,8800,13.87,0,0.29,N,3
49,86000,MORTGAGE,0.7,PERSONAL,24300,12.51,0,0.28,N,5
36,71600,RENT,0.1,DEBTCONSOLIDATION,18900,16.39,0,0.26,N,2
46,68100,RENT,1.1,MEDICAL,4800,10.14,0,0.07,N,6
41,79800,RENT,1.4,MEDICAL,17400,,0,0.22,N,14
39,59200,RENT,3.3,VENTURE,13600,10.05,0,0.23,N,2
63,69700,RENT,1.4,EDUCATION,7200,8.96,0,0.1,N,16
34,114500,RENT,8.5,EDUCATION,13400,11.52,0,0.12,Y,13
60,60600,RENT,3.2,MEDICAL,26700,13.87,1,0.44,N,8
52,85000,RENT,4.9,EDUCATION,24500,11.85,0,0.29,N,4
38,16200,RENT,1.2,EDUCATION,5800,12.68,0,0.36,N,4
52,64800,OWN,2.7,PERSONAL,12800,11.35,0,0.2,N,8
26,217000,OWN,4.6,VENTURE,14200,8.81,0,0.07,N,6
38,20300,RENT,1.9,PERSONAL,18500,18.2,1,0.91,Y,7
36,162800,RENT,2.0,EDUCATION,20600,9.62,0,0.13,N,10
47,80500,MORTGAGE,8.2,MEDICAL,22700,12.51,0,0.28,N,6
50,21300,RENT,9.1,EDUCATION,16100,,1,0.76,Y,3
47,55400,OWN,3.8,HOMEIMPROVEMENT,24800,15.53,1,0.45,N,2
45,67600,RENT,11.3,EDUCATION,15200,13.89,0,0.22,N,2
53,89400,MORTGAGE,6.7,EDUCATION,3500,8.05,0,0.04,N,6
51,42600,MORTGAGE,0.3,VENTURE,13100,10.8,0,0.31,N,7
38,79500,RENT,4.1,MEDICAL,7600,8.66,0,0.1,N,2
39,116100,RENT,6.0,DEBTCONSOLIDATION,15600,10.27,0,0.13,N,6
50,88200,MORTGAGE,3.9,DEBTCONSOLIDATION,18200,13.67,0,0.21,N,9
43,104400,OTHER,8.9,DEBTCONSOLIDATION,18200,,0,0.17,N,10
44,42400,MORTGAGE,1.8,PERSONAL,13800,14.0,0,0.33,N,8
45,79000,MORTGAGE,0.3,EDUCATION,19200,13.13,0,0.24,N,4
31,191900,OWN,5.0,EDUCATION,6600,9.47,0,0.03,N,3
38,29900,RENT,6.6,EDUCATION,28200,21.18,1,0.94,N,14
48,68300,RENT,7.2,DEBTCONSOLIDATION,23200,16.25,0,0.34,N,14
38,29300,RENT,0.1,PERSONAL,23700,19.34,1,0.81,Y,5
41,108000,RENT,5.6,HOMEIMPROVEMENT,4000,10.39,0,0.04,N,8
48,18300,MORTGAGE,0.1,PERSONAL,8900,17.16,1,0.49,N,5
53,39600,RENT,7.5,MEDICAL,6200,11.34,0,0.16,N,11
55,192700,RENT,6.1,EDUCATION,24100,8.72,0,0.13,N,7
56,41300,RENT,4.2,MEDICAL,20100,14.71,0,0.49,Y,2
42,52400,RENT,3.5,EDUCATION,6100,9.19,0,0.12,Y,10
41,107500,RENT,6.3,PERSONAL,12000,11.2,0,0.11,N,13
35,50200,RENT,0.3,EDUCATION,14200,12.31,0,0.28,N,10
59,17700,MORTGAGE,8.9,PERSONAL,19100,18.29,1,1.08,N,15
41,30100,MORTGAGE,1.1,PERSONAL,10000,12.45,0,0.33,N,4
58,111900,MORTGAGE,3.2,PERSONAL,10000,,0,0.09,N,3
46,121700,MORTGAGE,3.3,HOMEIMPROVEMENT,14700,6.95,0,0.12,N,21
54,18000,OWN,7.5,PERSONAL,14500,17.05,1,0.81,N,6
43,32100,RENT,1.1,PERSONAL,6500,9.23,0,0.2,N,6
49,37400,OWN,1.8,EDUCATION,19100,15.63,0,0.51,N,14
54,43900,MORTGAGE,5.4,HOMEIMPROVEMENT,8000,,1,0.18,Y,2
39,32500,RENT,2.7,EDUCATION,23500,18.17,1,0.72,N,5
56,57400,MORTGAGE,1.8,VENTURE,20800,12.34,0,0.36,N,8
35,39500,RENT,4.9,HOMEIMPROVEMENT,30900,20.54,1,0.78,Y,5
63,42800,RENT,0.5,EDUCATION,7800,,0,0.18,N,2
45,29100,RENT,7.8,EDUCATION,28000,21.65,1,0.96,Y,14
38,83400,RENT,3.7,MEDICAL,19600,16.03,0,0.24,N,2
51,25300,MORTGAGE,1.2,EDUCATION,24800,18.38,1,0.98,N,3
47,66800,RENT,2.6,PERSONAL,4100,10.51,0,0.06,N,16
31,94100,MORTGAGE,,MEDICAL,10500,7.91,0,0.11,N,2
40,161900,RENT,4.8,EDUCATION,3800,8.99,0,0.02,N,4
36,71300,RENT,5.5,DEBTCONSOLIDATION,8000,8.22,0,0.11,N,4
36,61400,RENT,2.6,EDUCATION,24900,15.02,1,0.41,Y,5
36,21400,MORTGAGE,2.1,MEDICAL,12200,19.95,1,0.57,N,10
48,121800,OWN,9.5,MEDICAL,18000,14.17,0,0.15,N,6
52,58600,RENT,4.3,EDUCATION,13600,11.84,0,0.23,Y,2
37,64200,OTHER,5.5,EDUCATION,13400,9.44,0,0.21,N,12
30,67300,MORTGAGE,,DEBTCONSOLIDATION,17400,15.94,0,0.26,Y,12
28,57700,RENT,6.2,EDUCATION,12600,,0,0.22,Y,10
66,54400,RENT,2.9,EDUCATION,3400,9.15,0,0.06,N,6
45,44300,MORTGAGE,2.3,PERSONAL,21700,15.49,1,0.49,N,6
51,80800,MORTGAGE,,EDUCATION,9700,8.08,0,0.12,N,11
42,23700,MORTGAGE,0.3,MEDICAL,18000,19.49,1,0.76,Y,2
29,23500,RENT,1.1,EDUCATION,17600,20.05,1,0.75,Y,3
47,34000,RENT,2.4,MEDICAL,7300,,0,0.21,N,2
61,107700,RENT,2.0,MEDICAL,7700,9.33,0,0.07,N,6
38,69200,MORTGAGE,3.6,VENTURE,12900,12.11,1,0.19,N,6
28,38200,MORTGAGE,2.6,VENTURE,10900,16.78,1,0.29,Y,2
34,34900,MORTGAGE,7.8,PERSONAL,9700,14.07,0,0.28,N,5
52,51900,MORTGAGE,7.3,HOMEIMPROVEMENT,10300,14.57,0,0.2,N,11
46,67500,RENT,7.4,DEBTCONSOLIDATION,9300,10.0,0,0.14,N,11
56,114500,RENT,2.3,HOMEIMPROVEMENT,6500,9.78,0,0.06,N,5
44,167600,MORTGAGE,2.6,EDUCATION,5900,8.42,0,0.04,N,5
50,50600,RENT,6.4,HOMEIMPROVEMENT,24700,17.12,0,0.49,N,3
40,181900,MORTGAGE,0.7,MEDICAL,22200,8.87,0,0.12,N,3
35,56600,RENT,9.6,MEDICAL,13900,10.35,0,0.25,N,6
50,64000,RENT,3.9,MEDICAL,10500,8.55,0,0.16,N,6
52,92800,RENT,9.4,PERSONAL,18400,13.1,0,0.2,N,7
38,100500,MORTGAGE,7.9,HOMEIMPROVEMENT,6400,7.76,0,0.06,N,5
60,128900,MORTGAGE,2.3,VENTURE,6300,10.02,0,0.05,N,2
60,26700,MORTGAGE,,EDUCATION,7200,8.97,0,0.27,N,12
36,57900,OWN,12.7,EDUCATION,18500,12.21,0,0.32,N,3
36,108000,RENT,2.1,MEDICAL,22400,11.78,0,0.21,N,9
37,30100,RENT,2.3,MEDICAL,14800,15.42,1,0.49,Y,4
42,19300,RENT,12.0,EDUCATION,7800,13.57,0,0.4,N,3
40,23900,RENT,12.5,DEBTCONSOLIDATION,10800,18.4,0,0.45,N,14
34,50700,MORTGAGE,1.5,MEDICAL,22500,15.05,1,0.44,N,2
37,164700,MORTGAGE,0.5,VENTURE,14200,10.57,0,0.09,N,2
29,23600,MORTGAGE,0.0,VENTURE,13000,18.24,1,0.55,Y,6
30,28500,MORTGAGE,2.9,HOMEIMPROVEMENT,17600,20.08,1,0.62,Y,8
32,41100,MORTGAGE,4.2,PERSONAL,11100,9.99,1,0.27,Y,7
65,31400,MORTGAGE,1.6,MEDICAL,2100,10.78,0,0.07,N,7
63,28400,RENT,1.5,PERSONAL,27800,20.31,1,0.98,N,4
51,17700,MORTGAGE,2.2,MEDICAL,19000,20.07,1,1.07,N,5
39,40500,MORTGAGE,,EDUCATION,28900,20.34,1,0.71,N,8
32,159200,MORTGAGE,9.8,VENTURE,23500,,0,0.15,N,7
43,73500,RENT,5.1,DEBTCONSOLIDATION,11500,12.39,0,0.16,N,6
48,103500,RENT,8.8,DEBTCONSOLIDATION,11600,11.71,0,0.11,N,3
37,38800,RENT,9.8,VENTURE,7300,10.76,0,0.19,N,17
47,34100,RENT,2.9,PERSONAL,21900,20.28,1,0.64,Y,11
34,72200,RENT,3.2,VENTURE,16700,12.7,0,0.23,Y,6
39,56700,RENT,19.0,DEBTCONSOLIDATION,9400,14.41,0,0.17,N,5
41,52500,RENT,8.5,EDUCATION,29100,18.65,1,0.55,Y,3
64,136300,RENT,8.0,MEDICAL,20700,11.43,0,0.15,N,9
37,34800,OWN,4.4,MEDICAL,24800,18.3,1,0.71,Y,11
70,32200,RENT,3.1,EDUCATION,7900,14.73,1,0.25,Y,7
48,86500,RENT,11.3,DEBTCONSOLIDATION,16000,12.5,0,0.18,Y,21
70,80400,RENT,8.2,EDUCATION,32200,14.42,0,0.4,N,5
36,30500,RENT,3.6,MEDICAL,11000,15.59,1,0.36,N,6
35,56600,MORTGAGE,1.6,DEBTCONSOLIDATION,12000,11.87,0,0.21,N,3
37,20200,RENT,0.8,PERSONAL,14800,21.96,1,0.73,Y,4
44,63800,MORTGAGE,4.0,VENTURE,4500,14.03,0,0.07,N,3
62,41900,RENT,1.8,MEDICAL,8800,8.71,1,0.21,N,8
38,47300,RENT,1.5,VENTURE,10500,15.75,0,0.22,N,5
52,28900,MORTGAGE,0.6,EDUCATION,2600,9.49,0,0.09,N,2
65,104500,OWN,0.2,PERSONAL,10400,7.63,0,0.1,N,4
46,62600,RENT,7.6,EDUCATION,15000,9.63,0,0.24,N,5
54,93600,MORTGAGE,0.6,VENTURE,3300,5.42,0,0.04,N,3
37,51100,MORTGAGE,,EDUCATION,14700,10.83,0,0.29,N,6
47,104200,RENT,1.2,PERSONAL,21700,11.81,0,0.21,N,11
50,19400,MORTGAGE,7.1,DEBTCONSOLIDATION,7300,14.41,0,0.38,Y,12
33,54400,MORTGAGE,8.7,VENTURE,29200,16.46,1,0.54,Y,5
36,104500,RENT,7.9,EDUCATION,12300,8.23,0,0.12,N,8
41,18200,OWN,10.3,HOMEIMPROVEMENT,12700,18.76,1,0.7,Y,4
32,58200,RENT,2.1,VENTURE,14300,12.14,0,0.25,N,14
38,74400,RENT,20.0,EDUCATION,11800,9.17,0,0.16,N,5
42,43900,RENT,1.6,EDUCATION,17500,16.62,1,0.4,N,5
33,93600,MORTGAGE,13.6,EDUCATION,8000,11.32,0,0.09,N,3
63,94100,MORTGAGE,2.9,EDUCATION,26600,,0,0.28,N,4
53,38600,RENT,0.3,EDUCATION,24200,18.78,1,0.63,Y,6
70,43800,RENT,7.7,HOMEIMPROVEMENT,17300,14.53,0,0.39,Y,5
34,28600,RENT,7.7,EDUCATION,21400,15.81,1,0.75,N,6
48,64500,RENT,1.1,VENTURE,18900,13.06,0,0.29,N,10
38,60600,MORTGAGE,,PERSONAL,13400,,0,0.22,N,5
35,54200,MORTGAGE,0.9,PERSONAL,7500,11.06,0,0.14,N,10
53,57300,RENT,,HOMEIMPROVEMENT,10600,9.65,0,0.18,N,2
44,33800,RENT,8.3,HOMEIMPROVEMENT,24900,17.12,1,0.74,N,2
40,24700,RENT,1.7,VENTURE,17800,22.9,1,0.72,Y,6
46,69200,RENT,0.4,PERSONAL,24100,13.22,1,0.35,N,5
37,48600,MORTGAGE,15.7,MEDICAL,24600,15.91,0,0.51,N,13
36,30700,RENT,4.1,MEDICAL,14600,13.29,1,0.48,Y,2
38,36400,RENT,3.0,EDUCATION,12700,13.11,1,0.35,Y,7
55,89800,MORTGAGE,,PERSONAL,12500,10.67,0,0.14,N,10
54,87000,OTHER,5.6,MEDICAL,12800,9.93,0,0.15,N,9
34,78000,RENT,9.9,EDUCATION,28100,12.06,1,0.36,N,6
62,53000,RENT,5.6,EDUCATION,7400,9.39,0,0.14,N,5
43,37200,OTHER,6.7,PERSONAL,7400,10.54,0,0.2,N,3
48,112100,RENT,1.0,EDUCATION,11700,9.11,0,0.1,N,12
38,45300,MORTGAGE,2.4,PERSONAL,21800,18.79,0,0.48,N,4
44,62900,MORTGAGE,4.4,DEBTCONSOLIDATION,23600,17.24,0,0.38,N,6
35,33900,RENT,4.8,MEDICAL,22600,21.28,1,0.67,Y,4
37,47500,RENT,1.6,DEBTCONSOLIDATION,15800,11.02,0,0.33,N,16
52,12500,RENT,18.4,MEDICAL,23800,18.7,1,1.9,Y,2
52,38300,MORTGAGE,0.6,PERSONAL,8200,11.91,0,0.21,N,4
48,23400,MORTGAGE,0.6,MEDICAL,16200,18.28,1,0.69,Y,11
40,61100,MORTGAGE,1.3,HOMEIMPROVEMENT,10600,9.28,0,0.17,N,6
34,39000,RENT,7.0,HOMEIMPROVEMENT,9700,12.73,0,0.25,N,9
57,45900,RENT,0.2,MEDICAL,6200,9.47,0,0.14,N,5
53,174900,RENT,22.1,EDUCATION,11300,8.31,0,0.06,N,3
30,30900,OWN,12.0,PERSONAL,4100,10.93,0,0.13,N,8
52,57900,MORTGAGE,0.9,VENTURE,11100,16.78,0,0.19,N,2
40,61100,RENT,2.6,HOMEIMPROVEMENT,13500,11.19,0,0.22,N,6
50,32100,RENT,1.1,DEBTCONSOLIDATION,11200,16.57,1,0.35,Y,5
33,99400,MORTGAGE,2.6,DEBTCONSOLIDATION,20800,,0,0.21,N,7
38,134000,RENT,3.8,PERSONAL,9800,10.92,0,0.07,N,3
44,104800,MORTGAGE,8.7,MEDICAL,5500,7.49,0,0.05,N,3
63,32100,RENT,0.2,HOMEIMPROVEMENT,8400,13.14,0,0.26,Y,11
70,36800,RENT,21.7,VENTURE,22400,20.1,1,0.61,Y,2
44,17800,RENT,14.1,MEDICAL,17100,18.5,1,0.96,Y,2
55,49000,RENT,4.2,EDUCATION,15700,12.83,0,0.32,N,11
46,51000,RENT,3.3,MEDICAL,14800,12.92,0,0.29,N,7
45,83200,RENT,4.0,EDUCATION,20100,10.1,0,0.24,N,7
49,142900,RENT,0.1,PERSONAL,8300,8.85,0,0.06,N,8
43,27100,RENT,6.7,VENTURE,8600,14.51,0,0.32,N,4
52,58500,RENT,3.4,MEDICAL,7000,7.99,0,0.12,N,5
35,47800,RENT,1.7,HOMEIMPROVEMENT,10800,,0,0.23,N,14
43,49800,MORTGAGE,3.1,PERSONAL,9700,12.37,0,0.19,N,2
64,128100,OWN,1.7,MEDICAL,26300,9.23,0,0.21,N,3
55,57100,RENT,6.0,MEDICAL,2800,10.43,0,0.05,N,9
46,73300,RENT,4.8,VENTURE,13400,13.63,0,0.18,N,4
53,70300,RENT,2.5,VENTURE,19600,13.97,0,0.28,N,8
60,61100,MORTGAGE,1.9,MEDICAL,25900,16.32,1,0.42,Y,6
30,35500,RENT,10.5,MEDICAL,29500,19.63,1,0.83,Y,7
41,151700,RENT,5.7,MEDICAL,5300,6.65,0,0.03,N,6
38,53200,OWN,6.3,HOMEIMPROVEMENT,8300,9.18,0,0.16,N,4
33,72600,RENT,4.8,MEDICAL,34100,15.62,1,0.47,N,3
67,62300,OWN,0.4,MEDICAL,10400,12.05,0,0.17,N,2
49,17000,MORTGAGE,0.3,PERSONAL,4900,10.95,0,0.29,N,6
53,30500,MORTGAGE,2.8,EDUCATION,27300,21.52,1,0.9,N,4
38,57700,MORTGAGE,13.3,PERSONAL,12000,8.86,0,0.21,N,11
41,34000,RENT,,PERSONAL,10000,13.05,1,0.29,N,7
43,67600,MORTGAGE,10.4,EDUCATION,7400,10.96,0,0.11,N,14
47,32800,RENT,0.5,EDUCATION,12500,14.1,0,0.38,N,7
51,54700,RENT,6.4,VENTURE,11400,12.98,0,0.21,Y,19
31,21200,RENT,1.4,DEBTCONSOLIDATION,26800,16.65,1,1.26,Y,2
50,85800,RENT,3.7,PERSONAL,8600,9.84,0,0.1,N,4
41,69400,MORTGAGE,1.7,DEBTCONSOLIDATION,5800,8.73,0,0.08,N,2
60,71200,RENT,6.2,DEBTCONSOLIDATION,9700,8.16,0,0.14,N,7
57,51500,RENT,2.6,VENTURE,15000,12.39,0,0.29,Y,5
46,36900,RENT,3.1,PERSONAL,10600,16.19,1,0.29,N,2
44,129000,MORTGAGE,1.4,HOMEIMPROVEMENT,10300,10.33,0,0.08,N,10
41,135500,RENT,1.7,PERSONAL,11900,11.04,0,0.09,N,12
47,52100,RENT,1.0,MEDICAL,24400,17.81,0,0.47,N,3
57,39600,MORTGAGE,4.0,MEDICAL,17700,14.54,0,0.45,N,5
44,20900,MORTGAGE,0.8,MEDICAL,14600,20.33,1,0.7,Y,7
39,61300,MORTGAGE,1.6,VENTURE,12000,14.56,0,0.2,N,2
44,37500,OWN,3.8,MEDICAL,5400,10.07,0,0.14,N,7
46,41600,RENT,1.6,EDUCATION,24900,15.84,1,0.6,N,12
35,92100,RENT,4.4,VENTURE,6900,9.08,0,0.07,N,4
33,31900,MORTGAGE,0.1,DEBTCONSOLIDATION,8100,13.43,0,0.25,Y,3
39,155600,RENT,18.1,VENTURE,13000,,0,0.08,N,5
60,31000,MORTGAGE,6.5,EDUCATION,7200,8.25,0,0.23,N,7
56,17600,RENT,3.5,DEBTCONSOLIDATION,17200,20.78,1,0.98,Y,4
32,37700,MORTGAGE,12.7,PERSONAL,13900,13.68,0,0.37,Y,4
36,65900,MORTGAGE,10.2,PERSONAL,13900,,0,0.21,N,11
51,58400,RENT,2.3,PERSONAL,29600,16.73,0,0.51,N,8
40,59900,MORTGAGE,0.6,PERSONAL,18000,13.6,0,0.3,N,3
48,46500,MORTGAGE,1.5,DEBTCONSOLIDATION,19600,16.46,1,0.42,N,3
32,41100,OTHER,1.2,DEBTCONSOLIDATION,16400,14.96,0,0.4,N,4
44,27400,RENT,6.9,VENTURE,9400,13.81,0,0.34,N,4
43,58200,RENT,4.0,MEDICAL,5100,9.26,0,0.09,Y,7
53,96900,MORTGAGE,9.5,EDUCATION,15300,8.29,0,0.16,N,3
47,54600,RENT,3.4,PERSONAL,12900,13.1,0,0.24,N,8
45,35700,RENT,7.3,EDUCATION,6800,11.65,0,0.19,N,6
31,58700,RENT,2.0,DEBTCONSOLIDATION,23900,14.75,0,0.41,N,3
65,121200,OWN,4.6,MEDICAL,13900,9.92,0,0.11,Y,4
50,48400,RENT,5.1,DEBTCONSOLIDATION,13000,14.28,1,0.27,N,3
38,27400,MORTGAGE,7.1,VENTURE,12300,16.98,1,0.45,Y,4
45,61100,RENT,8.0,VENTURE,19800,10.59,1,0.32,N,18
40,74900,RENT,1.6,MEDICAL,4800,11.24,0,0.06,Y,10
42,87300,OWN,2.4,EDUCATION,8700,12.41,0,0.1,N,6
56,79500,RENT,1.2,EDUCATION,25700,11.48,0,0.32,N,13
36,59400,MORTGAGE,6.9,VENTURE,4300,8.66,0,0.07,N,8
51,34200,RENT,1.6,DEBTCONSOLIDATION,16500,19.78,0,0.48,Y,2
56,31500,RENT,2.5,VENTURE,9100,16.5,1,0.29,Y,4
49,45000,MORTGAGE,8.1,DEBTCONSOLIDATION,14800,13.75,0,0.33,N,3
42,76000,RENT,2.1,HOMEIMPROVEMENT,14600,11.86,0,0.19,N,4
37,37900,RENT,1.7,EDUCATION,17600,16.21,0,0.46,N,2
38,41400,RENT,5.3,PERSONAL,7800,9.67,0,0.19,N,9
45,33300,MORTGAGE,18.5,MEDICAL,17200,,0,0.52,N,2
30,127800,MORTGAGE,0.3,EDUCATION,21100,,0,0.17,N,7
44,47900,MORTGAGE,9.0,MEDICAL,7900,10.25,0,0.16,N,7
52,78400,RENT,0.6,MEDICAL,21400,9.67,0,0.27,N,4
33,129200,RENT,2.1,PERSONAL,6800,7.47,0,0.05,N,8
56,32100,RENT,2.7,MEDICAL,9500,13.8,0,0.3,N,2
70,82200,RENT,6.3,MEDICAL,11200,13.07,0,0.14,N,6
43,51500,RENT,13.1,DEBTCONSOLIDATION,10300,12.91,0,0.2,N,22
42,117400,OWN,0.5,EDUCATION,19700,11.69,0,0.17,N,10
42,35000,OTHER,6.8,PERSONAL,9600,13.5,1,0.27,N,4
44,61000,MORTGAGE,1.9,HOMEIMPROVEMENT,20200,14.45,0,0.33,N,11
41,76800,MORTGAGE,11.6,PERSONAL,4900,7.74,0,0.06,N,17
30,37200,RENT,1.6,VENTURE,10500,12.53,0,0.28,N,3
42,48300,RENT,,EDUCATION,26200,11.33,0,0.54,Y,12
36,50100,MORTGAGE,0.9,VENTURE,11700,12.94,0,0.23,N,3
45,98900,MORTGAGE,15.8,MEDICAL,13400,9.89,0,0.14,N,9
57,183500,MORTGAGE,0.0,PERSONAL,20200,10.55,0,0.11,N,9
36,129000,MORTGAGE,1.3,DEBTCONSOLIDATION,4800,12.15,0,0.04,N,2
62,119500,OWN,5.6,EDUCATION,18700,,0,0.16,N,3
40,12000,RENT,9.6,VENTURE,5200,17.92,1,0.43,N,2
37,58300,RENT,19.0,DEBTCONSOLIDATION,15100,12.53,0,0.26,N,9
50,56100,OWN,1.0,PERSONAL,16500,11.74,0,0.29,N,5
40,84200,MORTGAGE,1.8,VENTURE,7300,7.48,0,0.09,N,6
43,24500,MORTGAGE,11.1,DEBTCONSOLIDATION,23500,20.6,1,0.96,N,6
44,80700,RENT,0.2,HOMEIMPROVEMENT,15500,12.48,0,0.19,N,6
49,17200,RENT,6.6,EDUCATION,7500,15.09,1,0.44,Y,4
43,95300,RENT,2.8,EDUCATION,23900,,0,0.25,N,9
42,21900,RENT,5.8,DEBTCONSOLIDATION,22600,20.99,1,1.03,Y,15
40,106300,MORTGAGE,3.7,MEDICAL,17900,10.11,0,0.17,N,4
48,103400,MORTGAGE,4.9,DEBTCONSOLIDATION,12100,12.65,0,0.12,N,6
39,45100,OWN,5.5,MEDICAL,13900,11.57,0,0.31,N,6
57,68900,RENT,5.0,EDUCATION,18800,13.07,0,0.27,N,6
44,54100,RENT,5.5,MEDICAL,10100,11.03,0,0.19,N,4
31,24000,RENT,4.2,EDUCATION,16100,20.86,1,0.67,Y,7
46,73800,RENT,6.3,EDUCATION,16700,11.33,0,0.23,N,9
48,104100,MORTGAGE,7.5,VENTURE,8800,8.66,0,0.08,N,11
58,45400,RENT,7.8,EDUCATION,6900,11.0,0,0.15,N,6
38,77000,RENT,9.6,EDUCATION,7700,10.92,0,0.1,N,2
37,33400,MORTGAGE,1.9,EDUCATION,3400,11.79,0,0.1,N,10
50,89800,RENT,6.8,VENTURE,20200,12.39,1,0.22,N,5
55,54500,RENT,14.7,HOMEIMPROVEMENT,22000,15.43,0,0.4,N,4
37,53700,MORTGAGE,2.3,EDUCATION,21700,17.88,0,0.4,N,9
46,70100,MORTGAGE,7.5,PERSONAL,27100,15.36,0,0.39,N,13
43,125600,OWN,1.7,VENTURE,5800,12.22,0,0.05,N,5
37,72400,MORTGAGE,1.0,EDUCATION,27200,16.98,0,0.38,N,18
42,29900,OWN,3.0,EDUCATION,14000,18.7,0,0.47,N,4
54,36500,RENT,8.2,EDUCATION,11800,,0,0.32,N,14
44,52100,RENT,1.8,PERSONAL,7200,8.77,0,0.14,N,9
42,71200,MORTGAGE,1.7,HOMEIMPROVEMENT,13600,11.79,0,0.19,N,2
49,28600,MORTGAGE,1.6,VENTURE,18200,17.07,1,0.64,N,6
55,65700,MORTGAGE,1.2,EDUCATION,5900,10.19,0,0.09,N,15
36,88300,RENT,4.7,MEDICAL,30600,11.29,0,0.35,N,6
46,41100,RENT,1.4,HOMEIMPROVEMENT,26400,19.54,1,0.64,N,2
40,160200,RENT,13.7,EDUCATION,25000,9.86,0,0.16,N,5
44,36000,RENT,2.1,VENTURE,12200,14.0,0,0.34,N,7
50,60500,RENT,3.9,EDUCATION,23700,13.0,1,0.39,N,6
41,17200,MORTGAGE,2.6,EDUCATION,6800,14.95,0,0.4,N,11
43,45500,RENT,16.4,MEDICAL,26100,21.0,1,0.57,Y,2
53,49900,RENT,2.8,HOMEIMPROVEMENT,23700,16.25,0,0.47,N,14
48,42800,OWN,4.1,PERSONAL,15900,16.96,1,0.37,N,3
43,36100,RENT,7.2,EDUCATION,17700,16.74,1,0.49,N,4
45,40800,RENT,0.9,EDUCATION,11000,10.75,0,0.27,Y,3
44,76800,MORTGAGE,0.2,VENTURE,28300,15.24,0,0.37,N,14
31,18900,MORTGAGE,3.0,EDUCATION,5300,10.35,0,0.28,N,4
45,19500,RENT,4.0,MEDICAL,25200,21.35,1,1.29,Y,4
34,41300,MORTGAGE,1.7,DEBTCONSOLIDATION,9400,13.49,0,0.23,N,2
55,50700,RENT,3.1,VENTURE,21900,16.25,1,0.43,Y,10
34,35200,MORTGAGE,4.8,DEBTCONSOLIDATION,4700,12.79,0,0.13,N,16
40,56100,RENT,18.1,DEBTCONSOLIDATION,9200,10.86,0,0.16,N,2
39,76200,RENT,4.6,VENTURE,8300,11.96,0,0.11,Y,13
60,92800,MORTGAGE,3.0,DEBTCONSOLIDATION,30600,15.17,0,0.33,N,3
55,112200,MORTGAGE,0.1,EDUCATION,8600,9.4,0,0.08,N,15
28,26100,MORTGAGE,1.9,EDUCATION,11400,,0,0.44,N,10
43,35400,MORTGAGE,2.2,PERSONAL,10100,13.15,0,0.29,N,2
35,33400,RENT,3.2,EDUCATION,31500,19.01,1,0.94,Y,8
45,94500,MORTGAGE,7.6,EDUCATION,16600,10.63,0,0.18,N,8
50,38300,RENT,7.5,MEDICAL,11200,13.55,0,0.29,Y,4
46,64100,RENT,9.3,DEBTCONSOLIDATION,26000,16.4,1,0.41,Y,10
50,24900,MORTGAGE,1.7,HOMEIMPROVEMENT,18900,17.52,1,0.76,Y,11
41,38000,RENT,2.1,PERSONAL,18800,16.27,0,0.49,N,14
46,33100,RENT,0.8,HOMEIMPROVEMENT,13700,12.98,0,0.41,Y,4
50,78900,MORTGAGE,9.7,DEBTCONSOLIDATION,13900,16.2,0,0.18,N,7
40,27300,RENT,5.3,EDUCATION,19600,21.72,1,0.72,N,5
37,144600,RENT,0.4,MEDICAL,2700,11.67,0,0.02,N,2
38,61000,MORTGAGE,1.8,PERSONAL,12700,10.62,0,0.21,N,9
42,36300,RENT,0.8,EDUCATION,30900,19.75,1,0.85,Y,7
44,65400,RENT,17.4,MEDICAL,17500,11.49,0,0.27,N,3
47,34600,RENT,2.0,PERSONAL,11600,16.55,0,0.34,N,7
38,30200,RENT,3.4,MEDICAL,7800,11.47,1,0.26,N,3
50,79500,OWN,1.9,HOMEIMPROVEMENT,11200,10.33,0,0.14,N,7
63,115000,OWN,3.2,MEDICAL,13600,10.23,0,0.12,N,2
39,66800,RENT,21.0,EDUCATION,16900,14.72,0,0.25,N,3
70,27600,RENT,,EDUCATION,31100,20.71,1,1.13,Y,4
65,34600,RENT,1.7,PERSONAL,13900,,0,0.4,N,8
44,125600,RENT,2.3,MEDICAL,11300,12.2,0,0.09,N,6
42,83900,RENT,0.9,EDUCATION,9300,9.84,0,0.11,Y,11
38,29100,RENT,6.7,PERSONAL,20600,21.4,1,0.71,Y,12
52,36600,MORTGAGE,2.4,MEDICAL,13200,12.02,0,0.36,Y,7
44,60100,RENT,4.3,DEBTCONSOLIDATION,19400,18.15,1,0.32,N,7
45,50100,MORTGAGE,5.4,VENTURE,9800,12.14,0,0.2,N,2
37,170900,RENT,0.2,HOMEIMPROVEMENT,11400,9.89,0,0.07,N,13
52,36200,MORTGAGE,5.2,MEDICAL,28700,18.0,1,0.79,N,2
42,75300,RENT,3.8,MEDICAL,9000,7.77,0,0.12,N,14
35,63800,OWN,0.4,PERSONAL,10500,10.74,0,0.16,N,2
43,21700,RENT,0.7,PERSONAL,14200,20.15,1,0.65,N,5
37,14500,RENT,2.9,EDUCATION,14500,17.43,1,1.0,Y,7
58,43800,RENT,2.1,PERSONAL,5300,9.8,0,0.12,N,9
65,68200,RENT,2.9,EDUCATION,30000,11.61,1,0.44,Y,4
43,129900,MORTGAGE,5.0,HOMEIMPROVEMENT,10200,7.61,0,0.08,N,5
54,35200,RENT,0.8,VENTURE,4800,10.3,0,0.14,N,5
54,70300,RENT,5.4,EDUCATION,9300,,0,0.13,N,8
25,46200,RENT,7.0,EDUCATION,12000,13.19,0,0.26,N,6
38,140100,MORTGAGE,0.0,DEBTCONSOLIDATION,8900,13.95,0,0.06,N,6
45,53000,RENT,2.3,DEBTCONSOLIDATION,7500,13.29,0,0.14,N,6
40,42500,MORTGAGE,1.6,MEDICAL,14100,11.72,0,0.33,N,12
38,59500,OWN,2.8,EDUCATION,21600,13.97,0,0.36,N,9
55,60200,OWN,4.8,MEDICAL,18800,,0,0.31,N,6
40,116800,RENT,1.0,PERSONAL,12500,9.83,0,0.11,N,13
47,54300,MORTGAGE,0.7,PERSONAL,6800,,0,0.13,N,2
54,68600,RENT,6.5,DEBTCONSOLIDATION,28700,16.23,0,0.42,N,3
58,21800,RENT,5.8,PERSONAL,10800,15.47,1,0.5,Y,3
35,28700,MORTGAGE,3.1,MEDICAL,6300,12.7,0,0.22,N,10
36,44000,RENT,3.5,MEDICAL,10800,14.58,0,0.25,Y,3
46,57400,RENT,1.6,PERSONAL,18600,12.24,0,0.32,N,9
30,35600,MORTGAGE,2.0,MEDICAL,9300,10.07,0,0.26,N,8
36,63300,RENT,1.9,DEBTCONSOLIDATION,8100,13.34,0,0.13,N,10
56,40600,MORTGAGE,6.5,MEDICAL,9500,11.72,0,0.23,N,5
50,137900,RENT,4.1,VENTURE,15100,7.92,0,0.11,N,5
42,48400,MORTGAGE,6.5,EDUCATION,24500,15.62,0,0.51,N,5
48,68700,OWN,4.5,EDUCATION,7000,12.13,0,0.1,N,10
50,48000,MORTGAGE,3.9,EDUCATION,7300,10.07,0,0.15,N,4
33,51500,MORTGAGE,1.9,MEDICAL,12500,13.28,0,0.24,N,2
40,73200,RENT,2.5,EDUCATION,6800,6.2,0,0.09,N,5
70,58400,RENT,10.9,VENTURE,30700,16.66,0,0.53,N,4
58,40700,MORTGAGE,4.3,MEDICAL,24600,20.73,1,0.6,Y,4
46,65100,MORTGAGE,3.7,MEDICAL,5200,8.8,0,0.08,N,2
46,49700,RENT,0.3,VENTURE,25900,19.35,1,0.52,Y,5
43,74600,MORTGAGE,5.6,DEBTCONSOLIDATION,9800,13.17,0,0.13,N,10
31,101800,RENT,5.8,PERSONAL,10500,9.25,0,0.1,N,6
39,93500,RENT,5.9,DEBTCONSOLIDATION,10800,11.44,0,0.12,Y,6
47,30200,RENT,0.5,HOMEIMPROVEMENT,5400,9.62,0,0.18,N,5
40,12000,MORTGAGE,1.8,EDUCATION,21000,,1,1.75,Y,5
36,187500,OWN,2.3,PERSONAL,8000,10.66,0,0.04,N,11
36,72300,MORTGAGE,8.8,EDUCATION,8500,12.89,0,0.12,N,7
58,66700,MORTGAGE,19.7,HOMEIMPROVEMENT,20700,11.91,0,0.31,N,7
39,36600,RENT,2.7,EDUCATION,5000,13.44,0,0.14,N,4
55,17500,RENT,4.0,MEDICAL,10800,20.18,1,0.62,N,6
46,18000,MORTGAGE,0.0,HOMEIMPROVEMENT,15300,15.47,1,0.85,Y,3
42,45000,RENT,0.0,DEBTCONSOLIDATION,6600,9.41,0,0.15,Y,3
37,58900,MORTGAGE,0.4,EDUCATION,12500,6.51,0,0.21,N,17
50,136900,RENT,6.4,EDUCATION,11100,10.18,0,0.08,N,6
54,61900,RENT,1.0,DEBTCONSOLIDATION,10500,11.19,1,0.17,N,5
51,78300,MORTGAGE,7.1,EDUCATION,9600,9.22,0,0.12,Y,9
34,40400,MORTGAGE,,DEBTCONSOLIDATION,10800,13.14,0,0.27,N,6
39,42100,RENT,9.5,HOMEIMPROVEMENT,11800,12.6,0,0.28,Y,11
40,24100,RENT,10.2,EDUCATION,6900,13.83,0,0.29,N,9
30,27600,OWN,10.6,EDUCATION,8500,,0,0.31,N,9
48,27400,MORTGAGE,3.9,EDUCATION,26100,18.04,1,0.95,N,3
49,44400,MORTGAGE,7.8,EDUCATION,28000,16.88,1,0.63,N,4
49,21700,RENT,5.4,VENTURE,32400,21.08,1,1.49,Y,15
47,34700,RENT,,PERSONAL,13500,14.12,0,0.39,N,5
41,53000,RENT,2.4,VENTURE,7100,11.13,0,0.13,N,7
37,14400,RENT,16.4,MEDICAL,18300,20.95,1,1.27,Y,7
41,122400,RENT,7.4,EDUCATION,27500,10.36,0,0.22,N,8
46,144300,RENT,,EDUCATION,3900,5.42,0,0.03,N,12
57,95600,OTHER,1.6,VENTURE,3400,8.85,0,0.04,N,17
44,67200,RENT,1.5,DEBTCONSOLIDATION,16500,18.55,0,0.25,N,4
44,64800,MORTGAGE,2.0,MEDICAL,4300,8.65,0,0.07,N,5
30,72600,OWN,12.0,HOMEIMPROVEMENT,11800,9.09,0,0.16,N,4
47,56800,RENT,2.8,EDUCATION,11500,10.8,0,0.2,N,8
58,59900,RENT,2.3,DEBTCONSOLIDATION,6200,12.17,0,0.1,N,10
43,21700,RENT,1.4,MEDICAL,20000,17.59,1,0.92,N,11
42,57800,MORTGAGE,11.1,DEBTCONSOLIDATION,6400,16.08,0,0.11,N,3
40,71300,MORTGAGE,,DEBTCONSOLIDATION,9700,9.92,0,0.14,N,8
50,65300,RENT,2.0,PERSONAL,19500,11.54,1,0.3,Y,15
30,101900,MORTGAGE,4.8,MEDICAL,16600,13.8,0,0.16,N,2
55,121600,RENT,15.9,VENTURE,13400,11.56,0,0.11,N,12
42,40600,RENT,3.5,VENTURE,4600,14.05,0,0.11,N,3
47,29000,MORTGAGE,3.2,VENTURE,20500,23.2,1,0.71,Y,2
51,108100,MORTGAGE,3.8,DEBTCONSOLIDATION,22600,14.25,0,0.21,N,2
36,78100,RENT,0.2,PERSONAL,6300,6.01,1,0.08,N,7
43,39500,RENT,1.8,EDUCATION,31500,18.3,1,0.8,Y,2
41,47900,RENT,6.0,EDUCATION,11000,9.77,0,0.23,N,16
35,45800,RENT,17.0,MEDICAL,12400,11.6,0,0.27,N,2
54,62900,MORTGAGE,,PERSONAL,12200,9.29,0,0.19,N,2
41,119400,MORTGAGE,1.1,EDUCATION,17000,8.61,0,0.14,N,3
34,33100,MORTGAGE,2.8,MEDICAL,15600,18.5,1,0.47,Y,3
44,63600,MORTGAGE,3.4,VENTURE,15300,14.52,0,0.24,N,7
33,62400,MORTGAGE,0.8,VENTURE,21100,11.92,0,0.34,Y,7
40,18200,RENT,2.0,DEBTCONSOLIDATION,27000,21.54,1,1.48,Y,10
46,214800,RENT,2.9,DEBTCONSOLIDATION,22400,7.9,0,0.1,N,7
32,60800,RENT,1.5,MEDICAL,19300,13.72,0,0.32,N,12
49,102300,MORTGAGE,2.2,PERSONAL,4700,6.71,0,0.05,N,3
44,22300,MORTGAGE,1.6,DEBTCONSOLIDATION,9200,15.7,0,0.41,N,5
51,156400,RENT,4.7,VENTURE,6300,7.31,0,0.04,N,6
51,44600,MORTGAGE,4.3,MEDICAL,23700,18.34,0,0.53,N,2
39,15300,RENT,4.0,HOMEIMPROVEMENT,17500,18.04,1,1.14,N,9
40,24800,MORTGAGE,0.5,HOMEIMPROVEMENT,4000,9.99,1,0.16,N,4
48,27600,RENT,1.0,EDUCATION,19400,17.45,1,0.7,Y,2
35,35400,RENT,0.6,PERSONAL,10800,12.32,0,0.31,N,4
35,26700,MORTGAGE,0.3,EDUCATION,14900,18.12,1,0.56,N,4
38,84600,RENT,1.4,EDUCATION,15700,10.05,0,0.19,N,3
33,59800,MORTGAGE,1.1,MEDICAL,7600,6.42,1,0.13,N,5
34,71800,MORTGAGE,6.5,VENTURE,11900,12.89,0,0.17,N,4
35,68600,MORTGAGE,6.0,VENTURE,12500,12.96,0,0.18,N,4
41,47300,MORTGAGE,1.1,MEDICAL,16500,13.01,1,0.35,N,9
40,23000,MORTGAGE,0.9,EDUCATION,25100,20.65,1,1.09,Y,15
53,23600,MORTGAGE,0.8,MEDICAL,16600,18.5,1,0.7,Y,5
41,24200,MORTGAGE,1.9,DEBTCONSOLIDATION,18300,18.62,1,0.76,N,17
43,29700,RENT,1.7,MEDICAL,17800,19.11,1,0.6,N,4
62,137500,RENT,0.1,VENTURE,5800,11.63,0,0.04,N,3
28,23800,OWN,4.2,PERSONAL,10100,15.69,1,0.42,Y,8
45,122100,RENT,11.4,PERSONAL,12000,10.84,0,0.1,N,5
42,30300,MORTGAGE,3.9,VENTURE,12800,15.38,1,0.42,N,12
46,25700,RENT,0.3,EDUCATION,23200,19.03,1,0.9,Y,3
39,68300,RENT,4.6,DEBTCONSOLIDATION,14500,15.19,0,0.21,N,4
41,108800,OWN,3.3,MEDICAL,22200,12.75,0,0.2,Y,13
56,22200,RENT,11.9,MEDICAL,25900,20.93,1,1.17,Y,4
48,51600,MORTGAGE,2.3,PERSONAL,18600,13.2,0,0.36,N,11
41,104100,RENT,7.0,PERSONAL,6600,8.34,0,0.06,N,5
37,89400,MORTGAGE,0.2,DEBTCONSOLIDATION,8400,11.15,0,0.09,N,6
35,23200,MORTGAGE,6.4,EDUCATION,22700,17.22,0,0.98,Y,7
39,48400,RENT,0.2,DEBTCONSOLIDATION,15400,11.66,1,0.32,N,6
42,22400,RENT,2.1,DEBTCONSOLIDATION,14300,22.09,1,0.64,Y,6
62,66600,RENT,14.8,VENTURE,29800,,0,0.45,N,5
45,59300,RENT,6.1,EDUCATION,11400,10.65,0,0.19,N,9
38,73900,MORTGAGE,13.0,VENTURE,4300,11.11,0,0.06,N,3
28,32000,RENT,3.4,EDUCATION,9300,11.85,0,0.29,N,6
37,36900,MORTGAGE,4.7,HOMEIMPROVEMENT,9900,11.44,0,0.27,Y,12
39,93300,RENT,3.6,PERSONAL,14200,11.93,0,0.15,N,4
45,95500,RENT,3.3,VENTURE,2400,11.04,0,0.03,N,7
40,135900,RENT,4.3,DEBTCONSOLIDATION,31800,16.02,0,0.23,N,3
63,118400,RENT,0.2,VENTURE,5100,9.13,0,0.04,N,6
41,21900,RENT,1.0,EDUCATION,8900,11.4,1,0.41,N,3
53,106200,RENT,1.2,MEDICAL,18000,10.75,0,0.17,N,2
32,53200,OTHER,2.4,HOMEIMPROVEMENT,30500,17.85,1,0.57,N,9
43,80800,OTHER,2.9,DEBTCONSOLIDATION,14200,10.19,0,0.18,N,6
37,45000,MORTGAGE,6.7,HOMEIMPROVEMENT,10900,12.51,0,0.24,N,5
54,32800,MORTGAGE,0.9,EDUCATION,7600,9.5,0,0.23,N,11
40,46300,OWN,,MEDICAL,25800,,1,0.56,N,10
56,56100,MORTGAGE,1.6,EDUCATION,4700,7.94,0,0.08,N,7
49,63500,RENT,3.6,DEBTCONSOLIDATION,5400,6.4,0,0.09,N,7
39,92500,MORTGAGE,4.9,EDUCATION,5200,9.72,0,0.06,N,6
35,30600,RENT,4.4,MEDICAL,13300,16.65,0,0.43,N,5
38,29200,RENT,1.2,MEDICAL,27200,,1,0.93,Y,2
41,22100,MORTGAGE,6.2,HOMEIMPROVEMENT,15200,16.9,1,0.69,N,7
49,47900,MORTGAGE,5.3,VENTURE,11100,15.94,0,0.23,N,13
43,33500,RENT,13.4,DEBTCONSOLIDATION,9100,18.15,0,0.27,N,8
51,45200,RENT,5.0,VENTURE,14300,15.93,0,0.32,Y,6
57,54900,MORTGAGE,,VENTURE,12800,12.27,0,0.23,N,3
44,20300,MORTGAGE,8.3,MEDICAL,6000,12.0,0,0.3,N,5
36,39900,MORTGAGE,0.6,EDUCATION,2300,9.22,0,0.06,N,8
47,66100,MORTGAGE,6.0,MEDICAL,16100,12.86,0,0.24,N,8
64,56300,MORTGAGE,1.9,MEDICAL,23800,,0,0.42,N,6
52,44100,RENT,8.7,PERSONAL,16400,13.38,1,0.37,N,10
46,53100,RENT,3.3,MEDICAL,10600,10.21,0,0.2,N,9
37,46700,RENT,4.3,VENTURE,7500,9.15,0,0.16,N,6
42,31300,OWN,1.5,PERSONAL,19800,18.93,0,0.63,Y,8
32,28500,MORTGAGE,5.3,MEDICAL,18800,19.74,1,0.66,Y,3
35,237500,RENT,0.2,MEDICAL,23400,10.08,0,0.1,N,10
47,76600,RENT,6.9,VENTURE,31100,14.94,0,0.41,N,5
31,98200,MORTGAGE,0.9,EDUCATION,6500,10.66,0,0.07,N,4
40,75500,MORTGAGE,1.3,EDUCATION,9500,10.29,0,0.13,N,2
34,116600,RENT,0.0,EDUCATION,10900,10.91,0,0.09,N,9
35,74300,RENT,1.9,PERSONAL,14800,,0,0.2,N,8
44,17000,MORTGAGE,,MEDICAL,4800,12.52,1,0.28,N,13
38,34200,RENT,1.3,MEDICAL,9700,14.04,0,0.28,Y,7
33,61700,MORTGAGE,1.3,PERSONAL,21500,13.11,0,0.35,N,7
39,60800,MORTGAGE,11.2,HOMEIMPROVEMENT,4600,8.66,0,0.08,N,8
33,58200,MORTGAGE,2.0,DEBTCONSOLIDATION,22300,15.58,0,0.38,N,5
55,29300,MORTGAGE,6.4,EDUCATION,8100,12.22,0,0.28,N,3
50,39800,MORTGAGE,1.4,MEDICAL,10200,11.76,0,0.26,Y,5
50,62100,RENT,8.3,EDUCATION,19200,12.21,0,0.31,N,4
37,55300,MORTGAGE,5.7,EDUCATION,20600,,0,0.37,N,8
47,83000,RENT,,EDUCATION,8600,11.85,0,0.1,N,4
45,30000,RENT,2.9,MEDICAL,12100,13.9,0,0.4,N,2
37,70800,MORTGAGE,10.6,EDUCATION,9100,9.44,0,0.13,N,3
43,39500,MORTGAGE,2.3,MEDICAL,14300,16.89,0,0.36,N,6
32,44500,MORTGAGE,4.6,DEBTCONSOLIDATION,17500,18.04,0,0.39,N,2
35,52500,MORTGAGE,5.1,DEBTCONSOLIDATION,9600,13.03,0,0.18,N,3
42,20900,RENT,15.2,MEDICAL,13200,19.21,1,0.63,Y,12
39,58100,RENT,0.7,PERSONAL,14700,11.65,0,0.25,N,3
46,108200,RENT,0.7,MEDICAL,12300,9.53,0,0.11,N,4
38,27800,RENT,3.1,MEDICAL,14300,16.45,1,0.51,Y,2
40,150500,MORTGAGE,12.5,PERSONAL,7300,7.41,0,0.05,N,12
43,37900,RENT,0.1,MEDICAL,4300,12.69,0,0.11,N,5
37,74900,RENT,1.6,VENTURE,5100,11.08,0,0.07,N,7
40,26200,MORTGAGE,1.7,EDUCATION,30100,,1,1.15,Y,3
45,177600,MORTGAGE,1.8,VENTURE,5500,,0,0.03,N,6
59,30200,MORTGAGE,0.1,PERSONAL,11700,16.11,0,0.39,N,8
37,60700,MORTGAGE,8.7,DEBTCONSOLIDATION,21400,11.59,0,0.35,N,9
39,40300,RENT,0.0,EDUCATION,23500,15.82,1,0.58,N,3
70,52700,MORTGAGE,3.2,MEDICAL,9600,12.18,0,0.18,N,4
52,57600,RENT,0.3,VENTURE,17200,,0,0.3,N,8
54,45300,RENT,8.0,DEBTCONSOLIDATION,19400,,0,0.43,N,7
48,37300,RENT,6.9,MEDICAL,26400,20.66,1,0.71,Y,6
54,52800,RENT,6.4,EDUCATION,25100,18.68,0,0.48,N,2
37,52200,MORTGAGE,6.7,EDUCATION,12700,10.2,0,0.24,N,10
53,64700,RENT,,EDUCATION,14900,13.04,0,0.23,N,2
50,70700,OWN,2.7,DEBTCONSOLIDATION,21700,14.74,0,0.31,Y,7
35,84600,MORTGAGE,9.9,VENTURE,16200,12.38,0,0.19,N,5
40,73800,OTHER,1.0,MEDICAL,11100,10.67,0,0.15,N,3
29,58300,MORTGAGE,3.0,DEBTCONSOLIDATION,28400,17.39,1,0.49,N,6
44,47000,OWN,0.0,MEDICAL,33600,22.56,0,0.71,N,5
53,23300,RENT,1.7,HOMEIMPROVEMENT,27300,21.45,1,1.17,Y,2
39,59000,RENT,3.1,PERSONAL,11000,14.05,0,0.19,N,6
36,98900,RENT,12.0,EDUCATION,9100,9.3,0,0.09,N,8
35,35500,MORTGAGE,1.9,VENTURE,13800,15.31,0,0.39,N,5
43,37500,MORTGAGE,5.6,DEBTCONSOLIDATION,21200,,1,0.57,Y,4
48,111100,RENT,9.0,MEDICAL,9600,11.1,0,0.09,N,8
59,133000,RENT,2.0,HOMEIMPROVEMENT,12100,9.57,0,0.09,N,8
29,34200,RENT,0.9,DEBTCONSOLIDATION,7400,,1,0.22,N,10
58,220400,RENT,4.5,PERSONAL,18800,9.3,0,0.09,N,3
45,68200,MORTGAGE,1.7,EDUCATION,19800,13.99,0,0.29,Y,5
52,90000,RENT,5.3,EDUCATION,13900,10.38,0,0.15,N,2
50,44600,MORTGAGE,0.7,PERSONAL,19800,14.59,1,0.44,N,5
43,62400,OWN,0.8,PERSONAL,17300,11.62,0,0.28,N,4
43,68500,RENT,5.6,EDUCATION,27100,13.86,0,0.4,N,8
47,33000,OTHER,18.2,DEBTCONSOLIDATION,15900,15.2,0,0.48,N,11
41,134500,OWN,1.4,DEBTCONSOLIDATION,11200,8.9,0,0.08,N,6
42,53000,MORTGAGE,6.3,MEDICAL,19500,17.4,1,0.37,Y,15
23,41100,MORTGAGE,3.8,VENTURE,4900,11.65,0,0.12,N,3
48,28600,RENT,,VENTURE,13500,18.06,1,0.47,Y,5
37,73800,OWN,2.5,EDUCATION,29500,14.06,0,0.4,N,6
53,62400,RENT,17.8,EDUCATION,18900,9.23,0,0.3,N,2
52,31700,OWN,0.4,PERSONAL,33900,20.23,1,1.07,Y,2
39,58500,RENT,20.9,VENTURE,11800,12.86,1,0.2,N,8
49,70900,MORTGAGE,9.4,VENTURE,11800,12.51,0,0.17,N,9
47,43600,RENT,10.1,VENTURE,5000,10.89,1,0.11,N,12
39,66500,RENT,9.2,MEDICAL,11200,8.14,0,0.17,N,15
49,54300,OWN,9.9,EDUCATION,7200,12.93,0,0.13,N,5
59,48000,MORTGAGE,8.4,PERSONAL,11900,14.54,0,0.25,N,2
54,32000,MORTGAGE,,VENTURE,1700,12.19,0,0.05,N,5
33,60400,MORTGAGE,3.1,EDUCATION,12700,7.96,0,0.21,N,5
48,17300,OWN,14.0,EDUCATION,27700,20.1,1,1.6,N,6
52,119500,MORTGAGE,2.4,EDUCATION,20500,12.48,0,0.17,N,5
38,104100,RENT,6.5,EDUCATION,9100,10.19,0,0.09,N,10
53,30800,MORTGAGE,6.2,EDUCATION,9600,13.07,0,0.31,N,6
37,24600,RENT,8.6,EDUCATION,10300,16.12,1,0.42,Y,13
41,103100,MORTGAGE,6.7,MEDICAL,6000,9.93,0,0.06,N,9
38,49400,RENT,0.2,PERSONAL,32300,20.33,1,0.65,N,10
36,56000,MORTGAGE,6.7,MEDICAL,17900,11.36,0,0.32,N,10
47,54900,MORTGAGE,0.1,PERSONAL,19800,16.72,0,0.36,N,7
33,26300,MORTGAGE,3.8,DEBTCONSOLIDATION,18600,,1,0.71,Y,4
41,83400,MORTGAGE,9.1,MEDICAL,13300,11.57,0,0.16,Y,9
47,69300,MORTGAGE,8.8,PERSONAL,22300,,0,0.32,N,2
38,54700,RENT,9.2,EDUCATION,9000,8.2,0,0.16,N,2
55,15600,MORTGAGE,4.6,MEDICAL,11700,18.98,1,0.75,N,5
42,71500,RENT,1.0,PERSONAL,10600,7.84,0,0.15,Y,6
58,66700,RENT,3.5,HOMEIMPROVEMENT,28500,20.25,1,0.43,Y,5
61,51400,RENT,3.6,VENTURE,4300,10.69,0,0.08,Y,10
33,92100,MORTGAGE,2.0,MEDICAL,5500,10.07,0,0.06,Y,4
47,100800,RENT,2.8,MEDICAL,28800,12.58,0,0.29,N,7
45,65200,MORTGAGE,10.3,MEDICAL,18400,7.34,0,0.28,N,4
40,23600,RENT,,PERSONAL,17100,17.46,1,0.72,N,9
44,27000,RENT,,MEDICAL,22400,17.0,1,0.83,Y,6
70,36900,RENT,3.4,VENTURE,26400,20.58,1,0.72,Y,4
48,47300,RENT,4.8,PERSONAL,25400,16.24,0,0.54,Y,9
50,86100,RENT,0.5,EDUCATION,25100,14.91,0,0.29,N,2
42,64900,MORTGAGE,13.4,PERSONAL,23100,12.81,0,0.36,N,7
47,49500,RENT,2.9,PERSONAL,6700,10.42,0,0.14,N,9
37,76600,RENT,6.9,DEBTCONSOLIDATION,17000,11.64,1,0.22,N,6
50,35400,RENT,5.5,EDUCATION,13800,16.62,0,0.39,N,14
58,76500,RENT,8.0,EDUCATION,21100,13.8,0,0.28,N,4
51,61400,MORTGAGE,0.2,HOMEIMPROVEMENT,28700,14.29,1,0.47,Y,3
38,72200,RENT,13.7,EDUCATION,11300,,0,0.16,N,4
36,86300,RENT,8.9,VENTURE,20300,11.49,0,0.24,N,6
70,52800,RENT,9.0,EDUCATION,8600,12.94,0,0.16,N,14
57,18100,OWN,3.1,DEBTCONSOLIDATION,12400,19.46,1,0.69,Y,6
50,37700,RENT,8.0,EDUCATION,19400,,1,0.51,N,4
59,83300,RENT,4.3,EDUCATION,5900,9.28,0,0.07,N,3
43,39700,MORTGAGE,3.5,VENTURE,24000,18.23,1,0.6,Y,11
50,37600,MORTGAGE,7.7,EDUCATION,26400,22.07,1,0.7,Y,2
55,56100,RENT,4.9,PERSONAL,24400,,0,0.43,Y,2
41,98900,MORTGAGE,0.4,PERSONAL,1500,6.01,0,0.02,N,8
48,69700,MORTGAGE,1.9,VENTURE,21800,,0,0.31,N,24
54,141100,RENT,4.9,DEBTCONSOLIDATION,25500,11.12,0,0.18,N,3
35,67600,OWN,11.7,PERSONAL,31200,19.23,1,0.46,N,6
40,66100,MORTGAGE,13.5,EDUCATION,4000,10.05,0,0.06,N,6
54,47600,MORTGAGE,9.1,EDUCATION,15400,15.44,0,0.32,N,6
45,23100,OWN,1.5,PERSONAL,24800,16.65,0,1.07,N,7
44,58700,RENT,3.2,PERSONAL,19600,16.36,0,0.33,N,4
43,55400,MORTGAGE,2.8,DEBTCONSOLIDATION,23700,16.3,0,0.43,N,2
55,78000,MORTGAGE,2.9,EDUCATION,18700,10.24,0,0.24,Y,3
36,64100,RENT,0.3,EDUCATION,3600,9.71,0,0.06,N,2
40,62800,RENT,1.0,VENTURE,24600,14.9,1,0.39,N,3
33,101200,MORTGAGE,0.8,EDUCATION,16600,9.46,0,0.16,N,4
41,46900,RENT,4.8,MEDICAL,9200,13.3,0,0.2,Y,3
45,85900,MORTGAGE,2.7,DEBTCONSOLIDATION,18200,10.04,0,0.21,N,6
30,110000,MORTGAGE,2.0,MEDICAL,14300,8.75,0,0.13,N,4
37,40000,MORTGAGE,2.9,EDUCATION,19200,16.89,0,0.48,N,9
45,43300,MORTGAGE,2.0,PERSONAL,13400,14.08,1,0.31,N,2
47,35500,RENT,7.1,EDUCATION,6300,8.04,0,0.18,N,6
62,25700,RENT,0.9,EDUCATION,26200,20.44,1,1.02,Y,2
49,149400,MORTGAGE,0.3,EDUCATION,18300,10.66,0,0.12,N,2
42,250000,RENT,5.3,VENTURE,19100,8.18,0,0.08,N,8
45,60800,RENT,1.3,VENTURE,20700,10.81,0,0.34,N,4
45,45200,OWN,,EDUCATION,14200,10.97,0,0.31,Y,11
40,140900,RENT,0.3,EDUCATION,19100,,0,0.14,N,13
46,75400,MORTGAGE,1.4,VENTURE,8600,10.28,0,0.11,N,2
39,35800,RENT,0.8,PERSONAL,13300,12.68,1,0.37,N,5
46,33400,RENT,1.7,HOMEIMPROVEMENT,18500,19.0,1,0.55,Y,4
43,85000,RENT,2.0,EDUCATION,21900,,0,0.26,N,7
42,66900,MORTGAGE,3.4,PERSONAL,29700,17.22,1,0.44,N,7
42,100400,OWN,3.7,EDUCATION,23900,11.93,0,0.24,N,8
51,79800,MORTGAGE,5.0,EDUCATION,4400,5.62,0,0.06,N,3
50,27700,RENT,2.0,MEDICAL,7900,14.02,0,0.29,Y,7
41,35400,RENT,3.8,VENTURE,18200,18.01,0,0.51,N,8
50,33400,RENT,23.1,VENTURE,5700,12.48,0,0.17,N,2
43,61000,RENT,1.2,EDUCATION,33000,16.53,0,0.54,Y,8
43,50600,RENT,0.8,HOMEIMPROVEMENT,13400,10.64,0,0.26,N,6
40,42200,RENT,9.2,EDUCATION,18400,17.18,1,0.44,N,4
60,45700,RENT,2.6,EDUCATION,4600,10.13,0,0.1,Y,9
59,78500,OWN,9.4,MEDICAL,12600,9.96,0,0.16,N,5
38,49000,MORTGAGE,2.8,HOMEIMPROVEMENT,9100,11.26,0,0.19,N,4
41,37300,RENT,0.1,HOMEIMPROVEMENT,6300,9.32,0,0.17,N,2
47,26400,RENT,2.3,EDUCATION,18000,19.77,0,0.68,N,5
49,33000,MORTGAGE,4.7,EDUCATION,30500,21.0,1,0.92,Y,4
36,97500,MORTGAGE,3.0,VENTURE,10200,15.13,0,0.1,N,5
37,37500,MORTGAGE,3.1,PERSONAL,27100,19.36,1,0.72,N,17
26,146900,RENT,,PERSONAL,1900,10.13,0,0.01,N,6
49,76600,MORTGAGE,3.9,MEDICAL,17700,12.9,0,0.23,N,11
33,34600,OWN,6.0,EDUCATION,14600,15.81,0,0.42,N,6
38,38700,RENT,6.4,EDUCATION,11400,12.08,0,0.29,N,4
52,17000,MORTGAGE,0.0,DEBTCONSOLIDATION,12300,19.32,1,0.72,Y,4
51,42500,MORTGAGE,4.0,MEDICAL,16200,13.54,0,0.38,N,3
59,158200,RENT,16.5,DEBTCONSOLIDATION,15200,10.61,0,0.1,N,3
64,133000,RENT,6.9,MEDICAL,14100,8.71,0,0.11,N,10
70,131200,MORTGAGE,2.1,PERSONAL,31100,9.6,0,0.24,N,7
40,75700,RENT,2.3,EDUCATION,20700,13.5,0,0.27,N,3
39,49100,RENT,1.8,DEBTCONSOLIDATION,8000,10.18,1,0.16,N,7
47,57200,OWN,5.0,DEBTCONSOLIDATION,26500,19.02,1,0.46,N,7
33,73100,RENT,0.5,MEDICAL,13800,10.18,0,0.19,Y,3
41,53700,RENT,1.7,EDUCATION,3000,6.34,0,0.06,N,11
45,35200,RENT,3.4,EDUCATION,21200,16.34,1,0.6,Y,6
48,52100,RENT,,DEBTCONSOLIDATION,11100,12.94,0,0.21,N,4
49,25700,MORTGAGE,,MEDICAL,34000,19.21,0,1.32,Y,2
41,75100,RENT,8.0,EDUCATION,14900,9.04,0,0.2,N,6
34,32900,RENT,0.9,HOMEIMPROVEMENT,9600,11.7,0,0.29,N,11
36,74100,RENT,1.3,PERSONAL,20200,13.51,0,0.27,N,10
30,29900,RENT,10.3,DEBTCONSOLIDATION,9700,15.33,1,0.32,N,4
39,49400,MORTGAGE,8.9,PERSONAL,3600,8.03,0,0.07,N,8
33,63000,RENT,8.6,MEDICAL,6100,11.72,0,0.1,N,5
39,49500,RENT,1.2,DEBTCONSOLIDATION,17600,11.52,0,0.36,N,18
47,77000,MORTGAGE,0.3,VENTURE,8600,8.6,0,0.11,N,7
34,69300,MORTGAGE,3.7,PERSONAL,9000,8.23,0,0.13,N,4
44,43000,RENT,10.2,MEDICAL,7400,12.66,0,0.17,N,2
41,39200,MORTGAGE,,HOMEIMPROVEMENT,9400,13.16,0,0.24,Y,4
47,37700,RENT,11.7,DEBTCONSOLIDATION,20400,23.15,1,0.54,Y,4
49,34800,RENT,0.8,EDUCATION,14300,15.88,1,0.41,N,6
41,171700,RENT,1.8,EDUCATION,8700,8.35,0,0.05,N,10
44,38300,RENT,1.8,PERSONAL,9200,,0,0.24,N,2
41,98800,RENT,0.8,EDUCATION,11600,7.96,0,0.12,N,16
40,59300,RENT,10.3,MEDICAL,33200,16.22,0,0.56,N,13
38,44600,RENT,2.7,VENTURE,7900,9.31,0,0.18,N,16
48,60300,RENT,1.1,EDUCATION,21800,15.33,1,0.36,N,5
57,62300,MORTGAGE,0.8,DEBTCONSOLIDATION,24100,16.25,1,0.39,N,4
55,20600,RENT,2.7,DEBTCONSOLIDATION,28700,20.48,1,1.39,Y,14
34,51900,RENT,0.1,HOMEIMPROVEMENT,16300,,1,0.31,N,5
57,54400,RENT,0.6,EDUCATION,6200,9.56,0,0.11,N,12
36,45200,MORTGAGE,0.0,EDUCATION,3500,6.1,0,0.08,N,2
45,16900,RENT,0.1,VENTURE,12800,22.82,1,0.76,Y,16
46,45100,RENT,28.0,DEBTCONSOLIDATION,11000,12.21,0,0.24,N,6
32,131600,RENT,3.0,MEDICAL,24000,11.58,0,0.18,N,2
42,73300,MORTGAGE,6.5,MEDICAL,16100,10.2,0,0.22,N,7
57,30400,MORTGAGE,6.7,VENTURE,23200,19.39,1,0.76,N,5
28,88500,MORTGAGE,10.0,VENTURE,15500,11.16,0,0.18,N,5
70,29500,RENT,,VENTURE,8900,14.06,0,0.3,N,5
30,62800,MORTGAGE,3.7,MEDICAL,8400,11.57,0,0.13,N,4
46,63100,MORTGAGE,1.9,PERSONAL,11900,,0,0.19,N,6
33,44300,RENT,4.0,VENTURE,3800,9.38,0,0.09,N,5
48,96100,MORTGAGE,2.0,VENTURE,13900,10.16,0,0.14,N,6
55,82000,OTHER,1.0,PERSONAL,9600,8.39,0,0.12,N,4
51,35400,RENT,5.6,MEDICAL,4500,10.53,0,0.13,N,7
33,46200,MORTGAGE,0.2,DEBTCONSOLIDATION,13400,16.62,0,0.29,Y,6
53,33800,RENT,11.3,MEDICAL,17200,17.47,1,0.51,Y,5
41,39500,RENT,0.8,MEDICAL,6200,10.06,0,0.16,N,3
33,77500,RENT,4.8,VENTURE,16400,15.45,0,0.21,Y,5
57,53800,RENT,7.0,MEDICAL,27900,15.63,1,0.52,Y,9
67,95400,OWN,0.4,MEDICAL,11500,9.89,0,0.12,N,3
44,22700,MORTGAGE,11.7,EDUCATION,31000,21.95,0,1.37,N,6
40,63100,RENT,2.2,PERSONAL,21100,11.17,0,0.33,N,7
37,85600,MORTGAGE,19.0,DEBTCONSOLIDATION,2600,9.56,0,0.03,N,10
51,57300,MORTGAGE,0.4,PERSONAL,28000,17.09,0,0.49,N,7
54,25600,RENT,6.3,VENTURE,14200,18.94,1,0.55,Y,3
40,30400,RENT,0.9,PERSONAL,16200,16.34,1,0.53,Y,6
60,89300,MORTGAGE,2.6,HOMEIMPROVEMENT,16400,13.76,0,0.18,N,6
50,40400,MORTGAGE,2.9,MEDICAL,11800,11.91,0,0.29,N,4
44,35300,OTHER,2.6,MEDICAL,12800,12.7,1,0.36,N,10
46,45000,RENT,2.1,MEDICAL,14400,12.98,0,0.32,N,8
36,47100,MORTGAGE,7.3,EDUCATION,29500,16.9,1,0.63,N,7
50,104000,MORTGAGE,8.6,MEDICAL,8700,6.0,0,0.08,N,8
36,20700,MORTGAGE,2.0,EDUCATION,26300,20.63,1,1.27,Y,7
39,74400,MORTGAGE,3.3,DEBTCONSOLIDATION,30400,16.49,0,0.41,N,4
43,121000,RENT,2.7,PERSONAL,12500,8.47,0,0.1,N,5
64,91100,RENT,4.5,MEDICAL,9200,11.2,0,0.1,N,2
46,194500,RENT,0.8,MEDICAL,13200,9.07,0,0.07,N,5
37,42100,RENT,8.2,VENTURE,6300,10.73,0,0.15,N,8
46,88500,RENT,8.0,DEBTCONSOLIDATION,22400,12.04,0,0.25,N,5
49,51700,MORTGAGE,4.5,PERSONAL,10400,10.49,0,0.2,N,7
56,40700,RENT,6.9,EDUCATION,10200,11.59,0,0.25,N,5
43,16000,RENT,22.3,PERSONAL,18000,20.9,1,1.12,Y,2
38,42000,OWN,12.8,DEBTCONSOLIDATION,15300,14.37,0,0.36,N,10
68,97300,RENT,4.7,EDUCATION,15900,10.78,0,0.16,Y,2
46,21100,RENT,3.6,PERSONAL,13700,18.94,1,0.65,N,15
37,171700,RENT,3.8,MEDICAL,13000,7.86,0,0.08,N,10
43,67900,MORTGAGE,3.1,EDUCATION,10400,10.71,0,0.15,N,3
39,29500,RENT,3.3,VENTURE,9800,15.06,0,0.33,N,10
56,61400,OWN,6.6,VENTURE,32700,16.96,0,0.53,N,10
49,79000,MORTGAGE,24.2,VENTURE,12000,10.34,0,0.15,N,7
41,41400,MORTGAGE,0.2,DEBTCONSOLIDATION,14100,13.69,1,0.34,N,2
54,38400,RENT,1.3,MEDICAL,11900,14.98,1,0.31,N,4
43,160500,OWN,1.2,VENTURE,19400,13.19,0,0.12,N,6
43,44900,MORTGAGE,8.9,MEDICAL,7900,10.2,0,0.18,N,5
38,50100,MORTGAGE,2.7,DEBTCONSOLIDATION,4800,,0,0.1,Y,12
37,112200,MORTGAGE,3.7,EDUCATION,30200,10.99,0,0.27,N,2
67,52000,MORTGAGE,3.2,EDUCATION,14700,12.09,0,0.28,N,4
53,82500,RENT,9.6,HOMEIMPROVEMENT,15100,12.12,0,0.18,N,2
31,41800,RENT,,VENTURE,13300,13.4,0,0.32,Y,3
36,36900,RENT,5.5,DEBTCONSOLIDATION,4700,10.72,0,0.13,N,10
35,66800,RENT,0.1,MEDICAL,18100,10.62,0,0.27,N,8
44,31600,MORTGAGE,5.3,VENTURE,15400,16.53,1,0.49,Y,6
40,67800,RENT,1.4,PERSONAL,7200,10.45,1,0.11,N,5
59,32700,RENT,10.1,HOMEIMPROVEMENT,14500,16.41,0,0.44,N,3
41,67400,RENT,7.0,EDUCATION,9000,8.76,0,0.13,N,8
65,106900,OTHER,0.6,EDUCATION,17200,8.43,0,0.16,N,5
43,18100,MORTGAGE,0.5,VENTURE,17900,21.31,1,0.99,N,8
69,43200,MORTGAGE,1.7,EDUCATION,10100,8.51,0,0.23,N,2
42,18400,MORTGAGE,0.7,PERSONAL,6100,15.02,0,0.33,N,3
42,46100,MORTGAGE,6.7,HOMEIMPROVEMENT,21600,18.76,0,0.47,N,2
53,65200,MORTGAGE,21.6,DEBTCONSOLIDATION,17100,15.62,0,0.26,N,4
51,44900,RENT,5.3,MEDICAL,16300,14.91,1,0.36,N,8
34,16700,MORTGAGE,1.4,DEBTCONSOLIDATION,16100,21.21,1,0.96,Y,7
44,88800,MORTGAGE,4.2,PERSONAL,19200,10.88,0,0.22,N,5
40,24300,MORTGAGE,8.2,EDUCATION,8900,,0,0.37,Y,11
39,85800,MORTGAGE,16.4,VENTURE,12100,10.59,0,0.14,N,5
44,35900,OWN,0.0,DEBTCONSOLIDATION,8800,11.27,0,0.25,N,4
41,33600,MORTGAGE,3.7,MEDICAL,5400,7.01,0,0.16,N,7
45,54500,MORTGAGE,3.0,PERSONAL,25900,14.74,0,0.48,N,8
36,97400,MORTGAGE,2.7,EDUCATION,4600,8.05,0,0.05,N,8
32,158800,RENT,3.5,DEBTCONSOLIDATION,4500,,0,0.03,N,7
53,43200,RENT,2.6,EDUCATION,10500,11.5,0,0.24,N,6
55,26500,RENT,2.1,VENTURE,10500,16.05,0,0.4,N,4
53,65500,MORTGAGE,0.6,VENTURE,4300,12.51,0,0.07,N,6
44,25900,RENT,3.5,VENTURE,20700,19.84,1,0.8,Y,7
40,81600,MORTGAGE,8.6,MEDICAL,6600,8.77,0,0.08,N,7
38,69100,MORTGAGE,0.6,VENTURE,5900,8.34,0,0.09,N,7
37,114100,MORTGAGE,6.7,VENTURE,5900,9.42,0,0.05,N,4
43,96700,MORTGAGE,1.6,MEDICAL,17300,11.82,0,0.18,N,7
55,58500,RENT,2.4,PERSONAL,7800,11.11,0,0.13,N,12
38,55100,OWN,20.0,EDUCATION,15700,12.33,0,0.28,N,3
55,33300,MORTGAGE,5.6,VENTURE,8400,12.54,0,0.25,N,7
33,32900,RENT,6.3,PERSONAL,23000,17.97,1,0.7,Y,2
46,53000,MORTGAGE,4.6,MEDICAL,8100,10.35,0,0.15,N,4
48,30000,RENT,1.9,MEDICAL,12500,16.89,1,0.42,N,3
39,46800,RENT,5.6,EDUCATION,15100,14.91,1,0.32,N,13
35,41800,RENT,3.1,VENTURE,24700,,0,0.59,Y,9
52,75000,RENT,8.9,EDUCATION,8600,10.01,0,0.11,N,9
44,53500,RENT,4.2,VENTURE,16700,,0,0.31,N,2
70,93600,MORTGAGE,,EDUCATION,3900,6.44,0,0.04,N,3
55,45900,RENT,9.4,EDUCATION,20900,17.85,0,0.46,N,4
55,28500,MORTGAGE,8.6,EDUCATION,14600,17.97,1,0.51,Y,7
28,73300,RENT,2.6,MEDICAL,28000,11.9,0,0.38,N,2
38,50600,MORTGAGE,2.3,DEBTCONSOLIDATION,20900,15.97,0,0.41,N,4
35,46700,RENT,10.2,VENTURE,12000,11.74,0,0.26,N,5
30,43000,MORTGAGE,0.8,PERSONAL,12300,16.34,0,0.29,N,2
43,53800,RENT,1.6,EDUCATION,2300,6.1,0,0.04,N,2
51,46700,RENT,0.6,MEDICAL,23000,16.56,1,0.49,Y,2
36,72000,MORTGAGE,0.2,MEDICAL,21900,14.01,0,0.3,N,3
30,81400,MORTGAGE,4.8,DEBTCONSOLIDATION,15500,10.24,0,0.19,N,10
36,44200,RENT,,PERSONAL,11500,14.13,0,0.26,N,7
42,162700,RENT,0.7,VENTURE,21900,9.28,0,0.13,N,3
42,39600,RENT,7.9,MEDICAL,16400,13.23,1,0.41,Y,3
44,54700,MORTGAGE,2.4,PERSONAL,8200,11.47,0,0.15,N,13
47,22200,MORTGAGE,4.8,DEBTCONSOLIDATION,9100,,1,0.41,Y,14
43,51200,MORTGAGE,7.2,VENTURE,16300,12.26,1,0.32,N,4
52,48400,RENT,,EDUCATION,18100,12.35,0,0.37,N,11
36,52700,MORTGAGE,0.7,MEDICAL,6600,,0,0.13,N,2
41,92700,RENT,0.6,PERSONAL,23100,,0,0.25,N,10
49,136400,MORTGAGE,12.9,MEDICAL,14000,8.12,0,0.1,N,9
46,99700,OWN,0.4,PERSONAL,8400,,0,0.08,N,12
63,51200,MORTGAGE,1.2,VENTURE,15400,17.15,0,0.3,N,7
36,60400,MORTGAGE,2.9,DEBTCONSOLIDATION,24500,15.9,0,0.41,N,2
49,125200,RENT,8.6,MEDICAL,4900,6.44,0,0.04,N,6
38,31200,RENT,4.6,VENTURE,8800,16.63,0,0.28,N,3
38,83400,RENT,,EDUCATION,15400,11.97,0,0.18,N,6
54,33200,MORTGAGE,5.9,DEBTCONSOLIDATION,1700,10.82,0,0.05,N,2
43,101600,RENT,8.1,MEDICAL,8000,7.74,0,0.08,N,8
46,50300,RENT,1.3,PERSONAL,9000,10.57,0,0.18,N,14
39,33400,RENT,0.1,EDUCATION,24900,17.71,1,0.75,Y,6
39,37700,MORTGAGE,0.7,DEBTCONSOLIDATION,14500,15.08,1,0.38,Y,3
32,41200,RENT,0.9,HOMEIMPROVEMENT,17000,18.24,0,0.41,N,12
45,91500,RENT,0.2,VENTURE,1900,11.68,0,0.02,N,7
35,113200,RENT,6.9,VENTURE,11700,7.68,0,0.1,N,8
42,43400,RENT,10.8,VENTURE,12900,14.55,1,0.3,N,4
52,33500,RENT,6.2,HOMEIMPROVEMENT,23100,17.75,1,0.69,Y,9
31,165400,RENT,1.0,VENTURE,8300,,0,0.05,N,12
70,85000,RENT,4.7,EDUCATION,5200,8.17,1,0.06,N,12
37,35400,MORTGAGE,3.7,VENTURE,22600,17.92,1,0.64,N,3
43,66000,MORTGAGE,8.6,MEDICAL,8600,11.51,0,0.13,N,5
46,43200,MORTGAGE,14.3,PERSONAL,18500,16.36,0,0.43,N,10
37,26700,RENT,6.8,MEDICAL,6000,10.12,0,0.22,N,2
40,45700,RENT,3.6,HOMEIMPROVEMENT,18000,18.46,1,0.39,N,9
55,25500,RENT,3.6,DEBTCONSOLIDATION,12400,19.92,1,0.49,Y,10
51,41600,MORTGAGE,8.2,MEDICAL,27000,18.03,1,0.65,Y,4
41,43800,RENT,0.7,MEDICAL,8400,15.63,0,0.19,N,12
43,40300,MORTGAGE,0.8,VENTURE,5300,10.37,0,0.13,N,8
45,89400,MORTGAGE,2.1,EDUCATION,14700,8.12,0,0.16,N,4
49,67700,MORTGAGE,6.9,PERSONAL,26500,,0,0.39,N,3
49,38100,RENT,0.3,VENTURE,8400,12.66,0,0.22,N,7
49,64700,RENT,2.1,MEDICAL,22900,14.25,1,0.35,Y,2
40,111100,MORTGAGE,1.9,PERSONAL,10800,9.12,0,0.1,N,2
44,34300,RENT,3.3,EDUCATION,6200,9.6,0,0.18,N,13
53,26300,RENT,3.1,HOMEIMPROVEMENT,16000,21.68,1,0.61,Y,12
68,29800,RENT,6.3,EDUCATION,14400,15.45,0,0.48,N,7
44,66600,MORTGAGE,4.9,MEDICAL,23000,13.14,0,0.35,N,3
39,122900,MORTGAGE,11.7,HOMEIMPROVEMENT,6300,5.42,0,0.05,N,6
37,86400,RENT,1.0,MEDICAL,17300,8.8,0,0.2,N,7
49,109800,MORTGAGE,2.8,DEBTCONSOLIDATION,16700,14.36,0,0.15,N,2
32,16200,MORTGAGE,2.6,EDUCATION,32900,18.01,1,2.03,Y,8
49,34300,RENT,0.6,EDUCATION,10600,15.23,0,0.31,N,9
50,29300,RENT,0.9,EDUCATION,4500,9.01,0,0.15,N,5
39,73700,OTHER,2.1,HOMEIMPROVEMENT,12200,9.14,0,0.17,N,8
46,48600,RENT,6.6,EDUCATION,13200,12.77,0,0.27,N,7
42,12000,RENT,0.8,PERSONAL,11400,19.86,1,0.95,Y,7
33,82300,MORTGAGE,1.5,VENTURE,16900,9.95,0,0.21,N,2
49,103000,RENT,5.6,DEBTCONSOLIDATION,9500,9.75,0,0.09,N,2
48,163600,MORTGAGE,4.5,MEDICAL,8100,8.23,0,0.05,N,13
40,59300,RENT,0.6,EDUCATION,13000,11.67,0,0.22,N,12
68,76200,MORTGAGE,14.4,PERSONAL,19500,12.95,0,0.26,N,2
44,28900,MORTGAGE,0.8,VENTURE,25200,20.19,1,0.87,Y,4
30,22000,RENT,0.3,MEDICAL,17800,21.08,1,0.81,Y,12
54,107400,MORTGAGE,1.8,MEDICAL,11500,13.65,0,0.11,N,5
51,73200,RENT,0.1,DEBTCONSOLIDATION,20000,12.02,0,0.27,N,11
52,107700,RENT,0.2,EDUCATION,8200,8.57,0,0.08,N,9
36,47100,MORTGAGE,4.3,EDUCATION,20200,13.78,0,0.43,Y,6
45,199500,MORTGAGE,11.2,EDUCATION,13600,7.12,0,0.07,N,5
43,64400,MORTGAGE,2.6,EDUCATION,9600,9.66,0,0.15,N,10
42,35800,OWN,1.8,DEBTCONSOLIDATION,18500,16.55,0,0.52,Y,4
57,45500,MORTGAGE,12.3,DEBTCONSOLIDATION,12300,15.12,0,0.27,N,2
44,22400,MORTGAGE,0.3,EDUCATION,16700,23.15,1,0.75,Y,3
40,32300,MORTGAGE,3.2,PERSONAL,17800,17.34,0,0.55,N,5
40,43800,RENT,1.5,PERSONAL,11800,,1,0.27,N,8
35,127100,MORTGAGE,2.4,MEDICAL,31500,,1,0.25,N,11
45,52300,MORTGAGE,2.6,EDUCATION,13100,11.03,0,0.25,N,12
58,98400,RENT,3.9,VENTURE,31300,15.19,0,0.32,N,5
41,51300,OWN,3.0,DEBTCONSOLIDATION,9000,12.55,0,0.18,N,4
46,30800,RENT,22.1,MEDICAL,7700,10.38,1,0.25,N,2
42,73100,RENT,0.1,MEDICAL,16900,12.65,1,0.23,N,6
43,34000,RENT,7.1,DEBTCONSOLIDATION,15000,15.19,1,0.44,N,7
52,43500,MORTGAGE,0.3,EDUCATION,14800,14.37,0,0.34,N,12
35,165600,RENT,2.8,EDUCATION,32900,12.08,0,0.2,N,7
33,75500,MORTGAGE,1.1,PERSONAL,1500,8.5,0,0.02,Y,9
54,34500,MORTGAGE,14.5,PERSONAL,13000,16.9,0,0.38,N,7
39,81000,MORTGAGE,6.4,DEBTCONSOLIDATION,10200,9.68,0,0.13,N,10
40,32300,MORTGAGE,3.1,MEDICAL,12500,18.57,1,0.39,N,16
70,20600,RENT,15.2,EDUCATION,27600,16.55,0,1.34,Y,3
51,98800,RENT,6.4,MEDICAL,22000,9.06,0,0.22,N,4
37,63700,MORTGAGE,15.2,MEDICAL,8400,6.61,0,0.13,N,11
55,48600,MORTGAGE,,HOMEIMPROVEMENT,18800,13.73,0,0.39,N,8
51,21700,MORTGAGE,0.4,DEBTCONSOLIDATION,15700,16.57,1,0.72,N,7
25,45600,RENT,,MEDICAL,12100,12.51,0,0.27,N,3
45,60200,RENT,19.6,MEDICAL,10900,,0,0.18,N,8
35,28500,OWN,1.2,VENTURE,16200,17.36,1,0.57,N,5
43,55500,MORTGAGE,7.9,PERSONAL,13300,11.23,1,0.24,N,17
68,127100,RENT,1.0,VENTURE,15000,10.39,0,0.12,N,18
52,61400,MORTGAGE,3.0,MEDICAL,20800,13.59,0,0.34,N,2
54,74700,RENT,0.4,PERSONAL,29600,,1,0.4,N,10
42,42500,RENT,2.1,DEBTCONSOLIDATION,12200,13.52,0,0.29,N,5
54,30400,RENT,7.5,PERSONAL,12500,15.27,1,0.41,Y,11
38,39800,MORTGAGE,0.2,EDUCATION,23100,15.92,0,0.58,N,3
45,96800,OWN,1.9,DEBTCONSOLIDATION,6900,9.4,0,0.07,N,8
52,51400,MORTGAGE,5.0,HOMEIMPROVEMENT,21700,16.96,0,0.42,N,8
51,48500,MORTGAGE,14.8,PERSONAL,11800,10.27,1,0.24,N,5
33,41000,MORTGAGE,1.4,MEDICAL,12300,11.08,0,0.3,N,5
64,26900,RENT,1.0,EDUCATION,10100,12.27,0,0.38,Y,3
36,114900,RENT,1.1,MEDICAL,6800,7.07,0,0.06,N,2
70,48300,MORTGAGE,1.4,VENTURE,20000,17.26,1,0.41,N,5
52,40400,MORTGAGE,5.1,DEBTCONSOLIDATION,25500,21.82,1,0.63,Y,4
51,56600,OWN,33.0,VENTURE,14000,14.4,0,0.25,N,6
37,40500,RENT,3.7,MEDICAL,8200,11.92,0,0.2,N,6
39,64300,RENT,1.6,PERSONAL,10300,11.03,0,0.16,Y,6
63,37200,RENT,6.9,EDUCATION,5800,11.98,0,0.16,N,16
61,58000,MORTGAGE,0.9,EDUCATION,22800,13.68,1,0.39,N,5
42,52600,RENT,0.2,PERSONAL,14400,13.8,0,0.27,N,9
41,150300,OWN,4.6,MEDICAL,30700,13.38,0,0.2,N,4
42,154900,RENT,1.2,EDUCATION,20800,6.97,0,0.13,N,2
55,83500,OTHER,2.5,VENTURE,19400,,0,0.23,N,2
54,51600,RENT,1.3,PERSONAL,12700,11.36,0,0.25,N,7
47,84300,RENT,12.5,PERSONAL,11000,9.79,0,0.13,N,8
45,82800,MORTGAGE,,MEDICAL,9700,10.46,0,0.12,N,2
42,41800,MORTGAGE,3.0,MEDICAL,31800,22.95,1,0.76,Y,4
70,21900,RENT,1.3,VENTURE,8900,13.44,1,0.41,Y,7
33,19000,MORTGAGE,0.4,EDUCATION,7300,12.12,0,0.38,N,5
40,50700,RENT,3.6,EDUCATION,13400,13.71,0,0.26,N,3
46,41000,MORTGAGE,10.2,MEDICAL,14400,14.55,0,0.35,N,6
32,40200,RENT,2.2,MEDICAL,7900,10.32,0,0.2,N,4
39,34800,RENT,7.6,VENTURE,11000,13.63,0,0.32,N,3
68,34000,RENT,0.2,PERSONAL,10000,12.52,0,0.29,Y,7
53,77700,RENT,1.3,VENTURE,19900,13.96,1,0.26,Y,14
39,12000,RENT,0.7,PERSONAL,13700,20.39,1,1.14,Y,8
39,74900,RENT,2.6,PERSONAL,21000,14.15,1,0.28,Y,3
33,46500,MORTGAGE,11.2,MEDICAL,6000,12.18,1,0.13,N,7
40,119700,MORTGAGE,2.3,EDUCATION,10400,10.8,0,0.09,N,5
49,62700,RENT,4.6,PERSONAL,10100,10.01,0,0.16,N,14
47,20900,OTHER,11.4,EDUCATION,13100,16.38,1,0.63,N,4
40,19400,OWN,2.2,MEDICAL,12000,17.24,0,0.62,N,4
36,28900,OWN,2.3,DEBTCONSOLIDATION,9400,11.3,0,0.33,N,9
42,62700,MORTGAGE,0.5,EDUCATION,22300,17.94,1,0.36,Y,5
42,21100,RENT,2.1,VENTURE,25900,22.47,1,1.23,Y,7
51,57600,RENT,6.9,EDUCATION,20900,13.06,0,0.36,N,13
46,79700,RENT,9.3,MEDICAL,18700,12.76,0,0.23,N,7
44,40500,MORTGAGE,6.4,HOMEIMPROVEMENT,15900,14.26,0,0.39,N,5
56,33200,MORTGAGE,0.0,HOMEIMPROVEMENT,10800,14.8,0,0.33,N,5
61,16600,MORTGAGE,0.6,HOMEIMPROVEMENT,26500,20.23,1,1.6,Y,9
47,124300,MORTGAGE,6.6,VENTURE,17400,,0,0.14,N,6
47,148000,RENT,14.3,MEDICAL,25100,10.84,0,0.17,N,6
42,106000,MORTGAGE,5.9,MEDICAL,13000,8.67,0,0.12,N,11
37,46500,RENT,1.3,EDUCATION,12200,13.16,1,0.26,Y,2
52,52600,MORTGAGE,0.6,EDUCATION,5600,6.14,0,0.11,N,6
50,79000,RENT,10.5,EDUCATION,10800,10.87,0,0.14,N,5
43,58700,RENT,0.5,VENTURE,11700,9.44,0,0.2,N,9
46,12000,MORTGAGE,0.8,EDUCATION,13900,19.18,1,1.16,N,6
55,89800,RENT,4.5,HOMEIMPROVEMENT,13500,10.37,0,0.15,N,3
57,105900,MORTGAGE,1.1,VENTURE,26500,13.47,0,0.25,Y,5
28,97700,MORTGAGE,1.3,EDUCATION,14100,8.54,0,0.14,N,10
38,69500,RENT,0.8,MEDICAL,23300,12.22,0,0.34,N,3
43,91800,RENT,14.4,MEDICAL,6900,9.75,0,0.08,N,9
35,24900,RENT,0.7,DEBTCONSOLIDATION,15600,19.34,1,0.63,Y,3
46,51500,RENT,13.4,EDUCATION,14800,,0,0.29,N,8
39,37500,RENT,2.0,MEDICAL,7500,11.01,0,0.2,N,3
46,120400,RENT,8.6,PERSONAL,9200,8.94,0,0.08,N,8
39,59900,RENT,15.0,MEDICAL,14000,11.47,0,0.23,N,3
39,49600,RENT,3.7,MEDICAL,14400,13.39,0,0.29,N,8
46,31000,RENT,7.4,MEDICAL,25600,19.18,1,0.83,Y,7
53,30300,MORTGAGE,1.5,PERSONAL,7700,12.55,0,0.25,N,13
49,29100,MORTGAGE,2.4,EDUCATION,10200,16.94,1,0.35,N,5
43,81600,RENT,4.0,DEBTCONSOLIDATION,9100,14.04,0,0.11,N,7
31,75300,MORTGAGE,9.5,EDUCATION,21100,13.79,0,0.28,N,5
39,62200,RENT,4.8,MEDICAL,8700,6.45,0,0.14,N,9
38,83700,RENT,0.1,MEDICAL,25500,11.52,0,0.3,N,6
51,34800,RENT,1.8,MEDICAL,27200,19.43,1,0.78,Y,4
45,19700,MORTGAGE,10.0,EDUCATION,6500,12.41,0,0.33,N,4
45,78900,RENT,1.4,VENTURE,8700,11.17,0,0.11,N,7
37,52500,RENT,2.3,VENTURE,11700,12.49,1,0.22,Y,13
58,85700,MORTGAGE,2.5,VENTURE,24200,13.38,0,0.28,N,6
45,68500,OTHER,0.8,VENTURE,6800,,0,0.1,N,16
37,52000,RENT,2.2,EDUCATION,10900,9.01,0,0.21,N,8
37,60700,RENT,8.5,HOMEIMPROVEMENT,18800,12.68,0,0.31,N,6
47,117600,OWN,9.5,DEBTCONSOLIDATION,19400,13.96,0,0.16,N,7
36,46200,RENT,4.3,DEBTCONSOLIDATION,11100,13.62,0,0.24,N,4
38,81200,RENT,5.7,VENTURE,29300,16.62,1,0.36,N,7
35,64200,OWN,3.8,DEBTCONSOLIDATION,11100,12.55,0,0.17,N,3
51,21600,MORTGAGE,0.2,PERSONAL,16500,20.26,1,0.76,Y,14
37,26300,RENT,6.0,VENTURE,16600,21.91,1,0.63,Y,5
60,53000,MORTGAGE,28.3,PERSONAL,21700,13.61,0,0.41,N,7
48,41200,MORTGAGE,1.3,VENTURE,11200,15.33,0,0.27,N,5
35,32100,RENT,17.0,EDUCATION,12200,10.02,0,0.38,N,3
49,97600,RENT,30.5,HOMEIMPROVEMENT,12300,9.31,0,0.13,N,14
58,23800,RENT,0.8,MEDICAL,5000,15.28,0,0.21,N,5
43,48600,MORTGAGE,13.0,VENTURE,19600,15.61,0,0.4,Y,8
60,33500,MORTGAGE,5.6,MEDICAL,20700,20.74,1,0.62,N,9
48,122500,RENT,3.1,EDUCATION,22400,11.34,0,0.18,N,8
39,216300,MORTGAGE,,DEBTCONSOLIDATION,19100,11.46,0,0.09,N,8
68,45700,MORTGAGE,5.0,PERSONAL,16000,11.73,0,0.35,N,2
33,86400,RENT,9.3,DEBTCONSOLIDATION,15400,12.07,0,0.18,N,3
41,108900,MORTGAGE,0.2,VENTURE,17300,9.9,0,0.16,N,15
43,88800,MORTGAGE,3.8,DEBTCONSOLIDATION,2500,11.77,0,0.03,Y,12
65,83700,RENT,5.3,DEBTCONSOLIDATION,12900,,0,0.15,N,6
51,20400,OWN,0.1,MEDICAL,4300,10.56,0,0.21,N,2
49,103500,RENT,11.0,EDUCATION,13700,9.35,0,0.13,N,15
38,66000,RENT,15.2,DEBTCONSOLIDATION,7400,13.18,0,0.11,N,8
43,47800,MORTGAGE,4.7,EDUCATION,2600,5.52,0,0.05,N,4
39,51900,MORTGAGE,0.6,DEBTCONSOLIDATION,19600,17.92,0,0.38,N,2
49,62400,OTHER,13.5,VENTURE,18800,13.92,0,0.3,N,7
56,47100,RENT,8.2,PERSONAL,11700,12.27,0,0.25,N,11
70,44600,RENT,0.1,MEDICAL,5200,9.74,0,0.12,N,6
40,31600,RENT,4.3,MEDICAL,30300,22.41,1,0.96,Y,4
33,71700,MORTGAGE,0.6,MEDICAL,7400,9.18,0,0.1,N,4
41,49600,RENT,0.8,EDUCATION,13700,10.23,0,0.28,N,4
54,35000,MORTGAGE,1.1,PERSONAL,9600,12.29,0,0.27,N,4
37,57200,RENT,2.5,EDUCATION,7000,9.36,0,0.12,N,2
44,55500,RENT,10.5,VENTURE,14200,12.71,0,0.26,N,7
49,71600,RENT,0.2,VENTURE,8300,12.82,0,0.12,N,8
40,53300,OWN,5.8,HOMEIMPROVEMENT,11200,11.79,0,0.21,Y,7
46,76100,RENT,16.7,DEBTCONSOLIDATION,16300,14.01,1,0.21,Y,3
36,46600,RENT,5.1,VENTURE,11700,6.75,0,0.25,N,4
57,48500,RENT,8.5,DEBTCONSOLIDATION,14400,,0,0.3,N,9
41,63100,OWN,11.6,DEBTCONSOLIDATION,8900,10.99,0,0.14,N,11
45,67000,MORTGAGE,6.3,EDUCATION,18600,15.1,0,0.28,N,3
31,105500,OWN,,HOMEIMPROVEMENT,17000,12.77,0,0.16,N,7
35,96400,RENT,0.1,PERSONAL,18500,12.81,0,0.19,Y,7
53,52900,RENT,,PERSONAL,10800,,0,0.2,N,4
40,24900,RENT,3.2,PERSONAL,27700,17.53,1,1.11,Y,7
36,78900,MORTGAGE,3.7,EDUCATION,16800,10.47,0,0.21,N,3
33,72400,RENT,2.8,EDUCATION,6900,9.14,0,0.1,N,6
56,61000,MORTGAGE,11.9,EDUCATION,30300,16.89,0,0.5,N,6
50,82900,RENT,11.0,DEBTCONSOLIDATION,15500,12.79,0,0.19,N,6
50,44200,MORTGAGE,0.7,VENTURE,18700,16.18,0,0.42,N,14
62,22500,RENT,3.8,MEDICAL,11400,16.7,1,0.51,N,14
41,33500,RENT,16.0,MEDICAL,12800,16.17,0,0.38,N,9
33,12000,MORTGAGE,4.6,DEBTCONSOLIDATION,19600,21.12,1,1.63,Y,9
44,69200,RENT,8.1,VENTURE,24100,14.0,0,0.35,N,8
64,52200,OWN,2.3,VENTURE,29100,19.21,0,0.56,Y,2
44,87000,MORTGAGE,2.4,EDUCATION,32000,15.59,0,0.37,N,3
55,82000,RENT,2.0,MEDICAL,16100,14.7,0,0.2,N,3
33,41400,MORTGAGE,0.1,EDUCATION,5900,9.18,0,0.14,N,12
37,34400,RENT,12.9,PERSONAL,15700,14.36,0,0.46,N,3
53,35100,RENT,2.2,MEDICAL,8500,12.39,1,0.24,N,4
45,155300,RENT,,EDUCATION,17400,7.92,0,0.11,N,4
43,49800,RENT,7.1,HOMEIMPROVEMENT,10800,11.94,0,0.22,N,6
55,46600,MORTGAGE,3.7,EDUCATION,14400,15.88,1,0.31,N,7
53,63600,RENT,2.2,EDUCATION,17700,10.93,0,0.28,N,3
45,22600,RENT,10.8,MEDICAL,26000,18.79,0,1.15,N,5
28,43500,MORTGAGE,8.7,DEBTCONSOLIDATION,21500,18.0,0,0.49,N,5
44,33800,MORTGAGE,18.8,PERSONAL,3400,10.42,0,0.1,N,3
48,30100,RENT,5.1,HOMEIMPROVEMENT,7500,10.69,0,0.25,N,7
31,46900,MORTGAGE,5.9,PERSONAL,24200,19.75,1,0.52,Y,5
47,55600,RENT,2.0,EDUCATION,19900,15.22,0,0.36,N,8
56,27200,MORTGAGE,0.5,EDUCATION,7300,13.0,1,0.27,N,4
44,44300,RENT,0.6,PERSONAL,15900,13.25,0,0.36,Y,5
36,56600,MORTGAGE,5.2,DEBTCONSOLIDATION,15900,10.75,0,0.28,N,4
28,69500,RENT,0.6,DEBTCONSOLIDATION,20900,13.19,0,0.3,N,2
47,46600,MORTGAGE,11.9,PERSONAL,22200,16.38,0,0.48,N,8
32,65000,MORTGAGE,6.1,DEBTCONSOLIDATION,18000,15.88,0,0.28,N,5
49,44600,MORTGAGE,1.3,PERSONAL,19100,17.16,1,0.43,Y,4
64,109600,MORTGAGE,1.6,PERSONAL,17800,11.4,0,0.16,N,3
29,73100,RENT,6.2,EDUCATION,7400,8.3,0,0.1,N,7
38,37500,RENT,8.7,MEDICAL,18300,21.88,0,0.49,Y,5
42,41300,MORTGAGE,9.1,VENTURE,13400,13.51,0,0.32,N,7
65,67200,RENT,4.6,PERSONAL,30600,18.29,0,0.46,Y,12
45,40600,RENT,0.8,MEDICAL,19000,16.34,1,0.47,Y,2
40,18700,MORTGAGE,8.5,MEDICAL,11500,17.26,1,0.61,Y,5
54,63700,RENT,,VENTURE,26100,16.05,0,0.41,Y,13
40,43900,RENT,9.0,MEDICAL,8900,10.31,0,0.2,Y,7
37,78700,MORTGAGE,0.9,EDUCATION,13300,7.07,0,0.17,N,7
49,55400,MORTGAGE,5.8,HOMEIMPROVEMENT,5200,9.31,0,0.09,N,4
55,77300,MORTGAGE,16.1,HOMEIMPROVEMENT,16900,10.39,0,0.22,N,6
27,216500,MORTGAGE,1.5,EDUCATION,15200,5.42,0,0.07,N,6
37,109700,RENT,6.3,VENTURE,14100,5.93,0,0.13,N,2
45,44700,MORTGAGE,1.5,PERSONAL,8500,10.35,0,0.19,N,4
42,68400,MORTGAGE,1.8,VENTURE,13900,9.21,0,0.2,Y,9
43,57800,RENT,3.3,MEDICAL,13100,9.87,0,0.23,N,11
36,62800,OWN,11.3,DEBTCONSOLIDATION,3400,7.96,0,0.05,N,6
50,22900,RENT,0.2,VENTURE,7600,17.6,1,0.33,N,6
60,96800,RENT,22.8,EDUCATION,25700,13.51,0,0.27,N,3
37,15200,RENT,7.4,VENTURE,21300,19.68,1,1.4,Y,8
50,53700,OWN,2.2,MEDICAL,6700,9.07,0,0.12,N,10
54,20600,RENT,2.2,VENTURE,30100,19.67,1,1.46,Y,4
45,36800,RENT,3.3,PERSONAL,13300,13.3,1,0.36,N,18
50,60800,MORTGAGE,10.4,MEDICAL,20100,13.93,0,0.33,N,9
38,87400,RENT,0.1,MEDICAL,14900,9.03,0,0.17,N,8
59,95000,RENT,4.0,PERSONAL,20600,9.11,0,0.22,N,7
55,48700,RENT,0.3,VENTURE,17700,16.77,1,0.36,N,12
56,93400,RENT,0.6,EDUCATION,5200,6.94,0,0.06,N,9
35,52300,RENT,,VENTURE,26300,18.61,0,0.5,N,9
48,36600,MORTGAGE,1.3,PERSONAL,20700,15.99,1,0.57,Y,4
38,66500,RENT,0.2,VENTURE,8800,12.2,0,0.13,N,12
61,32700,MORTGAGE,0.9,PERSONAL,8800,11.57,1,0.27,Y,7
37,50300,OTHER,1.2,MEDICAL,18400,13.49,0,0.37,Y,11
46,41600,MORTGAGE,7.3,DEBTCONSOLIDATION,18700,18.25,1,0.45,Y,3
30,23100,MORTGAGE,4.9,EDUCATION,5900,14.43,1,0.26,N,2
46,64900,OWN,6.6,MEDICAL,25800,15.4,0,0.4,N,15
35,58600,OTHER,2.3,PERSONAL,20000,13.84,0,0.34,N,2
49,102000,MORTGAGE,0.6,EDUCATION,31200,11.72,1,0.31,N,4
42,19400,RENT,8.2,HOMEIMPROVEMENT,12600,19.11,1,0.65,Y,20
40,36600,OWN,0.8,PERSONAL,5800,10.7,0,0.16,N,2
61,100800,MORTGAGE,2.4,DEBTCONSOLIDATION,25900,15.22,1,0.26,N,7
70,72500,RENT,1.5,VENTURE,22100,15.08,0,0.3,N,10
33,80700,OWN,1.8,PERSONAL,1200,9.27,0,0.01,N,12
41,120400,RENT,4.6,MEDICAL,14600,7.1,0,0.12,N,10
52,35600,RENT,0.9,VENTURE,2400,12.36,0,0.07,N,7
47,33700,RENT,3.0,PERSONAL,11100,12.02,0,0.33,N,5
51,86700,RENT,5.1,DEBTCONSOLIDATION,24300,13.47,1,0.28,N,4
43,76800,MORTGAGE,10.2,EDUCATION,18000,11.02,0,0.23,N,9
56,50600,MORTGAGE,2.3,EDUCATION,23500,15.07,0,0.46,N,5
45,49800,RENT,,PERSONAL,15200,11.95,1,0.31,Y,5
48,31800,RENT,2.3,MEDICAL,20900,20.21,1,0.66,Y,12
35,129100,MORTGAGE,3.5,PERSONAL,13700,,0,0.11,N,4
44,165100,RENT,1.9,EDUCATION,14000,5.72,0,0.08,N,3
52,100100,OWN,1.4,PERSONAL,16100,12.56,0,0.16,N,5
46,77600,MORTGAGE,2.4,VENTURE,7200,11.18,0,0.09,N,10
66,74900,MORTGAGE,7.5,EDUCATION,17200,10.61,0,0.23,N,5
45,65000,RENT,1.5,HOMEIMPROVEMENT,23700,12.14,0,0.36,N,7
48,20500,OWN,9.3,DEBTCONSOLIDATION,7600,19.16,0,0.37,N,2
45,41700,RENT,1.7,PERSONAL,11500,12.12,0,0.28,Y,4
43,85000,RENT,4.6,PERSONAL,26600,15.29,0,0.31,N,4
52,34000,MORTGAGE,17.7,EDUCATION,10300,12.22,0,0.3,N,2
43,59000,MORTGAGE,15.2,VENTURE,24500,17.48,0,0.42,N,4
34,102400,RENT,2.9,PERSONAL,17200,6.56,0,0.17,N,7
60,103300,MORTGAGE,0.3,EDUCATION,23200,6.29,0,0.22,N,7
39,90700,MORTGAGE,11.6,VENTURE,7200,12.17,0,0.08,N,6
33,63300,MORTGAGE,0.7,HOMEIMPROVEMENT,21300,15.0,0,0.34,N,8
50,84000,MORTGAGE,12.9,PERSONAL,3800,9.45,0,0.05,Y,4
62,47400,OTHER,6.6,VENTURE,11900,12.62,0,0.25,N,4
50,138200,OTHER,13.6,MEDICAL,9800,12.87,0,0.07,N,6
58,22600,OTHER,5.5,PERSONAL,17200,16.77,1,0.76,Y,11
37,56200,MORTGAGE,19.0,PERSONAL,20600,15.92,0,0.37,N,7
34,41800,RENT,3.1,PERSONAL,10900,12.62,0,0.26,N,4
41,78900,MORTGAGE,2.0,PERSONAL,23000,10.87,0,0.29,N,4
55,44900,MORTGAGE,2.5,MEDICAL,15100,,1,0.34,Y,3
49,204800,RENT,2.2,VENTURE,20200,11.4,0,0.1,N,6
50,89600,MORTGAGE,2.6,VENTURE,19400,13.04,0,0.22,N,12
45,31300,MORTGAGE,10.8,EDUCATION,7100,11.99,0,0.23,N,6
41,12500,OWN,4.5,EDUCATION,19600,18.36,1,1.57,N,2
45,29000,RENT,6.5,MEDICAL,22600,19.3,1,0.78,Y,12
42,73800,MORTGAGE,1.7,EDUCATION,4100,9.04,0,0.06,N,5
40,46900,RENT,22.0,EDUCATION,7600,13.92,0,0.16,N,7
47,39500,RENT,1.6,VENTURE,14400,12.19,0,0.36,N,7
41,36400,RENT,0.9,VENTURE,5000,8.4,0,0.14,N,12
46,85500,RENT,7.5,MEDICAL,11300,9.43,0,0.13,N,5
30,45200,RENT,9.1,HOMEIMPROVEMENT,23100,14.94,0,0.51,N,7
45,42600,RENT,2.5,VENTURE,6200,9.29,0,0.15,N,4
41,93600,OWN,3.9,PERSONAL,7200,11.03,0,0.08,N,6
59,127900,RENT,2.7,EDUCATION,6700,9.03,0,0.05,N,9
32,29400,MORTGAGE,1.7,MEDICAL,14900,16.74,0,0.51,Y,3
45,103600,OWN,8.4,VENTURE,10200,,0,0.1,N,12
52,51000,RENT,7.1,MEDICAL,22300,16.43,0,0.44,N,3
43,89800,RENT,3.3,EDUCATION,15800,10.81,0,0.18,N,10
41,77700,MORTGAGE,3.0,EDUCATION,17900,10.91,0,0.23,N,3
52,54800,RENT,1.0,VENTURE,10300,14.07,0,0.19,N,13
49,56100,RENT,5.1,EDUCATION,13800,14.89,0,0.25,N,2
49,78200,MORTGAGE,12.9,EDUCATION,11400,12.23,0,0.15,N,16
40,29600,RENT,6.3,PERSONAL,13900,17.13,1,0.47,Y,6
39,28900,MORTGAGE,3.5,EDUCATION,18400,19.51,1,0.64,N,15
46,170200,MORTGAGE,0.2,EDUCATION,13000,6.4,0,0.08,N,6
53,103000,MORTGAGE,13.3,EDUCATION,5300,9.13,0,0.05,N,4
34,93500,RENT,1.8,HOMEIMPROVEMENT,11400,7.4,0,0.12,N,5
43,49700,RENT,1.8,EDUCATION,25100,,1,0.51,Y,5
40,22000,MORTGAGE,3.2,MEDICAL,22500,19.67,1,1.02,N,3
44,40500,MORTGAGE,2.8,VENTURE,22800,16.93,1,0.56,Y,4
51,67900,MORTGAGE,16.4,HOMEIMPROVEMENT,8000,11.16,0,0.12,N,8
37,102000,MORTGAGE,0.9,DEBTCONSOLIDATION,5600,7.34,0,0.05,N,9
50,68600,MORTGAGE,5.8,EDUCATION,22200,12.69,0,0.32,N,8
41,69600,MORTGAGE,0.6,EDUCATION,17800,,0,0.26,Y,11
55,49300,RENT,1.6,MEDICAL,14200,12.84,0,0.29,N,10
38,77400,MORTGAGE,6.4,EDUCATION,18400,,0,0.24,N,10
53,32900,RENT,8.1,DEBTCONSOLIDATION,27200,15.96,1,0.83,Y,2
34,58000,RENT,3.2,PERSONAL,6900,10.7,0,0.12,N,5
46,47800,MORTGAGE,7.8,HOMEIMPROVEMENT,7800,15.8,1,0.16,N,8
50,120000,MORTGAGE,13.7,VENTURE,16000,11.76,0,0.13,N,10
38,12000,RENT,13.7,MEDICAL,18900,18.02,1,1.58,Y,6
29,49800,OTHER,2.1,VENTURE,17200,,1,0.35,N,7
40,62100,RENT,1.9,EDUCATION,9300,11.15,0,0.15,N,8
44,19500,RENT,6.5,VENTURE,16700,20.61,1,0.86,Y,10
41,81400,OWN,5.3,HOMEIMPROVEMENT,15300,10.43,0,0.19,N,15
39,50400,RENT,2.5,PERSONAL,3600,9.46,0,0.07,N,2
52,32100,MORTGAGE,1.3,EDUCATION,16700,16.95,0,0.52,N,7
56,94900,RENT,4.8,PERSONAL,13000,13.49,0,0.14,N,10
55,36000,MORTGAGE,2.8,EDUCATION,23600,18.58,1,0.66,N,15
48,84500,MORTGAGE,0.7,MEDICAL,17500,11.27,0,0.21,N,2
50,60000,MORTGAGE,5.1,PERSONAL,15000,10.35,0,0.25,N,2
37,43200,MORTGAGE,6.0,EDUCATION,25400,18.23,1,0.59,N,4
43,31100,OWN,2.3,MEDICAL,17800,19.05,1,0.57,Y,4
45,36600,RENT,8.9,EDUCATION,9300,11.7,0,0.25,N,8
47,87900,RENT,0.4,DEBTCONSOLIDATION,13300,13.51,0,0.15,N,6
46,102100,MORTGAGE,3.4,EDUCATION,18000,12.43,0,0.18,N,5
44,79400,RENT,15.7,VENTURE,22400,14.72,0,0.28,N,14
48,53300,OWN,1.1,MEDICAL,9800,12.83,0,0.18,N,6
46,79300,RENT,0.9,VENTURE,19500,13.35,0,0.25,N,13
46,64500,RENT,2.4,EDUCATION,18300,11.55,0,0.28,N,7
38,38900,MORTGAGE,1.6,PERSONAL,7300,11.72,0,0.19,N,8
35,32700,RENT,1.3,PERSONAL,7400,,0,0.23,N,2
47,45600,RENT,15.0,EDUCATION,14000,11.83,0,0.31,N,4
40,38200,RENT,2.1,HOMEIMPROVEMENT,12200,13.83,1,0.32,N,7
39,58200,MORTGAGE,0.3,DEBTCONSOLIDATION,7000,,0,0.12,N,2
50,131100,MORTGAGE,11.5,MEDICAL,5900,8.05,0,0.05,N,6
43,63200,RENT,3.0,MEDICAL,25500,19.79,1,0.4,Y,12
58,121500,MORTGAGE,6.7,VENTURE,8200,11.25,0,0.07,N,9
49,54200,MORTGAGE,2.3,VENTURE,11400,11.94,0,0.21,N,16
38,49400,MORTGAGE,13.7,MEDICAL,13300,11.06,0,0.27,N,9
50,23500,RENT,1.7,DEBTCONSOLIDATION,5800,14.3,0,0.25,N,12
48,77000,RENT,5.4,EDUCATION,7100,7.73,0,0.09,N,2
37,37800,MORTGAGE,8.7,MEDICAL,14500,17.2,0,0.38,N,2
39,33700,RENT,1.4,VENTURE,18700,16.44,1,0.55,Y,15
50,31000,RENT,8.1,DEBTCONSOLIDATION,23300,19.99,1,0.75,Y,6
31,65800,RENT,7.9,DEBTCONSOLIDATION,24000,,1,0.36,Y,10
30,39400,RENT,12.0,MEDICAL,14900,16.18,1,0.38,Y,2
45,134000,MORTGAGE,12.8,MEDICAL,9900,9.5,0,0.07,N,11
45,100300,RENT,2.5,MEDICAL,15700,8.1,0,0.16,N,8
46,40400,RENT,4.5,MEDICAL,16700,11.95,0,0.41,N,10
45,14700,RENT,13.0,DEBTCONSOLIDATION,9900,21.67,1,0.67,Y,2
48,57800,RENT,0.0,EDUCATION,17800,9.92,1,0.31,N,5
56,45700,RENT,,PERSONAL,7900,10.18,0,0.17,N,6
44,88400,MORTGAGE,1.2,EDUCATION,10100,9.02,0,0.11,N,20
33,54600,RENT,6.7,DEBTCONSOLIDATION,27100,,1,0.5,Y,8
31,102000,RENT,,MEDICAL,14200,10.68,0,0.14,N,9
41,71100,RENT,6.2,VENTURE,7400,13.73,0,0.1,N,5
41,26800,RENT,23.0,MEDICAL,17900,18.91,1,0.67,Y,11
34,35900,MORTGAGE,3.3,MEDICAL,8900,11.61,0,0.25,N,6
29,42200,MORTGAGE,4.1,VENTURE,4100,7.89,0,0.1,N,7
40,49400,MORTGAGE,2.6,PERSONAL,24400,16.48,1,0.49,N,7
62,46700,RENT,18.2,EDUCATION,12600,11.5,0,0.27,Y,5
47,80400,RENT,12.8,MEDICAL,21000,12.65,0,0.26,N,10
47,71400,RENT,21.6,PERSONAL,23700,14.07,0,0.33,N,11
42,43000,MORTGAGE,21.0,VENTURE,15600,15.37,0,0.36,N,8
41,78000,MORTGAGE,11.3,PERSONAL,6100,6.14,0,0.08,N,6
48,28400,MORTGAGE,13.4,DEBTCONSOLIDATION,10500,15.44,0,0.37,N,8
35,79600,RENT,0.6,EDUCATION,9300,9.22,0,0.12,Y,14
66,87400,RENT,1.0,PERSONAL,16300,9.68,0,0.19,N,2
35,63000,MORTGAGE,10.8,MEDICAL,12200,10.58,1,0.19,N,5
49,72300,RENT,6.5,VENTURE,12200,12.11,0,0.17,N,4
36,77800,RENT,10.4,PERSONAL,17500,10.93,0,0.22,N,10
45,96400,RENT,7.3,EDUCATION,3900,9.64,0,0.04,N,9
51,81500,MORTGAGE,0.8,MEDICAL,7000,9.03,0,0.09,N,4
32,105300,RENT,12.4,HOMEIMPROVEMENT,25100,12.64,0,0.24,N,3
36,22800,MORTGAGE,7.4,EDUCATION,23000,17.54,1,1.01,N,9
37,58300,OWN,4.2,EDUCATION,27800,17.49,1,0.48,N,3
42,52800,RENT,,DEBTCONSOLIDATION,8600,13.17,0,0.16,N,13
46,58900,RENT,4.3,MEDICAL,10900,,0,0.19,N,5
62,88900,MORTGAGE,2.5,PERSONAL,6500,9.67,0,0.07,N,11
39,58200,RENT,8.1,MEDICAL,17200,14.63,0,0.3,N,7
61,56900,RENT,12.0,EDUCATION,21100,13.92,0,0.37,N,3
47,70000,RENT,1.5,EDUCATION,16600,8.32,0,0.24,N,6
35,23700,RENT,0.2,EDUCATION,16100,21.15,1,0.68,Y,12
42,127500,MORTGAGE,1.1,MEDICAL,21800,10.61,0,0.17,N,5
33,51100,MORTGAGE,7.1,EDUCATION,5900,9.42,0,0.12,N,8
41,122100,RENT,10.1,DEBTCONSOLIDATION,19900,11.63,0,0.16,N,4
40,33900,MORTGAGE,2.1,VENTURE,25300,20.53,1,0.75,Y,12
45,32800,MORTGAGE,0.8,MEDICAL,17300,15.7,0,0.53,Y,3
49,47800,RENT,9.8,MEDICAL,18300,,0,0.38,N,8
43,55300,RENT,1.2,HOMEIMPROVEMENT,17200,12.97,0,0.31,N,5
36,41000,MORTGAGE,1.4,EDUCATION,22500,20.22,1,0.55,N,3
69,34800,RENT,0.5,DEBTCONSOLIDATION,11900,15.66,0,0.34,N,10
58,66400,RENT,12.1,PERSONAL,23800,13.79,0,0.36,Y,8
63,120300,RENT,2.0,VENTURE,9600,8.93,0,0.08,N,3
42,134900,RENT,0.9,PERSONAL,6600,8.55,0,0.05,N,6
47,46100,MORTGAGE,15.4,MEDICAL,5100,9.62,0,0.11,N,2
42,29900,RENT,2.0,MEDICAL,6200,5.98,0,0.21,N,3
45,46900,MORTGAGE,6.9,DEBTCONSOLIDATION,13100,12.22,0,0.28,N,5
46,138900,RENT,1.3,DEBTCONSOLIDATION,16100,11.08,0,0.12,N,9
34,95400,MORTGAGE,6.5,VENTURE,17100,11.76,0,0.18,N,13
41,67000,RENT,1.3,PERSONAL,15400,,0,0.23,N,8
54,41900,MORTGAGE,5.1,DEBTCONSOLIDATION,8500,12.4,0,0.2,N,7
53,89500,RENT,2.9,MEDICAL,24100,14.29,0,0.27,N,9
41,188000,RENT,8.0,PERSONAL,8600,8.81,0,0.05,N,5
46,50100,RENT,6.6,MEDICAL,22600,16.24,1,0.45,Y,14
42,18300,MORTGAGE,13.7,EDUCATION,19100,21.48,1,1.04,N,4
50,30800,RENT,2.4,PERSONAL,11100,16.69,0,0.36,Y,4
32,56100,MORTGAGE,7.0,VENTURE,12400,11.71,0,0.22,N,14
49,49700,RENT,17.3,EDUCATION,22200,18.63,1,0.45,Y,8
59,114500,OWN,2.0,EDUCATION,31400,,0,0.27,N,5
38,39100,RENT,1.7,MEDICAL,9100,10.94,1,0.23,Y,17
57,49200,RENT,7.3,DEBTCONSOLIDATION,18400,18.94,0,0.37,N,10
46,37900,RENT,2.9,EDUCATION,5500,11.18,1,0.15,N,5
43,83200,RENT,2.5,VENTURE,5700,8.18,0,0.07,N,4
41,33700,MORTGAGE,3.9,EDUCATION,13000,13.14,0,0.39,N,10
58,47600,RENT,,MEDICAL,3200,9.36,0,0.07,N,9
42,23400,MORTGAGE,,PERSONAL,26100,18.54,1,1.12,Y,5
61,40500,RENT,3.1,DEBTCONSOLIDATION,11700,16.7,0,0.29,N,6
59,135200,MORTGAGE,0.6,VENTURE,11600,6.73,0,0.09,N,5
40,143900,MORTGAGE,10.8,DEBTCONSOLIDATION,10600,13.63,0,0.07,N,2
42,78500,OTHER,0.7,DEBTCONSOLIDATION,10100,12.04,0,0.13,N,13
31,69100,RENT,0.5,EDUCATION,6000,6.48,0,0.09,N,5
43,38300,MORTGAGE,16.6,PERSONAL,16400,16.41,0,0.43,N,3
44,60400,RENT,4.1,PERSONAL,9300,7.48,0,0.15,N,6
55,59300,RENT,8.7,VENTURE,11000,9.53,0,0.19,N,7
60,54700,MORTGAGE,3.2,DEBTCONSOLIDATION,10800,12.1,0,0.2,N,7
51,84400,RENT,2.9,PERSONAL,10800,12.47,0,0.13,Y,4
54,32200,MORTGAGE,12.1,MEDICAL,24700,17.58,1,0.77,N,16
42,221700,OWN,23.0,PERSONAL,13400,10.54,0,0.06,N,4
35,132400,MORTGAGE,4.8,VENTURE,14200,14.02,0,0.11,N,2
46,34700,RENT,12.5,PERSONAL,21200,19.17,1,0.61,N,7
55,57500,MORTGAGE,9.9,EDUCATION,10300,12.33,0,0.18,N,4
27,39000,RENT,3.9,EDUCATION,20500,14.96,0,0.53,N,9
45,76900,RENT,14.2,DEBTCONSOLIDATION,8000,11.35,0,0.1,N,6
31,51600,MORTGAGE,1.2,MEDICAL,18900,16.42,0,0.37,N,13
38,19200,MORTGAGE,10.8,EDUCATION,7300,15.31,1,0.38,N,8
45,32600,OWN,1.9,EDUCATION,18400,16.75,0,0.56,N,4
60,112400,RENT,0.2,MEDICAL,13300,10.39,0,0.12,N,3
44,48000,OWN,7.7,MEDICAL,5200,8.95,0,0.11,N,9
50,47800,MORTGAGE,13.3,HOMEIMPROVEMENT,16200,16.09,0,0.34,N,9
46,78300,RENT,1.2,DEBTCONSOLIDATION,18500,11.56,0,0.24,N,9
38,90900,RENT,3.8,EDUCATION,8400,,0,0.09,N,14
48,51600,RENT,6.9,PERSONAL,27400,20.21,1,0.53,Y,4
34,16500,RENT,2.0,VENTURE,8900,17.48,0,0.54,Y,10
44,34800,RENT,0.8,EDUCATION,10300,14.81,0,0.3,N,8
57,16700,MORTGAGE,2.5,PERSONAL,19700,19.6,1,1.18,N,10
45,25100,RENT,3.0,EDUCATION,8400,15.47,0,0.33,N,7
46,56500,OWN,6.8,PERSONAL,26700,,1,0.47,Y,3
41,55600,MORTGAGE,1.1,DEBTCONSOLIDATION,17200,,0,0.31,N,10
32,109300,RENT,8.4,DEBTCONSOLIDATION,20100,,0,0.18,N,6
42,53200,RENT,3.5,PERSONAL,6700,11.24,0,0.13,N,7
52,33400,MORTGAGE,11.7,HOMEIMPROVEMENT,22400,18.46,0,0.67,N,4
47,105000,MORTGAGE,4.2,PERSONAL,15500,13.39,0,0.15,N,9
35,141900,MORTGAGE,3.0,PERSONAL,20700,11.43,0,0.15,N,3
31,89700,RENT,1.7,EDUCATION,5400,7.98,0,0.06,N,2
38,52200,MORTGAGE,0.6,EDUCATION,16400,,1,0.31,Y,4
42,45700,MORTGAGE,2.3,PERSONAL,18400,14.47,1,0.4,N,15
42,28100,RENT,2.7,HOMEIMPROVEMENT,13900,12.92,1,0.49,Y,8
43,35100,RENT,4.2,PERSONAL,22900,18.56,1,0.65,Y,4
44,42300,MORTGAGE,9.8,VENTURE,27700,17.82,0,0.65,N,13
48,26200,RENT,3.1,EDUCATION,8800,14.25,0,0.34,N,8
40,45100,OTHER,1.9,HOMEIMPROVEMENT,5100,8.1,0,0.11,N,6
36,46400,MORTGAGE,10.3,PERSONAL,20800,17.15,0,0.45,N,7
49,109200,MORTGAGE,6.6,VENTURE,13600,10.13,0,0.12,Y,7
53,22200,MORTGAGE,1.8,DEBTCONSOLIDATION,5000,,0,0.23,Y,7
39,59600,RENT,0.9,HOMEIMPROVEMENT,5900,9.95,0,0.1,N,6
66,25600,MORTGAGE,1.7,MEDICAL,8900,14.7,0,0.35,N,7
60,18500,RENT,0.7,VENTURE,2100,11.57,0,0.11,N,3
35,41300,MORTGAGE,11.7,EDUCATION,13400,13.79,0,0.32,N,8
31,54700,MORTGAGE,4.7,HOMEIMPROVEMENT,11400,13.57,0,0.21,N,3
42,109100,RENT,10.0,EDUCATION,4500,9.03,0,0.04,Y,10
46,46700,RENT,8.6,HOMEIMPROVEMENT,9100,11.54,0,0.19,N,6
66,40300,MORTGAGE,0.8,EDUCATION,19800,17.05,1,0.49,Y,9
65,36800,RENT,2.9,DEBTCONSOLIDATION,22000,21.96,1,0.6,N,9
50,40800,RENT,17.9,VENTURE,2000,8.53,1,0.05,N,2
41,12000,MORTGAGE,1.3,VENTURE,6400,14.23,0,0.53,N,6
56,34500,MORTGAGE,0.3,EDUCATION,33800,19.78,1,0.98,N,9
45,84200,RENT,2.1,MEDICAL,17400,12.44,0,0.21,N,8
34,14100,MORTGAGE,3.6,VENTURE,18300,18.42,1,1.3,N,2
34,43100,RENT,0.3,EDUCATION,11600,,0,0.27,N,8
41,46200,MORTGAGE,2.8,PERSONAL,14100,11.47,0,0.31,N,4
54,80300,RENT,1.5,DEBTCONSOLIDATION,14100,,0,0.18,N,5
36,57800,RENT,1.2,EDUCATION,11000,11.95,0,0.19,N,8
41,68300,RENT,1.5,VENTURE,18400,15.46,0,0.27,N,8
60,35900,MORTGAGE,0.6,EDUCATION,15600,13.37,0,0.43,N,8
47,20600,MORTGAGE,0.4,DEBTCONSOLIDATION,27900,21.63,1,1.35,Y,10
63,40500,RENT,4.5,EDUCATION,2400,8.95,0,0.06,N,4
49,50100,RENT,14.8,EDUCATION,24900,15.45,0,0.5,N,6
54,102400,MORTGAGE,,DEBTCONSOLIDATION,28300,16.03,0,0.28,N,15
41,24700,RENT,9.0,VENTURE,7300,18.26,0,0.3,N,11
61,170900,RENT,6.6,EDUCATION,8800,6.08,0,0.05,N,5
50,59600,OWN,15.6,PERSONAL,4700,9.28,0,0.08,N,2
43,35600,MORTGAGE,15.0,PERSONAL,9000,11.93,0,0.25,N,4
58,34600,RENT,7.5,VENTURE,17100,17.48,1,0.49,N,10
50,49600,MORTGAGE,6.3,MEDICAL,8700,10.22,1,0.18,Y,15
44,52200,MORTGAGE,1.8,MEDICAL,23600,,0,0.45,N,2
49,54600,MORTGAGE,0.5,HOMEIMPROVEMENT,26300,16.45,1,0.48,N,2
37,76900,MORTGAGE,0.5,VENTURE,3700,6.94,0,0.05,N,7
56,37700,MORTGAGE,6.7,MEDICAL,14100,14.08,0,0.37,N,13
66,57400,MORTGAGE,0.1,PERSONAL,3100,8.94,0,0.05,N,7
32,45100,MORTGAGE,8.5,EDUCATION,16700,16.48,0,0.37,N,4
39,134000,MORTGAGE,2.3,MEDICAL,11000,8.23,0,0.08,N,5
38,20000,MORTGAGE,1.1,EDUCATION,23300,19.51,1,1.16,N,5
51,176300,RENT,2.6,PERSONAL,26500,8.64,0,0.15,N,11
46,33300,RENT,6.1,VENTURE,13900,18.6,1,0.42,Y,6
40,29800,OWN,1.6,PERSONAL,28500,19.42,1,0.96,N,8
41,46000,OWN,1.0,MEDICAL,24100,19.87,1,0.52,Y,5
39,61000,MORTGAGE,6.7,EDUCATION,6100,8.98,0,0.1,N,5
50,44400,RENT,10.6,EDUCATION,11100,11.74,0,0.25,N,7
46,75300,RENT,4.4,DEBTCONSOLIDATION,10900,11.9,0,0.14,N,3
41,42300,RENT,3.7,EDUCATION,10200,12.85,0,0.24,N,5
40,38000,MORTGAGE,7.0,VENTURE,21600,21.62,0,0.57,N,2
58,32600,RENT,6.6,EDUCATION,10100,15.74,0,0.31,N,2
56,108400,MORTGAGE,0.0,EDUCATION,11600,8.08,0,0.11,N,6
50,66900,MORTGAGE,1.7,EDUCATION,5800,,0,0.09,N,8
54,28700,MORTGAGE,13.4,HOMEIMPROVEMENT,14400,12.06,0,0.5,N,9
34,42200,OWN,16.0,EDUCATION,6600,8.46,0,0.16,N,9
36,26200,MORTGAGE,3.6,EDUCATION,24200,19.21,0,0.92,Y,2
35,242600,MORTGAGE,4.1,MEDICAL,21600,12.56,0,0.09,N,4
44,59900,RENT,0.0,VENTURE,10200,8.83,0,0.17,N,2
55,18100,OWN,5.6,HOMEIMPROVEMENT,2100,11.89,0,0.12,N,13
40,25600,RENT,1.2,MEDICAL,5400,10.97,0,0.21,N,8
56,27200,RENT,0.7,PERSONAL,8700,,0,0.32,N,5
39,63600,MORTGAGE,,PERSONAL,13900,,0,0.22,N,6
43,21300,RENT,5.5,VENTURE,19600,21.06,1,0.92,Y,2
40,25600,MORTGAGE,2.9,MEDICAL,6200,10.41,0,0.24,N,5
42,47200,RENT,2.1,EDUCATION,18900,11.43,0,0.4,N,8
43,51800,MORTGAGE,6.5,EDUCATION,15000,,0,0.29,N,2
31,39900,OWN,8.4,MEDICAL,16700,17.2,0,0.42,N,3
47,43100,MORTGAGE,10.2,EDUCATION,27000,19.51,1,0.63,N,4
43,24600,RENT,2.9,HOMEIMPROVEMENT,28500,21.8,1,1.16,Y,5
60,69200,RENT,6.3,VENTURE,19800,11.86,0,0.29,N,4
49,18000,OWN,10.8,VENTURE,18500,21.55,1,1.03,Y,7
47,49500,MORTGAGE,12.0,VENTURE,20500,15.36,0,0.41,N,11
60,144200,RENT,3.4,EDUCATION,18000,,1,0.12,N,4
58,44300,MORTGAGE,2.2,VENTURE,2700,7.03,0,0.06,N,5
61,25100,RENT,11.5,EDUCATION,33300,19.64,1,1.33,N,6
40,50800,RENT,1.5,HOMEIMPROVEMENT,17100,12.65,1,0.34,Y,2
35,45700,MORTGAGE,8.0,VENTURE,13700,12.1,0,0.3,N,4
31,60000,RENT,12.0,EDUCATION,13000,13.76,0,0.22,N,10
54,59400,RENT,6.7,VENTURE,9000,8.3,0,0.15,N,3
30,92000,MORTGAGE,,EDUCATION,13500,9.12,0,0.15,N,9
46,41100,MORTGAGE,0.3,PERSONAL,19700,15.76,0,0.48,Y,10
52,34200,MORTGAGE,1.1,HOMEIMPROVEMENT,9300,11.53,0,0.27,N,2
33,34700,RENT,5.5,DEBTCONSOLIDATION,23300,21.43,1,0.67,N,4
36,37800,MORTGAGE,7.7,MEDICAL,8600,11.35,1,0.23,Y,10
56,63400,MORTGAGE,0.3,PERSONAL,23800,13.46,0,0.38,Y,8
48,25300,MORTGAGE,0.1,EDUCATION,15800,,1,0.62,Y,13
56,32200,RENT,1.9,EDUCATION,23000,19.04,1,0.71,Y,8
46,55700,RENT,5.2,DEBTCONSOLIDATION,12300,13.89,0,0.22,N,7
36,105100,MORTGAGE,3.6,PERSONAL,10500,6.6,0,0.1,N,7
40,33300,RENT,0.0,DEBTCONSOLIDATION,18700,17.98,1,0.56,Y,2
53,65600,RENT,0.8,DEBTCONSOLIDATION,11300,,0,0.17,N,11
32,48300,RENT,7.0,MEDICAL,28500,20.49,1,0.59,Y,7
39,71500,RENT,1.8,MEDICAL,19900,13.85,0,0.28,N,6
38,56000,RENT,0.6,VENTURE,12500,8.84,0,0.22,N,14
43,55000,MORTGAGE,0.3,PERSONAL,7900,10.99,0,0.14,N,9
50,220600,MORTGAGE,9.5,EDUCATION,15200,12.26,0,0.07,N,4
55,250000,RENT,3.2,VENTURE,16100,10.67,0,0.06,N,8
34,46900,MORTGAGE,3.5,EDUCATION,29700,16.95,1,0.63,Y,7
37,32700,RENT,0.3,VENTURE,19900,19.08,1,0.61,N,19
34,61900,RENT,3.4,EDUCATION,9300,11.11,0,0.15,N,3
43,75500,MORTGAGE,5.2,VENTURE,9500,9.36,0,0.13,N,4
35,112000,RENT,,MEDICAL,15700,10.35,0,0.14,N,8
47,15800,RENT,11.6,VENTURE,6700,18.43,1,0.42,Y,5
36,43200,MORTGAGE,7.6,HOMEIMPROVEMENT,18600,16.21,1,0.43,Y,4
57,41000,MORTGAGE,8.1,MEDICAL,5600,9.06,0,0.14,N,12
31,34800,RENT,3.8,PERSONAL,15600,18.26,1,0.45,Y,5
37,23800,RENT,,PERSONAL,31100,17.25,1,1.31,N,5
61,47900,RENT,5.1,DEBTCONSOLIDATION,24400,18.79,1,0.51,N,9
45,79800,OWN,1.3,MEDICAL,23300,9.86,0,0.29,N,8
40,27300,RENT,0.7,EDUCATION,20100,17.1,1,0.74,Y,11
70,56900,MORTGAGE,,HOMEIMPROVEMENT,27100,14.85,0,0.48,N,4
41,68200,RENT,3.3,MEDICAL,27100,15.86,1,0.4,Y,3
49,133800,RENT,0.8,EDUCATION,7600,9.3,0,0.06,N,2
37,76800,OWN,3.8,DEBTCONSOLIDATION,8900,10.86,0,0.12,N,5
36,51700,RENT,4.0,EDUCATION,26800,18.73,1,0.52,Y,5
50,64300,MORTGAGE,10.3,VENTURE,9700,11.28,0,0.15,N,5
63,82400,MORTGAGE,7.1,PERSONAL,11600,11.63,0,0.14,N,5
40,57900,MORTGAGE,1.2,PERSONAL,4400,11.2,0,0.08,N,6
36,83500,MORTGAGE,8.5,EDUCATION,25600,11.8,0,0.31,N,2
54,45100,MORTGAGE,17.4,EDUCATION,5400,8.48,0,0.12,N,10
40,104800,RENT,6.3,DEBTCONSOLIDATION,14600,8.7,0,0.14,N,6
47,40900,MORTGAGE,7.7,VENTURE,8700,12.2,0,0.21,N,5
40,37200,OWN,1.5,PERSONAL,3700,11.89,0,0.1,N,3
41,41900,RENT,23.0,MEDICAL,9900,12.58,0,0.24,N,4
37,31800,RENT,1.0,PERSONAL,17800,18.25,1,0.56,N,6
50,82000,RENT,6.9,MEDICAL,5900,10.57,0,0.07,N,5
47,22800,RENT,2.5,EDUCATION,23500,22.03,1,1.03,Y,8
47,42700,RENT,2.2,HOMEIMPROVEMENT,18500,16.17,0,0.43,N,5
38,64800,RENT,1.7,EDUCATION,5000,10.2,0,0.08,N,12
47,54500,MORTGAGE,,HOMEIMPROVEMENT,12000,11.4,0,0.22,N,7
65,52900,MORTGAGE,7.8,HOMEIMPROVEMENT,22000,15.75,1,0.42,N,4
36,50100,MORTGAGE,14.1,PERSONAL,27200,18.99,1,0.54,Y,18
37,59300,MORTGAGE,2.7,VENTURE,16900,12.62,0,0.28,N,15
38,31200,RENT,5.3,EDUCATION,18200,17.88,1,0.58,Y,5
45,41600,RENT,7.8,PERSONAL,24600,17.03,1,0.59,Y,5
35,47000,MORTGAGE,0.5,PERSONAL,13000,13.77,0,0.28,N,6
49,69600,OWN,16.2,PERSONAL,18900,,0,0.27,N,15
31,91000,MORTGAGE,1.2,EDUCATION,15700,11.25,0,0.17,N,5
52,50400,MORTGAGE,12.3,VENTURE,18600,11.62,0,0.37,N,6
47,81100,MORTGAGE,21.6,VENTURE,24800,11.42,0,0.31,N,2
64,56900,MORTGAGE,0.5,PERSONAL,21400,15.86,1,0.38,Y,6
36,52100,RENT,,DEBTCONSOLIDATION,6900,9.84,0,0.13,N,7
54,83400,RENT,5.1,PERSONAL,27200,11.67,0,0.33,N,2
43,24400,MORTGAGE,8.5,EDUCATION,4700,9.36,0,0.19,N,6
41,69100,RENT,0.6,EDUCATION,20300,,0,0.29,N,7
36,37200,MORTGAGE,9.0,EDUCATION,9900,11.51,0,0.27,N,8
40,95900,RENT,4.9,EDUCATION,21000,10.67,0,0.22,N,5
40,37700,RENT,3.6,MEDICAL,3000,7.79,1,0.08,N,6
33,45700,MORTGAGE,4.1,MEDICAL,8700,12.25,0,0.19,N,6
47,22900,MORTGAGE,6.8,EDUCATION,5700,11.23,0,0.25,N,6
46,66300,RENT,1.8,EDUCATION,20200,12.32,0,0.3,N,3
49,43100,OTHER,,MEDICAL,8300,9.53,0,0.19,N,4
39,40300,RENT,1.8,HOMEIMPROVEMENT,27000,19.98,0,0.67,N,7
52,55000,MORTGAGE,10.5,HOMEIMPROVEMENT,12200,14.63,0,0.22,N,8
58,21600,OWN,0.1,EDUCATION,19200,20.29,1,0.89,Y,16
42,37000,RENT,12.4,DEBTCONSOLIDATION,22600,21.08,1,0.61,Y,12
36,48900,MORTGAGE,9.5,VENTURE,28600,20.7,1,0.58,N,9
44,121200,MORTGAGE,0.7,PERSONAL,13200,8.7,0,0.11,N,14
44,59900,RENT,6.7,VENTURE,17900,13.61,0,0.3,N,9
42,67400,MORTGAGE,2.3,HOMEIMPROVEMENT,11300,7.24,0,0.17,N,4
49,56100,MORTGAGE,3.3,VENTURE,9800,12.48,0,0.17,N,9
41,250000,MORTGAGE,0.4,EDUCATION,18400,8.76,0,0.07,N,2
36,88800,MORTGAGE,1.2,PERSONAL,12100,8.89,0,0.14,N,7
45,17700,RENT,15.4,VENTURE,15600,20.52,1,0.88,Y,7
50,61200,RENT,2.7,EDUCATION,8300,13.29,0,0.14,N,4
51,98700,MORTGAGE,0.1,VENTURE,19100,12.0,0,0.19,N,4
40,24400,MORTGAGE,3.6,PERSONAL,29800,19.56,0,1.22,N,5
46,57400,OWN,26.2,MEDICAL,14800,15.44,0,0.26,N,10
58,40300,RENT,2.0,DEBTCONSOLIDATION,14400,17.6,0,0.36,N,2
58,33900,RENT,0.8,DEBTCONSOLIDATION,23700,,1,0.7,N,5
55,113000,RENT,5.2,VENTURE,7400,13.09,0,0.07,N,3
32,37600,RENT,12.6,EDUCATION,11800,11.5,0,0.31,N,10
41,37800,RENT,9.8,VENTURE,7900,15.98,0,0.21,N,11
57,33000,MORTGAGE,5.3,MEDICAL,15000,17.41,1,0.45,Y,9
32,29800,RENT,1.0,PERSONAL,16600,19.83,1,0.56,Y,10
43,40100,MORTGAGE,7.7,MEDICAL,26300,20.4,0,0.66,Y,6
39,39000,MORTGAGE,8.7,VENTURE,22800,17.49,0,0.58,N,6
47,28200,MORTGAGE,9.5,VENTURE,17300,16.2,1,0.61,N,7
29,53400,RENT,2.6,VENTURE,20900,,0,0.39,N,7
56,13500,MORTGAGE,2.6,EDUCATION,16900,18.13,1,1.25,Y,9
43,57300,MORTGAGE,0.8,VENTURE,15500,12.08,0,0.27,N,3
35,92700,OTHER,7.4,VENTURE,4600,8.66,0,0.05,N,6
38,40500,MORTGAGE,6.7,HOMEIMPROVEMENT,3600,5.42,0,0.09,N,5
47,65800,MORTGAGE,0.5,VENTURE,23600,13.16,1,0.36,N,16
37,47200,MORTGAGE,0.1,PERSONAL,9800,8.58,0,0.21,Y,6
62,197500,RENT,15.2,VENTURE,11000,7.4,0,0.06,N,3
42,92500,MORTGAGE,0.1,EDUCATION,12900,8.56,0,0.14,N,2
59,33600,OTHER,5.0,EDUCATION,4400,9.57,0,0.13,N,10
45,110200,RENT,3.0,PERSONAL,29200,13.09,0,0.26,N,18
50,204100,MORTGAGE,7.5,VENTURE,6300,12.7,0,0.03,N,2
50,48100,MORTGAGE,0.5,DEBTCONSOLIDATION,29700,17.71,1,0.62,Y,6
40,70800,MORTGAGE,5.7,DEBTCONSOLIDATION,18900,15.96,0,0.27,N,6
50,94600,RENT,4.8,MEDICAL,27900,12.04,0,0.29,N,6
40,29300,RENT,9.6,EDUCATION,4800,6.53,1,0.16,N,6
32,19800,RENT,3.7,MEDICAL,12900,17.45,1,0.65,Y,12
42,59100,RENT,6.5,EDUCATION,28500,17.47,1,0.48,N,4
34,34500,MORTGAGE,2.9,PERSONAL,17300,,0,0.5,N,8
40,48000,RENT,20.7,EDUCATION,15000,9.62,0,0.31,N,3
43,95200,MORTGAGE,4.1,DEBTCONSOLIDATION,18000,13.05,0,0.19,N,2
36,73900,MORTGAGE,7.0,MEDICAL,8100,7.51,0,0.11,N,14
49,73600,RENT,0.5,MEDICAL,20000,11.33,1,0.27,N,6
40,50500,RENT,3.1,VENTURE,9700,11.37,0,0.19,N,9
34,38000,OTHER,0.3,VENTURE,9800,13.33,0,0.26,N,3
36,36700,MORTGAGE,0.6,PERSONAL,16100,16.59,1,0.44,Y,7
44,141400,RENT,3.5,MEDICAL,3400,8.95,0,0.02,N,6
41,187400,RENT,2.2,HOMEIMPROVEMENT,4800,10.17,0,0.03,N,7
46,98100,OTHER,3.1,MEDICAL,3100,9.19,0,0.03,N,6
45,46400,RENT,3.4,DEBTCONSOLIDATION,20600,,1,0.44,N,10
36,29400,MORTGAGE,0.9,EDUCATION,3700,9.15,0,0.13,N,6
38,242000,RENT,2.3,PERSONAL,6100,7.06,0,0.03,N,9
52,69500,RENT,9.9,VENTURE,16400,14.99,0,0.24,N,14
37,68700,MORTGAGE,9.7,PERSONAL,13500,10.06,0,0.2,N,9
60,39000,RENT,3.4,MEDICAL,11300,15.88,1,0.29,N,7
33,79100,RENT,6.9,VENTURE,11100,12.77,0,0.14,N,3
52,48300,RENT,7.0,HOMEIMPROVEMENT,23900,18.26,0,0.49,N,3
43,30300,MORTGAGE,0.2,MEDICAL,5600,9.45,0,0.18,N,8
36,45000,RENT,4.7,EDUCATION,26900,20.05,0,0.6,N,6
44,67600,RENT,8.2,PERSONAL,9000,13.26,0,0.13,N,3
37,125900,RENT,4.5,VENTURE,13700,12.54,0,0.11,N,13
39,22800,RENT,3.9,MEDICAL,28800,23.17,1,1.26,Y,12
40,27400,RENT,3.8,PERSONAL,17100,19.63,1,0.62,N,8
51,42800,OWN,3.5,VENTURE,9300,14.97,0,0.22,N,2
38,32400,RENT,7.5,PERSONAL,31100,20.28,1,0.96,Y,2
46,54300,MORTGAGE,5.1,HOMEIMPROVEMENT,22200,12.38,0,0.41,N,5
51,41300,RENT,1.2,EDUCATION,10400,14.17,0,0.25,N,7
44,58000,RENT,2.8,MEDICAL,16200,11.25,0,0.28,N,3
47,59400,RENT,3.8,DEBTCONSOLIDATION,15200,11.16,0,0.26,N,2
43,25700,RENT,2.7,DEBTCONSOLIDATION,16600,20.11,1,0.65,Y,8
49,48300,RENT,,EDUCATION,6800,10.78,0,0.14,N,10
34,34900,MORTGAGE,0.7,EDUCATION,17300,15.53,0,0.5,N,9
58,101300,OWN,0.6,DEBTCONSOLIDATION,8600,12.54,0,0.08,N,6
30,37300,RENT,1.8,VENTURE,10500,11.95,1,0.28,N,3
38,41300,MORTGAGE,2.6,DEBTCONSOLIDATION,15000,16.24,1,0.36,N,7
43,32900,RENT,5.7,DEBTCONSOLIDATION,8600,13.45,0,0.26,N,3
30,53300,RENT,12.0,EDUCATION,25200,,0,0.47,N,5
39,49800,RENT,11.4,HOMEIMPROVEMENT,12300,12.87,0,0.25,N,6
46,122400,RENT,8.4,PERSONAL,7700,10.07,0,0.06,N,3
60,53300,RENT,8.4,DEBTCONSOLIDATION,5100,11.33,0,0.1,N,10
49,113500,MORTGAGE,4.5,PERSONAL,21100,12.53,0,0.19,N,2
40,126300,RENT,1.5,MEDICAL,22700,11.5,0,0.18,N,6
32,44600,RENT,3.2,VENTURE,5700,14.77,0,0.13,N,10
57,49200,MORTGAGE,0.8,VENTURE,14900,10.38,1,0.3,N,6
39,39500,RENT,4.2,HOMEIMPROVEMENT,17500,8.94,0,0.44,N,11
46,27600,MORTGAGE,0.1,VENTURE,26000,21.01,1,0.94,N,4
40,198200,RENT,1.1,EDUCATION,4600,5.87,0,0.02,N,3
47,39600,RENT,6.2,PERSONAL,11000,12.84,0,0.28,N,9
56,33000,MORTGAGE,1.6,EDUCATION,6700,11.53,0,0.2,N,2
50,30200,RENT,2.7,HOMEIMPROVEMENT,12500,11.97,0,0.41,N,7
41,38400,MORTGAGE,8.9,VENTURE,11400,14.72,0,0.3,N,2
57,45800,RENT,0.2,HOMEIMPROVEMENT,16100,14.96,1,0.35,N,8
63,107300,RENT,0.1,EDUCATION,18100,9.64,0,0.17,N,4
53,146800,RENT,1.3,VENTURE,29400,14.51,0,0.2,N,2
40,17200,RENT,5.8,EDUCATION,7700,12.8,0,0.45,N,5
52,129700,RENT,1.3,PERSONAL,21700,10.03,0,0.17,N,3
53,136300,RENT,10.0,VENTURE,23300,13.1,0,0.17,N,2
41,38500,RENT,2.2,VENTURE,15400,17.39,0,0.4,Y,4
63,32800,RENT,1.7,MEDICAL,21300,20.33,1,0.65,Y,4
55,72200,MORTGAGE,1.3,EDUCATION,11000,9.61,0,0.15,N,2
42,38100,RENT,4.3,EDUCATION,4100,5.42,0,0.11,N,5
40,123500,MORTGAGE,9.7,DEBTCONSOLIDATION,7400,8.64,0,0.06,N,8
53,71000,MORTGAGE,2.6,PERSONAL,7700,10.59,0,0.11,N,10
68,35800,RENT,1.5,PERSONAL,24500,21.54,1,0.68,Y,14
34,63600,RENT,2.7,EDUCATION,28900,17.62,0,0.45,N,8
48,56300,RENT,11.8,EDUCATION,12000,14.09,0,0.21,N,13
51,18800,RENT,2.0,EDUCATION,17600,22.81,1,0.94,N,4
56,31500,RENT,5.3,VENTURE,10200,14.38,1,0.32,Y,9
51,37700,RENT,2.0,VENTURE,12900,15.06,0,0.34,N,14
40,66800,RENT,5.6,EDUCATION,16700,11.24,0,0.25,N,8
34,74000,RENT,10.6,MEDICAL,23700,12.07,0,0.32,N,10
41,105200,RENT,4.6,VENTURE,12500,9.07,0,0.12,N,5
51,36800,RENT,14.7,PERSONAL,18700,15.46,0,0.51,N,9
39,24000,RENT,4.6,DEBTCONSOLIDATION,9200,15.96,1,0.38,Y,2
58,34000,MORTGAGE,18.4,PERSONAL,10600,15.1,0,0.31,N,2
42,36700,MORTGAGE,6.4,EDUCATION,8700,12.39,0,0.24,N,11
38,34900,RENT,5.3,VENTURE,24100,20.17,1,0.69,Y,11
29,53500,MORTGAGE,8.9,EDUCATION,6700,9.73,0,0.13,N,6
49,79500,RENT,0.1,VENTURE,20700,12.18,1,0.26,N,3
42,43200,MORTGAGE,1.5,MEDICAL,17000,,1,0.39,N,4
40,71400,RENT,1.2,MEDICAL,17400,9.28,1,0.24,N,7
66,92400,RENT,0.6,VENTURE,24600,13.01,0,0.27,N,3
39,53900,MORTGAGE,13.9,MEDICAL,14600,12.03,0,0.27,N,5
41,29000,OWN,0.7,DEBTCONSOLIDATION,5500,11.34,0,0.19,N,2
49,46500,MORTGAGE,1.5,EDUCATION,27200,17.27,1,0.58,N,3
58,95000,RENT,2.0,EDUCATION,10800,12.19,0,0.11,N,7
48,76600,RENT,4.9,DEBTCONSOLIDATION,3800,,0,0.05,N,4
44,30100,RENT,7.3,MEDICAL,14700,12.98,1,0.49,N,2
68,103500,MORTGAGE,4.6,EDUCATION,11200,10.48,0,0.11,Y,22
40,45200,RENT,6.9,MEDICAL,26200,20.06,1,0.58,Y,12
40,30000,MORTGAGE,2.6,DEBTCONSOLIDATION,14200,20.58,1,0.47,N,11
39,53200,MORTGAGE,21.0,MEDICAL,4800,5.95,0,0.09,N,2
47,23400,MORTGAGE,0.9,VENTURE,9000,17.33,0,0.38,N,7
37,77500,MORTGAGE,2.6,EDUCATION,8800,,1,0.11,N,8
35,101700,MORTGAGE,8.9,PERSONAL,20600,12.94,0,0.2,N,8
41,31200,RENT,1.4,MEDICAL,5200,8.26,0,0.17,N,2
32,49400,MORTGAGE,6.9,PERSONAL,10600,14.85,0,0.21,N,5
46,87500,MORTGAGE,2.3,MEDICAL,17900,9.77,0,0.2,N,8
47,26100,MORTGAGE,,VENTURE,16500,18.55,1,0.63,Y,7
49,27700,RENT,2.6,VENTURE,17400,19.65,0,0.63,N,7
52,47600,MORTGAGE,7.7,EDUCATION,15300,14.56,1,0.32,N,4
41,46500,OTHER,0.6,MEDICAL,7900,10.19,0,0.17,N,2
56,55700,MORTGAGE,3.6,VENTURE,18000,16.23,0,0.32,N,6
55,51100,RENT,6.8,DEBTCONSOLIDATION,28400,18.38,1,0.56,Y,11
36,26100,MORTGAGE,7.0,HOMEIMPROVEMENT,4300,10.28,0,0.16,N,5
43,22300,RENT,2.5,VENTURE,11200,15.57,1,0.5,Y,12
29,26200,RENT,3.1,EDUCATION,10000,14.1,1,0.38,Y,11
56,71400,RENT,9.7,HOMEIMPROVEMENT,7300,13.34,0,0.1,N,12
52,91400,RENT,1.2,MEDICAL,9500,10.69,0,0.1,N,8
59,51600,RENT,24.5,EDUCATION,3600,14.71,0,0.07,N,14
33,80100,RENT,2.7,HOMEIMPROVEMENT,17200,13.89,0,0.21,N,7
48,38800,MORTGAGE,1.6,MEDICAL,16500,15.84,0,0.43,Y,4
39,44300,OWN,0.0,PERSONAL,14000,11.21,1,0.32,N,4
30,90100,MORTGAGE,0.7,EDUCATION,10400,,0,0.12,N,9
54,70000,MORTGAGE,7.1,PERSONAL,30400,13.7,0,0.43,N,3
34,59700,RENT,5.2,HOMEIMPROVEMENT,16700,10.56,0,0.28,N,4
47,50000,RENT,1.4,HOMEIMPROVEMENT,25000,16.18,0,0.5,N,3
39,28700,MORTGAGE,13.1,EDUCATION,10200,12.52,0,0.36,N,3
45,56800,MORTGAGE,9.0,PERSONAL,20300,16.23,1,0.36,Y,6
52,64200,MORTGAGE,1.6,PERSONAL,2300,7.28,0,0.04,N,16
45,182500,RENT,2.0,DEBTCONSOLIDATION,18100,13.23,0,0.1,Y,11
37,51900,RENT,1.0,MEDICAL,20100,15.06,0,0.39,Y,6
66,44200,RENT,5.1,MEDICAL,9600,,1,0.22,Y,6
41,63300,RENT,6.0,MEDICAL,33700,16.77,1,0.53,N,2
38,120200,MORTGAGE,2.5,PERSONAL,13900,8.77,0,0.12,N,6
43,65800,MORTGAGE,6.7,DEBTCONSOLIDATION,11400,13.4,0,0.17,N,4
33,49100,MORTGAGE,15.0,MEDICAL,8100,10.98,1,0.16,N,5
38,35200,RENT,4.7,VENTURE,7500,10.37,0,0.21,N,4
41,34300,MORTGAGE,5.2,EDUCATION,8500,,0,0.25,N,6
46,83300,OWN,2.3,EDUCATION,14800,8.85,0,0.18,N,3
44,46200,RENT,0.1,VENTURE,14800,15.66,0,0.32,Y,6
48,163400,RENT,15.4,DEBTCONSOLIDATION,14600,13.32,0,0.09,N,11
43,56700,RENT,7.4,DEBTCONSOLIDATION,23900,18.71,1,0.42,Y,9
55,70900,RENT,5.9,PERSONAL,1600,9.16,0,0.02,N,22
50,39900,MORTGAGE,0.2,DEBTCONSOLIDATION,9500,15.58,0,0.24,N,15
47,34500,RENT,7.1,MEDICAL,24900,19.62,1,0.72,Y,6
57,82500,MORTGAGE,5.5,DEBTCONSOLIDATION,6200,,0,0.08,N,13
57,104600,RENT,4.2,PERSONAL,8300,8.03,0,0.08,N,19
45,31400,RENT,4.9,MEDICAL,10600,12.73,0,0.34,N,9
41,36200,OWN,12.5,VENTURE,22100,19.72,0,0.61,N,10
46,37700,RENT,0.0,EDUCATION,15800,18.11,0,0.42,N,3
43,78600,MORTGAGE,0.9,EDUCATION,15200,13.77,1,0.19,N,11
40,66100,RENT,,HOMEIMPROVEMENT,26900,15.95,1,0.41,Y,2
45,51300,OWN,0.0,EDUCATION,13700,11.81,0,0.27,N,7
47,35300,OWN,11.7,EDUCATION,28200,17.5,1,0.8,Y,2
49,131200,RENT,0.2,EDUCATION,7000,9.29,0,0.05,N,4
59,92800,RENT,7.6,PERSONAL,12000,15.05,0,0.13,N,6
46,18100,MORTGAGE,11.1,EDUCATION,22500,17.8,1,1.24,N,4
43,86800,RENT,4.7,EDUCATION,7400,8.68,0,0.09,N,8
53,46200,MORTGAGE,,HOMEIMPROVEMENT,7900,12.15,0,0.17,N,8
37,38900,OWN,0.3,DEBTCONSOLIDATION,11600,17.38,0,0.3,N,4
32,82600,MORTGAGE,1.2,MEDICAL,27100,14.77,0,0.33,N,7
48,65700,MORTGAGE,11.5,EDUCATION,8000,9.41,0,0.12,N,4
41,56900,RENT,8.7,PERSONAL,28700,15.26,1,0.5,N,6
42,33000,OWN,0.3,DEBTCONSOLIDATION,18000,21.25,1,0.55,Y,4
37,94700,RENT,8.4,HOMEIMPROVEMENT,13400,,0,0.14,N,5
56,27400,RENT,2.8,EDUCATION,3200,5.42,0,0.12,N,6
32,82900,MORTGAGE,4.1,VENTURE,14500,14.73,0,0.17,N,10
49,56900,MORTGAGE,0.6,MEDICAL,12300,13.19,0,0.22,N,5
44,53100,MORTGAGE,2.5,EDUCATION,21400,11.97,0,0.4,N,2
60,40000,MORTGAGE,2.9,DEBTCONSOLIDATION,15300,17.2,0,0.38,N,18
53,59300,MORTGAGE,5.5,PERSONAL,30200,15.84,1,0.51,N,5
35,25400,RENT,5.4,HOMEIMPROVEMENT,6500,9.78,0,0.26,N,4
50,106800,MORTGAGE,4.0,EDUCATION,26300,12.48,0,0.25,N,7
48,43400,RENT,0.2,EDUCATION,11600,10.91,0,0.27,N,8
43,37100,RENT,0.9,DEBTCONSOLIDATION,14100,,1,0.38,Y,7
49,48600,MORTGAGE,0.9,MEDICAL,23600,14.39,1,0.49,N,9
38,44100,OWN,10.9,VENTURE,18300,16.27,1,0.41,N,8
44,107400,MORTGAGE,11.6,VENTURE,28100,15.19,0,0.26,N,12
44,20900,RENT,8.2,MEDICAL,31300,17.41,1,1.5,Y,9
37,52000,MORTGAGE,1.0,EDUCATION,17200,14.26,0,0.33,N,19
41,129400,OWN,9.2,VENTURE,15300,11.43,0,0.12,N,6
40,56200,RENT,1.0,EDUCATION,9300,8.28,0,0.17,N,2
47,60100,RENT,4.0,HOMEIMPROVEMENT,9700,10.54,0,0.16,N,7
56,53300,RENT,6.6,PERSONAL,9300,12.13,0,0.17,N,7
34,37900,RENT,0.3,DEBTCONSOLIDATION,21200,21.13,1,0.56,N,6
47,72900,RENT,,HOMEIMPROVEMENT,16600,11.46,1,0.23,N,3
39,48800,RENT,1.4,EDUCATION,19700,12.77,1,0.4,N,9
53,58500,MORTGAGE,3.4,EDUCATION,22300,14.64,0,0.38,N,2
47,73300,MORTGAGE,2.4,DEBTCONSOLIDATION,25300,15.86,0,0.35,N,2
33,69100,OWN,5.8,DEBTCONSOLIDATION,7300,9.58,0,0.11,Y,15
45,57100,RENT,3.4,EDUCATION,24500,12.09,1,0.43,Y,7
42,88800,RENT,1.8,HOMEIMPROVEMENT,17300,12.36,0,0.19,N,9
35,94500,RENT,12.1,VENTURE,26500,14.01,0,0.28,N,6
39,83400,OWN,16.0,VENTURE,27100,12.16,0,0.32,N,4
45,96800,RENT,8.1,DEBTCONSOLIDATION,12500,14.31,0,0.13,Y,4
40,114200,RENT,4.3,MEDICAL,19100,11.27,0,0.17,N,6
54,27900,MORTGAGE,10.8,VENTURE,22600,17.31,1,0.81,N,3
42,246900,RENT,4.6,MEDICAL,9400,9.44,0,0.04,N,6
39,59000,MORTGAGE,0.8,EDUCATION,13700,14.1,0,0.23,N,2
45,47400,RENT,0.1,MEDICAL,9400,10.57,0,0.2,N,6
46,59400,MORTGAGE,6.5,EDUCATION,5900,12.66,0,0.1,N,8
53,24100,MORTGAGE,7.0,VENTURE,18700,19.97,1,0.78,Y,6
44,61600,RENT,13.0,VENTURE,15600,15.02,0,0.25,Y,11
22,35000,RENT,4.0,MEDICAL,12000,9.58,1,0.34,N,4
46,56400,RENT,5.1,EDUCATION,8600,,0,0.15,N,3
41,58700,MORTGAGE,1.1,EDUCATION,8200,12.32,0,0.14,N,6
60,39100,MORTGAGE,4.5,EDUCATION,9800,8.46,0,0.25,N,5
47,20100,MORTGAGE,2.9,EDUCATION,31000,22.07,1,1.54,Y,5
45,63000,RENT,1.3,MEDICAL,29200,17.57,1,0.46,Y,3
40,54100,MORTGAGE,8.0,EDUCATION,23300,16.83,0,0.43,N,4
54,60200,RENT,0.8,EDUCATION,5300,9.84,0,0.09,N,10
32,43000,RENT,5.0,VENTURE,22800,16.19,1,0.53,N,7
45,37700,RENT,4.7,EDUCATION,20300,17.56,1,0.54,N,3
39,48100,MORTGAGE,1.8,MEDICAL,27600,18.2,1,0.57,N,4
51,58500,MORTGAGE,2.8,MEDICAL,13300,7.81,0,0.23,N,3
47,78500,RENT,,EDUCATION,14300,9.87,0,0.18,N,6
45,34700,MORTGAGE,,EDUCATION,15500,15.31,0,0.45,Y,11
36,83700,RENT,0.1,PERSONAL,15000,11.71,0,0.18,N,7
43,77600,MORTGAGE,1.0,MEDICAL,10400,8.83,0,0.13,N,2
47,72100,OTHER,10.1,EDUCATION,7600,8.65,0,0.11,N,9
53,148200,MORTGAGE,3.7,EDUCATION,19000,8.15,0,0.13,N,8
48,20600,MORTGAGE,0.6,HOMEIMPROVEMENT,26200,23.22,1,1.27,Y,5
51,158400,RENT,11.8,EDUCATION,17800,7.32,0,0.11,N,10
34,37800,RENT,4.2,DEBTCONSOLIDATION,22700,17.19,1,0.6,Y,8
45,61900,MORTGAGE,0.1,EDUCATION,14400,12.8,0,0.23,N,4
53,55500,OWN,7.2,DEBTCONSOLIDATION,14100,12.09,0,0.25,N,3
29,26000,RENT,3.2,VENTURE,31400,17.69,1,1.21,Y,8
42,72500,RENT,3.8,VENTURE,32800,16.22,0,0.45,N,5
47,87100,RENT,4.7,MEDICAL,16400,10.87,0,0.19,N,4
55,68300,OTHER,0.5,DEBTCONSOLIDATION,11400,13.01,0,0.17,N,11
45,24000,OWN,14.8,VENTURE,11400,17.52,0,0.48,N,12
44,27400,RENT,1.5,PERSONAL,18000,19.36,0,0.66,Y,8
46,36900,MORTGAGE,4.9,VENTURE,8800,13.71,0,0.24,N,3
47,109100,MORTGAGE,,EDUCATION,30800,14.05,0,0.28,N,3
37,57100,RENT,2.0,DEBTCONSOLIDATION,19100,13.91,1,0.33,N,7
40,18000,RENT,4.9,EDUCATION,7600,14.12,0,0.42,N,9
31,168600,RENT,13.0,MEDICAL,11300,10.11,0,0.07,N,13
39,123600,MORTGAGE,9.5,PERSONAL,8800,8.26,0,0.07,N,8
36,29800,RENT,7.6,EDUCATION,5800,9.53,1,0.19,N,6
37,43300,MORTGAGE,2.9,HOMEIMPROVEMENT,17300,13.49,0,0.4,Y,9
68,46300,OWN,3.0,EDUCATION,6300,7.37,0,0.14,N,5
54,72200,RENT,3.3,PERSONAL,11900,11.13,0,0.16,N,9
36,60400,MORTGAGE,5.9,PERSONAL,17900,16.2,0,0.3,N,2
34,37200,MORTGAGE,0.8,PERSONAL,7600,12.83,0,0.2,N,7
39,111400,OWN,9.9,MEDICAL,24900,10.29,0,0.22,N,2
34,141400,MORTGAGE,0.1,MEDICAL,8100,5.42,0,0.06,N,2
46,52700,MORTGAGE,0.9,HOMEIMPROVEMENT,16400,,0,0.31,N,10
46,39500,OWN,3.3,DEBTCONSOLIDATION,26800,20.54,1,0.68,N,5
37,130300,RENT,1.5,VENTURE,6100,10.82,0,0.05,N,10
50,16200,RENT,2.3,EDUCATION,6300,15.88,1,0.39,N,5
50,33100,MORTGAGE,2.0,DEBTCONSOLIDATION,6800,12.03,0,0.21,N,7
38,92800,RENT,1.6,PERSONAL,11200,9.55,0,0.12,N,3
37,116500,OWN,2.4,EDUCATION,18000,9.11,0,0.15,N,15
40,45400,MORTGAGE,3.5,EDUCATION,14800,12.55,0,0.33,N,10
49,189900,RENT,3.2,VENTURE,10100,9.85,0,0.05,N,2
66,14100,RENT,8.4,VENTURE,16600,19.27,1,1.18,Y,6
48,98900,RENT,1.8,MEDICAL,12900,7.59,0,0.13,N,2
35,56800,RENT,1.7,MEDICAL,11100,11.27,0,0.2,N,2
46,41500,RENT,3.5,EDUCATION,11600,13.63,0,0.28,N,6
45,87800,MORTGAGE,0.2,MEDICAL,11200,8.98,0,0.13,N,4
44,43700,MORTGAGE,0.6,VENTURE,14200,18.6,0,0.32,N,8
34,29800,RENT,8.1,EDUCATION,11600,14.37,1,0.39,N,3
46,57700,RENT,3.4,MEDICAL,10500,,0,0.18,Y,4
43,52600,RENT,0.3,EDUCATION,10500,14.37,0,0.2,N,2
35,35300,OTHER,2.9,EDUCATION,8700,14.56,0,0.25,N,2
62,39500,RENT,2.5,EDUCATION,8600,15.8,0,0.22,N,4
34,43200,RENT,1.4,EDUCATION,9900,11.58,0,0.23,Y,3
48,22100,MORTGAGE,2.3,EDUCATION,30000,18.54,1,1.36,Y,4
42,21400,MORTGAGE,1.0,MEDICAL,8500,14.56,1,0.4,N,3
41,90500,RENT,3.0,EDUCATION,12800,11.16,0,0.14,N,8
56,24800,OTHER,2.6,DEBTCONSOLIDATION,26000,22.88,1,1.05,Y,8
52,53600,MORTGAGE,4.7,VENTURE,2800,11.24,0,0.05,Y,4
42,19400,RENT,14.2,VENTURE,16300,20.23,1,0.84,N,5
37,124000,MORTGAGE,1.0,EDUCATION,24300,12.41,0,0.2,N,11
40,46700,RENT,,DEBTCONSOLIDATION,7800,,0,0.17,N,10
41,100200,RENT,4.1,DEBTCONSOLIDATION,22100,,0,0.22,N,4
53,173300,MORTGAGE,4.0,EDUCATION,17300,9.55,0,0.1,N,2
47,26700,OTHER,5.4,PERSONAL,22400,15.21,1,0.84,N,10
53,37300,RENT,1.6,EDUCATION,5400,10.03,1,0.14,Y,2
34,87500,RENT,5.0,VENTURE,5400,11.31,0,0.06,N,3
54,38300,MORTGAGE,1.1,DEBTCONSOLIDATION,7200,13.12,1,0.19,N,3
58,63600,OWN,0.7,HOMEIMPROVEMENT,30700,18.67,0,0.48,N,6
38,57300,MORTGAGE,8.9,EDUCATION,24700,14.48,0,0.43,N,11
51,14900,MORTGAGE,3.2,HOMEIMPROVEMENT,15600,16.58,1,1.05,Y,2
57,91000,RENT,2.5,EDUCATION,14600,8.96,0,0.16,N,5
39,50200,MORTGAGE,13.2,DEBTCONSOLIDATION,9300,12.59,0,0.19,N,10
35,28100,MORTGAGE,6.2,PERSONAL,8600,16.12,0,0.31,N,12
46,126900,RENT,5.7,DEBTCONSOLIDATION,9000,13.67,0,0.07,N,9
31,36800,RENT,1.1,MEDICAL,19600,13.43,0,0.53,Y,9
54,35700,RENT,1.2,HOMEIMPROVEMENT,17000,15.75,1,0.48,N,4
37,20100,RENT,3.3,DEBTCONSOLIDATION,14000,19.32,1,0.7,N,3
41,75200,RENT,5.3,MEDICAL,22900,,1,0.3,N,10
50,55500,RENT,2.5,MEDICAL,5000,8.71,0,0.09,N,6
49,20800,RENT,0.3,MEDICAL,4100,9.72,0,0.2,N,4
50,62000,MORTGAGE,5.7,VENTURE,22400,16.05,0,0.36,N,2
38,85400,RENT,7.4,EDUCATION,12300,12.97,0,0.14,N,3
46,69900,OWN,14.4,MEDICAL,17800,14.88,0,0.25,N,2
52,112300,MORTGAGE,2.6,EDUCATION,12100,8.06,0,0.11,N,9
39,38900,RENT,1.5,MEDICAL,12700,13.19,0,0.33,N,2
63,143200,RENT,13.0,PERSONAL,3500,11.26,0,0.02,N,6
42,54300,MORTGAGE,6.3,VENTURE,14600,14.23,0,0.27,N,2
31,84100,RENT,0.3,MEDICAL,4100,10.71,0,0.05,N,4
42,109400,OWN,4.3,MEDICAL,11100,10.44,0,0.1,N,7
57,232600,RENT,0.1,MEDICAL,7100,10.24,0,0.03,Y,4
36,29900,RENT,1.3,EDUCATION,8700,11.83,0,0.29,N,15
36,36100,RENT,0.4,MEDICAL,26000,18.05,1,0.72,Y,7
47,60100,MORTGAGE,,PERSONAL,29800,13.08,1,0.5,N,3
35,44200,MORTGAGE,3.4,EDUCATION,4000,6.99,0,0.09,N,9
35,34900,RENT,1.8,EDUCATION,26300,18.53,1,0.75,Y,7
37,23400,MORTGAGE,0.5,DEBTCONSOLIDATION,23500,17.25,1,1.0,Y,3
60,58100,RENT,3.3,EDUCATION,14300,,0,0.25,N,7
48,83900,MORTGAGE,6.2,MEDICAL,13600,10.46,0,0.16,N,4
44,65800,RENT,0.3,VENTURE,11700,11.23,0,0.18,N,7
38,22100,MORTGAGE,10.7,VENTURE,17500,19.97,1,0.79,N,4
52,22400,MORTGAGE,5.3,EDUCATION,8000,16.02,0,0.36,N,8
49,56000,RENT,3.7,VENTURE,5500,8.54,0,0.1,N,8
61,47500,MORTGAGE,2.5,PERSONAL,30800,17.02,1,0.65,N,17
36,45500,MORTGAGE,2.5,VENTURE,22400,16.48,1,0.49,N,2
36,46500,MORTGAGE,2.0,DEBTCONSOLIDATION,11600,16.19,0,0.25,N,13
31,41200,MORTGAGE,0.6,HOMEIMPROVEMENT,5200,8.46,0,0.13,N,7
48,58800,MORTGAGE,0.4,VENTURE,28900,17.82,0,0.49,N,5
46,99300,MORTGAGE,1.8,HOMEIMPROVEMENT,4700,7.36,0,0.05,N,11
40,32400,OWN,5.5,PERSONAL,1800,5.42,0,0.06,N,9
31,69500,OWN,1.7,VENTURE,9900,,0,0.14,N,13
58,56700,MORTGAGE,8.4,DEBTCONSOLIDATION,20000,,0,0.35,Y,10
45,20300,OWN,2.4,HOMEIMPROVEMENT,23300,19.67,1,1.15,Y,9
56,37800,OWN,5.0,HOMEIMPROVEMENT,15800,16.49,0,0.42,Y,8
57,54500,RENT,2.8,PERSONAL,13200,8.5,0,0.24,N,5
48,178200,OTHER,,VENTURE,3000,9.22,0,0.02,Y,7
50,36400,RENT,1.4,MEDICAL,11000,12.58,1,0.3,Y,6
39,38700,RENT,3.6,VENTURE,5800,14.9,0,0.15,N,6
44,68000,OWN,0.6,PERSONAL,8700,9.78,0,0.13,N,4
53,50900,RENT,2.4,EDUCATION,5300,11.08,0,0.1,N,4
37,27100,MORTGAGE,3.0,MEDICAL,25400,16.53,0,0.94,Y,9
53,20900,OWN,6.1,MEDICAL,18900,18.45,0,0.9,Y,8
52,19500,RENT,2.6,PERSONAL,13000,16.36,1,0.67,N,6
51,86500,RENT,5.5,VENTURE,27200,13.21,0,0.31,N,9
44,30700,MORTGAGE,1.0,MEDICAL,8500,,0,0.28,N,15
38,199500,MORTGAGE,0.1,DEBTCONSOLIDATION,28600,8.4,0,0.14,N,10
63,40500,MORTGAGE,3.5,VENTURE,5500,12.56,1,0.14,N,16
57,82800,MORTGAGE,3.2,PERSONAL,21700,13.16,0,0.26,N,10
44,28600,RENT,5.5,PERSONAL,10600,15.72,0,0.37,N,5
46,60100,RENT,1.9,DEBTCONSOLIDATION,7000,11.51,0,0.12,N,6
41,117900,MORTGAGE,0.2,DEBTCONSOLIDATION,17700,9.73,0,0.15,N,5
31,44700,MORTGAGE,6.4,HOMEIMPROVEMENT,17000,15.96,0,0.38,N,3
43,29800,RENT,14.3,MEDICAL,27400,17.51,1,0.92,Y,9
48,44100,RENT,2.5,EDUCATION,9700,8.67,0,0.22,N,5
39,48100,RENT,4.7,PERSONAL,20600,14.36,1,0.43,N,3
41,31500,MORTGAGE,3.9,DEBTCONSOLIDATION,26700,20.27,1,0.85,N,7
41,134500,OWN,4.2,EDUCATION,13100,9.56,0,0.1,N,4
45,54700,RENT,10.1,MEDICAL,12300,9.76,0,0.22,N,6
42,109500,RENT,6.7,DEBTCONSOLIDATION,11400,13.57,0,0.1,N,8
37,97800,RENT,7.3,PERSONAL,31200,14.12,0,0.32,N,4
45,138100,OTHER,0.5,PERSONAL,16400,10.86,0,0.12,N,2
48,27100,OWN,0.8,VENTURE,26700,22.15,1,0.99,Y,7
45,77200,MORTGAGE,5.4,MEDICAL,12900,11.08,0,0.17,N,8
31,41100,RENT,3.9,DEBTCONSOLIDATION,24800,20.37,1,0.6,Y,8
50,50100,RENT,7.4,VENTURE,13200,12.85,0,0.26,N,7
35,29900,RENT,0.5,VENTURE,7500,12.73,0,0.25,N,2
48,194600,OWN,,PERSONAL,16200,10.04,0,0.08,N,8
48,36200,RENT,3.3,EDUCATION,24300,,1,0.67,N,10
33,77600,MORTGAGE,9.6,VENTURE,4100,7.56,0,0.05,N,11
52,26700,RENT,1.0,MEDICAL,9800,17.94,1,0.37,N,2
63,47100,RENT,2.1,EDUCATION,28100,17.85,0,0.6,Y,6
41,97100,MORTGAGE,0.8,PERSONAL,9600,15.23,0,0.1,N,5
48,65600,MORTGAGE,3.0,VENTURE,11900,13.18,0,0.18,N,9
40,32300,MORTGAGE,10.7,DEBTCONSOLIDATION,10600,15.93,0,0.33,Y,13
35,36600,MORTGAGE,5.5,VENTURE,9400,11.73,0,0.26,N,8
53,59300,RENT,6.8,EDUCATION,11800,10.58,1,0.2,N,4
48,53700,RENT,0.5,MEDICAL,23600,12.01,1,0.44,Y,6
38,26300,MORTGAGE,3.0,EDUCATION,10700,15.05,0,0.41,Y,13
35,43900,RENT,9.1,HOMEIMPROVEMENT,18800,13.79,0,0.43,Y,6
63,50000,MORTGAGE,9.1,VENTURE,9200,10.89,0,0.18,N,4
34,74100,OWN,16.0,VENTURE,8000,9.46,0,0.11,N,8
49,94600,MORTGAGE,3.7,MEDICAL,21900,9.64,0,0.23,N,17
45,78400,MORTGAGE,0.0,VENTURE,6900,5.42,0,0.09,N,9
51,65300,RENT,11.5,EDUCATION,20800,13.03,0,0.32,N,4
59,66100,MORTGAGE,15.6,VENTURE,17100,12.89,0,0.26,N,2
27,70400,OWN,9.0,PERSONAL,14800,8.2,0,0.21,N,4
36,91700,MORTGAGE,7.4,MEDICAL,13200,8.98,0,0.14,Y,3
43,137400,RENT,1.2,MEDICAL,14700,8.79,0,0.11,N,5
60,31700,RENT,0.7,DEBTCONSOLIDATION,6800,13.49,0,0.21,N,5
40,42300,MORTGAGE,6.0,VENTURE,9200,11.26,0,0.22,N,8
39,94400,MORTGAGE,0.8,VENTURE,3300,10.09,0,0.03,N,5
29,31300,RENT,11.0,MEDICAL,18700,,1,0.6,N,10
38,26600,RENT,3.0,VENTURE,21600,18.61,1,0.81,Y,5
49,38100,MORTGAGE,0.2,EDUCATION,18400,14.06,0,0.48,N,13
43,56400,MORTGAGE,0.8,MEDICAL,19000,11.39,0,0.34,N,3
38,41600,MORTGAGE,1.7,DEBTCONSOLIDATION,24000,20.32,1,0.58,N,2
64,66400,RENT,6.1,EDUCATION,18800,11.91,0,0.28,N,9
41,46300,MORTGAGE,6.7,PERSONAL,11000,11.07,0,0.24,N,6
45,44800,RENT,1.2,MEDICAL,9100,11.33,0,0.2,N,10
37,21600,RENT,5.2,EDUCATION,12200,14.18,0,0.56,Y,9
35,75300,MORTGAGE,0.2,HOMEIMPROVEMENT,13200,11.66,0,0.18,Y,2
50,75900,RENT,0.5,EDUCATION,9600,8.94,0,0.13,N,8
32,48900,MORTGAGE,3.8,MEDICAL,10000,9.83,0,0.2,N,7
48,58800,MORTGAGE,,VENTURE,19000,13.78,0,0.32,N,10
26,58700,MORTGAGE,8.0,HOMEIMPROVEMENT,8500,10.63,0,0.14,N,8
46,96600,OWN,2.9,VENTURE,20700,11.49,0,0.21,N,14
35,61200,RENT,0.6,DEBTCONSOLIDATION,9400,10.1,0,0.15,N,8
37,26000,RENT,13.2,VENTURE,12100,18.87,1,0.47,N,8
41,154700,RENT,2.9,EDUCATION,9700,7.0,0,0.06,N,11
34,110100,MORTGAGE,3.4,VENTURE,22400,9.85,0,0.2,N,4
30,55700,MORTGAGE,9.6,EDUCATION,11900,10.4,0,0.21,N,10
42,59000,RENT,4.4,EDUCATION,30600,16.83,0,0.52,N,5
51,63500,RENT,1.8,EDUCATION,16200,10.08,0,0.26,N,4
46,35500,MORTGAGE,3.9,EDUCATION,3100,,0,0.09,N,2
55,100000,MORTGAGE,4.9,EDUCATION,22200,12.54,0,0.22,N,3
31,94400,MORTGAGE,11.0,MEDICAL,18400,,0,0.19,N,4
40,51700,OWN,1.3,EDUCATION,9400,7.98,0,0.18,N,6
44,78400,MORTGAGE,4.1,EDUCATION,9600,10.67,0,0.12,N,5
37,96200,RENT,12.7,EDUCATION,13800,9.26,0,0.14,N,14
44,61400,RENT,0.2,HOMEIMPROVEMENT,17800,12.97,0,0.29,N,13
54,30700,RENT,1.1,VENTURE,25600,18.61,0,0.83,Y,4
48,79000,MORTGAGE,2.1,MEDICAL,7700,7.8,0,0.1,N,23
56,55900,RENT,5.7,VENTURE,7700,10.41,0,0.14,N,4
46,29700,RENT,9.2,VENTURE,18600,18.72,0,0.63,N,4
43,95700,MORTGAGE,1.1,EDUCATION,10400,8.0,0,0.11,N,2
59,61700,OWN,1.4,VENTURE,8900,9.17,0,0.14,N,5
45,47800,MORTGAGE,8.7,DEBTCONSOLIDATION,18400,15.89,1,0.38,Y,9
62,169300,MORTGAGE,,VENTURE,5100,8.66,0,0.03,N,5
52,40100,MORTGAGE,1.5,DEBTCONSOLIDATION,14600,12.82,0,0.36,N,3
38,32300,MORTGAGE,6.6,EDUCATION,17200,15.37,1,0.53,N,2
42,59000,MORTGAGE,0.9,DEBTCONSOLIDATION,11700,14.05,0,0.2,N,9
59,49700,MORTGAGE,8.8,PERSONAL,6800,7.59,0,0.14,N,2
55,39800,MORTGAGE,3.4,VENTURE,10900,14.86,1,0.27,N,2
51,117600,MORTGAGE,3.0,VENTURE,12600,9.5,0,0.11,N,3
49,29200,RENT,0.7,EDUCATION,7600,13.81,0,0.26,N,4
34,64200,RENT,5.7,PERSONAL,13700,10.32,0,0.21,N,9
35,56800,RENT,10.8,MEDICAL,10800,12.66,1,0.19,N,5
46,53800,MORTGAGE,5.9,EDUCATION,25600,18.72,0,0.48,N,7
67,102300,RENT,1.9,EDUCATION,5200,8.83,0,0.05,N,2
37,167700,RENT,6.0,VENTURE,17900,10.54,0,0.11,N,5
41,54200,RENT,3.6,HOMEIMPROVEMENT,19300,15.7,1,0.36,N,2
41,88300,OWN,9.6,MEDICAL,16400,10.82,0,0.19,N,5
49,55400,RENT,3.1,EDUCATION,14400,10.41,0,0.26,N,4
46,56600,RENT,1.4,DEBTCONSOLIDATION,6600,9.05,0,0.12,N,6
54,69400,RENT,0.5,EDUCATION,16400,12.19,0,0.24,N,7
46,59400,RENT,1.6,EDUCATION,15400,11.39,0,0.26,N,7
45,32800,OWN,4.1,VENTURE,26200,20.74,1,0.8,N,3
43,112700,OWN,0.9,EDUCATION,24400,11.76,0,0.22,N,9
56,69400,MORTGAGE,0.2,VENTURE,3400,7.76,0,0.05,N,6
44,52800,MORTGAGE,3.0,EDUCATION,31300,18.81,1,0.59,Y,10
38,38400,MORTGAGE,2.1,PERSONAL,15400,16.71,1,0.4,Y,20
50,63600,RENT,2.7,EDUCATION,26400,14.91,1,0.42,Y,12
43,47400,RENT,3.0,DEBTCONSOLIDATION,7400,10.82,1,0.16,N,5
52,59900,MORTGAGE,7.3,PERSONAL,18600,11.35,0,0.31,N,2
26,48800,MORTGAGE,8.0,HOMEIMPROVEMENT,13100,13.98,0,0.27,N,6
57,34300,MORTGAGE,1.5,EDUCATION,7000,9.57,0,0.2,N,2
42,131400,RENT,14.3,VENTURE,3500,12.25,0,0.03,N,4
56,32200,OWN,1.3,PERSONAL,8700,12.33,0,0.27,N,22
53,35300,MORTGAGE,7.0,DEBTCONSOLIDATION,3100,11.57,0,0.09,N,7
39,78700,MORTGAGE,5.7,VENTURE,16100,11.35,0,0.2,N,9
37,64200,RENT,0.3,HOMEIMPROVEMENT,10200,12.1,0,0.16,N,10
36,77900,RENT,6.5,EDUCATION,28600,,0,0.37,N,7
35,71400,RENT,11.6,MEDICAL,17000,13.93,0,0.24,N,6
55,35800,OWN,13.3,MEDICAL,20500,16.26,0,0.57,Y,7
42,78300,RENT,5.8,EDUCATION,12600,9.39,0,0.16,N,5
61,38000,MORTGAGE,7.7,MEDICAL,9500,,0,0.25,N,4
38,96700,RENT,0.4,PERSONAL,20700,15.27,0,0.21,N,5
39,31300,RENT,0.9,VENTURE,13300,15.15,0,0.42,N,5
48,35000,RENT,1.5,EDUCATION,34400,18.91,1,0.98,Y,7
61,35600,RENT,3.8,EDUCATION,16000,17.91,1,0.45,Y,2
39,64300,RENT,2.4,HOMEIMPROVEMENT,23300,15.96,1,0.36,Y,5
51,52600,RENT,5.4,MEDICAL,9900,12.96,0,0.19,N,3
44,57700,RENT,3.0,EDUCATION,12500,9.15,1,0.22,N,14
48,50800,RENT,7.5,EDUCATION,9100,10.14,0,0.18,N,3
37,52600,MORTGAGE,6.3,MEDICAL,20900,16.19,0,0.4,N,8
50,41600,RENT,6.9,EDUCATION,20400,17.68,1,0.49,Y,2
41,23600,RENT,8.8,MEDICAL,16000,20.06,1,0.68,Y,10
40,25200,MORTGAGE,9.0,EDUCATION,19600,17.1,1,0.78,Y,6
43,34900,RENT,7.6,MEDICAL,11200,12.88,1,0.32,Y,9
49,45400,OWN,0.3,PERSONAL,24600,14.86,0,0.54,N,2
42,121200,RENT,4.9,EDUCATION,26700,11.63,0,0.22,N,12
40,30900,OWN,0.1,EDUCATION,17800,17.88,1,0.58,N,6
42,29700,RENT,6.8,PERSONAL,11500,14.12,1,0.39,N,7
42,19900,RENT,0.3,EDUCATION,23200,19.96,1,1.17,Y,7
48,71400,MORTGAGE,20.4,PERSONAL,30900,15.13,0,0.43,N,10
40,48200,RENT,4.8,VENTURE,15700,13.93,0,0.33,N,4
40,26600,MORTGAGE,1.0,DEBTCONSOLIDATION,17700,20.12,1,0.67,Y,5
37,53300,RENT,3.2,EDUCATION,23500,16.2,0,0.44,N,18
49,39300,RENT,8.8,PERSONAL,18000,16.53,0,0.46,N,2
45,110500,MORTGAGE,1.0,VENTURE,8300,8.84,0,0.08,N,11
55,37500,RENT,3.8,VENTURE,12400,12.22,0,0.33,N,13
54,137900,RENT,0.0,EDUCATION,16500,10.09,0,0.12,N,9
46,59600,RENT,,EDUCATION,13200,12.74,0,0.22,N,4
43,43600,MORTGAGE,1.1,PERSONAL,18200,15.7,1,0.42,Y,3
44,47000,RENT,2.4,EDUCATION,9800,,0,0.21,N,13
39,63700,MORTGAGE,3.8,VENTURE,7600,9.33,0,0.12,N,14
37,46700,RENT,0.8,EDUCATION,3800,8.99,0,0.08,N,6
36,32600,OWN,13.1,VENTURE,4300,10.01,0,0.13,N,15
42,76700,MORTGAGE,3.2,MEDICAL,11200,10.27,0,0.15,N,13
28,93500,RENT,1.3,MEDICAL,3400,6.95,0,0.04,N,2
60,95300,RENT,6.6,DEBTCONSOLIDATION,9600,10.13,0,0.1,N,13
64,49600,MORTGAGE,11.2,EDUCATION,14300,11.19,0,0.29,N,8
36,98800,MORTGAGE,12.2,HOMEIMPROVEMENT,20000,10.8,1,0.2,N,12
64,64400,RENT,2.8,MEDICAL,15900,11.23,1,0.25,Y,2
36,46100,RENT,2.2,VENTURE,14700,14.1,0,0.32,Y,10
44,39800,RENT,13.2,EDUCATION,9100,10.0,0,0.23,N,4
47,89900,RENT,0.3,MEDICAL,3100,5.47,0,0.03,N,3
44,21500,MORTGAGE,6.9,VENTURE,6900,15.71,0,0.32,N,22
39,116300,MORTGAGE,1.0,PERSONAL,31000,9.6,0,0.27,N,9
39,58100,RENT,3.1,DEBTCONSOLIDATION,27000,18.87,0,0.46,N,3
51,39000,MORTGAGE,15.4,DEBTCONSOLIDATION,10300,12.49,0,0.26,N,6
56,36600,RENT,4.4,MEDICAL,10500,14.59,0,0.29,N,4
31,42500,RENT,3.7,EDUCATION,25200,19.32,1,0.59,Y,13
46,79900,MORTGAGE,0.3,HOMEIMPROVEMENT,5600,7.96,0,0.07,N,4
49,64300,MORTGAGE,1.6,EDUCATION,7800,7.84,0,0.12,N,9
45,42100,MORTGAGE,0.0,DEBTCONSOLIDATION,6700,13.04,1,0.16,N,4
34,40200,MORTGAGE,10.4,EDUCATION,24300,16.61,1,0.6,Y,10
48,64400,RENT,,HOMEIMPROVEMENT,2300,6.39,0,0.04,N,7
54,245000,RENT,0.6,EDUCATION,3000,8.85,0,0.01,Y,8
37,243600,MORTGAGE,2.3,EDUCATION,22200,11.5,0,0.09,N,2
39,96600,RENT,8.3,VENTURE,17100,7.86,0,0.18,N,5
45,35400,MORTGAGE,0.8,PERSONAL,15300,14.78,0,0.43,N,9
43,82000,RENT,1.3,MEDICAL,26700,12.03,0,0.33,N,4
39,36000,MORTGAGE,3.9,VENTURE,13600,12.06,0,0.38,N,8
35,47800,MORTGAGE,0.8,DEBTCONSOLIDATION,13300,13.81,0,0.28,N,4
40,114800,MORTGAGE,2.4,DEBTCONSOLIDATION,12400,11.92,0,0.11,N,12
30,47400,MORTGAGE,12.0,DEBTCONSOLIDATION,17500,16.39,0,0.37,N,4
49,46400,RENT,3.9,EDUCATION,10500,11.12,0,0.23,N,4
38,41000,RENT,6.0,EDUCATION,17900,19.48,0,0.44,Y,5
51,34600,MORTGAGE,5.4,VENTURE,18800,18.79,0,0.54,N,10
42,46900,RENT,1.2,PERSONAL,8600,12.0,0,0.18,N,5
45,81400,MORTGAGE,9.4,EDUCATION,16100,10.83,0,0.2,N,7
32,78600,RENT,0.7,EDUCATION,19500,15.3,0,0.25,N,5
50,63700,MORTGAGE,12.7,HOMEIMPROVEMENT,29100,16.22,0,0.46,N,4
70,103500,RENT,1.2,EDUCATION,27700,11.64,0,0.27,N,12
40,21000,MORTGAGE,15.5,MEDICAL,8500,13.99,0,0.4,N,6
45,55800,RENT,8.0,EDUCATION,15700,10.47,0,0.28,N,6
46,36700,RENT,0.9,PERSONAL,13300,15.64,0,0.36,N,3
34,161400,RENT,0.9,DEBTCONSOLIDATION,11000,10.29,0,0.07,N,3
36,47100,MORTGAGE,0.4,MEDICAL,10900,12.9,0,0.23,N,5
49,81500,OWN,1.4,VENTURE,29900,16.41,0,0.37,N,9
37,93800,RENT,5.4,DEBTCONSOLIDATION,4200,6.11,0,0.04,N,11
42,44100,RENT,3.7,VENTURE,23600,18.95,1,0.54,Y,8
45,90300,RENT,4.8,VENTURE,13000,10.53,0,0.14,N,5
49,96100,MORTGAGE,0.2,MEDICAL,15400,9.82,0,0.16,N,10
42,83600,OWN,0.4,PERSONAL,19800,12.75,0,0.24,N,8
42,40700,RENT,5.9,HOMEIMPROVEMENT,13100,13.15,1,0.32,N,7
70,24700,MORTGAGE,9.4,MEDICAL,31700,21.0,1,1.28,Y,6
53,175600,RENT,2.2,EDUCATION,24200,10.55,0,0.14,N,11
41,46200,RENT,0.9,HOMEIMPROVEMENT,8600,9.85,0,0.19,N,6
42,94100,RENT,1.8,EDUCATION,17900,,0,0.19,N,4
63,42000,OWN,2.7,DEBTCONSOLIDATION,13500,14.3,0,0.32,N,3
49,171800,MORTGAGE,5.0,DEBTCONSOLIDATION,11200,10.5,0,0.07,Y,9
54,41200,RENT,2.6,EDUCATION,11100,13.23,0,0.27,N,7
40,57300,OWN,11.4,MEDICAL,7700,6.82,0,0.13,N,8
40,194300,RENT,2.6,EDUCATION,13100,7.73,0,0.07,N,16
59,22500,RENT,1.0,MEDICAL,16100,22.4,1,0.72,Y,3
43,105200,MORTGAGE,1.4,VENTURE,21600,12.71,0,0.21,N,4
43,53400,OTHER,3.1,VENTURE,9900,13.79,0,0.19,N,2
40,80000,RENT,7.6,EDUCATION,20900,9.85,0,0.26,N,7
54,44700,MORTGAGE,10.2,MEDICAL,15100,15.15,1,0.34,Y,8
55,133200,OWN,1.0,PERSONAL,9400,8.3,0,0.07,N,5
45,34700,RENT,0.0,VENTURE,21300,19.31,1,0.61,Y,13
35,55300,RENT,10.2,DEBTCONSOLIDATION,16300,12.37,0,0.29,N,8
39,90600,RENT,1.3,HOMEIMPROVEMENT,28700,13.51,1,0.32,Y,2
56,34500,MORTGAGE,8.6,DEBTCONSOLIDATION,9900,16.05,0,0.29,N,20
45,58100,MORTGAGE,4.0,EDUCATION,30100,14.29,0,0.52,Y,11
54,30800,RENT,2.6,EDUCATION,15200,14.97,1,0.49,Y,6
47,43400,RENT,0.8,EDUCATION,13000,12.76,1,0.3,Y,5
36,229500,MORTGAGE,5.6,MEDICAL,24500,12.65,0,0.11,N,4
48,113300,MORTGAGE,8.5,PERSONAL,7600,8.22,0,0.07,N,10
43,78200,MORTGAGE,3.1,EDUCATION,13200,9.22,0,0.17,N,17
39,66400,RENT,3.0,MEDICAL,6800,10.93,0,0.1,N,10
40,22900,RENT,7.0,EDUCATION,16500,19.77,1,0.72,N,9
54,48900,RENT,3.5,MEDICAL,4400,7.62,0,0.09,N,18
46,90000,MORTGAGE,7.7,HOMEIMPROVEMENT,30800,15.17,0,0.34,N,18
45,42500,MORTGAGE,0.3,MEDICAL,2500,9.92,0,0.06,N,8
61,66100,MORTGAGE,9.7,PERSONAL,27300,13.26,1,0.41,N,4
38,31200,RENT,1.5,MEDICAL,17300,20.59,0,0.55,N,14
43,29800,MORTGAGE,0.9,PERSONAL,22500,19.53,1,0.76,Y,4
39,190000,MORTGAGE,0.2,PERSONAL,11200,6.8,0,0.06,N,8
48,174700,MORTGAGE,9.0,EDUCATION,9100,11.57,0,0.05,N,4
45,51700,MORTGAGE,0.3,PERSONAL,7900,12.05,0,0.15,N,5
41,35300,RENT,15.4,MEDICAL,14600,14.69,0,0.41,N,11
42,32300,RENT,4.2,DEBTCONSOLIDATION,9500,15.58,0,0.29,N,11
52,67600,RENT,6.0,EDUCATION,24700,13.15,0,0.37,N,7
55,157000,MORTGAGE,6.5,DEBTCONSOLIDATION,3900,9.24,0,0.02,N,9
39,36900,RENT,1.7,VENTURE,5800,11.26,0,0.16,N,4
70,60400,RENT,8.2,MEDICAL,8700,8.59,0,0.14,N,7
34,58800,MORTGAGE,14.6,MEDICAL,5700,6.98,0,0.1,N,7
36,135400,MORTGAGE,2.3,EDUCATION,22700,13.47,0,0.17,N,10
41,63200,RENT,9.0,HOMEIMPROVEMENT,2000,5.42,0,0.03,N,4
38,25100,OTHER,7.4,EDUCATION,17500,21.26,1,0.7,Y,5
37,82000,MORTGAGE,4.5,DEBTCONSOLIDATION,13100,13.31,0,0.16,N,3
55,59500,RENT,,DEBTCONSOLIDATION,20800,12.84,0,0.35,N,3
48,33600,OWN,2.7,MEDICAL,12200,13.56,0,0.36,N,2
44,97100,RENT,1.8,EDUCATION,17300,11.23,0,0.18,N,9
39,45600,MORTGAGE,2.8,MEDICAL,17100,15.68,0,0.38,N,8
36,65100,MORTGAGE,18.0,HOMEIMPROVEMENT,11300,,0,0.17,N,5
36,58700,RENT,2.3,DEBTCONSOLIDATION,6600,10.75,0,0.11,N,5
55,46000,MORTGAGE,5.5,VENTURE,12600,14.07,0,0.27,Y,3
55,34700,MORTGAGE,1.9,VENTURE,24500,18.25,1,0.71,Y,7
41,73700,RENT,3.1,MEDICAL,21600,10.19,0,0.29,N,7
33,27700,RENT,,HOMEIMPROVEMENT,11400,14.83,0,0.41,N,5
49,90300,RENT,7.2,HOMEIMPROVEMENT,24200,10.04,0,0.27,N,7
41,33900,RENT,5.4,MEDICAL,12700,11.99,0,0.37,N,9
53,28500,RENT,2.1,HOMEIMPROVEMENT,8300,13.0,0,0.29,N,8
36,117200,RENT,3.7,HOMEIMPROVEMENT,24000,9.9,0,0.2,N,2
44,57000,MORTGAGE,10.3,VENTURE,13800,11.7,1,0.24,N,6
35,19000,MORTGAGE,0.2,MEDICAL,12600,,1,0.66,Y,7
38,53800,RENT,13.3,DEBTCONSOLIDATION,9000,13.45,0,0.17,N,9
38,75800,OWN,3.2,HOMEIMPROVEMENT,20600,14.24,0,0.27,N,7
41,77000,MORTGAGE,9.8,MEDICAL,15100,9.72,0,0.2,N,3
56,35400,RENT,9.9,VENTURE,8500,12.89,0,0.24,N,2
45,38300,MORTGAGE,0.3,MEDICAL,9400,13.61,0,0.25,N,3
51,59300,MORTGAGE,7.6,EDUCATION,11600,11.52,0,0.2,N,8
44,95900,MORTGAGE,6.6,HOMEIMPROVEMENT,14700,11.55,0,0.15,N,2
40,26300,RENT,0.2,EDUCATION,21900,18.08,1,0.83,N,4
30,27100,RENT,12.0,DEBTCONSOLIDATION,8500,13.18,0,0.31,Y,3
36,115100,RENT,5.0,MEDICAL,19800,8.03,0,0.17,N,13
44,105800,RENT,0.9,EDUCATION,26400,12.83,0,0.25,N,5
45,32300,RENT,0.7,MEDICAL,11900,15.26,0,0.37,N,6
53,43800,RENT,4.1,EDUCATION,11300,13.32,0,0.26,Y,2
32,172700,RENT,0.3,HOMEIMPROVEMENT,13500,7.72,0,0.08,N,7
67,87900,MORTGAGE,0.9,MEDICAL,22300,12.83,0,0.25,Y,10
30,52700,MORTGAGE,12.0,PERSONAL,6000,,0,0.11,N,5
43,101600,RENT,6.8,MEDICAL,11700,11.63,0,0.12,Y,6
39,41500,OWN,4.8,PERSONAL,3800,11.26,0,0.09,N,7
36,59100,OWN,1.2,MEDICAL,14400,8.31,0,0.24,N,3
60,45700,RENT,1.2,EDUCATION,28000,20.81,1,0.61,N,4
39,80000,MORTGAGE,3.0,DEBTCONSOLIDATION,7600,9.12,0,0.1,N,4
32,79700,MORTGAGE,7.0,PERSONAL,9300,10.35,0,0.12,Y,3
34,61300,RENT,0.0,EDUCATION,18700,12.83,0,0.31,N,8
54,71500,RENT,0.2,PERSONAL,18500,10.62,0,0.26,N,4
34,101200,RENT,10.2,VENTURE,16100,,0,0.16,N,15
33,70000,RENT,8.4,EDUCATION,9100,11.12,0,0.13,N,5
45,61300,OWN,,DEBTCONSOLIDATION,5300,10.99,0,0.09,N,5
41,68500,MORTGAGE,3.5,PERSONAL,8800,8.7,0,0.13,N,7
48,105500,RENT,0.8,VENTURE,17100,8.29,0,0.16,N,6
40,32600,MORTGAGE,0.5,EDUCATION,10100,10.27,0,0.31,N,6
50,68100,RENT,11.8,VENTURE,23200,12.04,0,0.34,N,7
34,19200,RENT,2.4,EDUCATION,16600,,1,0.86,Y,10
33,46400,RENT,5.9,EDUCATION,4700,10.73,0,0.1,N,12
46,152800,RENT,,MEDICAL,5900,10.66,0,0.04,N,4
41,35100,RENT,6.6,PERSONAL,9800,11.79,0,0.28,N,19
40,22100,MORTGAGE,1.1,PERSONAL,15600,16.36,0,0.71,N,9
49,32200,RENT,3.3,EDUCATION,27500,20.29,1,0.85,Y,3
70,80200,MORTGAGE,2.4,PERSONAL,6300,,0,0.08,N,13
33,50400,RENT,1.4,EDUCATION,22800,15.41,0,0.45,N,2
57,31100,MORTGAGE,4.6,DEBTCONSOLIDATION,15600,18.03,1,0.5,N,3
50,105300,MORTGAGE,3.8,PERSONAL,11300,14.01,0,0.11,N,8
39,68500,RENT,3.4,PERSONAL,17200,12.38,0,0.25,N,3
61,28700,MORTGAGE,4.5,EDUCATION,21200,,1,0.74,Y,8
34,48000,MORTGAGE,0.8,HOMEIMPROVEMENT,11200,11.32,0,0.23,N,5
47,175100,RENT,2.3,HOMEIMPROVEMENT,26600,8.84,0,0.15,N,8
42,45700,RENT,2.0,VENTURE,15100,14.08,0,0.33,Y,2
39,21300,MORTGAGE,7.3,EDUCATION,7500,15.72,0,0.35,N,7
35,70200,RENT,0.2,VENTURE,15000,13.04,0,0.21,N,2
70,66900,RENT,1.7,EDUCATION,20600,11.91,0,0.31,N,8
39,112800,MORTGAGE,12.5,VENTURE,15900,,0,0.14,N,2
28,43700,OWN,1.8,HOMEIMPROVEMENT,15800,16.3,0,0.36,N,5
52,69100,RENT,0.8,PERSONAL,3700,8.5,0,0.05,N,7
46,62000,MORTGAGE,7.1,MEDICAL,13200,12.76,0,0.21,N,5
41,54000,OWN,,MEDICAL,11300,,0,0.21,N,12
40,64700,RENT,2.8,HOMEIMPROVEMENT,4500,10.44,0,0.07,N,5
43,75400,MORTGAGE,9.7,EDUCATION,18200,14.22,0,0.24,N,4
52,73300,RENT,15.4,DEBTCONSOLIDATION,8100,11.98,0,0.11,N,7
47,89800,MORTGAGE,1.4,EDUCATION,11000,11.35,0,0.12,N,5
48,15500,RENT,1.8,MEDICAL,15700,20.28,1,1.01,N,9
48,23800,RENT,4.2,PERSONAL,12800,14.39,1,0.54,Y,4
52,60900,MORTGAGE,1.3,MEDICAL,18800,11.82,0,0.31,N,5
55,57700,MORTGAGE,0.8,VENTURE,23300,17.23,0,0.4,N,12
38,31000,RENT,2.8,VENTURE,7800,11.87,0,0.25,N,13
45,45100,MORTGAGE,0.4,VENTURE,9700,11.79,0,0.22,N,11
30,34400,OWN,11.2,EDUCATION,8100,12.63,0,0.24,N,8
55,74800,MORTGAGE,2.0,VENTURE,14000,13.16,0,0.19,N,2
38,33200,MORTGAGE,2.0,HOMEIMPROVEMENT,5600,10.18,0,0.17,N,3
58,61000,OWN,7.8,EDUCATION,19900,11.57,0,0.33,N,7
38,95200,MORTGAGE,2.1,EDUCATION,6900,9.36,0,0.07,N,4
47,33600,MORTGAGE,7.2,MEDICAL,28100,17.14,1,0.84,Y,3
41,25900,OWN,1.0,MEDICAL,23100,21.04,1,0.89,Y,7
40,35600,MORTGAGE,3.8,EDUCATION,29800,19.7,0,0.84,Y,11
48,33600,RENT,7.3,VENTURE,4300,12.66,0,0.13,N,12
56,55400,RENT,3.0,MEDICAL,8500,10.02,0,0.15,N,6
41,21300,RENT,0.4,DEBTCONSOLIDATION,29100,20.75,0,1.37,N,2
57,131100,RENT,6.7,MEDICAL,31300,10.29,0,0.24,N,2
38,27100,MORTGAGE,,HOMEIMPROVEMENT,9800,8.82,0,0.36,N,2
56,25800,MORTGAGE,1.9,PERSONAL,16200,17.06,1,0.63,N,7
44,56000,MORTGAGE,24.7,VENTURE,8500,9.01,0,0.15,N,7
46,50600,OWN,10.4,VENTURE,25400,16.02,0,0.5,N,8
35,115200,RENT,0.2,DEBTCONSOLIDATION,7100,10.0,0,0.06,N,6
40,46600,RENT,4.5,PERSONAL,18400,,0,0.39,N,3
43,46300,MORTGAGE,2.2,PERSONAL,9900,11.19,0,0.21,N,2
54,77400,RENT,0.2,MEDICAL,11500,7.8,0,0.15,N,16
42,91200,MORTGAGE,0.1,MEDICAL,15000,12.26,0,0.16,N,11
37,18600,MORTGAGE,4.4,PERSONAL,12500,19.81,1,0.67,Y,4
46,56200,MORTGAGE,1.9,PERSONAL,14500,8.42,0,0.26,Y,7
65,177200,RENT,6.1,HOMEIMPROVEMENT,18200,8.34,0,0.1,N,8
47,38500,RENT,3.0,DEBTCONSOLIDATION,10100,12.61,0,0.26,N,4
42,58800,RENT,7.3,MEDICAL,19800,15.02,0,0.34,N,8
46,94900,MORTGAGE,8.4,MEDICAL,12300,8.04,0,0.13,N,10
37,70800,RENT,5.4,EDUCATION,3400,5.42,0,0.05,N,9
59,30400,MORTGAGE,,MEDICAL,23400,20.47,1,0.77,N,10
58,52200,RENT,22.3,EDUCATION,9800,11.04,0,0.19,N,5
36,27400,MORTGAGE,1.8,EDUCATION,23900,18.38,1,0.87,Y,2
58,30100,OTHER,3.6,EDUCATION,20000,21.29,1,0.66,Y,5
46,99700,RENT,3.7,VENTURE,12100,8.26,0,0.12,N,4
50,86800,MORTGAGE,2.8,DEBTCONSOLIDATION,17400,14.57,0,0.2,N,7
43,144700,RENT,0.6,MEDICAL,32300,13.63,0,0.22,N,9
44,90000,MORTGAGE,2.2,VENTURE,10300,13.29,0,0.11,N,3
39,50100,RENT,1.2,MEDICAL,13000,13.33,0,0.26,N,4
37,31000,MORTGAGE,11.5,MEDICAL,7400,10.18,1,0.24,N,5
36,116800,RENT,5.3,PERSONAL,24300,10.73,0,0.21,N,2
55,76400,MORTGAGE,1.7,VENTURE,15100,12.79,0,0.2,N,4
45,84100,RENT,4.2,MEDICAL,6300,11.08,0,0.07,N,2
37,74300,OWN,9.6,HOMEIMPROVEMENT,16100,10.67,0,0.22,N,6
44,104000,RENT,13.6,MEDICAL,13300,8.3,0,0.13,N,6
32,23400,RENT,0.4,DEBTCONSOLIDATION,10300,17.94,1,0.44,Y,11
37,27800,MORTGAGE,7.7,VENTURE,3300,11.05,0,0.12,N,4
56,33500,MORTGAGE,17.0,VENTURE,8700,13.82,0,0.26,N,7
39,66200,MORTGAGE,3.1,EDUCATION,8500,11.59,0,0.13,Y,3
54,42100,RENT,27.1,DEBTCONSOLIDATION,19100,17.88,0,0.45,N,4
43,100800,MORTGAGE,15.7,MEDICAL,9400,8.53,0,0.09,N,13
50,53700,MORTGAGE,5.3,PERSONAL,30700,19.64,0,0.57,N,3
35,193900,RENT,9.4,DEBTCONSOLIDATION,8100,10.24,0,0.04,N,7
48,139000,MORTGAGE,1.8,VENTURE,25300,12.66,0,0.18,N,3
29,58500,MORTGAGE,11.0,PERSONAL,11300,13.18,0,0.19,N,7
40,25700,MORTGAGE,4.5,MEDICAL,34300,18.69,0,1.33,Y,7
56,79100,MORTGAGE,3.6,PERSONAL,21800,12.67,0,0.28,N,3
44,29400,MORTGAGE,9.0,PERSONAL,16300,19.64,0,0.55,N,2
36,31700,MORTGAGE,11.0,VENTURE,22800,19.87,1,0.72,Y,6
55,43600,MORTGAGE,6.0,PERSONAL,25400,19.33,1,0.58,N,3
67,43200,RENT,0.1,MEDICAL,33500,17.74,1,0.78,Y,3
41,73400,MORTGAGE,4.5,PERSONAL,7800,10.68,0,0.11,N,20
32,64900,OWN,8.6,PERSONAL,15800,14.15,0,0.24,N,7
44,31100,RENT,3.9,VENTURE,11700,15.12,1,0.38,Y,6
51,46000,MORTGAGE,13.7,MEDICAL,11700,13.72,0,0.25,N,9
42,25600,MORTGAGE,11.4,DEBTCONSOLIDATION,17000,21.78,1,0.66,Y,9
30,67600,MORTGAGE,3.8,PERSONAL,14100,9.21,0,0.21,N,6
50,19500,OWN,2.6,EDUCATION,22100,19.46,1,1.13,Y,5
38,47600,RENT,0.3,VENTURE,10600,13.36,0,0.22,N,15
40,38000,MORTGAGE,5.0,EDUCATION,14600,16.39,0,0.38,N,2
33,73100,RENT,1.5,MEDICAL,29500,15.0,0,0.4,Y,11
28,34700,OWN,5.5,MEDICAL,6000,12.13,0,0.17,N,9
35,33900,RENT,8.0,EDUCATION,9600,12.07,0,0.28,N,7
39,67400,OWN,2.6,VENTURE,6300,8.28,0,0.09,N,14
39,69400,RENT,0.1,PERSONAL,5100,5.5,0,0.07,N,5
59,30500,RENT,10.0,MEDICAL,3100,8.18,0,0.1,N,7
36,74900,RENT,4.0,EDUCATION,11300,6.8,0,0.15,N,3
53,209200,MORTGAGE,1.9,MEDICAL,23400,7.12,0,0.11,N,7
45,41800,RENT,5.0,VENTURE,9100,7.41,0,0.22,N,3
61,27600,RENT,5.6,HOMEIMPROVEMENT,10600,12.9,0,0.38,N,6
43,55900,MORTGAGE,0.8,VENTURE,23700,13.37,1,0.42,N,11
30,25300,OWN,5.2,DEBTCONSOLIDATION,7400,13.57,0,0.29,N,8
42,47000,OWN,,HOMEIMPROVEMENT,9000,10.98,0,0.19,N,13
28,41000,RENT,8.1,VENTURE,19000,13.92,0,0.46,N,8
35,79300,MORTGAGE,14.2,EDUCATION,19900,14.53,0,0.25,N,6
42,20600,MORTGAGE,0.5,DEBTCONSOLIDATION,11200,21.17,1,0.54,Y,6
42,22700,MORTGAGE,12.5,DEBTCONSOLIDATION,2700,10.87,0,0.12,N,7
53,66800,RENT,11.7,DEBTCONSOLIDATION,11600,12.98,0,0.17,N,4
48,73000,MORTGAGE,2.1,HOMEIMPROVEMENT,19100,12.55,0,0.26,N,14
60,16600,MORTGAGE,0.1,MEDICAL,19100,18.15,1,1.15,N,17
53,125000,RENT,5.4,MEDICAL,12400,6.71,0,0.1,N,5
51,87700,RENT,2.1,PERSONAL,11000,8.73,0,0.13,N,2
66,37400,RENT,1.1,VENTURE,18800,16.54,1,0.5,N,3
52,57100,MORTGAGE,0.6,DEBTCONSOLIDATION,28300,20.18,0,0.5,N,4
57,18300,MORTGAGE,1.1,MEDICAL,21500,21.51,1,1.17,Y,7
32,79800,RENT,1.4,PERSONAL,8900,7.36,0,0.11,N,3
41,34000,MORTGAGE,7.9,HOMEIMPROVEMENT,29300,19.15,1,0.86,N,3
47,44500,RENT,7.7,EDUCATION,16400,14.85,1,0.37,N,4
44,51000,MORTGAGE,3.4,MEDICAL,6500,14.88,0,0.13,N,3
37,105300,RENT,4.0,MEDICAL,10800,6.44,0,0.1,N,4
51,70100,RENT,12.5,EDUCATION,19400,16.37,0,0.28,N,10
54,44500,MORTGAGE,11.9,EDUCATION,24300,17.1,1,0.55,Y,2
43,39200,MORTGAGE,8.8,MEDICAL,14600,12.77,0,0.37,N,6
41,61300,RENT,,EDUCATION,7100,7.62,0,0.12,N,9
39,51700,RENT,2.3,MEDICAL,6800,8.21,0,0.13,N,2
52,47400,OWN,10.9,MEDICAL,10600,13.72,0,0.22,N,9
41,54400,RENT,13.1,DEBTCONSOLIDATION,4200,12.59,0,0.08,N,10
44,46700,MORTGAGE,8.0,VENTURE,12300,13.3,0,0.26,N,11
56,22900,RENT,7.1,DEBTCONSOLIDATION,21000,21.13,1,0.92,Y,4
46,52500,RENT,4.1,EDUCATION,13200,12.56,1,0.25,Y,3
44,53500,MORTGAGE,2.1,EDUCATION,22800,11.89,0,0.43,N,4
39,58300,OWN,,MEDICAL,17600,10.78,0,0.3,N,3
43,31200,RENT,0.8,EDUCATION,8300,15.54,1,0.27,Y,9
38,34900,RENT,6.5,DEBTCONSOLIDATION,8600,15.49,0,0.25,Y,3
46,133500,MORTGAGE,7.5,EDUCATION,11000,9.8,0,0.08,N,2
40,36100,RENT,2.2,EDUCATION,14800,12.92,0,0.41,N,10
41,71700,MORTGAGE,0.0,PERSONAL,18100,12.78,0,0.25,N,3
43,35000,RENT,14.0,PERSONAL,7900,11.95,1,0.23,Y,9
62,19100,RENT,2.9,EDUCATION,7500,14.4,1,0.39,N,3
32,51200,RENT,14.0,VENTURE,2800,11.32,0,0.05,N,2
47,75900,MORTGAGE,5.7,VENTURE,6500,9.32,0,0.09,N,5
35,45100,RENT,0.7,MEDICAL,20200,15.78,0,0.45,Y,12
41,18100,MORTGAGE,2.0,EDUCATION,4900,11.29,0,0.27,N,10
39,15900,MORTGAGE,5.4,PERSONAL,16300,20.08,1,1.03,Y,5
39,102200,MORTGAGE,,EDUCATION,16200,,0,0.16,N,5
39,53800,OWN,,VENTURE,32400,18.76,1,0.6,N,3
41,75700,OWN,1.0,DEBTCONSOLIDATION,18100,14.39,0,0.24,N,8
38,61500,MORTGAGE,1.6,MEDICAL,18700,11.94,1,0.3,Y,16
38,28800,RENT,7.7,EDUCATION,5900,10.89,0,0.2,N,3
39,47100,RENT,1.4,DEBTCONSOLIDATION,24500,21.75,1,0.52,Y,10
39,21300,MORTGAGE,6.0,VENTURE,10500,19.8,1,0.49,N,2
37,91100,MORTGAGE,10.2,VENTURE,10300,11.82,0,0.11,N,2
49,64600,RENT,2.5,VENTURE,13300,12.66,0,0.21,N,5
40,81400,OTHER,0.0,EDUCATION,18900,11.53,0,0.23,N,4
42,110200,RENT,0.8,PERSONAL,10000,7.51,0,0.09,N,10
41,44500,MORTGAGE,1.9,EDUCATION,21000,14.13,1,0.47,N,9
38,36000,MORTGAGE,1.1,MEDICAL,9200,,0,0.26,N,7
37,51100,MORTGAGE,1.7,PERSONAL,6800,10.7,0,0.13,N,9
50,108800,MORTGAGE,3.9,PERSONAL,18600,10.24,0,0.17,N,2
37,22900,RENT,0.1,PERSONAL,26700,18.64,1,1.17,N,3
37,54800,OTHER,0.3,EDUCATION,26100,15.8,0,0.48,N,2
53,84400,OTHER,9.7,PERSONAL,5100,5.78,0,0.06,N,5
39,64200,MORTGAGE,,PERSONAL,11800,9.67,0,0.18,N,11
43,97800,RENT,13.7,VENTURE,9900,9.57,0,0.1,N,2
41,23300,RENT,0.0,HOMEIMPROVEMENT,13000,14.35,0,0.56,N,2
43,98500,RENT,0.0,MEDICAL,4700,9.16,0,0.05,N,2
59,38400,MORTGAGE,6.7,PERSONAL,12200,13.97,0,0.32,N,7
38,17100,RENT,3.2,VENTURE,29100,22.45,1,1.7,Y,4
49,45300,RENT,12.3,MEDICAL,15400,13.51,1,0.34,Y,15
50,34200,MORTGAGE,7.7,PERSONAL,8700,11.07,0,0.25,N,5
49,49500,MORTGAGE,3.5,MEDICAL,22000,14.09,0,0.44,N,8
58,23500,RENT,,VENTURE,11900,19.1,1,0.51,Y,10
30,50600,MORTGAGE,8.3,VENTURE,5200,11.66,0,0.1,N,5
33,39500,MORTGAGE,8.1,VENTURE,11100,14.23,0,0.28,N,8
36,161700,OWN,1.6,VENTURE,22200,10.49,0,0.14,N,3
39,59600,MORTGAGE,5.6,EDUCATION,8800,13.25,0,0.15,N,2
46,61400,MORTGAGE,5.2,MEDICAL,10600,10.33,0,0.17,N,5
37,47800,MORTGAGE,9.7,EDUCATION,9600,10.17,0,0.2,N,3
37,107600,OTHER,10.1,PERSONAL,25500,12.97,0,0.24,N,14
44,70800,MORTGAGE,1.6,PERSONAL,10000,9.15,0,0.14,N,5
48,124500,RENT,10.6,PERSONAL,9100,6.31,0,0.07,N,15
43,96700,MORTGAGE,12.9,DEBTCONSOLIDATION,27000,17.91,0,0.28,N,6
48,43800,MORTGAGE,0.6,MEDICAL,34600,20.6,1,0.79,Y,16
32,80900,MORTGAGE,4.3,DEBTCONSOLIDATION,16000,12.76,0,0.2,N,6
38,84800,RENT,2.9,EDUCATION,27400,13.52,0,0.32,N,9
36,91100,RENT,2.6,EDUCATION,20700,9.56,0,0.23,N,8
39,67600,MORTGAGE,6.1,EDUCATION,8100,9.82,0,0.12,N,3
43,25900,RENT,0.7,VENTURE,18300,19.74,1,0.71,Y,4
31,53300,RENT,8.6,PERSONAL,21400,13.73,0,0.4,N,6
39,57600,MORTGAGE,0.1,DEBTCONSOLIDATION,19900,13.19,0,0.35,N,7
38,56300,RENT,4.3,VENTURE,14600,11.14,0,0.26,N,18
33,101800,MORTGAGE,1.3,EDUCATION,14300,10.01,0,0.14,N,12
49,38000,MORTGAGE,5.5,EDUCATION,22500,18.02,1,0.59,N,3
43,58400,MORTGAGE,3.7,DEBTCONSOLIDATION,18400,15.09,0,0.32,N,11
39,52100,RENT,21.0,EDUCATION,21500,13.91,1,0.41,Y,6
61,78900,RENT,9.9,PERSONAL,8500,,0,0.11,N,9
33,146600,MORTGAGE,2.1,EDUCATION,29600,12.51,0,0.2,N,7
61,76300,OTHER,3.8,EDUCATION,19600,12.68,0,0.26,N,2
41,73600,MORTGAGE,1.9,EDUCATION,12400,11.67,1,0.17,N,7
37,30900,MORTGAGE,6.5,MEDICAL,16200,19.42,1,0.52,N,3
39,23200,RENT,2.7,MEDICAL,17200,19.0,1,0.74,Y,6
40,62400,RENT,0.6,EDUCATION,21700,11.69,0,0.35,N,4
64,48900,MORTGAGE,5.4,HOMEIMPROVEMENT,18700,12.72,0,0.38,N,3
46,69800,RENT,0.1,EDUCATION,23300,12.05,0,0.33,N,4
35,38700,MORTGAGE,1.8,PERSONAL,11900,12.03,0,0.31,N,2
50,117200,RENT,11.9,VENTURE,12400,10.0,0,0.11,N,9
40,28100,RENT,0.5,EDUCATION,8200,14.42,0,0.29,N,3
27,48600,RENT,3.5,EDUCATION,14300,10.99,0,0.29,N,2
50,43700,RENT,7.9,VENTURE,12000,12.81,0,0.27,N,11
50,99100,MORTGAGE,,MEDICAL,17800,11.37,0,0.18,N,6
41,47700,RENT,4.1,VENTURE,16300,,0,0.34,N,6
38,39400,MORTGAGE,0.8,VENTURE,23800,19.17,0,0.6,Y,13
51,56600,MORTGAGE,14.1,VENTURE,7800,12.46,0,0.14,N,4
38,35100,RENT,6.9,VENTURE,26400,20.88,1,0.75,Y,9
54,53500,RENT,2.5,EDUCATION,8700,15.52,1,0.16,Y,5
38,50400,MORTGAGE,1.6,PERSONAL,19300,11.47,0,0.38,N,13
42,250000,RENT,0.2,MEDICAL,13900,9.01,0,0.06,N,2
47,42000,MORTGAGE,,EDUCATION,18800,12.76,0,0.45,N,11
45,51600,RENT,7.5,EDUCATION,14800,13.63,0,0.29,N,7
37,61100,MORTGAGE,0.6,EDUCATION,17500,,0,0.29,N,4
46,63000,RENT,0.7,PERSONAL,20200,13.84,1,0.32,Y,4
50,96200,RENT,1.1,VENTURE,8200,13.94,0,0.09,N,11
35,155900,OTHER,2.5,EDUCATION,10900,6.87,0,0.07,N,5
47,34900,RENT,1.0,EDUCATION,24200,19.77,1,0.69,Y,5
42,69000,RENT,11.7,EDUCATION,23000,13.58,0,0.33,N,5
36,49500,RENT,1.5,MEDICAL,18200,14.95,1,0.37,N,9
46,65000,OWN,12.6,PERSONAL,10200,10.95,0,0.16,N,11
51,99800,RENT,21.0,VENTURE,8500,11.52,0,0.09,N,11
39,132600,MORTGAGE,7.0,DEBTCONSOLIDATION,4600,7.56,0,0.03,N,3
28,87600,MORTGAGE,0.0,MEDICAL,27400,15.04,0,0.31,N,6
46,64400,RENT,1.4,EDUCATION,17100,11.46,0,0.27,N,2
40,95300,MORTGAGE,1.6,DEBTCONSOLIDATION,12200,12.95,0,0.13,N,7
49,34100,RENT,3.9,PERSONAL,18400,18.77,1,0.54,N,4
53,36300,MORTGAGE,0.9,VENTURE,13100,13.3,0,0.36,Y,6
45,59400,RENT,0.4,DEBTCONSOLIDATION,11000,11.71,0,0.19,N,10
49,102800,OWN,1.0,PERSONAL,14000,8.35,0,0.14,N,11
51,46000,RENT,2.0,VENTURE,19700,15.33,1,0.43,Y,4
39,48800,MORTGAGE,0.3,VENTURE,23000,18.34,1,0.47,N,9
40,18200,MORTGAGE,1.1,VENTURE,6200,16.03,0,0.34,N,4
46,201500,RENT,0.9,VENTURE,5200,,0,0.03,N,13
55,47700,RENT,7.4,MEDICAL,10900,11.28,0,0.23,N,7
34,12000,RENT,0.9,HOMEIMPROVEMENT,4300,10.68,0,0.36,N,11
48,59400,MORTGAGE,7.8,HOMEIMPROVEMENT,13900,11.63,0,0.23,N,2
54,70300,MORTGAGE,3.5,EDUCATION,22500,15.68,0,0.32,Y,2
42,47700,MORTGAGE,7.1,VENTURE,11000,14.62,0,0.23,N,6
43,32800,RENT,3.0,PERSONAL,13500,13.38,0,0.41,N,3
43,88800,OTHER,11.6,EDUCATION,15600,13.49,0,0.18,N,3
42,83300,RENT,1.6,EDUCATION,26300,11.46,0,0.32,N,3
37,72400,MORTGAGE,,VENTURE,26900,15.23,0,0.37,N,8
42,35600,RENT,0.9,EDUCATION,17000,14.64,1,0.48,Y,3
37,38800,RENT,10.7,DEBTCONSOLIDATION,2700,14.48,0,0.07,N,9
49,44700,RENT,0.1,DEBTCONSOLIDATION,8200,12.18,0,0.18,N,8
32,43100,RENT,3.1,PERSONAL,8400,8.43,0,0.19,N,3
51,76400,RENT,2.7,DEBTCONSOLIDATION,16200,15.13,0,0.21,N,4
53,43600,RENT,4.9,PERSONAL,18900,12.93,0,0.43,Y,2
45,32100,RENT,2.9,EDUCATION,5900,10.06,1,0.18,N,4
60,68400,RENT,4.4,EDUCATION,9900,12.32,0,0.14,N,9
47,200200,RENT,9.9,DEBTCONSOLIDATION,14100,9.6,0,0.07,N,6
46,35100,RENT,0.8,PERSONAL,20800,18.8,1,0.59,Y,9
31,36700,OWN,1.4,MEDICAL,10900,11.09,0,0.3,N,7
53,50700,RENT,8.1,DEBTCONSOLIDATION,13900,17.33,0,0.27,N,9
36,82100,RENT,1.3,EDUCATION,13900,8.21,0,0.17,N,4
36,73900,RENT,11.8,MEDICAL,27000,13.09,1,0.37,N,5
45,50800,MORTGAGE,3.9,MEDICAL,23300,15.32,0,0.46,N,5
37,42600,RENT,0.4,EDUCATION,23800,,0,0.56,Y,5
42,171900,RENT,0.1,PERSONAL,7700,8.73,0,0.04,Y,5
54,101600,MORTGAGE,7.2,PERSONAL,25600,14.19,0,0.25,N,13
59,140700,RENT,9.7,VENTURE,11800,12.99,0,0.08,N,16
39,79700,RENT,1.4,MEDICAL,14900,,0,0.19,N,9
42,51500,RENT,1.4,VENTURE,16500,12.73,0,0.32,N,9
68,67500,RENT,,DEBTCONSOLIDATION,12600,9.75,0,0.19,N,8
58,146300,RENT,5.3,MEDICAL,10900,,0,0.07,N,6
31,71900,RENT,0.9,MEDICAL,9200,11.91,0,0.13,N,9
52,21100,MORTGAGE,3.0,PERSONAL,14300,22.0,1,0.68,Y,7
37,117200,RENT,12.1,PERSONAL,23000,11.66,0,0.2,N,10
39,123400,RENT,4.9,VENTURE,20600,13.71,0,0.17,N,10
51,107000,RENT,2.6,DEBTCONSOLIDATION,14200,11.04,0,0.13,N,6
31,25900,RENT,0.8,MEDICAL,10900,12.8,0,0.42,N,11
53,67000,RENT,6.5,PERSONAL,2900,6.14,0,0.04,N,6
56,95200,MORTGAGE,1.6,PERSONAL,8500,9.01,0,0.09,N,9
41,54700,RENT,4.2,MEDICAL,8100,10.5,0,0.15,N,4
59,66800,MORTGAGE,4.6,EDUCATION,15900,12.23,1,0.24,N,5
47,73700,MORTGAGE,4.1,DEBTCONSOLIDATION,26600,13.04,0,0.36,Y,5
35,34400,RENT,1.4,VENTURE,10400,14.37,0,0.3,Y,8
44,70200,MORTGAGE,6.2,EDUCATION,21500,7.94,0,0.31,N,11
38,31500,MORTGAGE,4.2,HOMEIMPROVEMENT,10700,14.04,0,0.34,N,5
45,51200,RENT,2.6,MEDICAL,29400,16.25,1,0.57,Y,9
34,39500,RENT,0.3,VENTURE,8300,11.48,0,0.21,N,4
60,87700,RENT,2.0,VENTURE,12100,13.58,0,0.14,N,7
49,78300,RENT,2.2,MEDICAL,7400,9.44,0,0.09,N,10
40,74000,MORTGAGE,7.8,EDUCATION,8800,9.32,0,0.12,N,7
45,63300,MORTGAGE,3.6,PERSONAL,6400,,0,0.1,N,2
43,68900,MORTGAGE,13.4,EDUCATION,6500,11.4,0,0.09,N,6
25,163500,RENT,6.9,PERSONAL,16900,11.15,0,0.1,N,7
60,112200,MORTGAGE,3.9,DEBTCONSOLIDATION,21200,16.04,0,0.19,N,12
43,31900,RENT,0.9,EDUCATION,5700,8.94,0,0.18,N,3
45,40400,RENT,1.2,PERSONAL,8800,10.92,0,0.22,N,20
34,48300,MORTGAGE,0.9,PERSONAL,10500,13.19,0,0.22,N,2
45,47400,OWN,,EDUCATION,27500,20.0,0,0.58,N,9
47,34400,RENT,6.4,PERSONAL,16100,16.54,1,0.47,N,2
36,74800,MORTGAGE,,MEDICAL,6400,10.94,0,0.09,N,8
50,52400,RENT,0.5,EDUCATION,11400,11.27,0,0.22,N,13
30,61100,RENT,3.4,VENTURE,19100,13.12,0,0.31,N,7
42,21200,RENT,3.3,HOMEIMPROVEMENT,30600,,1,1.44,N,5
33,22800,RENT,2.9,PERSONAL,19800,17.62,1,0.87,Y,3
44,40200,RENT,1.8,MEDICAL,8000,11.62,0,0.2,N,8
40,75700,MORTGAGE,3.2,VENTURE,22400,13.37,0,0.3,Y,7
48,70500,RENT,3.6,PERSONAL,2000,5.57,0,0.03,N,6
43,94300,MORTGAGE,4.6,EDUCATION,13600,11.63,0,0.14,N,7
47,36800,MORTGAGE,2.4,VENTURE,10900,14.22,0,0.3,N,5
44,79000,RENT,14.5,VENTURE,28100,14.64,1,0.36,N,4
54,125700,MORTGAGE,2.1,MEDICAL,4500,9.45,0,0.04,N,11
52,90200,MORTGAGE,11.3,PERSONAL,9300,10.56,0,0.1,Y,8
38,26600,RENT,8.1,VENTURE,9400,16.41,0,0.35,N,5
53,99600,RENT,3.1,PERSONAL,12400,8.3,0,0.12,N,13
47,64800,MORTGAGE,3.4,VENTURE,26800,13.93,0,0.41,N,7
55,69500,OTHER,10.2,PERSONAL,17500,10.45,0,0.25,N,4
36,213800,RENT,3.4,PERSONAL,6700,13.14,0,0.03,N,7
34,62000,MORTGAGE,5.7,PERSONAL,22600,,0,0.36,N,5
35,76700,MORTGAGE,8.3,EDUCATION,16900,13.38,0,0.22,N,9
59,57000,RENT,11.9,DEBTCONSOLIDATION,3100,7.94,0,0.05,N,3
55,47400,MORTGAGE,1.2,EDUCATION,26500,15.46,1,0.56,Y,7
52,66200,OWN,18.5,MEDICAL,4600,5.82,0,0.07,N,5
34,42600,RENT,16.0,DEBTCONSOLIDATION,16400,13.23,0,0.38,N,7
52,58700,RENT,1.8,EDUCATION,16200,12.01,0,0.28,N,4
34,45900,MORTGAGE,4.8,DEBTCONSOLIDATION,16400,15.87,0,0.36,N,2
27,17300,RENT,0.2,VENTURE,23400,20.91,1,1.35,Y,9
40,41300,RENT,0.9,EDUCATION,6800,11.12,0,0.16,N,8
42,91600,OWN,4.4,PERSONAL,14700,11.51,0,0.16,N,7
57,72100,RENT,5.3,MEDICAL,15600,10.82,0,0.22,Y,3
36,47600,MORTGAGE,3.8,PERSONAL,11900,8.07,0,0.25,N,6
69,57200,RENT,6.1,DEBTCONSOLIDATION,14600,13.47,0,0.26,N,5
45,34800,RENT,,VENTURE,14000,14.51,0,0.4,N,2
43,36900,RENT,0.9,PERSONAL,20400,18.54,1,0.55,N,19
43,54400,RENT,5.4,HOMEIMPROVEMENT,7300,11.22,0,0.13,N,9
34,48100,RENT,4.1,VENTURE,3800,8.68,0,0.08,N,4
41,35800,MORTGAGE,0.6,EDUCATION,27200,20.77,0,0.76,Y,4
46,52200,MORTGAGE,1.3,PERSONAL,10400,10.93,0,0.2,N,6
53,29400,MORTGAGE,2.7,MEDICAL,21400,17.54,1,0.73,N,4
40,128800,MORTGAGE,10.0,VENTURE,10500,14.12,0,0.08,N,4
45,88700,RENT,1.2,PERSONAL,2000,7.75,0,0.02,N,5
51,16400,OWN,1.0,PERSONAL,8700,18.38,0,0.53,N,5
40,85900,RENT,6.4,PERSONAL,6400,11.11,0,0.07,N,8
53,44100,RENT,18.6,EDUCATION,22500,17.67,1,0.51,Y,9
49,40100,MORTGAGE,3.0,PERSONAL,7800,10.1,0,0.19,N,6
51,82000,RENT,2.2,DEBTCONSOLIDATION,32600,15.69,1,0.4,Y,5
31,50100,RENT,1.5,EDUCATION,16500,,0,0.33,Y,11
41,43800,MORTGAGE,0.3,MEDICAL,10500,10.16,0,0.24,N,5
38,26100,RENT,1.0,HOMEIMPROVEMENT,14100,18.66,1,0.54,N,9
30,89600,MORTGAGE,0.5,EDUCATION,29200,13.19,0,0.33,N,6
63,95800,MORTGAGE,3.4,EDUCATION,17100,11.68,0,0.18,N,22
52,59200,OWN,19.1,VENTURE,20200,12.46,0,0.34,Y,10
33,28500,RENT,7.7,MEDICAL,13800,15.66,1,0.48,N,13
58,64000,RENT,4.6,PERSONAL,14700,12.38,0,0.23,N,2
43,77100,MORTGAGE,3.3,MEDICAL,31200,14.59,0,0.4,N,9
48,53400,RENT,4.8,MEDICAL,16300,16.25,0,0.31,N,6
39,88000,MORTGAGE,2.4,HOMEIMPROVEMENT,14900,9.5,0,0.17,N,13
53,59500,MORTGAGE,1.0,MEDICAL,24400,14.98,0,0.41,Y,6
43,64000,MORTGAGE,,EDUCATION,12900,11.48,0,0.2,N,6
48,122300,MORTGAGE,,PERSONAL,13400,7.8,0,0.11,N,3
55,41300,MORTGAGE,14.5,VENTURE,19000,14.47,0,0.46,Y,5
50,22900,RENT,5.2,VENTURE,7600,14.95,0,0.33,N,2
40,49400,MORTGAGE,7.4,DEBTCONSOLIDATION,7000,12.98,0,0.14,N,4
43,39700,RENT,,EDUCATION,16600,16.09,1,0.42,Y,8
31,24800,RENT,,VENTURE,8100,15.74,1,0.33,N,5
52,76300,RENT,20.3,EDUCATION,12700,9.59,0,0.17,N,7
26,54200,MORTGAGE,5.4,EDUCATION,21900,13.23,0,0.4,Y,6
41,19900,OWN,6.8,VENTURE,10300,17.43,1,0.52,N,6
44,126800,MORTGAGE,19.4,HOMEIMPROVEMENT,19900,12.77,0,0.16,N,10
46,36300,RENT,2.5,PERSONAL,10600,13.98,0,0.29,N,7
39,38600,MORTGAGE,8.7,EDUCATION,4300,7.19,0,0.11,N,3
43,90900,RENT,2.6,VENTURE,6000,10.7,0,0.07,N,10
45,68600,MORTGAGE,2.8,DEBTCONSOLIDATION,12600,16.77,0,0.18,N,3
45,98800,MORTGAGE,5.4,EDUCATION,10400,11.6,0,0.11,N,3
45,16300,RENT,1.5,EDUCATION,13300,18.0,1,0.82,N,3
41,46300,RENT,23.0,EDUCATION,14500,15.0,0,0.31,N,4
46,58300,RENT,2.0,VENTURE,27900,17.5,1,0.48,Y,7
57,110800,RENT,0.7,EDUCATION,13400,8.54,0,0.12,N,4
43,34000,MORTGAGE,1.9,VENTURE,23800,20.95,1,0.7,N,14
45,44900,RENT,9.7,DEBTCONSOLIDATION,23500,20.73,1,0.52,Y,4
43,58500,RENT,1.9,PERSONAL,25000,13.98,0,0.43,N,6
56,82400,MORTGAGE,4.7,PERSONAL,14800,11.46,0,0.18,N,5
41,29400,MORTGAGE,13.7,EDUCATION,9900,,1,0.34,Y,2
37,84700,RENT,1.5,DEBTCONSOLIDATION,21300,,1,0.25,N,6
50,39200,RENT,0.7,HOMEIMPROVEMENT,10500,11.03,0,0.27,N,6
41,66600,RENT,0.5,EDUCATION,25400,12.77,1,0.38,Y,5
49,48700,RENT,2.9,DEBTCONSOLIDATION,6300,11.51,0,0.13,N,6
40,63000,RENT,0.6,DEBTCONSOLIDATION,18100,12.79,0,0.29,N,9
35,60900,OTHER,3.0,HOMEIMPROVEMENT,13600,14.44,0,0.22,N,9
43,109400,RENT,9.9,MEDICAL,16400,8.78,0,0.15,N,17
33,47600,RENT,7.5,HOMEIMPROVEMENT,6500,10.36,0,0.14,N,7
46,45900,RENT,4.4,EDUCATION,30000,21.79,1,0.65,Y,20
51,97500,MORTGAGE,9.5,EDUCATION,19100,10.54,0,0.2,N,4
64,117000,RENT,0.5,EDUCATION,9900,9.54,0,0.08,N,5
39,43600,MORTGAGE,4.7,MEDICAL,25100,21.21,1,0.58,Y,4
38,79300,MORTGAGE,0.6,EDUCATION,13000,11.05,0,0.16,N,6
51,33900,OWN,3.3,MEDICAL,8100,9.52,1,0.24,N,7
50,79500,RENT,3.1,PERSONAL,12600,11.52,0,0.16,N,5
51,89900,RENT,1.5,EDUCATION,10500,13.05,0,0.12,N,8
64,46600,MORTGAGE,8.9,DEBTCONSOLIDATION,18900,15.2,0,0.41,Y,5
44,99800,MORTGAGE,1.3,MEDICAL,3400,10.83,0,0.03,N,2
67,46900,MORTGAGE,4.0,EDUCATION,24700,18.13,0,0.53,N,10
41,54900,MORTGAGE,3.3,MEDICAL,12600,11.38,0,0.23,N,2
38,67200,MORTGAGE,2.8,EDUCATION,6500,,0,0.1,N,3
38,32000,OWN,0.2,DEBTCONSOLIDATION,20700,17.91,1,0.65,Y,8
37,25700,OWN,6.0,MEDICAL,31800,17.77,1,1.24,Y,19
65,63200,RENT,0.1,EDUCATION,25700,15.08,0,0.41,N,2
55,36000,RENT,8.6,VENTURE,7700,12.45,0,0.21,N,6
63,27700,MORTGAGE,1.5,VENTURE,8700,14.33,0,0.31,N,7
31,82700,RENT,0.6,MEDICAL,31700,15.49,1,0.38,Y,4
34,124800,RENT,2.7,MEDICAL,8400,10.54,0,0.07,N,9
41,86800,RENT,4.1,PERSONAL,10200,8.88,0,0.12,N,13
40,28200,OWN,1.9,PERSONAL,16700,16.21,0,0.59,N,4
45,59800,RENT,0.6,EDUCATION,10000,10.81,0,0.17,N,7
44,45700,MORTGAGE,0.1,HOMEIMPROVEMENT,11600,10.23,0,0.25,N,5
36,33900,RENT,6.1,MEDICAL,19900,17.25,1,0.59,N,2
39,56800,MORTGAGE,10.9,VENTURE,16000,16.07,0,0.28,N,4
41,52200,RENT,0.5,VENTURE,22000,13.79,0,0.42,N,7
35,47700,RENT,1.3,EDUCATION,20900,15.6,1,0.44,Y,7
42,93300,MORTGAGE,0.1,MEDICAL,21700,12.83,0,0.23,N,7
35,110700,OWN,10.8,VENTURE,8000,7.98,0,0.07,N,2
42,45400,RENT,2.9,MEDICAL,9400,12.07,0,0.21,N,11
37,49100,MORTGAGE,13.0,MEDICAL,8000,13.44,1,0.16,N,3
52,47300,MORTGAGE,3.2,VENTURE,6800,10.58,0,0.14,N,14
47,71900,RENT,9.9,PERSONAL,23500,14.82,0,0.33,N,3
47,65000,RENT,15.2,DEBTCONSOLIDATION,2000,11.6,0,0.03,N,8
50,36700,MORTGAGE,2.0,EDUCATION,16900,17.49,0,0.46,N,12
48,50500,RENT,5.1,PERSONAL,24400,18.44,1,0.48,N,4
52,23800,RENT,5.5,HOMEIMPROVEMENT,7700,13.0,0,0.32,N,5
45,22800,OTHER,0.1,VENTURE,27200,23.22,1,1.19,Y,12
50,28300,RENT,2.9,VENTURE,28900,21.04,1,1.02,N,11
47,47200,RENT,9.7,HOMEIMPROVEMENT,15700,13.59,0,0.33,N,2
47,75800,MORTGAGE,14.6,DEBTCONSOLIDATION,17800,12.78,0,0.23,N,5
33,35200,RENT,11.5,VENTURE,8100,13.91,0,0.23,N,5
36,50500,MORTGAGE,18.0,PERSONAL,31300,19.13,1,0.62,N,7
46,61100,RENT,5.3,EDUCATION,19800,12.72,0,0.32,Y,3
38,126100,OWN,1.3,MEDICAL,14300,8.85,0,0.11,N,2
43,55900,RENT,4.3,PERSONAL,14000,8.12,0,0.25,N,6
39,57300,RENT,2.7,MEDICAL,16600,12.24,0,0.29,N,5
39,38800,RENT,1.5,VENTURE,8100,14.04,0,0.21,N,10
44,148800,RENT,7.4,EDUCATION,16100,11.01,0,0.11,N,8
41,82500,MORTGAGE,5.0,DEBTCONSOLIDATION,5400,9.68,0,0.07,N,9
57,29400,RENT,7.8,DEBTCONSOLIDATION,16300,20.11,1,0.55,N,8
33,123500,RENT,1.6,VENTURE,15600,8.83,0,0.13,N,7
49,80400,RENT,11.7,EDUCATION,11200,,0,0.14,N,8
51,61600,OTHER,1.4,PERSONAL,6000,,0,0.1,N,21
58,77900,RENT,4.6,EDUCATION,15100,9.48,0,0.19,N,4
44,101200,RENT,0.3,EDUCATION,12700,13.44,0,0.13,N,3
49,35800,MORTGAGE,3.9,HOMEIMPROVEMENT,10300,14.66,0,0.29,N,5
57,43700,MORTGAGE,0.5,EDUCATION,12500,11.83,0,0.29,N,9
39,53000,MORTGAGE,2.0,MEDICAL,5100,9.39,0,0.1,N,5
37,27400,RENT,9.9,VENTURE,5800,7.32,0,0.21,N,3
44,80900,RENT,11.2,EDUCATION,7300,11.23,0,0.09,N,4
42,46600,RENT,7.3,EDUCATION,15100,13.68,0,0.32,N,8
50,43800,MORTGAGE,2.3,VENTURE,9800,12.74,0,0.22,N,7
34,38000,RENT,4.3,EDUCATION,9000,14.07,0,0.24,N,8
56,53200,RENT,1.3,MEDICAL,16900,15.0,0,0.32,N,3
46,59000,RENT,5.7,VENTURE,16100,15.9,0,0.27,N,4
41,93700,OWN,2.1,MEDICAL,10800,6.56,0,0.12,N,8
43,95200,MORTGAGE,1.2,PERSONAL,27500,13.53,0,0.29,N,16
53,29000,RENT,4.4,HOMEIMPROVEMENT,11900,14.96,0,0.41,N,4
48,69800,RENT,0.6,PERSONAL,8200,8.01,0,0.12,N,5
43,106600,RENT,5.8,HOMEIMPROVEMENT,25100,13.54,0,0.24,N,2
42,47900,RENT,1.0,MEDICAL,18800,14.69,1,0.39,N,7
42,49300,MORTGAGE,4.0,MEDICAL,20100,16.68,0,0.41,N,7
49,43600,MORTGAGE,2.5,EDUCATION,23400,17.76,0,0.54,N,3
41,72800,MORTGAGE,4.2,DEBTCONSOLIDATION,21600,13.85,0,0.3,N,8
48,63500,OWN,1.4,MEDICAL,23400,12.68,0,0.37,N,8
37,92900,RENT,1.9,PERSONAL,8900,9.4,0,0.1,N,2
38,51000,MORTGAGE,0.8,PERSONAL,16600,12.94,0,0.33,N,13
43,108300,MORTGAGE,7.5,EDUCATION,18100,6.16,0,0.17,N,4
42,75300,MORTGAGE,0.4,DEBTCONSOLIDATION,10000,9.61,1,0.13,N,5
38,103500,OWN,2.4,VENTURE,32800,12.4,0,0.32,N,8
35,39000,OWN,3.0,EDUCATION,21900,18.3,0,0.56,N,4
37,128300,MORTGAGE,1.1,HOMEIMPROVEMENT,26300,9.84,0,0.2,N,7
59,39900,RENT,2.4,PERSONAL,7400,10.79,0,0.19,N,11
38,41000,RENT,2.7,VENTURE,4200,10.04,1,0.1,N,7
29,43600,OWN,1.3,HOMEIMPROVEMENT,3800,8.66,0,0.09,N,6
44,41100,RENT,5.1,PERSONAL,24100,15.53,1,0.59,Y,7
38,153500,MORTGAGE,0.2,EDUCATION,15000,8.06,0,0.1,N,2
41,72200,MORTGAGE,1.1,HOMEIMPROVEMENT,10300,11.78,0,0.14,N,6
52,71200,MORTGAGE,4.9,VENTURE,21900,16.22,0,0.31,N,13
42,19100,RENT,4.9,MEDICAL,17300,18.6,1,0.91,Y,3
41,109900,RENT,1.5,DEBTCONSOLIDATION,16700,9.81,0,0.15,N,10
39,30600,MORTGAGE,5.7,EDUCATION,21600,17.63,1,0.71,Y,14
41,53100,RENT,3.2,PERSONAL,13300,12.69,0,0.25,N,2
47,36800,MORTGAGE,3.7,EDUCATION,7600,12.75,0,0.21,N,2
31,61800,MORTGAGE,2.0,EDUCATION,26500,13.75,0,0.43,N,9
34,126000,RENT,16.0,MEDICAL,24100,12.89,0,0.19,N,8
47,31900,RENT,6.7,MEDICAL,9200,,0,0.29,N,2
44,36500,MORTGAGE,1.4,VENTURE,10600,12.74,0,0.29,N,5
39,58500,RENT,1.3,VENTURE,22400,12.75,0,0.38,N,6
47,128500,RENT,,PERSONAL,30000,11.03,0,0.23,N,7
40,42900,OWN,2.5,EDUCATION,20900,16.01,0,0.49,N,2
51,36500,MORTGAGE,0.5,DEBTCONSOLIDATION,4800,,0,0.13,N,9
39,59300,OWN,0.2,DEBTCONSOLIDATION,12100,,0,0.2,N,9
37,54400,RENT,2.7,EDUCATION,20900,14.35,1,0.38,N,5
70,30800,MORTGAGE,2.7,VENTURE,13300,15.26,0,0.43,N,7
49,43400,RENT,6.1,VENTURE,18100,16.87,1,0.42,N,3
37,18400,RENT,4.3,HOMEIMPROVEMENT,4100,13.45,0,0.22,Y,8
40,53300,OTHER,,DEBTCONSOLIDATION,8600,11.71,0,0.16,N,8
39,27300,RENT,1.9,EDUCATION,20400,19.16,1,0.75,Y,3
32,210600,RENT,4.9,HOMEIMPROVEMENT,8200,7.23,0,0.04,N,6
41,73500,MORTGAGE,10.8,EDUCATION,30000,17.21,0,0.41,N,2
45,62300,MORTGAGE,0.4,VENTURE,11300,11.76,0,0.18,N,2
57,72400,OWN,6.2,MEDICAL,8300,7.77,0,0.11,N,10
42,41300,RENT,6.3,MEDICAL,8300,11.09,0,0.2,N,3
40,50100,RENT,7.9,PERSONAL,7900,11.54,0,0.16,Y,2
58,71500,RENT,1.6,VENTURE,11000,14.43,0,0.15,N,5
55,31700,MORTGAGE,2.7,EDUCATION,15800,13.23,0,0.5,N,4
44,78900,RENT,1.4,HOMEIMPROVEMENT,24800,12.57,1,0.31,Y,17
44,172600,RENT,1.8,EDUCATION,27300,9.93,0,0.16,N,8
47,24000,MORTGAGE,17.3,MEDICAL,16200,15.59,1,0.68,N,6
39,72600,MORTGAGE,2.9,DEBTCONSOLIDATION,17000,13.97,0,0.23,N,2
43,34500,RENT,9.4,DEBTCONSOLIDATION,14400,16.39,1,0.42,Y,5
38,79200,OWN,,DEBTCONSOLIDATION,10800,10.3,0,0.14,N,10
56,65300,RENT,2.9,MEDICAL,14700,10.98,0,0.23,N,4
37,152300,MORTGAGE,19.0,PERSONAL,7700,9.79,0,0.05,N,3
45,138100,OWN,9.2,PERSONAL,10500,5.42,0,0.08,N,8
46,24400,RENT,3.3,VENTURE,8400,17.06,1,0.34,N,3
57,82500,RENT,1.9,PERSONAL,23100,11.77,0,0.28,N,2
40,81700,RENT,0.4,VENTURE,7700,6.62,0,0.09,N,14
38,104200,MORTGAGE,3.1,EDUCATION,20000,10.81,0,0.19,N,2
49,70300,RENT,2.2,MEDICAL,5200,10.46,0,0.07,N,5
47,75200,MORTGAGE,6.2,PERSONAL,17700,11.76,0,0.24,Y,7
64,30700,MORTGAGE,0.1,MEDICAL,20600,19.89,1,0.67,Y,10
45,68300,RENT,8.9,VENTURE,6200,11.74,0,0.09,N,6
55,48100,OTHER,2.7,VENTURE,20800,18.27,0,0.43,N,6
54,78900,MORTGAGE,3.2,PERSONAL,15900,14.09,0,0.2,N,10
38,51400,RENT,1.0,MEDICAL,18300,15.01,0,0.36,N,14
33,69300,RENT,13.9,VENTURE,19400,,0,0.28,N,10
41,76000,RENT,2.5,VENTURE,7700,12.72,0,0.1,N,4
51,76800,MORTGAGE,9.2,DEBTCONSOLIDATION,21600,,0,0.28,N,9
57,36000,RENT,1.4,VENTURE,21100,17.94,1,0.59,Y,4
25,204900,OTHER,0.5,MEDICAL,17300,8.83,0,0.08,N,7
37,62300,RENT,5.0,VENTURE,14100,11.49,0,0.23,N,7
47,76700,RENT,20.8,EDUCATION,23500,14.35,0,0.31,N,2
49,56000,MORTGAGE,5.2,VENTURE,24700,13.84,0,0.44,Y,5
36,29500,RENT,4.7,DEBTCONSOLIDATION,10800,13.64,0,0.37,N,2
38,83300,MORTGAGE,2.9,VENTURE,14700,11.41,0,0.18,N,12
32,62800,RENT,1.7,MEDICAL,12900,12.18,0,0.21,N,6
60,88300,OTHER,2.8,MEDICAL,12500,9.88,0,0.14,N,6
45,37600,MORTGAGE,0.8,DEBTCONSOLIDATION,22700,19.7,1,0.6,N,9
38,45100,MORTGAGE,1.5,DEBTCONSOLIDATION,17800,17.15,1,0.39,Y,6
55,62800,RENT,3.3,DEBTCONSOLIDATION,13400,14.69,0,0.21,N,9
45,55600,MORTGAGE,0.8,VENTURE,21300,15.66,0,0.38,Y,11
57,46300,RENT,7.8,MEDICAL,27900,21.04,1,0.6,N,10
59,62800,OTHER,0.1,EDUCATION,12100,6.94,0,0.19,N,5
36,118900,RENT,1.9,HOMEIMPROVEMENT,7100,7.82,0,0.06,N,6
55,69700,RENT,3.6,EDUCATION,26600,10.16,0,0.38,N,8
55,103300,OWN,13.2,MEDICAL,28900,13.05,0,0.28,N,5
47,49400,RENT,4.3,PERSONAL,12100,12.68,0,0.24,N,13
48,55800,RENT,1.7,MEDICAL,17400,11.68,0,0.31,N,6
45,61900,MORTGAGE,2.2,VENTURE,6000,9.29,0,0.1,N,8
35,42400,OWN,2.1,PERSONAL,4600,6.62,0,0.11,N,8
34,62200,RENT,1.0,VENTURE,6100,11.74,0,0.1,N,8
60,128300,OWN,0.8,VENTURE,20900,8.62,0,0.16,Y,3
45,141400,RENT,3.3,EDUCATION,13100,12.05,0,0.09,N,8
41,115400,MORTGAGE,1.6,VENTURE,17500,10.01,0,0.15,N,8
49,64100,RENT,0.5,VENTURE,15200,12.91,0,0.24,N,6
38,36500,RENT,1.2,DEBTCONSOLIDATION,8300,15.38,0,0.23,N,10
40,208100,MORTGAGE,3.7,VENTURE,22200,10.33,0,0.11,N,10
44,40800,RENT,1.5,PERSONAL,8600,11.1,0,0.21,N,6
39,125300,RENT,1.4,PERSONAL,8000,10.21,0,0.06,N,2
48,66300,RENT,4.8,VENTURE,16600,11.13,0,0.25,Y,5
42,30700,MORTGAGE,5.8,MEDICAL,24200,18.3,1,0.79,Y,9
48,24000,RENT,1.4,DEBTCONSOLIDATION,24100,21.45,1,1.0,Y,7
49,116400,RENT,3.2,DEBTCONSOLIDATION,12700,10.75,0,0.11,N,6
54,39500,RENT,7.2,DEBTCONSOLIDATION,18300,14.49,1,0.46,Y,7
41,27100,RENT,5.9,MEDICAL,22600,17.26,1,0.83,Y,6
36,46700,MORTGAGE,0.4,MEDICAL,8700,14.26,0,0.19,N,8
70,54000,MORTGAGE,2.2,DEBTCONSOLIDATION,11900,13.01,0,0.22,N,2
57,66400,MORTGAGE,6.4,EDUCATION,17000,12.52,0,0.26,N,5
32,64600,RENT,1.0,PERSONAL,23100,14.96,0,0.36,N,9
70,36200,MORTGAGE,1.1,MEDICAL,10800,15.47,1,0.3,Y,7
39,54200,RENT,5.0,PERSONAL,16700,10.89,1,0.31,Y,6
42,139300,OWN,1.7,DEBTCONSOLIDATION,5000,9.74,0,0.04,Y,6
35,30400,MORTGAGE,2.0,MEDICAL,27300,18.47,1,0.9,Y,2
44,70200,RENT,,EDUCATION,25400,14.82,0,0.36,N,3
39,30300,RENT,6.9,PERSONAL,26700,17.17,1,0.88,N,12
35,43200,MORTGAGE,3.4,EDUCATION,29700,20.62,0,0.69,Y,8
34,101000,MORTGAGE,11.2,EDUCATION,23300,11.32,0,0.23,N,12
37,17700,RENT,0.6,DEBTCONSOLIDATION,8600,17.96,1,0.49,Y,8
50,171800,RENT,7.0,DEBTCONSOLIDATION,15800,11.61,0,0.09,N,3
70,26600,MORTGAGE,3.9,VENTURE,8000,12.43,0,0.3,N,2
48,17900,RENT,,PERSONAL,3400,13.27,0,0.19,N,9
36,54800,RENT,1.9,HOMEIMPROVEMENT,7200,13.65,0,0.13,N,3
41,42800,RENT,3.3,EDUCATION,23200,19.17,0,0.54,N,4
52,38600,RENT,8.7,EDUCATION,19900,20.23,1,0.52,N,6
41,77100,RENT,8.9,PERSONAL,20400,12.29,0,0.26,Y,6
57,32600,MORTGAGE,2.4,MEDICAL,12100,15.15,0,0.37,Y,7
68,74100,RENT,8.6,EDUCATION,3700,7.37,0,0.05,N,11
38,85400,MORTGAGE,5.7,VENTURE,10400,11.77,0,0.12,N,9
38,25500,MORTGAGE,2.6,PERSONAL,13100,18.83,1,0.51,N,3
59,95300,RENT,17.5,EDUCATION,11200,7.37,0,0.12,N,2
41,82900,OWN,0.2,MEDICAL,14000,9.26,0,0.17,N,8
53,127200,MORTGAGE,2.4,VENTURE,16500,11.25,1,0.13,Y,12
45,54300,MORTGAGE,1.8,EDUCATION,6700,12.42,1,0.12,N,3
42,34200,MORTGAGE,13.7,VENTURE,26000,20.54,1,0.76,Y,3
49,108000,RENT,0.5,DEBTCONSOLIDATION,15300,8.96,0,0.14,N,2
59,55600,OWN,4.9,PERSONAL,23700,14.09,0,0.43,N,4
25,147600,MORTGAGE,6.3,VENTURE,13400,8.57,0,0.09,N,7
55,80000,MORTGAGE,1.0,EDUCATION,19600,12.17,0,0.24,N,3
43,53400,RENT,0.8,EDUCATION,25400,15.81,1,0.48,N,2
45,33400,MORTGAGE,0.2,EDUCATION,16200,14.04,0,0.49,Y,12
53,51200,RENT,0.9,PERSONAL,12100,11.74,1,0.24,N,11
46,90700,RENT,8.3,PERSONAL,15600,10.78,0,0.17,N,10
61,23600,MORTGAGE,14.4,PERSONAL,7700,13.02,0,0.33,N,20
29,43400,OWN,11.0,MEDICAL,18800,17.54,0,0.43,N,3
38,22300,RENT,2.3,EDUCATION,4200,10.86,0,0.19,Y,17
48,30600,RENT,6.5,PERSONAL,13000,17.08,1,0.42,Y,5
40,38700,RENT,8.8,HOMEIMPROVEMENT,15000,17.55,1,0.39,Y,10
60,46700,OWN,8.4,VENTURE,12000,12.53,0,0.26,N,5
38,65800,MORTGAGE,0.3,PERSONAL,13600,11.12,0,0.21,N,3
44,79700,MORTGAGE,1.2,PERSONAL,7900,9.57,0,0.1,N,8
37,115900,RENT,14.0,DEBTCONSOLIDATION,5600,13.24,0,0.05,N,3
43,130800,MORTGAGE,6.7,EDUCATION,12800,7.6,0,0.1,N,5
31,104000,RENT,,HOMEIMPROVEMENT,27300,9.68,0,0.26,N,13
33,44000,RENT,3.6,DEBTCONSOLIDATION,8000,13.24,0,0.18,N,5
67,61600,MORTGAGE,2.5,DEBTCONSOLIDATION,9800,13.36,0,0.16,Y,2
44,39800,RENT,5.3,HOMEIMPROVEMENT,24700,16.97,1,0.62,N,6
40,62200,RENT,3.2,PERSONAL,9600,8.7,0,0.15,N,9
35,49600,MORTGAGE,2.3,EDUCATION,11700,10.49,0,0.24,N,2
36,28900,RENT,2.1,DEBTCONSOLIDATION,6300,14.62,1,0.22,N,3
65,120400,RENT,0.9,EDUCATION,4600,11.98,0,0.04,N,6
44,138600,RENT,3.8,PERSONAL,17700,13.83,0,0.13,N,4
55,35700,MORTGAGE,3.7,MEDICAL,7400,11.51,0,0.21,N,3
26,72100,RENT,4.5,EDUCATION,15200,7.79,0,0.21,N,8
39,36600,RENT,0.6,MEDICAL,12600,,1,0.34,N,8
62,51900,MORTGAGE,12.3,DEBTCONSOLIDATION,6100,,0,0.12,N,3
39,40400,MORTGAGE,6.8,EDUCATION,12500,13.34,1,0.31,N,3
36,38400,RENT,0.7,EDUCATION,9200,13.1,0,0.24,N,2
47,60100,RENT,0.4,VENTURE,23800,,0,0.4,Y,2
33,20000,OWN,5.1,EDUCATION,9500,18.19,0,0.48,N,8
31,40600,RENT,2.1,HOMEIMPROVEMENT,18700,13.12,1,0.46,N,3
60,250000,MORTGAGE,1.9,DEBTCONSOLIDATION,18300,,0,0.07,N,8
37,23200,OWN,,PERSONAL,8200,14.05,0,0.35,N,4
49,44000,RENT,2.1,EDUCATION,15200,13.33,0,0.35,N,5
65,63500,RENT,5.0,VENTURE,23200,13.27,0,0.37,N,13
44,49100,RENT,3.9,PERSONAL,6200,8.35,0,0.13,N,14
49,35600,RENT,1.5,VENTURE,16400,18.08,0,0.46,N,12
31,92300,RENT,2.0,HOMEIMPROVEMENT,7800,9.34,0,0.08,N,3
37,58800,MORTGAGE,14.3,DEBTCONSOLIDATION,9100,13.59,0,0.15,N,3
62,38400,MORTGAGE,2.0,MEDICAL,17400,15.94,0,0.45,N,9
40,86800,OWN,7.7,PERSONAL,17100,8.66,0,0.2,N,9
34,40500,RENT,9.9,VENTURE,17800,15.16,1,0.44,Y,7
48,33500,MORTGAGE,0.4,HOMEIMPROVEMENT,14900,14.28,0,0.44,N,5
57,74900,RENT,5.4,VENTURE,21200,14.05,0,0.28,N,6
39,26400,RENT,6.9,VENTURE,17400,18.18,0,0.66,N,8
48,142500,RENT,2.8,VENTURE,8600,10.97,0,0.06,N,6
53,124700,MORTGAGE,4.2,MEDICAL,6300,5.42,1,0.05,N,6
42,73200,OWN,0.9,EDUCATION,2700,5.42,0,0.04,N,2
41,39300,MORTGAGE,1.9,MEDICAL,2400,8.58,0,0.06,Y,5
65,30100,RENT,6.1,MEDICAL,6400,9.86,0,0.21,N,8
34,13200,RENT,4.6,EDUCATION,12600,18.47,1,0.95,N,9
45,131800,RENT,0.7,DEBTCONSOLIDATION,2300,12.03,0,0.02,N,7
43,31800,RENT,22.1,EDUCATION,11600,11.4,1,0.36,N,3
42,65800,RENT,13.9,DEBTCONSOLIDATION,21000,16.7,0,0.32,N,12
52,60400,RENT,1.3,EDUCATION,6900,9.98,0,0.11,N,8
49,21600,RENT,10.4,EDUCATION,21300,18.18,1,0.99,Y,12
46,38900,RENT,1.6,HOMEIMPROVEMENT,8200,10.44,0,0.21,N,17
31,29100,RENT,4.1,HOMEIMPROVEMENT,8900,14.05,0,0.31,N,2
36,83800,MORTGAGE,7.6,EDUCATION,9100,10.45,0,0.11,N,13
41,85900,MORTGAGE,2.1,EDUCATION,10600,8.45,0,0.12,N,3
44,47400,OWN,4.1,EDUCATION,14000,13.67,0,0.3,N,11
62,34100,RENT,3.0,VENTURE,18200,17.65,0,0.53,N,11
44,60100,RENT,7.1,MEDICAL,20900,15.34,0,0.35,N,2
51,99600,RENT,3.3,MEDICAL,3400,6.66,0,0.03,Y,7
43,24000,RENT,4.2,DEBTCONSOLIDATION,7300,13.69,0,0.3,Y,9
50,173200,MORTGAGE,9.3,DEBTCONSOLIDATION,20100,7.09,0,0.12,N,4
44,47400,RENT,6.0,HOMEIMPROVEMENT,20800,16.57,1,0.44,N,2
35,50700,MORTGAGE,3.7,VENTURE,28000,19.21,1,0.55,Y,5
49,130800,MORTGAGE,3.1,MEDICAL,10000,7.36,0,0.08,N,4
48,52500,MORTGAGE,0.7,VENTURE,8800,13.71,0,0.17,N,7
33,51100,MORTGAGE,0.3,DEBTCONSOLIDATION,15600,12.46,0,0.31,N,4
43,32800,MORTGAGE,15.3,EDUCATION,5600,11.48,0,0.17,N,8
43,39400,MORTGAGE,,DEBTCONSOLIDATION,19400,19.99,0,0.49,Y,12
38,36700,MORTGAGE,1.6,EDUCATION,13500,14.06,1,0.37,N,4
35,20500,MORTGAGE,4.7,MEDICAL,19000,18.87,1,0.93,Y,10
46,17300,RENT,8.8,MEDICAL,7600,16.13,1,0.44,Y,14
60,47700,RENT,9.0,DEBTCONSOLIDATION,13200,14.82,0,0.28,N,10
50,25300,RENT,8.8,EDUCATION,10900,16.11,0,0.43,N,7
32,77600,RENT,14.0,EDUCATION,13400,,1,0.17,N,3
59,48000,MORTGAGE,0.3,PERSONAL,15200,12.15,0,0.32,N,4
57,22500,RENT,2.6,HOMEIMPROVEMENT,18300,20.5,1,0.81,Y,7
39,125300,RENT,12.2,EDUCATION,24100,11.84,0,0.19,N,4
32,42900,RENT,3.1,VENTURE,9000,12.71,0,0.21,N,14
39,71900,MORTGAGE,10.3,DEBTCONSOLIDATION,12500,10.89,0,0.17,N,3
40,133800,RENT,0.1,DEBTCONSOLIDATION,6500,6.29,0,0.05,Y,7
33,53200,RENT,3.5,HOMEIMPROVEMENT,10700,9.32,0,0.2,N,5
45,54600,MORTGAGE,,DEBTCONSOLIDATION,11600,12.48,0,0.21,N,2
37,119500,MORTGAGE,1.5,MEDICAL,12800,11.3,0,0.11,N,3
34,46100,MORTGAGE,13.3,EDUCATION,27000,16.23,0,0.59,Y,5
41,97800,MORTGAGE,0.0,DEBTCONSOLIDATION,26100,13.78,0,0.27,N,4
60,52000,MORTGAGE,0.4,PERSONAL,5300,8.29,0,0.1,N,6
52,59500,RENT,3.2,MEDICAL,12200,12.99,0,0.21,N,11
47,59000,RENT,0.6,PERSONAL,10500,12.37,1,0.18,Y,8
39,44200,OWN,1.3,MEDICAL,11200,12.22,0,0.25,N,5
33,40400,RENT,1.8,VENTURE,20200,18.99,1,0.5,Y,12
35,37800,RENT,,EDUCATION,8300,12.62,1,0.22,Y,7
51,26600,MORTGAGE,2.5,VENTURE,20300,,1,0.76,N,6
37,42400,MORTGAGE,12.8,HOMEIMPROVEMENT,26400,21.11,1,0.62,Y,15
45,46800,RENT,10.9,PERSONAL,18500,14.74,0,0.4,N,8
48,67800,RENT,6.9,PERSONAL,12200,9.23,0,0.18,N,3
32,51500,RENT,5.4,MEDICAL,5100,8.26,0,0.1,N,3
43,98000,MORTGAGE,1.1,EDUCATION,6300,8.61,0,0.06,N,14
47,95600,RENT,4.6,PERSONAL,19100,,1,0.2,N,7
64,113500,RENT,0.8,VENTURE,6600,8.36,0,0.06,N,11
44,48500,MORTGAGE,3.0,EDUCATION,12200,11.64,0,0.25,N,6
51,40900,OWN,3.1,HOMEIMPROVEMENT,24300,18.78,1,0.59,Y,4
39,25500,MORTGAGE,5.9,VENTURE,14700,16.49,1,0.58,N,7
54,111300,MORTGAGE,9.0,VENTURE,10800,9.29,0,0.1,N,2
34,28700,RENT,,MEDICAL,8900,14.64,1,0.31,Y,5
48,33000,OWN,0.2,DEBTCONSOLIDATION,14800,16.01,1,0.45,Y,12
45,61300,MORTGAGE,,DEBTCONSOLIDATION,10800,14.1,0,0.18,Y,5
56,45700,MORTGAGE,10.4,PERSONAL,29000,15.85,1,0.63,N,2
48,120100,RENT,3.3,EDUCATION,2900,9.43,0,0.02,N,8
41,35500,RENT,1.4,EDUCATION,28000,16.7,1,0.79,N,5
54,55000,RENT,0.2,VENTURE,8600,12.04,0,0.16,N,3
47,19600,MORTGAGE,3.8,EDUCATION,15600,19.04,1,0.8,Y,9
36,106700,RENT,0.7,MEDICAL,9500,11.61,0,0.09,N,5
42,21600,MORTGAGE,2.7,EDUCATION,22300,19.59,1,1.03,N,20
35,212800,RENT,3.6,MEDICAL,18700,10.38,0,0.09,N,6
47,50800,RENT,1.3,HOMEIMPROVEMENT,9000,11.27,0,0.18,N,5
48,46300,MORTGAGE,1.1,PERSONAL,15400,13.94,0,0.33,N,5
61,53200,MORTGAGE,0.1,EDUCATION,26000,19.58,1,0.49,N,8
42,30000,RENT,4.4,PERSONAL,8800,13.12,1,0.29,N,9
40,77800,MORTGAGE,1.1,EDUCATION,22200,12.01,0,0.29,N,7
32,43300,MORTGAGE,10.5,HOMEIMPROVEMENT,21500,16.58,0,0.5,N,6
42,45600,RENT,4.6,VENTURE,11600,9.9,0,0.25,N,9
41,109800,MORTGAGE,,VENTURE,4200,8.2,0,0.04,N,7
44,21000,RENT,3.5,MEDICAL,7700,11.93,0,0.37,N,5
41,48600,MORTGAGE,1.2,VENTURE,13400,12.37,0,0.28,Y,7
41,51000,RENT,17.4,VENTURE,13400,10.79,0,0.26,N,9
44,58500,RENT,17.1,PERSONAL,6400,12.16,0,0.11,N,5
42,39900,RENT,1.9,EDUCATION,9900,14.77,0,0.25,N,5
41,45500,RENT,7.5,MEDICAL,11500,11.48,1,0.25,N,4
40,149800,RENT,,MEDICAL,22300,,0,0.15,N,2
66,71300,RENT,7.6,EDUCATION,25500,13.16,0,0.36,N,6
40,35300,MORTGAGE,1.7,EDUCATION,16300,17.63,1,0.46,N,4
41,77600,RENT,1.7,EDUCATION,9700,7.55,0,0.12,N,7
31,55600,RENT,3.5,DEBTCONSOLIDATION,18300,15.54,0,0.33,N,11
54,81500,RENT,2.5,PERSONAL,28000,12.15,0,0.34,N,14
28,48400,RENT,0.6,HOMEIMPROVEMENT,6500,11.36,0,0.13,N,7
36,34700,RENT,4.5,MEDICAL,9800,14.94,1,0.28,N,5
49,21600,RENT,1.2,DEBTCONSOLIDATION,15000,23.22,1,0.69,N,7
31,102100,OWN,2.9,DEBTCONSOLIDATION,10900,8.72,0,0.11,N,4
38,78900,RENT,1.3,VENTURE,24100,13.16,0,0.31,N,5
43,65900,RENT,9.7,PERSONAL,9400,11.67,1,0.14,N,8
42,77400,RENT,2.1,VENTURE,24800,13.69,1,0.32,Y,4
38,107000,RENT,10.9,MEDICAL,22800,12.25,1,0.21,N,9
51,21500,RENT,2.0,MEDICAL,7800,13.47,1,0.36,N,7
52,56700,MORTGAGE,1.0,EDUCATION,6100,7.29,0,0.11,N,5
49,20000,MORTGAGE,4.3,DEBTCONSOLIDATION,18100,18.39,1,0.9,N,5
39,43600,RENT,4.0,VENTURE,12000,13.58,0,0.28,N,5
45,65000,RENT,4.8,MEDICAL,8900,9.65,0,0.14,N,2
38,44600,RENT,1.8,VENTURE,26300,21.28,0,0.59,N,6
70,142800,RENT,1.9,EDUCATION,5900,7.66,0,0.04,N,2
46,46200,RENT,1.4,EDUCATION,22800,14.22,0,0.49,Y,8
39,35500,MORTGAGE,13.2,PERSONAL,15300,16.58,0,0.43,N,10
68,55100,MORTGAGE,5.7,DEBTCONSOLIDATION,6800,10.39,0,0.12,N,4
40,30600,MORTGAGE,7.1,MEDICAL,11500,11.56,0,0.38,N,3
46,33500,RENT,1.1,MEDICAL,14700,16.08,0,0.44,Y,4
51,90700,MORTGAGE,5.4,MEDICAL,7800,7.84,0,0.09,N,9
39,93400,RENT,7.2,VENTURE,6900,6.79,0,0.07,N,3
38,59100,MORTGAGE,2.1,MEDICAL,9600,11.21,0,0.16,N,5
53,75800,RENT,0.9,MEDICAL,15300,9.71,0,0.2,N,3
51,170900,RENT,6.0,PERSONAL,20800,11.34,0,0.12,N,4
51,52500,RENT,,MEDICAL,29200,17.22,1,0.56,N,11
48,33600,RENT,4.3,HOMEIMPROVEMENT,7400,10.84,0,0.22,N,3
66,72700,MORTGAGE,1.0,MEDICAL,2500,12.29,0,0.03,N,3
44,85800,RENT,1.5,EDUCATION,31000,14.28,0,0.36,N,2
37,90500,MORTGAGE,4.9,HOMEIMPROVEMENT,7100,8.46,0,0.08,N,4
34,101700,MORTGAGE,4.8,EDUCATION,20200,11.42,0,0.2,N,2
40,93600,MORTGAGE,4.0,VENTURE,20900,12.77,0,0.22,N,6
25,72100,OWN,7.0,MEDICAL,5800,11.99,0,0.08,N,7
58,76900,RENT,8.4,EDUCATION,22100,11.82,0,0.29,N,8
47,67900,RENT,1.6,HOMEIMPROVEMENT,9200,10.53,0,0.14,N,2
37,22600,RENT,0.9,MEDICAL,21500,18.84,1,0.95,Y,6
54,21100,RENT,1.1,PERSONAL,10500,18.15,1,0.5,N,7
34,30400,MORTGAGE,1.7,DEBTCONSOLIDATION,20200,21.41,0,0.66,N,3
36,85000,MORTGAGE,14.8,VENTURE,23100,12.53,0,0.27,N,6
44,42600,MORTGAGE,0.7,PERSONAL,2100,8.2,0,0.05,N,6
60,58400,RENT,10.5,PERSONAL,14500,12.79,0,0.25,Y,6
47,128000,MORTGAGE,1.1,MEDICAL,10900,7.23,0,0.09,N,6
26,98300,RENT,2.1,PERSONAL,23300,12.84,0,0.24,N,8
36,16400,RENT,0.7,EDUCATION,13600,17.62,1,0.83,N,7
37,81000,OWN,0.5,EDUCATION,11600,12.0,0,0.14,N,7
45,55900,RENT,0.5,HOMEIMPROVEMENT,7300,11.86,0,0.13,N,6
33,37800,MORTGAGE,2.1,EDUCATION,9800,9.47,1,0.26,N,11
33,45200,MORTGAGE,3.7,MEDICAL,32700,19.95,1,0.72,Y,5
41,45600,OWN,1.1,EDUCATION,23700,16.35,0,0.52,N,3
50,26300,RENT,13.5,HOMEIMPROVEMENT,10200,13.74,1,0.39,N,8
50,62000,OWN,4.4,EDUCATION,16600,12.2,0,0.27,N,19
44,179400,RENT,10.8,PERSONAL,33600,11.16,0,0.19,N,5
52,94700,RENT,0.8,PERSONAL,18400,7.84,0,0.19,N,6
70,17800,RENT,0.8,EDUCATION,10800,14.92,1,0.61,Y,7
62,63600,RENT,9.4,PERSONAL,4300,11.24,0,0.07,N,4
39,63600,OWN,4.2,HOMEIMPROVEMENT,21700,13.45,0,0.34,N,13
33,31300,MORTGAGE,14.0,VENTURE,9900,14.07,1,0.32,N,7
40,27800,RENT,0.8,MEDICAL,7300,10.58,0,0.26,N,6
36,88800,RENT,0.1,VENTURE,6600,9.13,0,0.07,N,2
48,57400,MORTGAGE,12.4,EDUCATION,6400,7.51,0,0.11,N,7
34,41700,RENT,6.0,HOMEIMPROVEMENT,6600,9.93,0,0.16,N,4
43,75500,RENT,8.2,MEDICAL,14300,10.39,0,0.19,N,2
36,173600,MORTGAGE,1.8,VENTURE,20500,9.98,0,0.12,N,2
41,62400,MORTGAGE,0.0,MEDICAL,25300,14.82,0,0.41,N,3
43,63600,RENT,3.3,EDUCATION,18300,12.44,0,0.29,N,4
49,53500,RENT,23.0,EDUCATION,6100,10.85,0,0.11,N,6
43,43700,MORTGAGE,11.9,VENTURE,28200,22.16,1,0.65,Y,4
38,85000,RENT,0.4,VENTURE,2200,9.56,0,0.03,N,4
51,48700,MORTGAGE,1.0,HOMEIMPROVEMENT,20200,13.47,0,0.41,N,7
44,71300,MORTGAGE,1.9,MEDICAL,31100,15.67,0,0.44,N,15
39,123700,MORTGAGE,8.9,MEDICAL,25300,10.16,0,0.2,N,5
50,81600,RENT,8.7,HOMEIMPROVEMENT,19200,12.75,1,0.24,N,2
45,26900,RENT,1.0,EDUCATION,14500,,1,0.54,Y,3
49,26000,RENT,,PERSONAL,34400,18.88,1,1.32,Y,2
55,107900,MORTGAGE,3.5,EDUCATION,16800,12.43,0,0.16,N,6
35,50900,RENT,2.7,HOMEIMPROVEMENT,22800,16.2,1,0.45,Y,6
70,62500,RENT,3.8,MEDICAL,8000,12.63,0,0.13,N,7
47,35000,OWN,1.7,DEBTCONSOLIDATION,17200,14.8,0,0.49,N,3
34,76000,RENT,3.8,DEBTCONSOLIDATION,2900,8.45,0,0.04,N,4
57,153000,MORTGAGE,5.8,DEBTCONSOLIDATION,22000,10.53,0,0.14,N,7
38,58900,MORTGAGE,0.3,VENTURE,12200,12.55,0,0.21,N,9
62,77400,RENT,17.1,HOMEIMPROVEMENT,9400,11.33,0,0.12,N,11
35,107500,RENT,0.9,PERSONAL,9400,8.15,0,0.09,N,4
43,136500,MORTGAGE,,PERSONAL,30800,,0,0.23,N,2
51,37300,MORTGAGE,3.2,MEDICAL,24100,17.83,1,0.65,Y,9
50,68000,RENT,0.2,MEDICAL,21300,,0,0.31,N,5
47,109200,RENT,4.0,VENTURE,14100,9.69,0,0.13,Y,3
54,127400,MORTGAGE,10.2,EDUCATION,12000,8.83,0,0.09,N,8
40,42900,OTHER,11.6,HOMEIMPROVEMENT,16000,11.88,0,0.37,N,2
54,37500,MORTGAGE,2.0,EDUCATION,15000,,0,0.4,N,3
38,49700,MORTGAGE,,PERSONAL,25000,17.29,1,0.5,Y,7
33,45400,OWN,7.5,EDUCATION,30100,19.47,1,0.66,N,4
60,46500,RENT,1.5,EDUCATION,27200,15.63,1,0.58,Y,2
39,68000,RENT,3.8,PERSONAL,20700,14.62,1,0.3,Y,5
33,40200,RENT,2.3,VENTURE,12100,13.26,0,0.3,N,2
50,127700,OWN,2.4,EDUCATION,20500,13.45,0,0.16,N,5
45,43400,MORTGAGE,0.5,MEDICAL,21100,15.84,0,0.49,Y,6
47,38900,RENT,,MEDICAL,7800,11.22,1,0.2,N,8
41,28500,RENT,0.9,DEBTCONSOLIDATION,22400,18.95,1,0.79,Y,8
48,108200,RENT,1.8,PERSONAL,26200,9.88,0,0.24,N,9
59,26600,MORTGAGE,2.0,PERSONAL,20200,,0,0.76,N,9
46,69700,RENT,2.8,HOMEIMPROVEMENT,18200,11.93,0,0.26,N,7
32,79400,OWN,12.4,PERSONAL,8700,12.06,0,0.11,N,8
43,12000,RENT,5.0,EDUCATION,17100,17.54,1,1.42,N,5
48,26400,MORTGAGE,18.3,HOMEIMPROVEMENT,16900,16.94,0,0.64,N,8
61,44000,RENT,4.5,EDUCATION,11500,11.18,1,0.26,N,3
50,153600,RENT,8.2,EDUCATION,6500,5.51,0,0.04,N,6
37,44000,MORTGAGE,9.0,MEDICAL,12600,12.3,1,0.29,N,5
43,41100,RENT,6.7,EDUCATION,26600,20.79,1,0.65,Y,11
51,35900,RENT,5.5,EDUCATION,21100,20.06,1,0.59,N,2
48,35600,MORTGAGE,2.7,VENTURE,11100,11.03,0,0.31,N,9
49,38200,MORTGAGE,4.2,PERSONAL,8300,8.14,0,0.22,Y,3
34,37400,RENT,1.1,MEDICAL,13200,12.64,1,0.35,Y,3
50,36600,MORTGAGE,4.8,EDUCATION,20400,14.56,0,0.56,Y,17
46,36500,MORTGAGE,3.6,DEBTCONSOLIDATION,18300,19.81,1,0.5,Y,7
50,43900,RENT,8.2,MEDICAL,24800,17.31,1,0.56,Y,12
45,91400,MORTGAGE,11.6,DEBTCONSOLIDATION,10300,10.1,0,0.11,N,17
42,29200,MORTGAGE,0.7,EDUCATION,13900,17.86,0,0.48,N,7
55,38000,MORTGAGE,5.9,MEDICAL,9400,12.19,1,0.25,N,4
48,40700,RENT,15.0,DEBTCONSOLIDATION,20800,16.8,1,0.51,N,3
34,54200,MORTGAGE,12.5,EDUCATION,12400,9.95,0,0.23,N,4
44,35600,MORTGAGE,9.0,HOMEIMPROVEMENT,12500,11.81,0,0.35,N,4
41,169600,RENT,0.2,MEDICAL,22200,10.46,0,0.13,N,6
40,74700,MORTGAGE,1.5,HOMEIMPROVEMENT,19500,,0,0.26,N,2
48,92600,RENT,0.8,PERSONAL,13400,12.9,0,0.14,N,5
45,61800,RENT,13.1,HOMEIMPROVEMENT,11500,8.76,0,0.19,Y,2
48,117300,RENT,6.9,EDUCATION,18400,11.4,0,0.16,N,5
53,28900,RENT,3.8,PERSONAL,27900,17.32,1,0.97,Y,7
43,39900,RENT,19.4,DEBTCONSOLIDATION,12400,14.91,1,0.31,Y,4
52,34600,RENT,1.1,HOMEIMPROVEMENT,4300,8.74,0,0.12,Y,8
38,49300,RENT,5.1,EDUCATION,24600,16.86,0,0.5,N,4
55,129400,RENT,4.7,EDUCATION,7700,10.29,0,0.06,N,5
39,181600,MORTGAGE,2.1,PERSONAL,25700,11.3,0,0.14,N,9
35,91600,RENT,3.3,EDUCATION,22700,8.49,1,0.25,N,2
47,51300,MORTGAGE,1.3,EDUCATION,17700,11.59,0,0.35,N,12
43,100300,RENT,5.7,VENTURE,23300,10.85,0,0.23,N,12
44,122500,RENT,2.7,VENTURE,9400,12.33,0,0.08,N,13
35,103500,OWN,0.1,VENTURE,23700,15.45,0,0.23,N,6
35,50300,MORTGAGE,15.1,EDUCATION,15300,14.19,0,0.3,N,5
41,51100,RENT,3.5,VENTURE,7900,9.9,0,0.15,N,8
50,37700,MORTGAGE,6.1,MEDICAL,9300,14.49,0,0.25,N,5
41,47300,RENT,1.1,PERSONAL,21400,15.09,1,0.45,N,3
35,34900,MORTGAGE,0.7,MEDICAL,23200,18.37,1,0.66,N,6
55,52300,RENT,11.6,MEDICAL,24500,11.83,0,0.47,N,5
35,53500,MORTGAGE,4.5,PERSONAL,8100,12.8,0,0.15,N,9
44,33700,RENT,3.4,PERSONAL,25700,19.62,1,0.76,N,4
50,237300,MORTGAGE,3.7,EDUCATION,13800,8.06,0,0.06,N,3
40,63800,OWN,1.3,PERSONAL,32600,17.83,0,0.51,N,6
50,110300,RENT,12.2,PERSONAL,13500,9.07,0,0.12,N,13
60,104900,RENT,1.2,VENTURE,9300,11.1,0,0.09,N,18
50,157700,MORTGAGE,0.9,DEBTCONSOLIDATION,5000,10.14,0,0.03,N,7
43,32900,RENT,13.3,EDUCATION,17800,15.91,1,0.54,N,3
44,40100,MORTGAGE,1.5,HOMEIMPROVEMENT,2200,6.16,0,0.05,N,5
29,20000,MORTGAGE,9.9,MEDICAL,23000,21.02,1,1.15,Y,8
39,22300,RENT,7.4,VENTURE,10300,13.05,0,0.46,N,5
30,31100,MORTGAGE,2.4,EDUCATION,17800,15.34,1,0.57,Y,3
37,49800,RENT,1.5,PERSONAL,14000,10.85,0,0.28,N,2
44,51400,OWN,7.1,VENTURE,17600,13.32,0,0.34,N,7
46,250000,RENT,4.6,HOMEIMPROVEMENT,4800,,0,0.02,N,5
48,71500,MORTGAGE,1.5,MEDICAL,8300,9.46,0,0.12,N,6
64,92400,RENT,11.1,PERSONAL,25300,9.99,0,0.27,N,6
33,58600,MORTGAGE,6.4,EDUCATION,12300,10.37,0,0.21,N,8
36,26300,RENT,12.0,EDUCATION,15400,19.99,1,0.59,Y,8
46,63800,RENT,2.9,HOMEIMPROVEMENT,13100,11.36,0,0.21,N,9
51,22300,RENT,0.7,MEDICAL,26100,20.23,1,1.17,N,2
38,49100,RENT,12.9,DEBTCONSOLIDATION,8400,9.62,0,0.17,N,6
45,77400,RENT,4.6,EDUCATION,23100,12.53,0,0.3,N,6
47,39200,RENT,4.7,PERSONAL,5000,,0,0.13,N,3
61,60200,OTHER,4.4,VENTURE,23800,15.86,0,0.4,N,8
34,38900,RENT,3.2,HOMEIMPROVEMENT,25700,17.34,1,0.66,N,6
48,29500,MORTGAGE,,MEDICAL,21400,19.88,1,0.73,Y,8
52,70800,RENT,4.7,EDUCATION,9700,10.02,0,0.14,N,6
49,96200,RENT,6.3,VENTURE,6600,9.02,0,0.07,N,9
57,96100,RENT,,DEBTCONSOLIDATION,14000,12.64,0,0.15,N,2
35,47400,MORTGAGE,0.4,EDUCATION,17800,,0,0.38,N,9
29,16400,RENT,1.5,EDUCATION,22400,18.65,1,1.37,Y,7
56,56900,MORTGAGE,7.5,DEBTCONSOLIDATION,14100,13.11,0,0.25,N,6
40,108900,OWN,7.5,DEBTCONSOLIDATION,15000,,0,0.14,N,4
43,26300,RENT,1.2,EDUCATION,27500,19.35,1,1.05,N,2
44,144300,RENT,1.0,PERSONAL,4600,7.48,0,0.03,N,7
45,17500,RENT,2.3,EDUCATION,10500,17.08,1,0.6,Y,16
53,67400,RENT,0.3,PERSONAL,12700,8.36,0,0.19,N,4
48,85500,RENT,6.6,MEDICAL,17100,9.65,0,0.2,N,8
33,121500,OWN,5.5,EDUCATION,6100,8.3,0,0.05,N,7
43,69700,MORTGAGE,9.8,PERSONAL,24500,10.47,0,0.35,N,4
46,45300,OWN,2.8,DEBTCONSOLIDATION,10400,12.97,0,0.23,N,3
49,59400,RENT,5.1,EDUCATION,8100,8.23,0,0.14,N,6
42,37200,RENT,15.4,EDUCATION,16000,16.8,1,0.43,N,2
39,18100,RENT,15.9,MEDICAL,7200,14.3,1,0.4,Y,6
53,47400,MORTGAGE,0.4,HOMEIMPROVEMENT,10700,11.52,0,0.23,Y,8
40,71000,MORTGAGE,0.0,DEBTCONSOLIDATION,23900,13.21,0,0.34,N,4
50,95200,MORTGAGE,16.1,DEBTCONSOLIDATION,21400,11.85,0,0.22,N,10
53,41500,RENT,3.8,MEDICAL,9800,11.36,0,0.24,N,7
46,122100,RENT,6.0,EDUCATION,12400,,0,0.1,Y,6
38,49400,RENT,12.2,EDUCATION,14100,12.31,0,0.29,Y,5
48,70500,MORTGAGE,2.8,DEBTCONSOLIDATION,15400,11.96,0,0.22,N,4
41,81700,MORTGAGE,2.9,EDUCATION,10100,8.31,0,0.12,N,5
70,55800,RENT,0.9,VENTURE,14700,13.59,1,0.26,N,2
52,51500,RENT,11.8,MEDICAL,20800,14.23,1,0.4,N,2
51,127600,MORTGAGE,5.2,VENTURE,18300,8.79,0,0.14,N,6
55,21300,MORTGAGE,1.0,MEDICAL,28400,19.62,1,1.33,N,5
30,55500,RENT,4.1,MEDICAL,9100,13.64,0,0.16,N,9
43,19800,RENT,2.0,MEDICAL,18100,18.42,1,0.91,Y,2
55,20200,MORTGAGE,0.8,MEDICAL,28300,19.65,1,1.4,N,3
39,52600,RENT,1.0,DEBTCONSOLIDATION,6100,11.06,0,0.12,N,7
32,40600,RENT,4.1,VENTURE,15300,15.39,1,0.38,N,12
45,170000,MORTGAGE,4.2,EDUCATION,31300,13.94,0,0.18,N,12
36,47100,RENT,7.8,EDUCATION,5100,7.28,0,0.11,N,6
37,101100,RENT,1.4,EDUCATION,11300,9.91,0,0.11,N,13
42,55700,RENT,12.4,MEDICAL,5800,9.34,0,0.1,N,2
34,28000,RENT,3.7,PERSONAL,15900,15.27,1,0.57,Y,4
42,20500,RENT,1.1,EDUCATION,23600,20.03,1,1.15,N,5
46,25600,RENT,2.7,EDUCATION,9100,10.61,0,0.36,N,18
66,64900,RENT,12.8,MEDICAL,8500,11.06,0,0.13,N,8
40,130400,RENT,3.3,VENTURE,14600,9.99,0,0.11,N,11
42,32800,OWN,10.4,VENTURE,11100,14.8,0,0.34,N,10
49,85900,MORTGAGE,0.9,MEDICAL,22600,12.85,0,0.26,N,11
41,49000,RENT,12.3,DEBTCONSOLIDATION,7000,8.41,0,0.14,N,2
38,30200,RENT,2.8,VENTURE,26300,21.25,1,0.87,Y,15
55,65800,RENT,13.8,VENTURE,22100,15.49,0,0.34,N,10
60,130000,RENT,10.1,EDUCATION,3000,8.01,0,0.02,N,2
41,52000,RENT,5.4,PERSONAL,9700,12.24,0,0.19,Y,3
38,85500,RENT,5.6,VENTURE,26300,17.07,1,0.31,N,5
37,64200,MORTGAGE,,EDUCATION,23700,17.2,0,0.37,N,15
50,64300,MORTGAGE,4.6,MEDICAL,13800,14.63,0,0.21,N,8
57,34800,MORTGAGE,4.0,EDUCATION,15000,12.58,1,0.43,N,3
47,71000,OWN,2.0,EDUCATION,5700,8.57,0,0.08,N,4
50,24200,RENT,3.5,MEDICAL,21700,19.41,1,0.9,Y,10
54,66100,OTHER,13.2,MEDICAL,5600,8.84,0,0.08,N,5
61,115300,RENT,0.0,MEDICAL,17300,11.97,0,0.15,N,9
48,146100,RENT,2.7,MEDICAL,6600,6.01,0,0.05,N,4
40,30500,OWN,2.0,MEDICAL,12600,13.18,1,0.41,Y,11
51,69100,RENT,16.3,VENTURE,11200,10.68,0,0.16,N,4
55,36800,RENT,18.2,VENTURE,12300,14.74,0,0.33,N,2
41,58500,RENT,4.4,EDUCATION,15700,12.42,0,0.27,N,12
30,155900,RENT,4.0,PERSONAL,7200,8.9,0,0.05,N,5
40,87800,OWN,11.7,EDUCATION,8800,10.28,0,0.1,N,2
34,37800,RENT,0.0,PERSONAL,6400,12.01,0,0.17,N,3
27,36700,OWN,4.1,MEDICAL,17500,17.24,1,0.48,N,6
40,54700,RENT,0.1,MEDICAL,4800,8.69,0,0.09,N,9
43,56800,RENT,17.2,VENTURE,17600,,0,0.31,N,2
48,58300,RENT,1.9,VENTURE,30100,16.97,1,0.52,Y,2
50,23900,RENT,3.7,MEDICAL,25100,21.81,1,1.05,Y,6
41,162700,RENT,2.7,HOMEIMPROVEMENT,10600,6.53,0,0.07,N,7
49,171800,MORTGAGE,,DEBTCONSOLIDATION,8600,10.92,0,0.05,N,9
48,70500,RENT,30.0,EDUCATION,29100,14.56,0,0.41,N,9
48,33600,MORTGAGE,0.4,VENTURE,12800,20.14,0,0.38,Y,4
38,38400,MORTGAGE,6.6,PERSONAL,11100,10.72,0,0.29,N,14
51,32300,RENT,2.3,EDUCATION,6900,9.25,0,0.21,N,8
45,30700,MORTGAGE,0.7,EDUCATION,7700,15.43,0,0.25,N,7
43,38200,MORTGAGE,2.6,HOMEIMPROVEMENT,19900,15.55,1,0.52,Y,3
38,68300,MORTGAGE,20.0,HOMEIMPROVEMENT,8400,10.09,0,0.12,N,8
41,58100,RENT,2.2,MEDICAL,8000,6.28,0,0.14,N,7
53,125300,RENT,1.6,EDUCATION,10500,8.99,0,0.08,N,5
49,23400,MORTGAGE,9.4,EDUCATION,26200,18.5,0,1.12,Y,6
39,33400,RENT,10.1,PERSONAL,15900,16.66,1,0.48,Y,5
45,18000,RENT,2.1,PERSONAL,20900,,1,1.16,Y,5
48,58700,RENT,1.8,MEDICAL,19200,12.78,0,0.33,N,6
39,130700,RENT,5.2,MEDICAL,28300,14.12,0,0.22,N,2
51,41800,RENT,1.1,VENTURE,18500,18.27,1,0.44,N,3
31,114800,RENT,3.3,VENTURE,6800,9.93,0,0.06,N,4
51,79300,RENT,0.8,VENTURE,8400,12.87,0,0.11,N,8
50,87300,RENT,1.8,VENTURE,18800,,0,0.22,N,5
46,74800,RENT,1.8,EDUCATION,8600,11.29,0,0.11,N,3
42,146100,MORTGAGE,5.9,VENTURE,22600,14.38,0,0.15,N,5
37,48500,MORTGAGE,1.7,MEDICAL,24700,16.79,1,0.51,N,5
44,79000,RENT,11.4,VENTURE,12200,12.6,0,0.15,N,5
48,149500,RENT,20.4,EDUCATION,11600,10.19,0,0.08,N,7
51,30900,RENT,0.4,DEBTCONSOLIDATION,6700,11.81,0,0.22,N,17
38,48100,MORTGAGE,2.5,DEBTCONSOLIDATION,27600,19.9,1,0.57,Y,4
40,74300,MORTGAGE,1.8,VENTURE,13700,12.63,0,0.18,Y,5
41,33800,RENT,2.2,PERSONAL,18900,18.69,1,0.56,Y,7
33,33000,MORTGAGE,1.5,MEDICAL,7500,,0,0.23,N,11
56,165500,RENT,2.4,VENTURE,14800,6.97,0,0.09,N,14
68,34700,RENT,0.8,VENTURE,21000,19.81,1,0.61,N,2
57,44300,RENT,1.6,MEDICAL,16100,14.02,1,0.36,N,2
37,61000,RENT,6.9,HOMEIMPROVEMENT,11600,12.16,0,0.19,N,4
63,68600,MORTGAGE,2.1,VENTURE,16500,13.72,0,0.24,N,5
42,40100,RENT,1.2,HOMEIMPROVEMENT,33000,19.25,1,0.82,N,3
51,48300,MORTGAGE,0.6,MEDICAL,18300,11.72,0,0.38,N,10
50,31200,MORTGAGE,2.1,EDUCATION,14000,14.57,0,0.45,Y,7
28,40000,RENT,5.2,MEDICAL,23700,18.26,0,0.59,Y,10
44,79400,MORTGAGE,1.5,PERSONAL,13400,10.15,0,0.17,N,12
37,89200,RENT,2.7,DEBTCONSOLIDATION,13000,,0,0.15,N,5
30,94800,RENT,12.0,VENTURE,15200,11.88,0,0.16,N,5
46,54000,MORTGAGE,4.0,VENTURE,10500,,0,0.19,N,5
49,48600,OWN,3.8,EDUCATION,5400,12.18,0,0.11,N,8
39,26400,RENT,2.6,EDUCATION,11500,15.29,1,0.44,N,4
45,44500,RENT,4.1,EDUCATION,19600,16.9,0,0.44,Y,3
57,59600,RENT,20.9,PERSONAL,13700,11.71,0,0.23,N,5
42,98600,MORTGAGE,1.5,DEBTCONSOLIDATION,23700,12.17,0,0.24,N,10
34,18700,OWN,14.2,EDUCATION,8000,14.59,0,0.43,N,5
52,45000,MORTGAGE,0.8,MEDICAL,8800,10.95,1,0.2,N,12
41,15600,RENT,0.6,VENTURE,17300,19.11,1,1.11,N,9
38,22400,OWN,5.3,EDUCATION,22300,18.87,1,1.0,Y,11
41,111800,RENT,1.4,MEDICAL,18600,12.34,0,0.17,N,6
41,26500,RENT,2.9,HOMEIMPROVEMENT,12800,15.24,0,0.48,Y,3
32,57500,RENT,6.5,PERSONAL,24800,12.87,0,0.43,N,2
47,95300,MORTGAGE,3.8,EDUCATION,18100,11.67,0,0.19,Y,5
46,41900,MORTGAGE,0.1,EDUCATION,22900,18.04,1,0.55,Y,4
42,27600,MORTGAGE,1.8,VENTURE,25800,20.47,1,0.93,N,2
46,57800,MORTGAGE,0.3,HOMEIMPROVEMENT,14600,12.79,0,0.25,N,14
50,127800,RENT,13.0,DEBTCONSOLIDATION,15900,9.15,0,0.12,N,7
46,93500,MORTGAGE,7.9,MEDICAL,17800,10.8,0,0.19,N,4
38,47300,RENT,20.0,EDUCATION,30100,17.87,0,0.64,Y,6
37,39900,RENT,10.8,MEDICAL,21900,20.35,1,0.55,Y,7
65,102300,RENT,3.2,EDUCATION,4100,8.11,0,0.04,N,4
46,24300,OWN,10.7,EDUCATION,12500,16.9,0,0.51,N,7
43,90700,OWN,5.6,EDUCATION,24200,8.24,0,0.27,N,5
49,40500,RENT,3.7,PERSONAL,4100,5.96,0,0.1,N,2
39,23900,MORTGAGE,2.3,EDUCATION,16900,,0,0.71,N,10
52,20500,RENT,5.7,VENTURE,28000,20.15,1,1.37,Y,2
41,133200,RENT,4.5,PERSONAL,10300,7.85,0,0.08,N,6
31,48500,RENT,4.8,EDUCATION,19300,13.75,0,0.4,N,11
43,33100,RENT,2.6,DEBTCONSOLIDATION,10300,14.93,1,0.31,Y,2
36,52900,RENT,6.7,EDUCATION,17200,13.81,1,0.33,N,3
42,39500,MORTGAGE,0.4,PERSONAL,27500,18.33,1,0.7,Y,5
41,40300,RENT,6.5,EDUCATION,11400,12.87,0,0.28,N,11
47,41200,MORTGAGE,6.6,DEBTCONSOLIDATION,29100,19.68,1,0.71,N,9
59,54400,RENT,3.6,VENTURE,11600,12.85,1,0.21,N,3
51,82200,MORTGAGE,1.5,VENTURE,11800,13.04,0,0.14,N,21
46,23400,MORTGAGE,3.7,MEDICAL,20600,18.59,1,0.88,Y,8
45,113900,MORTGAGE,,MEDICAL,11200,9.45,0,0.1,Y,3
47,32200,RENT,1.7,VENTURE,10600,13.91,0,0.33,N,2
58,62400,RENT,2.7,PERSONAL,8100,6.04,0,0.13,N,2
49,52500,OTHER,5.6,EDUCATION,5900,,0,0.11,N,16
31,34800,RENT,1.0,DEBTCONSOLIDATION,23000,19.73,1,0.66,N,4
36,101200,RENT,0.9,VENTURE,13500,10.01,0,0.13,N,8
54,35000,MORTGAGE,4.7,VENTURE,17400,18.3,1,0.5,Y,7
46,118200,RENT,5.7,EDUCATION,13500,12.56,0,0.11,N,8
57,78200,MORTGAGE,0.4,EDUCATION,11500,11.51,0,0.15,N,2
50,35900,RENT,0.2,MEDICAL,12100,13.22,0,0.34,N,8
45,28000,RENT,0.8,HOMEIMPROVEMENT,5600,12.39,0,0.2,N,2
44,97300,RENT,11.6,MEDICAL,18000,,0,0.18,N,3
39,28900,RENT,5.6,EDUCATION,14200,16.13,1,0.49,N,9
42,50400,RENT,,MEDICAL,5200,11.05,0,0.1,N,5
35,79500,MORTGAGE,5.5,EDUCATION,16900,12.68,0,0.21,N,7
37,69900,OWN,16.8,MEDICAL,8600,,0,0.12,N,4
36,48500,MORTGAGE,2.9,MEDICAL,7100,9.56,0,0.15,N,3
43,36300,RENT,4.6,EDUCATION,30500,19.32,1,0.84,N,2
40,80600,MORTGAGE,4.6,PERSONAL,5600,,0,0.07,N,8
32,19300,RENT,0.0,DEBTCONSOLIDATION,19500,19.41,1,1.01,Y,3
49,62500,RENT,0.1,HOMEIMPROVEMENT,18600,12.31,1,0.3,N,5
40,26600,RENT,0.8,VENTURE,14400,17.78,1,0.54,Y,13
52,33400,MORTGAGE,3.6,MEDICAL,5800,10.89,0,0.17,N,4
48,66300,RENT,2.8,PERSONAL,10000,11.83,0,0.15,N,15
67,35900,OWN,3.9,PERSONAL,7600,12.25,0,0.21,N,6
44,102400,MORTGAGE,8.1,MEDICAL,31200,10.97,0,0.3,N,5
39,79900,RENT,8.6,VENTURE,6200,10.56,0,0.08,N,5
37,36900,MORTGAGE,18.9,DEBTCONSOLIDATION,2900,12.27,0,0.08,N,3
50,47900,RENT,4.1,EDUCATION,8700,,1,0.18,N,11
51,29500,RENT,2.1,EDUCATION,21200,23.22,1,0.72,N,5
44,70300,MORTGAGE,1.8,VENTURE,23300,16.17,0,0.33,N,6
46,128300,MORTGAGE,2.1,PERSONAL,18800,7.55,0,0.15,N,2
54,28100,MORTGAGE,2.0,VENTURE,12600,16.62,1,0.45,N,11
50,60100,MORTGAGE,,VENTURE,21400,14.33,0,0.36,N,8
46,64700,RENT,0.4,MEDICAL,18100,11.93,0,0.28,N,3
35,27200,RENT,5.0,PERSONAL,32600,18.97,1,1.2,Y,9
38,31100,RENT,4.2,EDUCATION,12700,16.17,0,0.41,Y,4
41,20000,OTHER,,EDUCATION,8100,13.79,0,0.4,Y,8
41,73800,MORTGAGE,0.4,VENTURE,5200,9.41,0,0.07,N,6
38,44500,MORTGAGE,0.5,HOMEIMPROVEMENT,16800,11.3,1,0.38,N,10
37,36300,MORTGAGE,3.9,PERSONAL,27400,16.1,1,0.75,N,7
42,168600,MORTGAGE,0.2,MEDICAL,21200,10.79,0,0.13,N,10
45,20100,MORTGAGE,,VENTURE,19600,21.27,1,0.98,Y,3
48,109800,RENT,,DEBTCONSOLIDATION,14300,11.44,1,0.13,N,12
32,16600,RENT,4.5,VENTURE,8000,19.77,0,0.48,N,7
40,40700,MORTGAGE,6.4,EDUCATION,9700,,0,0.24,N,12
32,21300,RENT,2.9,MEDICAL,9800,12.86,1,0.46,Y,3
44,34500,MORTGAGE,5.5,MEDICAL,17800,18.35,0,0.52,N,6
43,40200,MORTGAGE,5.3,DEBTCONSOLIDATION,23700,16.46,1,0.59,Y,2
43,36700,MORTGAGE,8.7,MEDICAL,7100,14.11,0,0.19,N,2
41,62200,RENT,6.2,EDUCATION,4000,11.08,0,0.06,N,2
40,87800,RENT,6.9,MEDICAL,14200,13.97,0,0.16,N,8
43,50900,RENT,4.1,EDUCATION,25500,18.6,1,0.5,Y,7
49,64700,MORTGAGE,3.3,DEBTCONSOLIDATION,29100,18.76,1,0.45,N,4
41,127800,MORTGAGE,3.1,VENTURE,13500,12.9,0,0.11,N,5
35,36900,RENT,,VENTURE,9200,13.37,0,0.25,N,5
46,89100,RENT,1.5,MEDICAL,20600,9.64,0,0.23,N,5
51,217300,MORTGAGE,0.2,MEDICAL,7800,9.91,0,0.04,N,4
35,146900,RENT,5.6,PERSONAL,22500,12.59,0,0.15,N,9
34,132700,OWN,11.6,EDUCATION,24200,13.57,0,0.18,N,3
35,80900,RENT,13.3,EDUCATION,10300,7.85,0,0.13,N,8
43,102000,OWN,4.3,VENTURE,8100,5.42,0,0.08,N,9
61,41500,RENT,0.5,DEBTCONSOLIDATION,6500,13.19,0,0.16,N,3
58,51800,RENT,10.5,VENTURE,16400,15.9,0,0.32,N,5
46,48600,RENT,6.9,DEBTCONSOLIDATION,31000,18.04,1,0.64,Y,10
35,37600,MORTGAGE,1.4,DEBTCONSOLIDATION,12900,14.38,1,0.34,N,6
58,58700,RENT,8.1,EDUCATION,9500,10.59,0,0.16,N,6
59,40600,MORTGAGE,3.2,VENTURE,22700,18.18,0,0.56,Y,4
37,56100,RENT,10.9,DEBTCONSOLIDATION,19100,,0,0.34,N,14
44,25400,OWN,1.4,PERSONAL,5500,13.24,0,0.22,N,11
51,40400,RENT,8.1,VENTURE,9400,12.88,0,0.23,N,9
56,111700,RENT,6.2,PERSONAL,11500,10.03,0,0.1,N,3
42,60300,RENT,0.1,PERSONAL,8700,11.33,0,0.14,N,2
52,112900,MORTGAGE,4.1,VENTURE,24800,15.88,1,0.22,Y,2
47,38800,RENT,6.3,EDUCATION,8100,10.66,0,0.21,N,6
46,47300,RENT,0.9,VENTURE,21500,19.0,0,0.45,N,2
45,61000,MORTGAGE,3.8,EDUCATION,19900,14.55,1,0.33,N,2
61,48700,RENT,1.8,MEDICAL,2800,7.25,0,0.06,N,3
44,25200,RENT,6.0,PERSONAL,9800,14.63,0,0.39,N,18
48,74000,RENT,3.9,VENTURE,14200,13.8,0,0.19,N,3
61,31500,RENT,4.9,PERSONAL,8700,12.73,0,0.28,Y,5
49,53900,RENT,0.4,MEDICAL,22300,16.29,0,0.41,N,4
39,16800,MORTGAGE,0.7,DEBTCONSOLIDATION,7000,15.9,0,0.42,N,8
43,37900,RENT,4.0,MEDICAL,7700,8.55,0,0.2,N,5
38,50500,MORTGAGE,1.0,VENTURE,15900,11.87,0,0.31,Y,5
43,73800,RENT,3.5,EDUCATION,3500,7.87,0,0.05,N,4
42,27500,MORTGAGE,,VENTURE,32500,21.77,1,1.18,Y,8
41,33200,OWN,8.3,EDUCATION,14600,16.28,0,0.44,N,9
45,143000,RENT,0.8,PERSONAL,17500,10.84,0,0.12,N,5
33,159700,RENT,6.8,PERSONAL,9300,7.3,0,0.06,N,6
65,71900,RENT,2.3,EDUCATION,28700,13.94,0,0.4,N,6
43,109500,MORTGAGE,5.7,VENTURE,10700,8.7,0,0.1,N,9
44,43600,RENT,0.8,EDUCATION,6900,9.26,0,0.16,N,4
58,77600,OWN,3.6,VENTURE,13000,14.25,0,0.17,N,2
49,75500,RENT,9.1,DEBTCONSOLIDATION,6900,11.55,0,0.09,N,13
40,32300,RENT,0.6,DEBTCONSOLIDATION,29200,19.98,1,0.9,Y,8
41,60400,RENT,8.8,MEDICAL,14100,10.1,0,0.23,N,13
54,46100,RENT,3.0,EDUCATION,16200,12.26,0,0.35,N,7
56,66300,MORTGAGE,8.7,DEBTCONSOLIDATION,13700,12.2,0,0.21,N,4
40,40400,MORTGAGE,15.9,VENTURE,9000,13.93,0,0.22,N,18
57,24300,MORTGAGE,0.9,MEDICAL,7800,11.13,0,0.32,N,5
33,54700,MORTGAGE,5.6,DEBTCONSOLIDATION,29500,21.2,1,0.54,Y,2
59,85500,MORTGAGE,1.3,MEDICAL,10400,12.42,0,0.12,N,15
47,85600,MORTGAGE,0.7,EDUCATION,5000,9.0,0,0.06,N,2
57,20400,RENT,4.9,VENTURE,14100,20.62,1,0.69,Y,12
50,59900,RENT,0.6,MEDICAL,9100,11.35,0,0.15,N,5
40,79100,RENT,3.1,MEDICAL,18900,9.26,0,0.24,N,8
43,58400,RENT,5.1,VENTURE,11600,9.22,0,0.2,N,14
40,87200,MORTGAGE,3.5,EDUCATION,27300,13.48,0,0.31,N,14
38,24900,MORTGAGE,6.0,EDUCATION,12700,14.57,1,0.51,Y,7
48,28900,MORTGAGE,8.1,PERSONAL,18100,17.58,0,0.63,N,5
32,74900,MORTGAGE,10.3,PERSONAL,23500,13.15,1,0.31,N,2
43,44700,RENT,4.1,VENTURE,24000,15.24,1,0.54,N,18
45,103300,RENT,1.6,EDUCATION,15100,11.29,0,0.15,N,2
32,64100,MORTGAGE,3.6,VENTURE,21800,14.91,0,0.34,N,4
47,33100,RENT,2.5,EDUCATION,9200,15.06,1,0.28,Y,11
50,32200,MORTGAGE,1.3,DEBTCONSOLIDATION,16300,15.35,1,0.51,Y,6
48,19300,RENT,3.8,PERSONAL,4000,11.09,0,0.21,N,7
48,79100,MORTGAGE,0.1,EDUCATION,10700,8.56,0,0.14,N,3
45,50800,OTHER,4.7,EDUCATION,11000,13.38,0,0.22,N,5
36,89700,RENT,8.6,HOMEIMPROVEMENT,24400,13.6,0,0.27,N,5
60,62400,RENT,37.4,EDUCATION,13400,12.87,0,0.21,N,2
27,57700,RENT,9.0,DEBTCONSOLIDATION,19900,15.7,1,0.34,N,9
42,84800,RENT,0.5,HOMEIMPROVEMENT,13400,9.89,0,0.16,N,7
40,51300,MORTGAGE,,MEDICAL,10400,11.85,0,0.2,N,8
45,45100,RENT,0.7,VENTURE,27700,18.6,1,0.61,N,4
38,54200,RENT,4.1,PERSONAL,16800,15.16,0,0.31,N,4
55,86100,MORTGAGE,0.2,VENTURE,17200,10.41,0,0.2,N,12
33,32300,RENT,13.8,EDUCATION,13800,15.5,0,0.43,N,2
39,90100,MORTGAGE,0.3,VENTURE,8100,10.48,0,0.09,N,8
42,56100,RENT,2.5,MEDICAL,22900,14.58,1,0.41,N,7
48,43900,RENT,11.2,EDUCATION,19800,15.62,1,0.45,Y,20
48,59900,RENT,14.8,VENTURE,11600,,0,0.19,N,6
53,103500,RENT,3.1,MEDICAL,27500,11.54,0,0.27,N,2
70,103000,MORTGAGE,3.4,EDUCATION,10900,10.58,0,0.11,N,2
51,67200,RENT,5.1,HOMEIMPROVEMENT,4300,7.13,0,0.06,N,7
42,76400,RENT,2.6,EDUCATION,9400,7.6,1,0.12,N,7
52,55500,RENT,2.0,DEBTCONSOLIDATION,11400,,0,0.21,N,3
43,39300,RENT,6.7,EDUCATION,22400,15.71,0,0.57,Y,2
33,69200,MORTGAGE,4.5,EDUCATION,21300,13.7,0,0.31,N,14
33,42300,RENT,3.3,EDUCATION,12600,12.7,1,0.3,N,10
42,30800,RENT,0.5,MEDICAL,18700,18.92,1,0.61,N,8
36,42900,RENT,0.4,VENTURE,8900,12.01,0,0.21,N,2
43,22000,RENT,3.6,DEBTCONSOLIDATION,25200,17.84,1,1.15,Y,2
51,27400,RENT,4.8,PERSONAL,5100,11.65,1,0.19,N,8
41,165400,MORTGAGE,5.4,EDUCATION,11900,7.72,0,0.07,N,9
31,100600,MORTGAGE,,EDUCATION,22000,11.26,0,0.22,Y,13
49,47500,RENT,8.5,EDUCATION,14200,16.41,1,0.3,N,10
40,72200,RENT,0.8,PERSONAL,22200,10.98,0,0.31,N,5
42,32100,MORTGAGE,7.9,EDUCATION,7700,12.33,1,0.24,N,8
69,78000,RENT,5.6,EDUCATION,9300,12.12,0,0.12,N,9
53,62500,RENT,8.8,PERSONAL,11900,11.61,0,0.19,Y,6
56,36800,RENT,9.3,EDUCATION,23800,18.87,1,0.65,N,5
41,45400,MORTGAGE,2.1,EDUCATION,28800,20.69,1,0.63,N,5
65,43700,RENT,1.5,EDUCATION,4900,10.84,0,0.11,N,10
37,86500,RENT,4.0,MEDICAL,27700,17.5,0,0.32,N,3
33,51800,MORTGAGE,1.8,EDUCATION,18700,9.93,1,0.36,Y,4
68,22700,MORTGAGE,2.2,PERSONAL,13600,19.72,0,0.6,N,4
31,42300,MORTGAGE,0.4,PERSONAL,9100,10.33,0,0.22,N,2
40,35200,MORTGAGE,22.0,MEDICAL,9800,14.56,0,0.28,N,9
49,24000,RENT,1.9,DEBTCONSOLIDATION,17800,18.73,1,0.74,Y,4
41,35600,RENT,7.6,MEDICAL,12400,17.89,1,0.35,Y,8
39,16500,RENT,21.0,HOMEIMPROVEMENT,3900,9.62,0,0.24,N,7
44,32500,MORTGAGE,17.4,MEDICAL,29500,16.63,1,0.91,N,3
44,60300,MORTGAGE,5.0,PERSONAL,17800,9.35,0,0.3,N,7
45,69500,MORTGAGE,3.9,MEDICAL,21300,10.51,0,0.31,N,5
57,71500,OWN,1.9,VENTURE,17200,13.79,0,0.24,N,6
50,91700,MORTGAGE,9.9,PERSONAL,19100,14.41,0,0.21,N,3
42,104100,MORTGAGE,2.1,MEDICAL,4300,6.07,0,0.04,N,6
46,30800,MORTGAGE,0.6,PERSONAL,11800,14.42,0,0.38,N,10
26,25400,RENT,1.7,EDUCATION,27400,16.27,1,1.08,Y,2
43,55500,OWN,1.9,VENTURE,28800,12.7,0,0.52,N,6
47,73200,MORTGAGE,6.3,MEDICAL,26600,,0,0.36,N,10
38,34200,RENT,0.9,HOMEIMPROVEMENT,34000,22.35,1,0.99,Y,3
40,62700,RENT,1.9,DEBTCONSOLIDATION,5400,6.15,0,0.09,N,8
53,147600,MORTGAGE,0.4,VENTURE,5200,10.28,0,0.04,Y,6
36,26000,RENT,9.4,VENTURE,27300,17.63,1,1.05,Y,7
53,54400,RENT,6.5,DEBTCONSOLIDATION,3900,8.18,0,0.07,N,5
61,95900,RENT,2.9,PERSONAL,24900,11.56,0,0.26,N,4
41,48600,MORTGAGE,2.8,PERSONAL,24500,16.93,1,0.5,Y,6
36,68000,RENT,0.9,VENTURE,14900,9.66,0,0.22,N,7
38,89400,MORTGAGE,2.4,DEBTCONSOLIDATION,24700,,0,0.28,Y,5
60,45900,MORTGAGE,11.9,EDUCATION,18400,15.45,0,0.4,N,8
36,30200,MORTGAGE,0.7,DEBTCONSOLIDATION,7800,11.85,0,0.26,N,5
36,51300,MORTGAGE,7.2,VENTURE,23300,15.05,0,0.45,N,3
31,29700,MORTGAGE,0.2,PERSONAL,12000,12.76,0,0.4,N,5
40,40000,RENT,1.9,HOMEIMPROVEMENT,8700,13.84,0,0.22,N,6
46,69100,RENT,9.4,MEDICAL,30500,16.23,1,0.44,Y,10
58,59900,MORTGAGE,2.9,PERSONAL,18300,12.23,1,0.31,N,6
41,93800,RENT,6.1,VENTURE,8100,9.94,0,0.09,N,5
49,61600,RENT,0.5,HOMEIMPROVEMENT,24300,16.9,0,0.39,N,14
38,35300,RENT,5.8,VENTURE,22600,21.99,1,0.64,N,7
35,31300,RENT,8.5,MEDICAL,6300,13.72,0,0.2,N,6
56,76500,MORTGAGE,8.2,VENTURE,6900,10.8,0,0.09,N,6
45,61800,MORTGAGE,,DEBTCONSOLIDATION,8800,11.64,0,0.14,Y,7
50,48700,MORTGAGE,11.7,VENTURE,25600,15.31,1,0.53,Y,5
45,65300,RENT,4.3,EDUCATION,19400,14.25,0,0.3,Y,2
33,36800,RENT,8.5,VENTURE,25700,23.2,1,0.7,Y,5
53,14100,RENT,1.2,MEDICAL,23300,,1,1.65,N,5
38,96100,RENT,1.2,PERSONAL,14700,,0,0.15,N,4
48,77400,MORTGAGE,,MEDICAL,4700,7.88,0,0.06,Y,8
35,51600,RENT,5.2,MEDICAL,19300,15.58,0,0.37,N,3
36,33000,RENT,5.6,VENTURE,16600,18.26,1,0.5,Y,8
39,48200,RENT,1.3,EDUCATION,8900,9.82,0,0.18,N,5
37,20900,RENT,2.6,EDUCATION,26800,18.54,1,1.28,Y,13
34,57700,MORTGAGE,1.5,DEBTCONSOLIDATION,18400,13.63,0,0.32,N,2
68,18700,MORTGAGE,0.4,HOMEIMPROVEMENT,21800,17.33,1,1.17,Y,5
44,57400,RENT,1.1,HOMEIMPROVEMENT,20900,14.5,0,0.36,N,21
32,36800,RENT,14.0,HOMEIMPROVEMENT,6900,9.8,0,0.19,N,14
35,50000,OWN,1.3,HOMEIMPROVEMENT,9800,11.75,0,0.2,Y,9
37,29000,MORTGAGE,0.9,DEBTCONSOLIDATION,20500,,1,0.71,N,8
40,124200,RENT,6.0,PERSONAL,15800,9.97,0,0.13,N,11
50,66100,RENT,4.6,EDUCATION,6800,8.5,0,0.1,N,4
46,37100,RENT,6.9,VENTURE,12400,16.17,0,0.33,N,13
44,49100,MORTGAGE,5.3,MEDICAL,9100,9.8,0,0.19,N,2
33,131100,RENT,1.3,PERSONAL,20100,10.71,0,0.15,N,4
49,32100,MORTGAGE,3.5,VENTURE,7100,6.99,0,0.22,N,5
33,29400,MORTGAGE,1.0,MEDICAL,16500,,1,0.56,N,4
42,28700,MORTGAGE,1.5,DEBTCONSOLIDATION,3800,12.65,0,0.13,N,5
46,37200,RENT,21.7,PERSONAL,18500,,0,0.5,N,20
46,123300,RENT,6.5,MEDICAL,5900,6.8,0,0.05,N,4
45,39800,MORTGAGE,7.6,MEDICAL,6900,8.55,0,0.17,N,5
45,43100,RENT,0.2,DEBTCONSOLIDATION,13500,14.16,0,0.31,N,3
45,60500,MORTGAGE,2.4,PERSONAL,2700,5.82,0,0.04,N,13
34,53300,RENT,4.1,PERSONAL,30600,17.94,1,0.57,Y,16
34,92300,OWN,0.8,PERSONAL,9600,12.61,0,0.1,N,12
52,85100,RENT,9.4,EDUCATION,2100,8.35,0,0.02,N,6
52,64900,RENT,,VENTURE,24000,17.3,0,0.37,Y,14
35,47700,MORTGAGE,5.1,MEDICAL,5300,9.59,0,0.11,N,5
45,91800,MORTGAGE,4.0,EDUCATION,24500,9.77,0,0.27,N,7
47,35100,RENT,9.5,PERSONAL,21700,18.39,1,0.62,N,6
44,33900,RENT,1.9,MEDICAL,6700,6.91,0,0.2,N,12
53,43300,MORTGAGE,1.7,MEDICAL,6500,10.52,0,0.15,N,9
40,102600,MORTGAGE,9.4,PERSONAL,19900,,0,0.19,N,7
41,34200,RENT,1.3,PERSONAL,21200,21.94,1,0.62,Y,3
53,38900,RENT,6.9,VENTURE,11500,15.08,0,0.3,N,3
34,59600,RENT,1.1,VENTURE,24500,15.54,1,0.41,Y,5
51,52500,RENT,10.4,DEBTCONSOLIDATION,8300,10.7,0,0.16,N,9
59,44000,RENT,9.1,EDUCATION,16500,15.19,1,0.38,Y,4
48,70000,RENT,7.7,EDUCATION,12300,5.42,0,0.18,N,10
43,41800,MORTGAGE,3.4,PERSONAL,10700,12.36,0,0.26,N,4
34,96800,MORTGAGE,0.2,VENTURE,14800,10.55,0,0.15,N,7
45,61700,MORTGAGE,0.7,EDUCATION,10200,10.09,0,0.17,N,7
38,94800,RENT,3.0,VENTURE,8800,8.83,0,0.09,Y,8
41,35100,MORTGAGE,0.2,PERSONAL,14800,18.05,0,0.42,N,8
47,49900,MORTGAGE,0.3,PERSONAL,14600,12.81,0,0.29,N,8
37,19100,MORTGAGE,0.7,VENTURE,22100,22.2,1,1.16,Y,2
35,113000,RENT,1.5,EDUCATION,17400,,0,0.15,N,4
39,191300,RENT,6.9,MEDICAL,10700,,0,0.06,N,6
57,46200,MORTGAGE,0.2,MEDICAL,18400,17.22,0,0.4,N,2
47,66500,RENT,20.6,PERSONAL,6600,10.72,0,0.1,Y,8
38,57700,OWN,,VENTURE,8000,10.01,0,0.14,N,3
38,26600,MORTGAGE,1.9,PERSONAL,15900,20.08,1,0.6,Y,9
55,107600,MORTGAGE,1.4,HOMEIMPROVEMENT,15200,,0,0.14,Y,7
33,46600,MORTGAGE,4.6,PERSONAL,14600,15.05,0,0.31,N,4
29,17600,RENT,0.1,EDUCATION,17000,20.34,1,0.97,Y,11
57,36500,RENT,0.5,EDUCATION,7500,11.12,0,0.21,N,2
37,25200,MORTGAGE,0.5,EDUCATION,21700,19.74,1,0.86,Y,4
56,57900,RENT,5.5,EDUCATION,24500,13.17,0,0.42,N,9
51,57800,MORTGAGE,2.0,MEDICAL,14400,11.34,0,0.25,N,4
36,104000,MORTGAGE,2.9,MEDICAL,18300,13.19,0,0.18,N,3
50,148200,RENT,15.0,PERSONAL,22400,12.37,0,0.15,N,9
32,155000,RENT,1.1,EDUCATION,17400,7.65,0,0.11,N,10
54,30800,MORTGAGE,0.4,MEDICAL,12600,15.56,0,0.41,N,7
36,76200,RENT,2.9,EDUCATION,18300,8.92,0,0.24,N,4
54,84000,RENT,0.9,MEDICAL,27200,15.86,0,0.32,Y,4
34,40600,RENT,0.8,EDUCATION,9900,12.37,0,0.24,N,3
36,63400,MORTGAGE,2.6,PERSONAL,21700,12.79,0,0.34,N,11
60,67500,OTHER,5.5,MEDICAL,33500,12.4,0,0.5,Y,8
48,41500,RENT,1.4,VENTURE,20500,17.07,1,0.49,N,8
37,109700,OWN,10.4,PERSONAL,10300,12.99,0,0.09,N,13
46,61700,RENT,2.3,DEBTCONSOLIDATION,6800,10.43,0,0.11,N,4
46,49300,MORTGAGE,13.6,VENTURE,14900,14.42,0,0.3,N,8
42,27600,RENT,3.4,PERSONAL,6600,11.32,0,0.24,N,2
46,102100,RENT,6.5,PERSONAL,13200,8.87,0,0.13,N,12
55,56500,MORTGAGE,9.5,MEDICAL,10800,11.63,0,0.19,N,8
51,56600,RENT,3.8,PERSONAL,13500,14.55,0,0.24,N,6
48,34000,RENT,9.5,PERSONAL,10400,13.87,0,0.31,N,6
36,88600,MORTGAGE,2.4,VENTURE,23300,13.26,0,0.26,N,6
34,29000,RENT,2.3,MEDICAL,12700,14.57,1,0.44,Y,3
43,16100,RENT,7.9,HOMEIMPROVEMENT,6300,14.77,0,0.39,N,4
51,36700,OWN,1.4,HOMEIMPROVEMENT,17300,15.02,0,0.47,N,7
30,65600,MORTGAGE,6.3,PERSONAL,21000,12.8,0,0.32,N,7
40,65300,RENT,0.4,MEDICAL,12400,,0,0.19,N,6
48,58500,OTHER,5.0,PERSONAL,16300,13.23,0,0.28,N,5
57,49300,RENT,14.2,PERSONAL,12900,12.09,0,0.26,Y,5
28,59100,MORTGAGE,3.0,VENTURE,8400,7.82,0,0.14,N,10
43,250000,RENT,2.7,EDUCATION,16100,7.92,0,0.06,N,6
39,62200,RENT,,HOMEIMPROVEMENT,18700,16.15,1,0.3,Y,13
44,42900,RENT,6.4,EDUCATION,9200,12.94,0,0.21,N,9
48,51100,MORTGAGE,2.2,MEDICAL,19000,16.02,1,0.37,Y,7
32,48300,MORTGAGE,0.0,MEDICAL,23900,14.89,0,0.49,N,12
36,56300,RENT,3.5,EDUCATION,26400,18.9,1,0.47,N,3
37,32800,RENT,2.7,EDUCATION,7900,10.38,0,0.24,N,6
41,84100,MORTGAGE,3.8,HOMEIMPROVEMENT,7700,9.4,0,0.09,N,8
54,63800,MORTGAGE,6.3,PERSONAL,24200,12.82,1,0.38,Y,8
36,35100,MORTGAGE,1.7,EDUCATION,18300,19.59,1,0.52,Y,7
38,94900,RENT,,PERSONAL,6900,9.96,0,0.07,N,11
34,19000,RENT,1.5,EDUCATION,13900,21.42,1,0.73,Y,16
41,177000,MORTGAGE,3.1,PERSONAL,20400,5.42,0,0.12,N,3
41,152800,RENT,2.1,VENTURE,8400,9.79,0,0.05,N,4
42,139900,MORTGAGE,2.3,HOMEIMPROVEMENT,26100,9.01,0,0.19,N,9
70,41200,RENT,4.3,MEDICAL,24100,17.93,0,0.58,N,4
51,61800,RENT,5.8,PERSONAL,16000,8.46,0,0.26,N,5
43,38500,MORTGAGE,0.1,EDUCATION,21000,15.65,0,0.55,Y,2
48,68700,MORTGAGE,10.5,HOMEIMPROVEMENT,7400,7.65,0,0.11,N,2
39,54700,OWN,2.3,VENTURE,9200,8.62,0,0.17,N,7
66,42100,RENT,5.2,MEDICAL,20900,15.62,0,0.5,N,5
52,41800,MORTGAGE,0.7,EDUCATION,12800,14.98,0,0.31,N,3
50,56700,RENT,4.2,PERSONAL,8000,10.45,0,0.14,N,2
57,250000,MORTGAGE,5.7,PERSONAL,9900,6.64,0,0.04,N,11
62,111100,RENT,0.9,EDUCATION,16700,9.93,0,0.15,N,5
36,56800,RENT,12.2,EDUCATION,4300,,0,0.08,N,6
56,49000,RENT,7.1,MEDICAL,7400,,0,0.15,N,2
48,76300,MORTGAGE,3.8,DEBTCONSOLIDATION,8400,13.14,0,0.11,N,3
46,38700,MORTGAGE,0.9,HOMEIMPROVEMENT,25000,19.35,1,0.65,Y,12
60,47800,MORTGAGE,10.0,PERSONAL,25000,17.07,1,0.52,Y,12
36,18500,RENT,0.4,EDUCATION,8600,18.44,1,0.46,Y,8
43,57000,RENT,0.6,DEBTCONSOLIDATION,16200,11.36,0,0.28,N,4
42,57800,RENT,6.0,EDUCATION,11200,10.15,0,0.19,N,11
47,40200,MORTGAGE,1.5,DEBTCONSOLIDATION,4700,8.53,0,0.12,Y,9
48,69400,RENT,3.1,MEDICAL,7500,8.02,0,0.11,N,5
55,58000,RENT,3.9,PERSONAL,2200,10.8,0,0.04,N,3
44,40400,RENT,3.1,EDUCATION,31300,20.93,1,0.77,Y,8
61,85200,MORTGAGE,0.4,EDUCATION,17400,10.34,0,0.2,N,7
48,49100,MORTGAGE,6.7,VENTURE,7000,9.72,0,0.14,N,6
36,30500,MORTGAGE,1.4,EDUCATION,19700,19.53,1,0.65,Y,7
39,20600,RENT,6.7,MEDICAL,16500,20.25,1,0.8,N,5
50,119300,MORTGAGE,10.0,PERSONAL,8500,8.39,0,0.07,N,3
48,58100,MORTGAGE,3.8,PERSONAL,13800,11.98,0,0.24,N,8
47,56700,RENT,6.1,MEDICAL,16400,13.77,0,0.29,N,9
64,52900,RENT,0.2,EDUCATION,11300,11.08,0,0.21,N,4
54,105900,RENT,0.2,MEDICAL,29000,13.53,0,0.27,N,7
40,58600,MORTGAGE,1.1,PERSONAL,6100,10.49,0,0.1,N,9
42,126900,RENT,2.2,MEDICAL,6900,8.18,0,0.05,N,9
40,58700,RENT,1.0,MEDICAL,23700,15.0,0,0.4,N,6
37,12400,RENT,5.0,EDUCATION,9300,19.14,1,0.75,Y,5
65,108700,RENT,1.6,VENTURE,7000,10.11,0,0.06,N,11
48,64400,RENT,9.3,PERSONAL,11700,9.88,0,0.18,N,7
35,41000,MORTGAGE,4.1,MEDICAL,7800,12.44,0,0.19,N,6
60,47000,RENT,2.4,PERSONAL,14100,11.95,0,0.3,N,4
38,45700,RENT,11.2,DEBTCONSOLIDATION,19700,17.07,1,0.43,N,8
46,27400,MORTGAGE,8.8,PERSONAL,20300,15.55,0,0.74,N,10
44,87800,OWN,8.6,VENTURE,10200,10.95,0,0.12,N,3
33,42400,MORTGAGE,6.5,HOMEIMPROVEMENT,18400,16.62,1,0.43,Y,13
30,33600,RENT,4.8,MEDICAL,29500,17.47,1,0.88,Y,10
51,250000,RENT,,PERSONAL,2400,5.42,0,0.01,N,6
56,28700,MORTGAGE,2.7,VENTURE,17300,18.25,1,0.6,N,6
47,51600,RENT,5.2,DEBTCONSOLIDATION,14000,10.47,0,0.27,N,5
70,15300,MORTGAGE,0.9,VENTURE,11900,19.26,1,0.78,Y,6
39,108000,RENT,8.8,VENTURE,8500,7.8,0,0.08,N,3
31,46400,MORTGAGE,13.0,VENTURE,6800,10.7,0,0.15,N,3
48,84900,OWN,0.5,EDUCATION,26600,12.83,0,0.31,N,10
36,32200,RENT,0.1,DEBTCONSOLIDATION,3900,12.51,0,0.12,N,17
43,22300,MORTGAGE,0.8,DEBTCONSOLIDATION,13400,22.95,1,0.6,N,11
54,35900,RENT,7.1,PERSONAL,8500,11.35,0,0.24,Y,6
39,113600,RENT,0.6,MEDICAL,7300,8.17,0,0.06,N,12
43,74400,MORTGAGE,2.3,MEDICAL,11100,9.69,0,0.15,N,4
56,22300,OWN,0.3,EDUCATION,10400,15.83,0,0.47,N,5
42,14300,MORTGAGE,2.8,EDUCATION,13200,17.06,1,0.92,N,6
48,45400,MORTGAGE,4.6,VENTURE,13800,16.83,0,0.3,N,13
49,98800,RENT,5.0,EDUCATION,14100,11.21,0,0.14,N,5
42,35700,RENT,3.7,EDUCATION,7000,13.17,0,0.2,N,5
43,97900,MORTGAGE,13.9,MEDICAL,7800,10.35,0,0.08,N,6
44,58100,RENT,3.8,MEDICAL,10600,12.36,0,0.18,N,4
39,142100,MORTGAGE,9.8,VENTURE,5700,10.15,0,0.04,N,13
47,37300,RENT,24.8,MEDICAL,22900,20.89,1,0.61,Y,3
39,52400,MORTGAGE,1.3,HOMEIMPROVEMENT,6200,9.81,0,0.12,N,2
40,37800,RENT,1.5,HOMEIMPROVEMENT,8900,12.17,0,0.24,N,17
36,93100,MORTGAGE,3.7,EDUCATION,17100,9.64,0,0.18,N,7
57,75000,MORTGAGE,1.0,HOMEIMPROVEMENT,27200,13.85,0,0.36,N,5
34,21300,RENT,4.2,EDUCATION,7100,14.68,1,0.33,N,2
64,79300,RENT,5.8,MEDICAL,12700,9.81,0,0.16,N,2
43,23900,MORTGAGE,0.3,DEBTCONSOLIDATION,10100,14.98,1,0.42,Y,9
40,32800,OWN,5.7,PERSONAL,13600,16.95,0,0.41,N,3
36,81600,RENT,,EDUCATION,12700,10.54,0,0.16,Y,11
37,27200,RENT,1.8,PERSONAL,15700,18.06,1,0.58,Y,8
39,44200,RENT,6.7,PERSONAL,4400,11.98,0,0.1,N,3
70,82300,OTHER,0.9,HOMEIMPROVEMENT,22700,9.95,0,0.28,N,3
39,68100,MORTGAGE,3.8,DEBTCONSOLIDATION,4000,11.54,0,0.06,N,2
48,65900,MORTGAGE,4.4,HOMEIMPROVEMENT,15600,9.53,0,0.24,N,14
42,83700,RENT,0.9,VENTURE,22200,10.41,0,0.27,N,4
65,111200,RENT,1.6,PERSONAL,6600,8.31,0,0.06,N,9
46,27400,MORTGAGE,4.7,HOMEIMPROVEMENT,18200,21.95,1,0.66,Y,4
35,65100,MORTGAGE,3.1,EDUCATION,8600,9.05,1,0.13,N,7
40,92100,RENT,5.4,PERSONAL,8400,10.43,0,0.09,N,12
70,82600,OTHER,9.6,EDUCATION,4500,7.41,0,0.05,N,4
52,49600,RENT,0.7,HOMEIMPROVEMENT,11400,10.38,1,0.23,N,3
43,48100,RENT,0.4,EDUCATION,25300,16.15,0,0.53,N,2
37,85300,MORTGAGE,5.5,VENTURE,18800,10.63,0,0.22,N,2
37,60900,MORTGAGE,7.4,VENTURE,15500,14.13,0,0.25,N,7
36,98900,MORTGAGE,3.0,MEDICAL,22300,9.16,0,0.23,N,5
32,57600,OWN,2.5,PERSONAL,22900,14.71,0,0.4,N,4
51,44100,RENT,4.5,MEDICAL,16000,13.39,1,0.36,N,11
49,20500,RENT,4.0,MEDICAL,10300,13.59,1,0.5,Y,6
45,47700,MORTGAGE,3.4,EDUCATION,24700,15.0,1,0.52,N,2
59,27500,MORTGAGE,8.5,PERSONAL,11000,15.03,0,0.4,N,6
51,19800,MORTGAGE,1.0,EDUCATION,7900,14.09,0,0.4,N,6
33,33700,MORTGAGE,5.7,DEBTCONSOLIDATION,15300,18.08,0,0.45,N,8
70,79800,MORTGAGE,6.8,MEDICAL,5800,8.45,0,0.07,N,3
44,47400,OWN,11.6,VENTURE,8600,11.92,0,0.18,N,5
52,59800,MORTGAGE,14.5,VENTURE,23400,16.6,0,0.39,N,4
44,78500,MORTGAGE,3.5,PERSONAL,12300,8.34,0,0.16,N,4
45,53100,MORTGAGE,2.8,EDUCATION,13700,9.16,0,0.26,N,7
32,37100,RENT,3.5,DEBTCONSOLIDATION,14800,17.99,0,0.4,Y,6
39,42400,OWN,6.6,PERSONAL,13800,11.37,0,0.33,N,2
48,82900,MORTGAGE,0.1,MEDICAL,8700,5.42,0,0.1,N,11
42,53400,MORTGAGE,1.0,EDUCATION,26400,18.26,0,0.49,Y,16
33,13400,RENT,11.9,VENTURE,18200,18.31,1,1.36,Y,8
52,44600,MORTGAGE,1.1,HOMEIMPROVEMENT,17400,14.64,0,0.39,N,9
42,72600,MORTGAGE,1.3,EDUCATION,23000,,1,0.32,N,2
45,59900,MORTGAGE,14.0,DEBTCONSOLIDATION,18100,18.19,0,0.3,N,4
34,30900,RENT,1.7,PERSONAL,6700,8.8,0,0.22,N,5
32,35900,RENT,,EDUCATION,10800,14.27,1,0.3,N,5
45,18600,RENT,12.9,VENTURE,11500,19.39,1,0.62,N,3
57,73300,RENT,2.4,PERSONAL,18000,15.04,1,0.25,Y,3
52,76300,RENT,,PERSONAL,18900,12.52,0,0.25,N,3
50,50300,RENT,4.1,HOMEIMPROVEMENT,15200,11.67,0,0.3,N,3
46,44700,MORTGAGE,10.1,DEBTCONSOLIDATION,12000,13.51,0,0.27,N,4
34,29900,OWN,0.4,MEDICAL,24500,22.21,1,0.82,Y,6
29,65000,MORTGAGE,1.5,EDUCATION,15200,11.66,0,0.23,N,5
70,22000,RENT,4.4,EDUCATION,22500,18.38,1,1.02,Y,10
42,83100,RENT,2.9,HOMEIMPROVEMENT,27000,15.1,0,0.32,N,7
39,74500,MORTGAGE,1.6,HOMEIMPROVEMENT,12400,9.71,0,0.17,N,11
44,103000,RENT,2.6,DEBTCONSOLIDATION,10000,9.95,0,0.1,N,3
36,55700,RENT,16.9,HOMEIMPROVEMENT,11400,10.56,0,0.2,N,5
40,40700,RENT,0.1,MEDICAL,5700,11.98,1,0.14,N,6
64,68700,RENT,0.8,DEBTCONSOLIDATION,11000,11.58,0,0.16,N,6
47,83200,RENT,0.1,VENTURE,14100,13.24,0,0.17,N,12
49,28700,RENT,4.5,DEBTCONSOLIDATION,8500,13.53,0,0.3,N,2
43,52200,MORTGAGE,,VENTURE,8000,10.8,0,0.15,N,5
55,62700,MORTGAGE,3.0,DEBTCONSOLIDATION,10400,10.38,0,0.17,N,8
55,70600,RENT,9.8,MEDICAL,6200,5.42,0,0.09,N,11
42,44600,RENT,0.5,HOMEIMPROVEMENT,13800,12.59,0,0.31,N,2
44,76700,MORTGAGE,2.3,EDUCATION,17000,10.85,0,0.22,N,2
57,31900,RENT,2.4,PERSONAL,15900,17.76,1,0.5,Y,10
44,164400,MORTGAGE,2.2,DEBTCONSOLIDATION,9800,10.35,0,0.06,N,10
41,38400,RENT,6.5,VENTURE,23900,19.96,1,0.62,N,7
41,67800,RENT,0.0,MEDICAL,6500,8.01,0,0.1,N,5
40,40000,RENT,7.6,VENTURE,1700,10.87,0,0.04,N,5
44,57200,RENT,9.1,VENTURE,7000,12.31,0,0.12,N,9
40,29900,MORTGAGE,2.8,EDUCATION,19400,15.6,0,0.65,N,12
44,97900,MORTGAGE,10.9,PERSONAL,21300,11.08,0,0.22,N,5
38,34600,OWN,2.4,MEDICAL,20600,,0,0.6,Y,2
47,56700,MORTGAGE,5.9,DEBTCONSOLIDATION,10600,13.57,0,0.19,N,8
49,52300,MORTGAGE,2.5,EDUCATION,24500,15.62,0,0.47,N,8
50,36800,RENT,0.2,VENTURE,25100,19.35,1,0.68,N,10
49,13400,MORTGAGE,0.4,PERSONAL,22400,19.9,1,1.67,N,7
54,97000,OWN,2.9,HOMEIMPROVEMENT,19800,13.07,0,0.2,N,3
45,58700,RENT,23.1,MEDICAL,23100,12.86,1,0.39,Y,2
44,20800,RENT,1.0,PERSONAL,17600,21.73,1,0.85,Y,7
39,18900,RENT,11.3,EDUCATION,29400,19.63,1,1.56,Y,8
51,45400,MORTGAGE,12.6,DEBTCONSOLIDATION,16900,14.9,0,0.37,N,8
39,51800,MORTGAGE,2.6,DEBTCONSOLIDATION,7700,9.77,0,0.15,N,5
32,48100,MORTGAGE,3.1,DEBTCONSOLIDATION,8000,11.15,0,0.17,N,4
39,119900,RENT,3.5,HOMEIMPROVEMENT,12600,12.15,0,0.11,N,11
52,21600,OWN,7.4,MEDICAL,19300,17.28,1,0.89,Y,3
50,60900,RENT,0.7,PERSONAL,7200,10.7,0,0.12,N,7
46,77300,RENT,2.0,MEDICAL,8300,7.61,0,0.11,N,3
70,76400,RENT,,DEBTCONSOLIDATION,5600,11.13,0,0.07,N,9
47,88600,RENT,10.5,MEDICAL,7800,9.58,0,0.09,N,8
37,57800,RENT,0.4,VENTURE,8700,14.03,0,0.15,N,4
37,62000,RENT,6.9,EDUCATION,15200,10.67,0,0.25,N,3
49,45200,MORTGAGE,2.9,DEBTCONSOLIDATION,11700,,0,0.26,N,4
59,23600,MORTGAGE,6.3,VENTURE,6100,11.29,0,0.26,N,14
44,64900,MORTGAGE,11.0,PERSONAL,7600,,0,0.12,N,6
48,43400,RENT,2.1,PERSONAL,14400,14.46,0,0.33,N,13
48,36000,RENT,1.3,MEDICAL,7000,9.18,0,0.19,N,5
70,66500,RENT,5.3,DEBTCONSOLIDATION,19500,8.77,0,0.29,N,7
53,69800,MORTGAGE,30.0,DEBTCONSOLIDATION,6100,8.47,0,0.09,N,3
56,36700,MORTGAGE,6.5,VENTURE,8200,8.19,0,0.22,N,7
37,62200,MORTGAGE,7.9,DEBTCONSOLIDATION,24500,14.23,0,0.39,N,7
39,51800,RENT,5.0,EDUCATION,14700,10.31,0,0.28,N,9
39,60100,RENT,2.3,MEDICAL,31900,17.14,0,0.53,N,7
42,108000,MORTGAGE,5.3,EDUCATION,7400,7.78,1,0.07,Y,10
45,69100,MORTGAGE,0.7,MEDICAL,5600,8.41,0,0.08,N,9
47,66300,RENT,3.4,HOMEIMPROVEMENT,5500,8.65,0,0.08,N,8
43,33300,RENT,4.3,VENTURE,27400,,1,0.82,Y,8
39,36000,OWN,11.9,MEDICAL,17200,15.75,0,0.48,N,7
36,70600,RENT,12.6,PERSONAL,10800,10.18,0,0.15,N,4
48,22600,MORTGAGE,0.3,EDUCATION,11700,16.15,1,0.52,Y,8
51,44500,RENT,5.0,MEDICAL,18700,14.68,1,0.42,Y,2
42,35600,MORTGAGE,8.0,VENTURE,16600,14.03,0,0.47,N,6
32,50100,RENT,3.8,VENTURE,11100,,1,0.22,N,3
53,48100,RENT,0.5,PERSONAL,18400,15.06,1,0.38,N,4
42,58200,RENT,1.3,EDUCATION,10900,10.21,0,0.19,N,11
34,70000,RENT,1.9,MEDICAL,13000,12.07,0,0.19,N,2
44,92200,RENT,,PERSONAL,23500,12.94,0,0.25,N,8
54,96100,RENT,0.3,MEDICAL,6700,8.36,0,0.07,N,9
41,47600,MORTGAGE,4.0,VENTURE,12600,13.22,1,0.26,N,4
28,39100,RENT,,HOMEIMPROVEMENT,6000,11.83,0,0.15,N,4
42,35100,RENT,2.5,HOMEIMPROVEMENT,4200,9.84,0,0.12,N,9
38,45400,MORTGAGE,2.8,PERSONAL,29500,,1,0.65,N,7
45,31500,MORTGAGE,3.0,EDUCATION,15300,13.19,0,0.49,N,7
44,70100,MORTGAGE,6.2,PERSONAL,30500,15.48,0,0.44,N,9
40,95100,MORTGAGE,0.4,VENTURE,23800,16.55,1,0.25,N,3
39,23400,RENT,1.6,HOMEIMPROVEMENT,31400,19.45,1,1.34,Y,6
58,54500,MORTGAGE,5.1,VENTURE,27400,19.62,1,0.5,Y,3
49,127500,RENT,14.4,EDUCATION,24700,11.57,0,0.19,N,8
48,24000,MORTGAGE,4.8,MEDICAL,19400,18.54,1,0.81,Y,20
53,122100,RENT,10.7,MEDICAL,19700,10.59,0,0.16,Y,4
42,33800,MORTGAGE,17.3,MEDICAL,27900,22.57,1,0.83,Y,13
61,38800,MORTGAGE,10.8,PERSONAL,30500,22.73,0,0.79,N,5
47,76100,MORTGAGE,17.9,MEDICAL,28000,14.12,0,0.37,Y,6
45,71600,RENT,7.5,EDUCATION,13600,8.73,0,0.19,N,8
47,51100,OTHER,10.9,VENTURE,24600,18.65,0,0.48,N,6
42,35600,RENT,3.4,VENTURE,14200,16.81,1,0.4,N,5
39,27300,RENT,2.1,EDUCATION,15400,18.36,0,0.56,Y,2
55,51900,OWN,37.0,MEDICAL,22500,14.71,0,0.43,N,2
35,48200,MORTGAGE,0.5,EDUCATION,22700,13.17,0,0.47,N,6
36,35000,MORTGAGE,15.9,PERSONAL,22500,17.38,1,0.64,Y,4
43,47100,MORTGAGE,2.8,HOMEIMPROVEMENT,22700,15.15,1,0.48,N,12
37,62200,RENT,,VENTURE,12500,13.18,0,0.2,N,10
32,97600,RENT,8.1,VENTURE,14600,8.88,0,0.15,N,8
36,60300,RENT,,DEBTCONSOLIDATION,9300,12.09,0,0.15,N,6
37,49200,RENT,8.0,EDUCATION,13200,7.2,0,0.27,N,7
47,34400,RENT,0.2,EDUCATION,29100,,1,0.85,N,11
42,36000,RENT,18.3,PERSONAL,22300,19.87,0,0.62,Y,5
53,61000,MORTGAGE,5.6,PERSONAL,11300,9.96,0,0.19,N,6
29,62900,RENT,0.2,PERSONAL,17000,13.24,0,0.27,N,4
35,47900,RENT,0.0,HOMEIMPROVEMENT,9300,9.65,0,0.19,Y,11
36,89100,RENT,4.5,MEDICAL,8500,8.69,0,0.1,N,9
46,56000,RENT,18.8,VENTURE,12300,10.52,0,0.22,N,4
38,41500,RENT,3.7,HOMEIMPROVEMENT,7800,12.96,1,0.19,N,2
41,37800,MORTGAGE,,DEBTCONSOLIDATION,15200,17.4,1,0.4,Y,8
36,36400,RENT,14.0,EDUCATION,12500,15.17,0,0.34,N,13
35,70500,RENT,17.0,MEDICAL,7100,12.16,0,0.1,N,4
38,38500,MORTGAGE,7.7,PERSONAL,18700,17.77,1,0.49,N,11
54,57500,RENT,6.3,EDUCATION,19300,11.47,1,0.34,N,4
34,34000,OWN,0.0,DEBTCONSOLIDATION,25200,19.77,1,0.74,Y,4
55,49400,OTHER,1.9,VENTURE,19000,14.49,0,0.38,Y,6
53,52600,MORTGAGE,13.0,EDUCATION,8700,9.44,0,0.17,N,8
40,198800,RENT,2.3,VENTURE,17700,9.22,0,0.09,N,9
44,26400,MORTGAGE,2.0,VENTURE,30400,18.53,1,1.15,Y,9
47,84500,MORTGAGE,3.9,MEDICAL,23600,16.19,0,0.28,N,7
50,35500,MORTGAGE,3.0,VENTURE,12600,14.61,0,0.35,N,8
36,113800,RENT,9.8,DEBTCONSOLIDATION,18600,12.61,0,0.16,N,3
51,36900,RENT,0.4,MEDICAL,3100,10.13,0,0.08,N,3
45,95800,RENT,5.4,HOMEIMPROVEMENT,8700,11.21,0,0.09,N,4
37,61200,RENT,6.0,PERSONAL,12000,12.2,0,0.2,N,5
45,26000,RENT,10.6,DEBTCONSOLIDATION,12200,17.13,0,0.47,N,7
37,60400,RENT,2.7,EDUCATION,24600,15.38,1,0.41,Y,2
44,71900,MORTGAGE,1.7,VENTURE,31900,15.69,0,0.44,N,2
40,74800,MORTGAGE,4.9,VENTURE,13000,11.75,0,0.17,N,9
45,47600,RENT,,EDUCATION,11800,14.44,1,0.25,Y,10
46,225700,RENT,0.9,VENTURE,7000,6.63,0,0.03,N,12
57,158000,MORTGAGE,0.9,DEBTCONSOLIDATION,9000,12.24,0,0.06,N,2
50,65200,RENT,1.5,EDUCATION,7200,9.76,0,0.11,N,5
48,26300,MORTGAGE,1.4,PERSONAL,11000,13.08,0,0.42,N,10
32,31300,RENT,6.9,HOMEIMPROVEMENT,20100,18.9,1,0.64,Y,6
53,46700,MORTGAGE,3.8,VENTURE,3400,7.9,0,0.07,N,8
41,51400,MORTGAGE,4.0,MEDICAL,24300,15.86,0,0.47,N,8
36,34400,MORTGAGE,0.1,VENTURE,19300,17.76,1,0.56,N,8
67,40200,RENT,25.8,VENTURE,11400,14.3,0,0.28,N,8
38,18100,MORTGAGE,8.9,EDUCATION,14500,17.73,1,0.8,Y,3
58,16500,RENT,2.9,EDUCATION,6400,14.03,0,0.39,N,4
47,54600,RENT,0.3,PERSONAL,21000,15.06,0,0.38,N,3
49,130100,MORTGAGE,5.9,VENTURE,21100,11.19,0,0.16,N,10
44,23100,RENT,3.8,MEDICAL,11600,,1,0.5,N,2
37,48200,RENT,5.7,HOMEIMPROVEMENT,9400,12.44,0,0.2,N,9
51,53600,MORTGAGE,5.7,PERSONAL,15800,10.22,0,0.29,N,2
46,66500,RENT,0.8,EDUCATION,10500,12.72,0,0.16,N,3
46,40900,MORTGAGE,2.0,VENTURE,18800,15.55,0,0.46,Y,17
45,29600,MORTGAGE,0.1,PERSONAL,19100,17.6,0,0.65,N,7
42,77300,RENT,20.2,PERSONAL,30600,14.51,1,0.4,Y,4
51,18500,MORTGAGE,8.2,MEDICAL,11100,16.85,1,0.6,Y,5
49,66800,RENT,13.2,PERSONAL,4900,8.36,0,0.07,N,2
52,34800,MORTGAGE,0.2,MEDICAL,24900,17.9,1,0.72,Y,10
42,62000,RENT,3.5,VENTURE,2600,8.81,0,0.04,N,4
41,102600,MORTGAGE,6.9,PERSONAL,12900,11.75,0,0.13,N,9
40,37100,MORTGAGE,0.5,VENTURE,9400,14.95,0,0.25,N,9
45,44200,OTHER,7.5,PERSONAL,12200,7.88,0,0.28,N,4
32,43000,RENT,5.2,MEDICAL,7900,,0,0.18,N,9
70,189700,RENT,21.0,PERSONAL,18000,8.68,0,0.09,N,2
39,50500,RENT,,EDUCATION,15300,11.5,0,0.3,Y,6
56,49200,RENT,5.0,EDUCATION,12000,13.24,0,0.24,N,6
40,51700,RENT,14.7,HOMEIMPROVEMENT,17800,10.51,0,0.34,N,6
33,114000,OWN,6.8,EDUCATION,5800,10.32,0,0.05,N,11
49,38100,RENT,2.0,PERSONAL,23800,20.29,1,0.62,Y,8
63,83800,RENT,0.6,DEBTCONSOLIDATION,13000,,1,0.16,N,12
49,35700,MORTGAGE,16.6,DEBTCONSOLIDATION,16600,16.79,0,0.46,N,7
62,34400,RENT,0.4,DEBTCONSOLIDATION,9700,14.8,1,0.28,N,5
56,66400,RENT,18.5,HOMEIMPROVEMENT,30000,15.13,0,0.45,Y,8
36,105600,OWN,1.8,MEDICAL,13000,8.02,0,0.12,N,2
51,43900,RENT,9.8,MEDICAL,8100,10.93,0,0.18,Y,6
47,43700,MORTGAGE,4.0,EDUCATION,7600,11.6,0,0.17,N,3
38,76800,RENT,12.2,EDUCATION,9700,8.1,0,0.13,N,6
55,53900,MORTGAGE,2.8,PERSONAL,20800,16.23,0,0.39,N,6
35,78700,RENT,9.5,MEDICAL,10300,11.49,1,0.13,Y,3
54,22200,RENT,1.4,MEDICAL,5700,12.25,0,0.26,N,7
51,30600,RENT,3.1,PERSONAL,12900,,1,0.42,N,5
45,52400,RENT,,EDUCATION,8600,9.44,0,0.16,N,13
39,69500,OWN,0.6,EDUCATION,26600,13.42,0,0.38,N,14
51,50400,RENT,6.5,DEBTCONSOLIDATION,11500,12.84,0,0.23,N,7
31,56600,MORTGAGE,2.9,PERSONAL,10400,8.26,0,0.18,N,4
38,75600,OWN,3.6,MEDICAL,12900,7.6,0,0.17,N,10
44,27300,RENT,4.3,VENTURE,3800,11.38,1,0.14,N,2
45,75600,MORTGAGE,1.6,EDUCATION,14600,6.98,0,0.19,Y,4
38,96600,MORTGAGE,0.5,MEDICAL,31600,13.28,0,0.33,N,13
38,44900,MORTGAGE,,EDUCATION,10900,13.36,0,0.24,N,6
49,33700,MORTGAGE,2.8,MEDICAL,27400,19.74,1,0.81,Y,15
37,88300,RENT,1.6,EDUCATION,6800,7.76,1,0.08,Y,6
41,139500,RENT,,MEDICAL,16000,8.38,0,0.11,N,9
35,58800,RENT,,VENTURE,7800,,0,0.13,N,9
44,33300,MORTGAGE,3.5,VENTURE,24700,22.57,0,0.74,N,11
42,54000,RENT,4.8,MEDICAL,19400,,0,0.36,N,2
30,34200,OWN,4.1,EDUCATION,24500,17.65,1,0.72,N,4
34,80300,RENT,0.0,VENTURE,18500,13.14,0,0.23,N,13
25,52700,MORTGAGE,7.0,DEBTCONSOLIDATION,18000,18.3,0,0.34,N,5
57,32500,MORTGAGE,0.3,HOMEIMPROVEMENT,14600,,1,0.45,Y,6
38,60500,OWN,2.6,MEDICAL,15000,11.82,1,0.25,Y,10
47,37800,RENT,0.6,HOMEIMPROVEMENT,21100,16.53,0,0.56,N,5
36,26300,RENT,5.4,MEDICAL,15600,16.19,1,0.59,N,2
59,82300,MORTGAGE,2.0,VENTURE,12600,13.21,0,0.15,N,8
32,63800,OWN,0.4,DEBTCONSOLIDATION,18900,15.55,0,0.3,N,7
56,41900,RENT,0.2,MEDICAL,29400,16.3,1,0.7,Y,8
45,109100,MORTGAGE,1.4,EDUCATION,26100,11.95,0,0.24,N,10
51,35900,RENT,5.5,MEDICAL,10600,,0,0.3,N,6
58,42700,MORTGAGE,6.3,DEBTCONSOLIDATION,11700,15.09,1,0.27,N,3
46,66600,MORTGAGE,0.7,HOMEIMPROVEMENT,28900,15.45,0,0.43,N,2
63,87700,MORTGAGE,0.7,EDUCATION,9000,7.96,0,0.1,N,5
57,67200,RENT,4.5,PERSONAL,6900,,0,0.1,N,7
50,39700,RENT,15.8,EDUCATION,13500,16.0,0,0.34,N,3
55,47500,MORTGAGE,4.0,DEBTCONSOLIDATION,12900,12.4,0,0.27,N,4
44,38000,MORTGAGE,6.2,DEBTCONSOLIDATION,15000,14.44,0,0.39,N,9
37,45100,OWN,4.3,PERSONAL,3900,5.59,0,0.09,N,13
70,47000,RENT,0.6,DEBTCONSOLIDATION,8500,11.78,0,0.18,N,5
45,68100,RENT,14.6,VENTURE,21800,14.13,0,0.32,N,5
47,37100,RENT,0.4,EDUCATION,11200,8.83,0,0.3,N,2
34,91600,MORTGAGE,7.1,DEBTCONSOLIDATION,26400,15.84,0,0.29,N,10
58,53400,MORTGAGE,19.4,EDUCATION,15500,13.2,0,0.29,N,2
47,33900,MORTGAGE,1.9,EDUCATION,3400,7.51,0,0.1,N,3
49,67100,RENT,0.9,MEDICAL,30600,16.0,0,0.46,N,12
51,50700,RENT,4.2,VENTURE,10400,15.82,0,0.21,N,3
38,42100,OWN,7.9,EDUCATION,11400,12.76,0,0.27,N,9
58,118100,MORTGAGE,14.9,PERSONAL,26100,8.52,0,0.22,N,13
48,45600,RENT,5.9,EDUCATION,24600,15.9,1,0.54,N,9
31,42200,RENT,2.0,PERSONAL,18300,14.4,0,0.43,N,7
55,91900,OWN,3.4,VENTURE,2700,9.16,0,0.03,N,3
43,71500,RENT,7.2,DEBTCONSOLIDATION,2000,10.4,0,0.03,N,6
39,82000,MORTGAGE,7.8,MEDICAL,8000,11.57,0,0.1,N,10
32,39700,RENT,0.4,DEBTCONSOLIDATION,20500,19.58,0,0.52,N,6
41,61100,MORTGAGE,4.8,MEDICAL,22900,14.7,0,0.37,N,8
40,25300,MORTGAGE,17.1,VENTURE,8800,,1,0.35,N,10
57,18800,RENT,7.7,VENTURE,5600,11.85,0,0.3,N,5
40,39100,MORTGAGE,0.0,MEDICAL,12500,12.21,0,0.32,N,6
34,55600,RENT,1.3,EDUCATION,27100,,0,0.49,N,12
49,202800,RENT,2.9,MEDICAL,14500,10.31,0,0.07,N,4
57,107700,RENT,6.1,EDUCATION,19600,,0,0.18,N,4
42,29700,MORTGAGE,4.1,EDUCATION,18900,17.89,0,0.64,N,15
66,87700,RENT,0.4,PERSONAL,23600,,0,0.27,N,5
55,25800,RENT,6.7,VENTURE,31300,18.55,1,1.21,Y,6
58,125900,RENT,9.1,VENTURE,30800,12.75,0,0.24,N,3
49,41000,MORTGAGE,1.2,VENTURE,14800,13.69,0,0.36,N,3
48,39500,OWN,0.3,EDUCATION,10700,12.74,0,0.27,N,4
39,95000,RENT,7.8,EDUCATION,21300,17.14,1,0.22,Y,17
62,39800,RENT,5.1,VENTURE,18800,14.15,0,0.47,N,2
60,141700,MORTGAGE,8.1,MEDICAL,21200,9.53,0,0.15,N,3
63,39600,RENT,4.2,VENTURE,10100,13.6,1,0.26,Y,8
44,88300,MORTGAGE,2.8,DEBTCONSOLIDATION,15800,10.88,0,0.18,N,7
42,57700,RENT,,EDUCATION,8100,9.36,0,0.14,N,13
52,78700,MORTGAGE,7.6,DEBTCONSOLIDATION,8700,9.08,0,0.11,N,4
40,31100,RENT,2.7,DEBTCONSOLIDATION,11400,16.86,1,0.37,N,14
44,19800,RENT,11.9,DEBTCONSOLIDATION,19000,23.22,1,0.96,Y,5
31,32300,MORTGAGE,13.0,PERSONAL,10200,13.94,0,0.32,N,8
47,43400,MORTGAGE,,DEBTCONSOLIDATION,10600,14.72,0,0.24,N,2
50,48500,RENT,11.2,HOMEIMPROVEMENT,21700,16.82,0,0.45,Y,3
59,41500,MORTGAGE,0.2,VENTURE,26200,19.03,0,0.63,Y,10
52,16700,RENT,1.2,DEBTCONSOLIDATION,23100,22.09,1,1.38,Y,6
54,38100,MORTGAGE,0.9,DEBTCONSOLIDATION,8100,11.73,1,0.21,N,4
65,55400,RENT,2.2,MEDICAL,13100,10.67,0,0.24,N,12
38,47400,RENT,4.1,VENTURE,18800,12.36,1,0.4,N,7
37,44100,OWN,6.4,VENTURE,19000,16.2,0,0.43,Y,10
46,42100,RENT,11.7,MEDICAL,11900,14.67,0,0.28,N,5
36,55900,MORTGAGE,0.9,MEDICAL,12400,10.88,0,0.22,N,3
48,30500,MORTGAGE,4.3,MEDICAL,15700,15.11,0,0.51,N,3
36,47300,MORTGAGE,4.0,MEDICAL,18100,15.94,0,0.38,N,5
37,43300,MORTGAGE,3.1,MEDICAL,5500,11.45,0,0.13,N,10
33,27300,RENT,5.9,VENTURE,17300,19.17,1,0.63,Y,5
47,49000,OWN,3.6,PERSONAL,14200,12.64,0,0.29,N,4
34,18200,RENT,4.0,PERSONAL,4200,10.17,0,0.23,N,10
49,37300,MORTGAGE,11.7,MEDICAL,5000,8.17,0,0.13,N,8
51,65200,MORTGAGE,9.8,EDUCATION,8400,10.25,0,0.13,N,5
39,68000,MORTGAGE,4.3,DEBTCONSOLIDATION,11100,14.72,0,0.16,N,7
53,54600,RENT,0.8,VENTURE,20500,17.32,0,0.38,N,8
51,61300,RENT,15.9,HOMEIMPROVEMENT,10400,7.75,0,0.17,N,10
56,76200,RENT,4.9,MEDICAL,20500,14.12,0,0.27,N,9
38,57400,MORTGAGE,8.2,EDUCATION,13900,11.56,0,0.24,N,10
38,103500,MORTGAGE,0.3,EDUCATION,8500,9.36,0,0.08,Y,17
51,16900,MORTGAGE,11.4,EDUCATION,21000,,1,1.24,N,13
46,85300,OTHER,5.9,MEDICAL,19300,10.05,0,0.23,Y,14
47,16400,OWN,5.8,EDUCATION,4100,16.27,0,0.25,Y,14
59,38400,RENT,0.6,EDUCATION,19700,18.22,0,0.51,N,3
34,81000,RENT,6.2,EDUCATION,17900,10.37,1,0.22,N,6
54,76200,RENT,0.4,PERSONAL,11500,9.0,0,0.15,N,7
51,31800,MORTGAGE,0.3,PERSONAL,16900,15.56,1,0.53,Y,11
50,52800,RENT,2.0,EDUCATION,7400,12.17,0,0.14,N,9
55,39000,RENT,0.1,HOMEIMPROVEMENT,15900,14.31,0,0.41,N,7
43,86300,MORTGAGE,0.9,EDUCATION,7900,7.5,0,0.09,N,2
36,51900,MORTGAGE,6.5,EDUCATION,6500,10.02,0,0.13,N,6
40,37900,OWN,9.0,EDUCATION,8400,10.81,1,0.22,N,2
39,66800,MORTGAGE,1.0,EDUCATION,6700,9.23,0,0.1,N,4
28,74500,OWN,8.7,PERSONAL,6800,7.76,0,0.09,N,10
50,48700,RENT,3.3,EDUCATION,24800,17.31,1,0.51,N,2
42,77600,MORTGAGE,15.8,PERSONAL,25600,13.47,0,0.33,N,2
43,127900,RENT,0.8,MEDICAL,19700,10.16,0,0.15,N,8
40,17300,MORTGAGE,0.3,MEDICAL,21100,16.76,1,1.22,Y,10
44,105200,OWN,9.3,DEBTCONSOLIDATION,11200,12.68,0,0.11,N,2
61,119100,MORTGAGE,2.2,EDUCATION,14900,9.7,0,0.13,N,7
32,69400,MORTGAGE,,DEBTCONSOLIDATION,22200,16.81,0,0.32,N,2
64,45600,OWN,3.6,MEDICAL,13700,14.59,0,0.3,Y,6
47,23000,RENT,8.7,HOMEIMPROVEMENT,19800,18.04,1,0.86,Y,14
40,55500,MORTGAGE,0.4,HOMEIMPROVEMENT,12400,10.56,0,0.22,Y,8
41,43400,MORTGAGE,4.0,DEBTCONSOLIDATION,11000,13.92,0,0.25,N,10
37,25200,MORTGAGE,2.8,DEBTCONSOLIDATION,23400,22.86,1,0.93,Y,13
31,37800,MORTGAGE,,DEBTCONSOLIDATION,10700,11.81,1,0.28,N,10
36,53000,MORTGAGE,2.1,PERSONAL,13500,13.21,0,0.25,N,3
44,62800,MORTGAGE,13.3,DEBTCONSOLIDATION,6400,8.24,0,0.1,N,3
42,30800,RENT,1.6,PERSONAL,14200,,1,0.46,Y,5
49,14600,RENT,3.0,DEBTCONSOLIDATION,16300,19.51,1,1.12,Y,2
40,47100,MORTGAGE,3.4,HOMEIMPROVEMENT,11800,9.63,0,0.25,N,6
39,32700,RENT,6.4,PERSONAL,17300,14.56,1,0.53,Y,5
70,42600,RENT,3.7,HOMEIMPROVEMENT,12800,,1,0.3,N,5
37,17600,OWN,4.9,VENTURE,12500,23.22,1,0.71,N,16
38,45400,MORTGAGE,2.5,HOMEIMPROVEMENT,12400,15.21,0,0.27,N,14
54,66500,RENT,6.3,EDUCATION,23900,13.22,0,0.36,N,9
51,42500,RENT,3.1,EDUCATION,19500,18.27,0,0.46,N,2
41,57300,MORTGAGE,1.3,EDUCATION,13100,13.25,0,0.23,N,2
52,46100,OTHER,8.5,EDUCATION,17100,12.97,0,0.37,N,11
45,18300,MORTGAGE,7.3,DEBTCONSOLIDATION,22500,20.53,1,1.23,Y,6
40,56600,MORTGAGE,4.9,MEDICAL,13100,13.52,0,0.23,N,3
51,35200,RENT,3.7,EDUCATION,23300,18.89,1,0.66,N,7
44,26100,OWN,1.2,DEBTCONSOLIDATION,7900,13.65,0,0.3,N,2
31,78700,MORTGAGE,10.1,EDUCATION,16000,9.22,0,0.2,N,10
51,62800,RENT,0.5,EDUCATION,11200,11.75,0,0.18,N,6
43,38700,RENT,2.4,VENTURE,6200,12.04,1,0.16,N,2
60,49700,RENT,9.6,EDUCATION,25200,16.78,0,0.51,N,3
53,59200,OWN,4.5,MEDICAL,13800,11.79,1,0.23,N,2
46,21300,MORTGAGE,2.9,PERSONAL,14800,16.1,0,0.69,N,8
41,28900,RENT,7.8,MEDICAL,14300,18.26,1,0.49,Y,5
44,29700,RENT,22.8,EDUCATION,14900,16.04,0,0.5,N,4
37,71200,RENT,1.0,MEDICAL,15900,11.45,0,0.22,N,4
46,128200,RENT,0.3,VENTURE,24300,14.27,0,0.19,N,5
61,75000,RENT,3.1,MEDICAL,28200,12.78,0,0.38,N,12
66,57800,RENT,1.7,EDUCATION,16700,12.36,0,0.29,Y,7
57,30800,MORTGAGE,5.5,PERSONAL,11500,14.19,1,0.37,Y,2
46,81400,OWN,3.4,EDUCATION,14300,12.37,0,0.18,N,7
34,44400,RENT,3.5,HOMEIMPROVEMENT,18800,14.69,0,0.42,N,11
44,31100,RENT,2.2,EDUCATION,14600,19.76,1,0.47,Y,6
54,80600,MORTGAGE,1.2,PERSONAL,9400,6.16,0,0.12,N,2
52,112600,RENT,1.2,EDUCATION,16400,9.89,0,0.15,N,8
43,81300,RENT,2.4,VENTURE,25100,13.94,0,0.31,Y,4
42,200400,RENT,5.7,EDUCATION,6400,10.32,0,0.03,N,17
48,35700,RENT,2.1,EDUCATION,5400,10.09,0,0.15,Y,4
45,41900,RENT,2.0,DEBTCONSOLIDATION,30300,21.98,1,0.72,Y,2
44,33400,OWN,2.8,MEDICAL,21800,17.81,1,0.65,N,2
43,33300,RENT,23.5,MEDICAL,12200,14.61,0,0.37,N,7
59,116800,RENT,0.5,HOMEIMPROVEMENT,3800,11.77,0,0.03,N,7
36,29500,RENT,1.7,EDUCATION,27300,17.17,1,0.93,N,6
42,40100,RENT,1.7,MEDICAL,21500,15.75,1,0.54,N,2
42,108400,MORTGAGE,18.3,EDUCATION,16400,11.18,0,0.15,N,3
46,67000,MORTGAGE,2.6,HOMEIMPROVEMENT,21400,16.28,0,0.32,N,12
45,31000,RENT,4.2,VENTURE,16900,,1,0.55,Y,17
44,51800,OWN,1.1,DEBTCONSOLIDATION,18000,,0,0.35,N,6
37,21300,MORTGAGE,0.1,EDUCATION,25800,18.29,1,1.21,Y,7
44,48500,MORTGAGE,2.1,MEDICAL,12100,10.97,0,0.25,N,15
50,56500,RENT,5.1,VENTURE,14600,12.9,0,0.26,N,2
46,58500,RENT,5.9,EDUCATION,21100,14.97,0,0.36,N,9
36,152100,MORTGAGE,7.0,VENTURE,9600,5.57,0,0.06,N,11
45,81500,RENT,9.9,HOMEIMPROVEMENT,16200,13.56,0,0.2,N,3
45,28500,RENT,0.6,HOMEIMPROVEMENT,11000,17.88,1,0.39,N,2
41,57500,OTHER,0.4,MEDICAL,4700,10.17,0,0.08,N,2
46,52300,MORTGAGE,7.7,VENTURE,7500,8.45,0,0.14,N,2
39,151200,RENT,2.9,EDUCATION,6600,6.33,0,0.04,N,10
51,42500,MORTGAGE,14.7,HOMEIMPROVEMENT,15000,14.45,0,0.35,Y,5
65,58200,MORTGAGE,14.4,VENTURE,6700,12.58,0,0.12,N,2
52,62700,RENT,0.8,EDUCATION,14900,12.57,1,0.24,N,4
38,30100,RENT,5.9,DEBTCONSOLIDATION,19700,19.85,1,0.65,Y,5
50,23400,RENT,0.3,MEDICAL,17000,18.95,1,0.73,Y,10
53,47800,RENT,2.6,PERSONAL,20100,16.69,1,0.42,N,3
48,78200,RENT,9.2,DEBTCONSOLIDATION,13800,8.0,0,0.18,N,5
49,26300,RENT,3.1,MEDICAL,19800,19.37,1,0.75,Y,6
44,51300,RENT,,VENTURE,21400,16.27,1,0.42,Y,7
35,37500,RENT,1.4,EDUCATION,9300,9.87,0,0.25,N,5
43,18700,RENT,0.5,EDUCATION,23700,21.34,1,1.27,N,3
37,61600,RENT,2.6,EDUCATION,27500,14.92,0,0.45,N,10
42,67900,RENT,6.0,PERSONAL,19600,13.8,0,0.29,N,5
40,78300,RENT,5.4,MEDICAL,30000,14.31,0,0.38,N,8
37,83300,MORTGAGE,6.3,PERSONAL,5200,7.02,0,0.06,N,7
58,51300,RENT,2.4,PERSONAL,7400,11.41,0,0.14,N,3
44,67500,RENT,,PERSONAL,25700,17.34,0,0.38,N,9
40,60100,MORTGAGE,0.3,EDUCATION,3900,6.0,0,0.06,N,4
25,13200,RENT,7.0,VENTURE,15900,20.25,1,1.2,Y,2
33,23700,RENT,0.6,PERSONAL,9600,12.86,1,0.41,N,8
52,36100,RENT,1.0,MEDICAL,13100,13.67,0,0.36,N,9
46,55800,MORTGAGE,0.1,MEDICAL,11700,11.63,0,0.21,N,2
67,62800,OWN,1.9,PERSONAL,8200,9.83,0,0.13,N,28
39,77500,RENT,8.5,MEDICAL,15900,9.73,0,0.21,N,4
57,78500,RENT,2.0,MEDICAL,8400,,0,0.11,N,7
43,60000,MORTGAGE,5.5,VENTURE,12100,13.24,0,0.2,Y,4
37,71000,RENT,16.8,PERSONAL,20800,10.49,0,0.29,N,13
41,125900,OWN,11.2,PERSONAL,17900,10.53,0,0.14,N,2
45,67900,RENT,1.0,EDUCATION,17400,13.69,0,0.26,N,6
40,53200,RENT,2.2,EDUCATION,14000,14.28,0,0.26,N,7
35,69700,RENT,7.0,PERSONAL,8200,9.3,0,0.12,N,8
37,84800,RENT,19.0,VENTURE,12900,7.48,0,0.15,N,5
49,127000,RENT,6.3,DEBTCONSOLIDATION,13300,,0,0.1,N,3
36,29700,MORTGAGE,1.5,VENTURE,8400,17.47,0,0.28,N,5
39,22000,RENT,0.7,VENTURE,16200,,1,0.74,Y,7
37,60700,RENT,3.4,MEDICAL,14300,9.4,0,0.24,N,2
47,24500,RENT,1.1,PERSONAL,10600,14.9,1,0.43,Y,6
70,47200,MORTGAGE,1.3,VENTURE,8500,10.22,0,0.18,N,13
49,146700,RENT,5.0,MEDICAL,7200,6.88,0,0.05,N,15
38,54300,RENT,3.6,EDUCATION,24700,13.79,0,0.45,N,7
47,54600,RENT,0.6,EDUCATION,27700,15.11,0,0.51,N,5
39,43500,RENT,0.8,EDUCATION,22300,15.58,1,0.51,N,7
46,124000,OWN,0.1,EDUCATION,16100,10.98,0,0.13,N,9
60,68400,RENT,1.2,VENTURE,29200,21.37,1,0.43,N,4
44,41900,RENT,10.9,PERSONAL,13300,14.32,0,0.32,N,4
47,122300,OTHER,7.9,VENTURE,4500,9.89,0,0.04,N,2
44,60000,RENT,2.7,MEDICAL,11500,,0,0.19,Y,8
53,43100,MORTGAGE,6.8,EDUCATION,8000,11.56,0,0.19,N,8
51,17200,MORTGAGE,2.6,DEBTCONSOLIDATION,18500,23.22,1,1.08,Y,15
41,58400,RENT,7.9,PERSONAL,10100,11.25,0,0.17,N,9
51,42300,RENT,1.0,MEDICAL,13300,9.68,0,0.31,N,6
46,45600,MORTGAGE,0.8,EDUCATION,27400,19.79,1,0.6,Y,7
41,44200,RENT,0.4,DEBTCONSOLIDATION,32400,20.24,1,0.73,Y,13
41,19800,RENT,1.4,EDUCATION,14700,19.23,1,0.74,N,6
46,221900,RENT,0.8,PERSONAL,9700,6.44,0,0.04,N,8
47,37000,RENT,8.0,MEDICAL,12700,15.21,0,0.34,N,8
43,78200,RENT,1.4,DEBTCONSOLIDATION,24500,13.12,0,0.31,N,18
47,48000,RENT,3.6,VENTURE,9000,10.47,0,0.19,Y,2
38,12000,RENT,7.1,EDUCATION,5100,17.01,0,0.42,N,8
36,49900,MORTGAGE,5.7,EDUCATION,22300,13.34,0,0.45,N,8
33,57900,RENT,,EDUCATION,14600,14.38,0,0.25,N,8
49,40100,RENT,0.4,MEDICAL,25500,22.1,1,0.64,N,5
33,120300,RENT,12.1,PERSONAL,18300,12.11,0,0.15,Y,5
47,145200,RENT,4.9,EDUCATION,4100,6.9,0,0.03,N,7
40,63400,RENT,6.1,MEDICAL,21300,13.65,1,0.34,Y,8
42,68400,RENT,2.4,MEDICAL,8200,9.78,0,0.12,N,2
42,28700,RENT,1.4,EDUCATION,6900,9.49,0,0.24,Y,10
70,28700,MORTGAGE,3.8,PERSONAL,15300,17.29,1,0.53,Y,8
39,37800,RENT,0.4,EDUCATION,12800,10.32,0,0.34,N,8
37,162800,RENT,8.0,PERSONAL,10200,8.37,0,0.06,N,10
64,40100,OTHER,5.3,MEDICAL,15900,14.74,0,0.4,N,4
34,111800,RENT,7.2,VENTURE,19900,11.93,0,0.18,N,6
35,36400,RENT,4.2,MEDICAL,13800,16.55,1,0.38,N,6
53,31900,MORTGAGE,4.3,MEDICAL,21300,17.69,1,0.67,Y,4
48,41100,RENT,4.6,MEDICAL,12300,13.15,1,0.3,Y,6
41,40600,OWN,7.7,HOMEIMPROVEMENT,14000,13.45,0,0.34,N,8
36,36400,RENT,1.3,MEDICAL,14900,19.42,1,0.41,Y,9
30,127900,MORTGAGE,5.7,EDUCATION,10400,5.42,0,0.08,N,10
61,52600,RENT,4.0,MEDICAL,11300,10.1,0,0.21,N,12
51,48600,OWN,3.4,PERSONAL,14200,14.7,0,0.29,N,3
59,54900,MORTGAGE,3.9,MEDICAL,24800,,0,0.45,N,4
55,89600,RENT,1.6,EDUCATION,15100,13.09,0,0.17,N,6
48,54900,MORTGAGE,0.2,MEDICAL,6400,9.69,0,0.12,N,10
39,64100,RENT,7.1,EDUCATION,19600,,0,0.31,Y,17
36,94800,MORTGAGE,12.4,MEDICAL,14300,6.25,0,0.15,N,2
56,30100,MORTGAGE,3.3,DEBTCONSOLIDATION,12000,16.77,1,0.4,Y,4
40,34200,MORTGAGE,9.1,MEDICAL,18500,17.93,0,0.54,N,6
37,57500,RENT,4.1,VENTURE,7700,7.26,0,0.13,N,5
39,36700,OWN,13.3,PERSONAL,21200,18.03,1,0.58,N,5
57,47700,MORTGAGE,3.6,VENTURE,19200,,1,0.4,N,14
37,29500,RENT,1.1,EDUCATION,8100,11.94,1,0.27,N,3
41,33700,RENT,10.2,EDUCATION,23300,21.45,1,0.69,Y,11
43,99800,MORTGAGE,8.1,DEBTCONSOLIDATION,8200,10.43,0,0.08,N,5
46,44300,MORTGAGE,2.5,DEBTCONSOLIDATION,18100,16.34,1,0.41,N,2
37,42100,MORTGAGE,9.2,PERSONAL,11400,12.83,0,0.27,N,10
43,34400,RENT,0.0,VENTURE,20300,14.02,1,0.59,Y,15
53,33300,RENT,8.0,MEDICAL,5000,9.45,0,0.15,N,3
67,30600,MORTGAGE,5.8,PERSONAL,9200,9.98,0,0.3,N,2
36,26600,RENT,2.4,PERSONAL,13400,14.58,1,0.5,Y,3
37,36800,RENT,7.8,PERSONAL,19100,16.26,1,0.52,N,2
37,50800,MORTGAGE,0.7,VENTURE,16600,12.74,0,0.33,N,10
50,77100,RENT,1.1,MEDICAL,28600,16.36,0,0.37,N,2
36,51700,RENT,3.8,MEDICAL,15300,11.98,0,0.3,N,6
43,31100,RENT,10.6,VENTURE,10200,14.04,0,0.33,Y,2
42,40200,RENT,0.7,EDUCATION,12600,13.48,1,0.31,Y,6
69,38900,MORTGAGE,4.2,EDUCATION,5500,11.04,0,0.14,N,4
39,37700,MORTGAGE,7.0,DEBTCONSOLIDATION,6600,13.8,0,0.18,N,5
39,44000,MORTGAGE,6.8,MEDICAL,14300,15.15,0,0.32,N,5
50,88400,RENT,4.9,HOMEIMPROVEMENT,30400,9.86,0,0.34,N,9
47,78500,MORTGAGE,14.1,MEDICAL,9200,11.26,0,0.12,N,5
38,130400,MORTGAGE,3.3,VENTURE,21000,13.26,0,0.16,N,3
58,33100,OWN,10.6,VENTURE,11300,18.73,0,0.34,N,8
34,29300,OWN,,VENTURE,3900,10.79,0,0.13,N,5
43,44200,RENT,6.7,DEBTCONSOLIDATION,7700,12.21,1,0.17,N,6
41,102900,OWN,3.1,EDUCATION,16700,,0,0.16,N,4
43,17000,RENT,0.9,MEDICAL,8900,21.31,1,0.52,Y,5
38,57700,RENT,0.6,MEDICAL,23500,15.0,0,0.41,N,7
43,45000,RENT,,MEDICAL,11300,11.89,0,0.25,N,15
46,76300,RENT,2.4,DEBTCONSOLIDATION,8800,12.0,0,0.12,N,9
29,68300,MORTGAGE,4.2,EDUCATION,21000,10.75,0,0.31,N,11
40,76200,OWN,6.9,MEDICAL,7600,11.07,0,0.1,N,9
38,70900,MORTGAGE,,PERSONAL,28500,13.96,0,0.4,N,2
63,250000,MORTGAGE,3.6,EDUCATION,9000,8.33,0,0.04,N,3
48,144500,MORTGAGE,1.9,DEBTCONSOLIDATION,22200,11.77,0,0.15,N,2
37,85300,MORTGAGE,7.5,MEDICAL,14300,13.89,1,0.17,N,2
40,41500,RENT,2.7,EDUCATION,19800,15.38,1,0.48,N,3
41,44100,MORTGAGE,13.8,VENTURE,7100,13.62,0,0.16,N,2
39,101900,MORTGAGE,8.7,VENTURE,8500,6.1,0,0.08,N,9
49,104100,MORTGAGE,6.9,EDUCATION,8300,10.24,0,0.08,N,5
60,33900,MORTGAGE,1.4,PERSONAL,7000,13.43,0,0.21,N,9
26,18000,RENT,2.3,EDUCATION,9500,18.64,1,0.53,N,7
41,19800,RENT,9.5,EDUCATION,23100,17.8,1,1.17,Y,8
67,103300,RENT,,VENTURE,20100,12.96,0,0.19,N,10
41,114500,RENT,7.6,DEBTCONSOLIDATION,10200,12.15,0,0.09,N,8
46,54700,MORTGAGE,2.6,EDUCATION,11300,10.48,1,0.21,N,2
30,64700,MORTGAGE,8.0,DEBTCONSOLIDATION,19700,12.76,0,0.3,N,6
57,144400,RENT,4.0,PERSONAL,22500,11.67,0,0.16,N,2
35,164000,RENT,3.7,EDUCATION,12400,7.59,0,0.08,N,2
48,78700,MORTGAGE,6.0,MEDICAL,19900,12.44,0,0.25,N,11
37,53500,RENT,8.2,DEBTCONSOLIDATION,15500,15.77,0,0.29,N,7
28,42700,RENT,5.9,EDUCATION,32400,16.94,1,0.76,Y,5
47,46400,RENT,3.0,EDUCATION,18500,14.25,0,0.4,N,9
51,35400,RENT,1.9,PERSONAL,19800,16.27,1,0.56,N,24
43,77500,OWN,9.3,VENTURE,23200,14.28,0,0.3,N,2
35,50400,OWN,3.7,MEDICAL,7200,10.7,0,0.14,N,10
70,34500,RENT,7.6,EDUCATION,11400,13.58,1,0.33,Y,5
50,100800,RENT,27.3,PERSONAL,13800,11.94,0,0.14,N,5
45,73400,MORTGAGE,5.2,MEDICAL,7400,9.8,0,0.1,N,4
55,62400,RENT,1.6,EDUCATION,11200,10.48,0,0.18,N,5
39,49600,RENT,10.0,HOMEIMPROVEMENT,18300,14.44,1,0.37,N,6
65,69700,RENT,1.6,VENTURE,9300,11.57,0,0.13,N,12
51,44700,RENT,1.5,MEDICAL,13600,16.53,0,0.3,N,9
54,248500,RENT,0.4,PERSONAL,7100,9.13,0,0.03,N,10
41,190100,MORTGAGE,0.4,VENTURE,6600,7.39,0,0.03,N,2
35,34600,RENT,9.9,EDUCATION,11400,12.57,0,0.33,N,4
45,47000,RENT,1.3,DEBTCONSOLIDATION,19500,14.86,0,0.41,N,6
40,33000,MORTGAGE,0.6,EDUCATION,14500,14.43,0,0.44,N,11
67,19300,MORTGAGE,2.2,HOMEIMPROVEMENT,16900,19.2,1,0.88,Y,11
34,138500,RENT,6.3,MEDICAL,12000,9.71,0,0.09,N,3
59,49900,MORTGAGE,2.1,VENTURE,15900,12.23,0,0.32,N,3
32,29700,MORTGAGE,1.9,HOMEIMPROVEMENT,13600,18.73,1,0.46,Y,3
37,20900,RENT,3.3,MEDICAL,11900,15.14,0,0.57,Y,7
32,61200,OTHER,0.1,VENTURE,3600,9.42,0,0.06,N,5
39,66000,RENT,3.4,PERSONAL,23300,10.26,0,0.35,N,9
42,67900,MORTGAGE,23.0,VENTURE,28500,16.45,0,0.42,N,10
38,97600,RENT,8.0,MEDICAL,14600,11.58,0,0.15,N,6
48,88700,RENT,0.4,EDUCATION,12900,10.93,0,0.15,N,2
42,26700,RENT,5.3,VENTURE,20600,20.56,1,0.77,N,4
30,29800,MORTGAGE,3.1,VENTURE,2900,11.94,0,0.1,N,12
36,92600,RENT,8.8,EDUCATION,7100,11.34,0,0.08,N,10
41,38600,OTHER,0.5,MEDICAL,9700,12.8,1,0.25,N,5
55,24200,MORTGAGE,1.3,MEDICAL,5800,13.29,0,0.24,N,4
45,25500,OWN,7.8,MEDICAL,4500,8.18,0,0.18,N,4
40,90700,RENT,9.5,DEBTCONSOLIDATION,27600,15.4,0,0.3,N,9
33,89800,RENT,3.8,MEDICAL,8100,9.0,0,0.09,N,8
45,58100,RENT,0.1,MEDICAL,16000,11.83,1,0.28,N,11
58,32300,MORTGAGE,11.2,DEBTCONSOLIDATION,14800,17.45,0,0.46,Y,9
41,52300,RENT,2.4,DEBTCONSOLIDATION,9900,14.82,1,0.19,Y,4
37,49600,OWN,0.2,DEBTCONSOLIDATION,17300,15.09,0,0.35,Y,5
49,42500,RENT,,PERSONAL,10600,10.52,0,0.25,N,15
55,78900,MORTGAGE,2.7,DEBTCONSOLIDATION,13100,9.54,0,0.17,N,6
42,41600,RENT,1.1,PERSONAL,11600,,0,0.28,N,8
50,72900,MORTGAGE,8.1,EDUCATION,26100,14.19,1,0.36,N,4
40,65100,OTHER,3.1,EDUCATION,27200,13.57,0,0.42,N,15
51,24500,MORTGAGE,4.7,EDUCATION,11500,15.44,0,0.47,N,11
58,162200,OWN,8.7,MEDICAL,9200,11.58,0,0.06,N,6
53,74400,MORTGAGE,3.7,EDUCATION,19700,12.37,0,0.26,N,4
49,22600,OWN,0.6,PERSONAL,10400,14.88,0,0.46,N,5
63,24600,MORTGAGE,16.6,PERSONAL,13600,16.74,1,0.55,Y,5
41,129500,MORTGAGE,1.7,PERSONAL,14900,7.57,0,0.12,Y,3
49,59800,MORTGAGE,25.8,EDUCATION,31600,,0,0.53,N,4
42,73700,MORTGAGE,0.0,MEDICAL,11600,,0,0.16,N,3
49,67100,MORTGAGE,3.3,VENTURE,12200,,0,0.18,N,7
50,98500,MORTGAGE,6.1,VENTURE,5300,11.16,0,0.05,N,4
53,101000,RENT,11.8,DEBTCONSOLIDATION,17700,11.43,0,0.18,N,19
44,33400,MORTGAGE,7.6,HOMEIMPROVEMENT,8200,10.75,0,0.25,N,2
31,71500,RENT,1.5,EDUCATION,16500,13.1,0,0.23,N,4
42,25000,MORTGAGE,1.4,PERSONAL,9100,11.2,0,0.36,N,4
50,29800,MORTGAGE,2.2,EDUCATION,28000,17.95,1,0.94,Y,2
47,45900,MORTGAGE,0.6,MEDICAL,5700,8.36,0,0.12,N,3
48,21300,MORTGAGE,5.5,PERSONAL,27100,17.29,0,1.27,N,12
51,35300,MORTGAGE,14.2,HOMEIMPROVEMENT,15100,13.81,1,0.43,N,2
35,16400,RENT,5.1,VENTURE,27500,16.6,1,1.68,Y,8
52,53600,MORTGAGE,3.8,MEDICAL,13800,11.74,0,0.26,N,7
64,133700,RENT,3.5,EDUCATION,4500,5.42,0,0.03,N,7
41,55100,MORTGAGE,4.5,PERSONAL,8300,10.71,0,0.15,N,5
54,55200,MORTGAGE,6.2,DEBTCONSOLIDATION,11100,12.87,0,0.2,N,9
45,44500,RENT,7.9,DEBTCONSOLIDATION,27600,20.77,1,0.62,N,8
48,92700,OWN,6.0,VENTURE,20400,14.46,0,0.22,N,2
52,52700,RENT,6.1,VENTURE,16200,12.56,0,0.31,N,4
47,29600,RENT,15.2,DEBTCONSOLIDATION,12700,18.82,1,0.43,N,9
40,59500,RENT,11.5,HOMEIMPROVEMENT,12900,6.06,0,0.22,N,6
47,127200,OWN,8.7,HOMEIMPROVEMENT,17500,,0,0.14,N,5
37,24700,MORTGAGE,0.2,PERSONAL,19300,19.77,1,0.78,N,10
33,32300,OWN,5.5,EDUCATION,13500,17.25,0,0.42,N,2
29,51200,RENT,3.0,MEDICAL,21600,13.99,1,0.42,Y,8
59,44700,RENT,4.8,MEDICAL,14500,12.42,0,0.32,N,4
48,68300,MORTGAGE,5.8,EDUCATION,14300,9.36,0,0.21,N,5
51,31600,RENT,6.3,MEDICAL,17400,19.02,1,0.55,Y,7
46,40500,MORTGAGE,10.2,DEBTCONSOLIDATION,21500,,1,0.53,Y,3
32,55800,MORTGAGE,12.0,PERSONAL,16100,11.98,0,0.29,N,2
58,56800,RENT,4.7,EDUCATION,26700,,0,0.47,N,7
40,226800,RENT,11.2,EDUCATION,24600,6.64,0,0.11,N,3
29,83400,RENT,7.2,HOMEIMPROVEMENT,20700,11.06,0,0.25,N,3
42,23200,RENT,,EDUCATION,13200,15.09,1,0.57,Y,10
57,31000,OWN,0.2,PERSONAL,16500,19.6,1,0.53,Y,9
37,25600,OWN,0.0,EDUCATION,14100,17.03,0,0.55,N,5
41,131600,MORTGAGE,4.4,EDUCATION,2300,9.47,0,0.02,N,7
41,30100,RENT,3.7,VENTURE,17700,21.21,1,0.59,Y,7
36,74800,RENT,6.0,VENTURE,26400,17.03,0,0.35,N,3
45,70800,MORTGAGE,9.3,PERSONAL,14400,,0,0.2,N,6
37,24200,MORTGAGE,0.9,EDUCATION,7800,13.25,0,0.32,Y,8
59,43000,OWN,9.7,MEDICAL,13100,14.76,0,0.3,Y,4
33,46800,MORTGAGE,0.5,PERSONAL,1900,6.53,0,0.04,N,3
35,22700,RENT,10.7,EDUCATION,19800,17.94,1,0.87,Y,2
41,144600,OTHER,9.5,DEBTCONSOLIDATION,17900,10.9,0,0.12,N,4
44,59500,RENT,6.0,EDUCATION,17500,13.06,0,0.29,Y,10
38,130100,MORTGAGE,1.8,MEDICAL,12600,,0,0.1,N,7
51,182500,MORTGAGE,0.5,EDUCATION,11800,10.35,0,0.06,N,3
42,59100,MORTGAGE,7.5,PERSONAL,9600,8.48,0,0.16,N,10
49,66500,MORTGAGE,1.2,MEDICAL,26400,13.76,1,0.4,N,7
58,35100,MORTGAGE,2.9,EDUCATION,11400,11.96,0,0.32,Y,22
62,112800,MORTGAGE,3.8,VENTURE,15200,9.88,0,0.13,N,5
41,52800,MORTGAGE,5.8,HOMEIMPROVEMENT,13100,11.18,0,0.25,Y,8
45,42900,RENT,3.3,DEBTCONSOLIDATION,17700,,0,0.41,Y,10
27,35500,MORTGAGE,5.9,PERSONAL,31000,16.63,1,0.87,Y,7
47,56400,OTHER,8.4,EDUCATION,15700,14.27,0,0.28,N,2
42,76300,MORTGAGE,6.2,DEBTCONSOLIDATION,12100,,1,0.16,N,5
36,60600,OWN,1.8,DEBTCONSOLIDATION,16300,9.41,0,0.27,Y,6
54,69900,RENT,11.2,EDUCATION,4000,9.17,0,0.06,N,10
36,48100,MORTGAGE,4.0,EDUCATION,25800,22.31,1,0.54,Y,5
56,71500,RENT,3.1,VENTURE,7800,11.33,0,0.11,N,2
48,70300,MORTGAGE,4.3,MEDICAL,14800,,0,0.21,N,6
46,105700,MORTGAGE,3.3,MEDICAL,11600,11.62,0,0.11,Y,4
38,84400,MORTGAGE,,EDUCATION,23500,10.42,0,0.28,N,4
30,59000,MORTGAGE,2.7,VENTURE,29300,18.56,1,0.5,Y,11
54,68100,RENT,7.5,PERSONAL,5100,5.42,0,0.07,N,4
38,28800,OWN,7.1,HOMEIMPROVEMENT,8500,12.47,0,0.3,N,10
49,109400,RENT,1.6,MEDICAL,23500,11.2,0,0.21,N,8
49,47200,MORTGAGE,0.5,PERSONAL,13000,17.18,1,0.28,Y,2
44,50600,MORTGAGE,9.5,PERSONAL,17000,14.73,0,0.34,N,3
46,41600,MORTGAGE,0.9,VENTURE,11400,11.51,0,0.27,N,6
48,33300,MORTGAGE,0.2,HOMEIMPROVEMENT,14700,,0,0.44,N,6
45,34600,MORTGAGE,2.6,EDUCATION,9500,13.67,1,0.27,N,2
37,30000,RENT,1.5,DEBTCONSOLIDATION,16000,18.74,1,0.53,Y,9
33,47500,RENT,,DEBTCONSOLIDATION,12600,14.91,0,0.27,N,6
38,85700,RENT,0.9,EDUCATION,18200,15.01,0,0.21,N,11
41,53500,MORTGAGE,6.9,MEDICAL,16400,12.62,0,0.31,N,2
59,78000,MORTGAGE,7.6,VENTURE,7000,10.69,1,0.09,N,5
35,70600,MORTGAGE,0.2,MEDICAL,8200,11.65,0,0.12,N,5
61,42300,MORTGAGE,4.0,DEBTCONSOLIDATION,3500,8.91,0,0.08,N,7
65,107000,MORTGAGE,0.7,PERSONAL,11200,11.3,0,0.1,N,2
39,93900,RENT,3.5,EDUCATION,9600,8.37,0,0.1,N,7
65,85100,MORTGAGE,2.1,HOMEIMPROVEMENT,5700,8.39,0,0.07,N,8
43,68100,MORTGAGE,1.1,EDUCATION,18100,12.24,0,0.27,N,10
41,44900,RENT,14.8,VENTURE,19200,13.08,0,0.43,N,6
59,44900,MORTGAGE,15.7,VENTURE,17700,16.56,1,0.39,N,3
46,53300,MORTGAGE,4.2,EDUCATION,9000,14.14,0,0.17,N,12
44,115600,RENT,1.0,PERSONAL,16900,9.54,0,0.15,N,9
38,100200,RENT,4.4,HOMEIMPROVEMENT,11600,12.81,1,0.12,N,4
39,24500,RENT,13.2,VENTURE,2700,5.42,0,0.11,N,8
45,62500,MORTGAGE,2.4,VENTURE,29600,19.15,0,0.47,N,8
59,13800,RENT,0.7,MEDICAL,19200,16.21,1,1.39,Y,8
35,42500,RENT,5.9,DEBTCONSOLIDATION,9100,14.67,1,0.21,N,11
43,37300,RENT,5.3,HOMEIMPROVEMENT,10300,10.01,0,0.28,N,5
34,73600,RENT,,MEDICAL,25500,16.88,0,0.35,N,3
38,29800,MORTGAGE,9.6,DEBTCONSOLIDATION,9300,11.55,0,0.31,N,8
50,23400,MORTGAGE,5.4,EDUCATION,6000,14.09,0,0.26,N,10
37,41200,RENT,1.1,VENTURE,23100,17.84,1,0.56,N,6
55,53900,MORTGAGE,0.0,MEDICAL,18700,12.98,1,0.35,N,2
37,20800,RENT,17.9,EDUCATION,14900,18.89,1,0.72,N,6
39,101300,RENT,7.0,DEBTCONSOLIDATION,15200,11.38,1,0.15,N,6
31,48500,RENT,2.3,PERSONAL,18400,15.99,0,0.38,N,5
55,54900,MORTGAGE,2.8,EDUCATION,26100,16.66,0,0.48,N,7
53,99400,RENT,3.9,PERSONAL,22500,12.27,0,0.23,N,4
34,36200,MORTGAGE,6.3,VENTURE,9000,14.05,0,0.25,N,8
41,122400,RENT,0.9,PERSONAL,17300,6.58,0,0.14,N,2
41,54300,RENT,1.1,VENTURE,18000,18.47,0,0.33,Y,8
40,83700,MORTGAGE,0.2,MEDICAL,22400,11.9,0,0.27,N,8
66,69200,MORTGAGE,21.3,VENTURE,26100,14.77,0,0.38,Y,6
40,79100,RENT,10.4,EDUCATION,5000,8.28,0,0.06,N,5
37,56500,RENT,4.0,MEDICAL,6100,10.22,0,0.11,N,3
31,41900,MORTGAGE,2.8,EDUCATION,6100,13.37,0,0.15,N,7
37,157400,RENT,1.4,MEDICAL,18500,12.07,0,0.12,N,11
58,53600,RENT,4.5,EDUCATION,27000,17.75,1,0.5,N,2
46,29600,RENT,5.9,PERSONAL,15800,15.67,1,0.53,N,3
46,121500,MORTGAGE,5.8,DEBTCONSOLIDATION,15500,10.86,0,0.13,Y,2
38,45700,RENT,0.0,PERSONAL,23100,15.84,0,0.51,N,6
56,21000,MORTGAGE,6.1,EDUCATION,32400,17.94,1,1.54,Y,4
49,34400,MORTGAGE,10.1,VENTURE,27800,23.22,1,0.81,Y,2
40,18500,OWN,0.6,PERSONAL,16400,20.98,1,0.89,N,7
36,35300,OWN,7.0,DEBTCONSOLIDATION,33500,19.76,1,0.95,Y,15
43,142500,OWN,8.7,MEDICAL,19400,10.19,0,0.14,N,3
37,69700,MORTGAGE,1.6,VENTURE,18700,16.46,0,0.27,N,8
42,54000,RENT,6.2,EDUCATION,6200,5.6,0,0.11,N,13
45,39400,RENT,0.5,PERSONAL,10100,10.61,0,0.26,N,6
38,50200,RENT,5.2,MEDICAL,15800,11.95,0,0.31,N,4
29,100000,MORTGAGE,3.6,EDUCATION,18700,8.88,0,0.19,N,4
48,19800,MORTGAGE,9.5,VENTURE,8400,15.53,0,0.42,N,8
38,250000,OWN,3.0,DEBTCONSOLIDATION,22000,,0,0.09,N,4
45,33300,OWN,2.8,EDUCATION,24500,19.2,1,0.74,N,5
42,47200,RENT,13.6,MEDICAL,23600,14.83,1,0.5,N,4
63,49600,MORTGAGE,13.6,VENTURE,14800,12.87,0,0.3,N,4
44,48900,RENT,0.2,HOMEIMPROVEMENT,10800,8.8,0,0.22,Y,3
53,37400,MORTGAGE,3.3,EDUCATION,23200,18.91,1,0.62,Y,5
40,87700,MORTGAGE,0.9,DEBTCONSOLIDATION,19900,9.63,0,0.23,N,2
37,101500,OWN,1.6,EDUCATION,4200,6.81,0,0.04,N,3
48,91600,MORTGAGE,,HOMEIMPROVEMENT,14000,9.9,0,0.15,N,4
38,56900,RENT,0.7,MEDICAL,22500,14.34,0,0.4,N,4
51,39200,RENT,0.1,EDUCATION,15500,17.7,1,0.4,Y,15
34,48900,MORTGAGE,6.5,MEDICAL,9600,12.63,0,0.2,N,7
47,51700,MORTGAGE,5.1,EDUCATION,3100,7.22,0,0.06,N,7
44,31600,MORTGAGE,11.6,EDUCATION,8900,9.77,0,0.28,N,10
59,59800,OTHER,3.9,VENTURE,16500,11.75,0,0.28,N,10
48,145800,RENT,14.5,HOMEIMPROVEMENT,9300,7.76,0,0.06,N,3
43,49300,MORTGAGE,4.7,VENTURE,2800,10.11,0,0.06,N,3
52,71300,OWN,2.4,PERSONAL,5400,8.23,0,0.08,N,2
28,37700,MORTGAGE,4.7,PERSONAL,11600,12.13,0,0.31,N,10
49,88200,MORTGAGE,6.9,EDUCATION,13200,12.35,0,0.15,N,8
50,37700,RENT,2.1,MEDICAL,20400,19.23,1,0.54,Y,9
51,43200,RENT,2.3,HOMEIMPROVEMENT,14900,13.64,0,0.34,N,3
50,72000,RENT,5.0,EDUCATION,21000,12.98,0,0.29,N,4
49,31400,RENT,3.0,VENTURE,7400,12.49,0,0.24,N,8
41,68700,RENT,3.7,DEBTCONSOLIDATION,11000,,1,0.16,N,4
45,96600,OWN,20.1,MEDICAL,14300,9.23,0,0.15,N,4
39,59300,RENT,0.2,HOMEIMPROVEMENT,3100,8.71,0,0.05,N,2
37,87400,RENT,5.2,VENTURE,29100,15.33,0,0.33,Y,10
41,26600,RENT,12.8,DEBTCONSOLIDATION,26700,22.6,1,1.0,Y,4
42,69300,MORTGAGE,1.3,VENTURE,17800,10.9,0,0.26,N,5
47,42200,OWN,1.2,MEDICAL,8600,12.15,0,0.2,N,7
57,67000,MORTGAGE,2.3,PERSONAL,7100,6.95,0,0.11,N,4
53,129300,MORTGAGE,0.4,HOMEIMPROVEMENT,25100,10.03,0,0.19,N,5
46,12000,RENT,4.1,MEDICAL,9900,18.72,1,0.82,Y,2
55,38500,RENT,5.2,DEBTCONSOLIDATION,11500,14.01,0,0.3,N,4
44,15400,MORTGAGE,8.6,PERSONAL,11900,19.32,1,0.77,Y,5
49,27500,MORTGAGE,0.3,MEDICAL,8600,9.27,0,0.31,Y,8
41,41700,RENT,,EDUCATION,19400,15.89,0,0.47,N,6
44,86900,RENT,7.7,MEDICAL,15600,,1,0.18,N,7
42,84500,RENT,7.3,DEBTCONSOLIDATION,25100,13.34,1,0.3,N,2
32,83100,MORTGAGE,0.4,EDUCATION,8700,7.69,0,0.1,N,2
32,73700,OWN,0.1,VENTURE,10800,,0,0.15,N,6
34,25900,RENT,7.6,VENTURE,13900,18.62,1,0.54,Y,4
46,84200,MORTGAGE,0.7,PERSONAL,13400,5.92,0,0.16,N,6
57,37300,RENT,4.3,HOMEIMPROVEMENT,31000,22.01,1,0.83,Y,5
55,69300,OTHER,0.5,PERSONAL,16100,10.82,0,0.23,N,8
32,32700,RENT,1.8,VENTURE,12200,14.03,0,0.37,N,7
49,49100,MORTGAGE,0.9,DEBTCONSOLIDATION,9900,12.27,0,0.2,N,4
39,52200,RENT,6.7,PERSONAL,15700,13.05,0,0.3,N,5
37,65500,MORTGAGE,5.6,DEBTCONSOLIDATION,15000,10.68,0,0.23,N,7
45,34100,RENT,0.7,PERSONAL,14100,15.83,1,0.41,N,7
39,78000,RENT,0.3,PERSONAL,28000,13.25,0,0.36,N,7
33,26300,RENT,3.1,EDUCATION,14100,14.66,0,0.54,Y,8
36,138000,MORTGAGE,1.1,EDUCATION,8900,12.28,0,0.06,N,2
41,35800,RENT,0.0,HOMEIMPROVEMENT,7500,10.1,0,0.21,N,4
57,18500,RENT,1.5,MEDICAL,26100,18.45,1,1.41,N,13
32,52100,MORTGAGE,1.2,EDUCATION,33600,17.33,0,0.64,N,8
35,43200,MORTGAGE,5.8,EDUCATION,16000,14.36,0,0.37,N,7
41,32700,RENT,9.9,PERSONAL,19500,16.07,1,0.6,Y,6
38,113600,RENT,1.4,EDUCATION,12400,9.9,0,0.11,N,7
48,82100,MORTGAGE,1.3,PERSONAL,23900,12.38,0,0.29,N,13
42,69900,MORTGAGE,2.5,VENTURE,11000,11.56,0,0.16,N,3
33,32000,MORTGAGE,0.9,EDUCATION,3300,8.13,0,0.1,N,9
39,40500,RENT,14.7,EDUCATION,4200,10.36,0,0.1,N,2
45,38700,OWN,1.4,EDUCATION,22600,18.49,1,0.58,N,6
50,19800,RENT,0.5,MEDICAL,12400,20.27,1,0.63,Y,8
35,62900,RENT,4.1,PERSONAL,29700,13.92,0,0.47,N,2
46,65500,RENT,3.9,EDUCATION,12300,12.01,0,0.19,N,4
41,57900,OWN,5.0,PERSONAL,28100,19.37,0,0.49,N,5
55,61400,MORTGAGE,17.0,HOMEIMPROVEMENT,13400,11.2,0,0.22,Y,14
40,29100,MORTGAGE,2.0,DEBTCONSOLIDATION,19300,22.8,1,0.66,Y,5
33,33100,RENT,2.2,DEBTCONSOLIDATION,10000,12.85,0,0.3,N,4
38,45500,MORTGAGE,2.1,HOMEIMPROVEMENT,15000,14.49,0,0.33,N,2
30,116000,RENT,5.0,VENTURE,10600,10.28,0,0.09,N,9
31,102700,OWN,4.6,PERSONAL,18100,11.37,0,0.18,N,3
32,72000,MORTGAGE,3.8,PERSONAL,8900,8.04,0,0.12,N,8
48,164100,MORTGAGE,2.3,HOMEIMPROVEMENT,11200,10.67,0,0.07,N,15
47,71700,RENT,2.8,PERSONAL,17000,9.57,0,0.24,N,3
48,76900,MORTGAGE,7.9,MEDICAL,10200,9.32,0,0.13,N,2
39,122300,MORTGAGE,4.7,EDUCATION,9800,8.13,0,0.08,N,12
36,79400,MORTGAGE,6.3,MEDICAL,11600,9.09,0,0.15,N,11
68,134200,MORTGAGE,1.6,PERSONAL,16700,7.8,0,0.12,N,8
45,55000,RENT,12.1,PERSONAL,10700,11.08,0,0.19,N,3
35,38100,MORTGAGE,0.2,EDUCATION,12600,10.61,0,0.33,N,5
59,51400,MORTGAGE,4.5,DEBTCONSOLIDATION,3400,11.28,0,0.07,N,7
57,61700,RENT,8.4,HOMEIMPROVEMENT,18700,11.73,0,0.3,Y,4
49,32900,RENT,10.1,PERSONAL,22100,19.59,1,0.67,N,18
42,36600,MORTGAGE,1.9,EDUCATION,22600,18.84,1,0.62,N,2
37,42900,RENT,3.1,PERSONAL,15000,,0,0.35,N,9
40,29600,RENT,0.2,HOMEIMPROVEMENT,12500,16.38,1,0.42,N,8
55,39200,RENT,7.8,MEDICAL,8100,14.34,0,0.21,Y,4
38,81200,MORTGAGE,0.7,VENTURE,17600,13.83,0,0.22,N,6
34,83800,RENT,2.8,EDUCATION,15700,7.8,0,0.19,N,8
49,25000,RENT,23.4,DEBTCONSOLIDATION,12500,18.65,1,0.5,N,2
43,64200,OWN,12.5,DEBTCONSOLIDATION,16500,11.69,0,0.26,N,10
38,52200,MORTGAGE,2.0,MEDICAL,28600,13.68,1,0.55,N,6
39,96600,MORTGAGE,1.3,MEDICAL,7100,7.81,0,0.07,N,4
30,46700,RENT,1.4,EDUCATION,29400,16.96,1,0.63,N,2
39,27400,RENT,5.8,MEDICAL,15500,17.73,1,0.57,Y,5
54,41500,RENT,6.5,PERSONAL,22800,19.03,1,0.55,Y,4
36,28000,OWN,1.2,EDUCATION,32600,,0,1.16,N,11
70,15700,MORTGAGE,1.4,EDUCATION,27000,19.57,1,1.72,Y,8
43,52600,RENT,2.0,PERSONAL,12000,9.54,0,0.23,N,3
28,72100,RENT,2.8,PERSONAL,13100,11.83,0,0.18,N,7
33,60000,RENT,12.5,HOMEIMPROVEMENT,16300,13.31,0,0.27,N,5
24,26700,MORTGAGE,0.1,MEDICAL,17100,19.99,1,0.64,N,6
45,25700,RENT,5.1,EDUCATION,8900,12.47,0,0.35,N,6
36,61100,RENT,9.9,PERSONAL,28200,16.28,1,0.46,N,4
49,137900,RENT,6.4,EDUCATION,22700,,0,0.16,N,5
56,110400,RENT,1.2,EDUCATION,7000,7.37,0,0.06,N,8
52,46100,MORTGAGE,3.2,VENTURE,32200,19.99,1,0.7,Y,13
51,60900,RENT,12.1,VENTURE,33100,18.25,1,0.54,N,3
40,89500,RENT,0.6,MEDICAL,11100,9.47,0,0.12,N,2
36,50100,MORTGAGE,18.0,VENTURE,23400,14.5,0,0.47,N,3
48,25900,RENT,0.8,DEBTCONSOLIDATION,9400,13.92,1,0.36,Y,5
37,12000,MORTGAGE,,PERSONAL,7600,19.79,1,0.63,N,2
40,59900,RENT,8.4,VENTURE,23700,13.83,0,0.4,N,8
37,48600,RENT,8.8,MEDICAL,15300,13.27,0,0.31,N,7
38,21200,RENT,0.2,VENTURE,5100,12.28,0,0.24,N,5
49,24700,RENT,0.9,EDUCATION,22800,20.47,1,0.92,Y,15
37,46900,OWN,14.8,PERSONAL,11700,12.48,0,0.25,N,2
49,40100,RENT,1.6,DEBTCONSOLIDATION,7800,11.77,0,0.19,N,3
56,119100,RENT,0.1,EDUCATION,14600,9.79,0,0.12,N,2
39,118200,RENT,1.5,MEDICAL,13400,10.91,0,0.11,N,7
35,33900,RENT,6.6,EDUCATION,21800,17.49,1,0.64,Y,7
53,123900,RENT,12.4,HOMEIMPROVEMENT,13500,11.38,0,0.11,N,17
46,131800,RENT,0.8,DEBTCONSOLIDATION,17800,13.25,0,0.14,N,3
37,63600,MORTGAGE,1.3,EDUCATION,11100,7.23,0,0.17,N,5
40,32500,RENT,2.9,HOMEIMPROVEMENT,6500,8.84,1,0.2,Y,5
47,57800,MORTGAGE,6.9,EDUCATION,4400,6.1,0,0.08,N,7
32,16800,RENT,5.4,EDUCATION,10500,19.77,1,0.62,N,5
61,39200,RENT,2.0,EDUCATION,17900,14.96,0,0.46,N,8
52,62700,MORTGAGE,,DEBTCONSOLIDATION,2700,9.17,0,0.04,N,7
43,67000,MORTGAGE,1.5,HOMEIMPROVEMENT,9200,11.53,0,0.14,N,6
60,42400,RENT,1.2,EDUCATION,7400,10.12,0,0.17,N,6
58,56300,RENT,0.1,HOMEIMPROVEMENT,13200,12.39,1,0.23,N,6
42,30900,RENT,18.5,MEDICAL,20000,16.83,1,0.65,Y,8
41,117500,RENT,1.5,PERSONAL,15100,8.88,0,0.13,N,3
41,120100,OWN,9.1,HOMEIMPROVEMENT,16400,13.79,0,0.14,N,4
48,80100,MORTGAGE,3.3,EDUCATION,28100,11.96,0,0.35,Y,3
48,46800,OWN,17.9,VENTURE,13100,13.89,0,0.28,N,2
31,34400,RENT,0.8,PERSONAL,22200,16.91,1,0.65,Y,13
47,86300,MORTGAGE,0.6,MEDICAL,10900,9.11,0,0.13,N,5
47,60000,RENT,0.0,EDUCATION,16700,13.39,1,0.28,Y,13
28,31200,MORTGAGE,6.3,PERSONAL,20700,17.54,1,0.66,Y,8
41,97000,RENT,1.8,EDUCATION,22600,12.02,0,0.23,N,5
44,42400,MORTGAGE,10.2,HOMEIMPROVEMENT,8800,11.79,0,0.21,N,4
32,33700,RENT,5.0,VENTURE,9300,14.97,1,0.28,N,5
34,91200,MORTGAGE,4.3,DEBTCONSOLIDATION,11500,8.56,0,0.13,N,5
37,35100,MORTGAGE,3.3,DEBTCONSOLIDATION,9300,12.73,0,0.26,N,4
49,58100,MORTGAGE,1.5,EDUCATION,14800,11.52,0,0.25,Y,8
56,109700,RENT,0.3,VENTURE,21900,10.54,0,0.2,N,3
48,103800,MORTGAGE,2.9,DEBTCONSOLIDATION,7500,10.95,0,0.07,N,7
44,65400,RENT,0.5,MEDICAL,12100,9.27,1,0.19,N,6
50,28400,RENT,11.8,MEDICAL,19500,20.78,0,0.69,Y,6
27,41200,RENT,8.8,PERSONAL,18800,12.35,1,0.46,Y,9
55,204600,OWN,4.8,PERSONAL,9100,,0,0.04,N,8
42,91200,OWN,3.0,PERSONAL,17700,8.43,0,0.19,N,15
54,47700,RENT,3.0,MEDICAL,29600,18.94,1,0.62,N,2
49,27100,MORTGAGE,3.1,EDUCATION,16800,20.28,1,0.62,N,7
37,19100,MORTGAGE,6.8,HOMEIMPROVEMENT,10600,17.91,1,0.55,N,6
46,105700,RENT,0.7,MEDICAL,14300,7.3,0,0.14,Y,2
38,106900,MORTGAGE,3.8,DEBTCONSOLIDATION,10800,14.51,0,0.1,N,2
48,53100,MORTGAGE,8.4,MEDICAL,14700,8.13,0,0.28,N,2
63,43200,MORTGAGE,3.6,VENTURE,23100,16.82,0,0.53,N,7
48,101100,RENT,0.1,MEDICAL,7000,7.66,0,0.07,N,9
28,24000,MORTGAGE,1.4,EDUCATION,12200,14.26,0,0.51,N,3
37,162600,RENT,5.5,MEDICAL,17000,,0,0.1,Y,3
52,81300,RENT,13.6,HOMEIMPROVEMENT,13300,9.08,0,0.16,N,7
37,27200,MORTGAGE,11.2,EDUCATION,21100,17.37,1,0.78,N,13
56,83500,RENT,8.6,VENTURE,7600,7.42,0,0.09,N,10
35,37200,MORTGAGE,15.0,HOMEIMPROVEMENT,24500,21.46,0,0.66,N,4
54,26000,RENT,1.6,EDUCATION,30600,20.16,1,1.18,Y,5
39,83300,RENT,0.1,EDUCATION,11200,10.42,0,0.13,N,7
49,29500,MORTGAGE,2.2,DEBTCONSOLIDATION,6600,14.98,1,0.22,N,8
52,26000,MORTGAGE,4.3,PERSONAL,31700,22.85,1,1.22,N,8
45,70700,MORTGAGE,1.9,VENTURE,11000,10.43,0,0.16,N,3
40,51200,MORTGAGE,0.2,VENTURE,13800,13.47,0,0.27,N,6
46,94500,MORTGAGE,3.5,HOMEIMPROVEMENT,9100,8.46,0,0.1,N,5
42,45900,RENT,1.1,EDUCATION,4900,9.83,0,0.11,N,8
44,43700,MORTGAGE,6.5,MEDICAL,6800,6.89,0,0.16,N,2
32,17700,RENT,0.5,MEDICAL,9000,15.12,1,0.51,Y,14
50,71400,RENT,15.9,EDUCATION,31700,14.39,0,0.44,N,3
45,53600,RENT,10.5,MEDICAL,21600,16.15,1,0.4,Y,4
31,104100,RENT,10.4,MEDICAL,12400,,0,0.12,N,3
40,82300,RENT,7.8,HOMEIMPROVEMENT,10500,12.41,0,0.13,N,17
29,65000,RENT,5.0,VENTURE,7300,9.06,0,0.11,N,10
44,36200,RENT,0.3,HOMEIMPROVEMENT,13700,15.49,0,0.38,N,18
48,43100,RENT,5.4,DEBTCONSOLIDATION,25900,19.73,0,0.6,N,11
38,73300,RENT,6.9,PERSONAL,32600,14.72,0,0.44,Y,13
38,52700,RENT,0.7,MEDICAL,25700,15.55,0,0.49,Y,13
40,118200,RENT,4.8,MEDICAL,5200,9.54,0,0.04,N,6
38,111600,RENT,3.3,EDUCATION,7600,7.84,0,0.07,N,3
36,47200,RENT,3.2,MEDICAL,7200,11.88,0,0.15,N,11
30,57000,RENT,1.1,DEBTCONSOLIDATION,7600,11.36,0,0.13,N,2
37,35000,OWN,6.7,PERSONAL,6800,12.19,0,0.19,N,7
32,51200,RENT,13.0,DEBTCONSOLIDATION,6100,8.5,0,0.12,N,5
55,91300,MORTGAGE,7.8,EDUCATION,11000,6.6,0,0.12,N,3
57,40200,RENT,2.3,EDUCATION,7600,9.89,0,0.19,N,5
48,44300,RENT,20.7,PERSONAL,7300,11.8,0,0.16,N,5
54,28500,RENT,2.3,PERSONAL,14500,18.26,0,0.51,N,21
37,39700,RENT,1.3,EDUCATION,8400,12.33,0,0.21,Y,3
48,75900,RENT,17.2,PERSONAL,2300,,0,0.03,N,7
48,47500,MORTGAGE,7.8,MEDICAL,18600,16.78,0,0.39,N,10
46,28800,MORTGAGE,7.2,DEBTCONSOLIDATION,10600,13.52,0,0.37,N,3
40,60900,RENT,0.4,MEDICAL,19800,12.29,0,0.33,N,9
43,52700,RENT,1.1,EDUCATION,25300,14.77,1,0.48,Y,13
46,100300,RENT,0.1,EDUCATION,26900,12.46,0,0.27,N,9
45,50300,RENT,7.5,DEBTCONSOLIDATION,8000,12.92,1,0.16,Y,6
36,31300,MORTGAGE,1.6,DEBTCONSOLIDATION,18000,18.78,1,0.58,Y,18
57,92000,OTHER,0.7,MEDICAL,5500,11.77,0,0.06,N,10
44,31800,RENT,1.0,MEDICAL,13200,15.06,1,0.42,N,10
51,26500,MORTGAGE,5.1,MEDICAL,12500,15.76,1,0.47,Y,7
39,30600,MORTGAGE,2.8,MEDICAL,8400,10.71,0,0.27,N,21
48,38700,MORTGAGE,14.2,EDUCATION,20900,17.38,1,0.54,Y,11
45,19200,RENT,2.3,EDUCATION,26200,18.52,1,1.36,Y,9
37,21000,RENT,9.0,HOMEIMPROVEMENT,9400,15.08,0,0.45,N,19
43,83200,MORTGAGE,4.0,PERSONAL,9200,8.75,0,0.11,N,11
41,49300,MORTGAGE,6.1,DEBTCONSOLIDATION,8300,,0,0.17,N,4
42,49500,OWN,0.9,VENTURE,18400,15.08,0,0.37,Y,2
53,52500,MORTGAGE,6.9,MEDICAL,4900,9.84,0,0.09,N,5
42,73900,RENT,0.4,EDUCATION,5200,9.44,0,0.07,N,7
52,34500,OTHER,5.9,VENTURE,7900,12.27,0,0.23,Y,4
49,73700,RENT,3.1,PERSONAL,15000,11.34,0,0.2,N,10
44,57600,RENT,1.3,EDUCATION,9300,9.99,0,0.16,N,9
53,32000,MORTGAGE,,MEDICAL,31600,20.69,1,0.99,Y,6
52,75700,RENT,9.7,HOMEIMPROVEMENT,11900,8.57,0,0.16,N,5
44,55900,OWN,0.8,DEBTCONSOLIDATION,13400,11.48,0,0.24,N,13
45,30500,RENT,0.9,DEBTCONSOLIDATION,5200,14.77,1,0.17,Y,8
53,31800,RENT,3.8,EDUCATION,18900,18.17,0,0.59,Y,8
49,70500,RENT,,EDUCATION,21300,13.32,0,0.3,N,9
56,94700,MORTGAGE,2.7,MEDICAL,10700,8.84,0,0.11,N,5
42,63300,RENT,1.5,MEDICAL,19400,13.13,0,0.31,N,3
35,88400,RENT,0.3,EDUCATION,8900,8.02,0,0.1,N,17
38,106700,MORTGAGE,0.3,MEDICAL,21600,11.88,0,0.2,N,2
31,47900,RENT,0.2,MEDICAL,14900,12.06,0,0.31,Y,9
37,59300,RENT,11.6,EDUCATION,11900,9.59,0,0.2,N,8
49,78300,MORTGAGE,0.7,MEDICAL,19300,12.01,0,0.25,N,3
42,28800,RENT,1.7,VENTURE,16500,18.51,0,0.57,Y,9
37,95700,OWN,19.0,EDUCATION,14700,8.9,0,0.15,N,10
39,114700,RENT,13.1,PERSONAL,8600,6.55,0,0.07,N,10
46,36100,RENT,0.2,EDUCATION,23500,19.67,1,0.65,Y,14
39,250000,RENT,4.0,PERSONAL,12600,10.35,0,0.05,N,8
41,83900,RENT,5.0,HOMEIMPROVEMENT,12900,12.79,0,0.15,N,8
33,49800,MORTGAGE,,EDUCATION,8400,11.37,0,0.17,N,2
55,17300,MORTGAGE,6.5,MEDICAL,27200,20.05,1,1.57,Y,4
57,51500,RENT,22.1,EDUCATION,15200,12.08,0,0.3,N,3
37,68300,RENT,2.8,MEDICAL,13200,10.55,0,0.19,N,2
40,64200,RENT,3.0,DEBTCONSOLIDATION,30500,17.84,1,0.48,Y,8
30,26300,MORTGAGE,5.4,HOMEIMPROVEMENT,11300,15.94,0,0.43,N,7
54,37700,MORTGAGE,6.7,DEBTCONSOLIDATION,3900,11.04,0,0.1,N,6
34,78800,RENT,7.8,PERSONAL,8900,9.93,0,0.11,N,5
43,75100,RENT,,PERSONAL,20000,10.75,0,0.27,N,8
36,91000,MORTGAGE,8.1,EDUCATION,7500,6.82,0,0.08,N,2
43,57800,MORTGAGE,10.0,MEDICAL,7500,,0,0.13,N,5
51,53200,RENT,0.2,MEDICAL,13100,12.5,0,0.25,N,14
48,71800,RENT,0.2,EDUCATION,13000,7.7,0,0.18,N,9
49,57100,MORTGAGE,4.0,DEBTCONSOLIDATION,13100,11.43,0,0.23,N,3
33,23400,MORTGAGE,3.4,MEDICAL,8700,13.34,0,0.37,N,14
43,125000,RENT,19.6,EDUCATION,7800,7.06,0,0.06,N,3
65,89900,RENT,1.7,EDUCATION,20700,11.38,0,0.23,N,8
45,68400,OWN,4.5,HOMEIMPROVEMENT,16300,9.85,0,0.24,Y,7
43,25500,MORTGAGE,3.5,DEBTCONSOLIDATION,10500,16.83,0,0.41,N,5
41,85900,MORTGAGE,3.8,HOMEIMPROVEMENT,8300,9.93,0,0.1,N,11
45,42600,RENT,5.4,HOMEIMPROVEMENT,24600,21.02,1,0.58,N,8
43,85500,MORTGAGE,3.9,DEBTCONSOLIDATION,7100,6.94,0,0.08,N,3
62,73200,MORTGAGE,0.0,MEDICAL,15800,9.11,0,0.22,N,3
51,44900,RENT,9.3,MEDICAL,16400,14.95,0,0.37,Y,9
42,96600,RENT,1.1,MEDICAL,23800,14.0,1,0.25,Y,3
50,28100,RENT,1.3,PERSONAL,4900,,0,0.17,N,9
37,55900,MORTGAGE,5.2,HOMEIMPROVEMENT,10300,12.52,0,0.18,N,8
43,134900,MORTGAGE,3.2,VENTURE,29500,11.23,0,0.22,N,15
39,70800,RENT,4.3,MEDICAL,15500,10.0,0,0.22,N,3
49,89500,RENT,3.4,MEDICAL,12300,,0,0.14,N,8
42,56600,RENT,2.7,MEDICAL,10400,9.14,0,0.18,N,10
44,53500,RENT,3.3,EDUCATION,7400,9.17,0,0.14,N,6
42,27700,RENT,0.8,EDUCATION,8100,,0,0.29,N,3
46,49700,RENT,17.4,MEDICAL,21000,14.81,0,0.42,N,12
50,78500,RENT,4.3,PERSONAL,9200,9.58,0,0.12,Y,7
57,29700,OWN,1.7,VENTURE,8700,13.71,0,0.29,N,5
41,31900,RENT,,MEDICAL,10500,16.62,1,0.33,N,6
36,68200,RENT,10.6,VENTURE,20300,15.59,0,0.3,N,10
47,85400,MORTGAGE,1.8,PERSONAL,12400,12.93,0,0.15,N,7
34,164100,RENT,2.0,VENTURE,3800,6.69,0,0.02,N,10
41,46600,MORTGAGE,2.9,EDUCATION,14300,17.33,0,0.31,N,3
33,47300,RENT,1.2,MEDICAL,9700,,1,0.21,N,3
70,85600,RENT,8.3,MEDICAL,13100,12.93,0,0.15,N,2
55,74100,RENT,4.4,MEDICAL,24800,,1,0.33,Y,15
54,47000,RENT,0.3,EDUCATION,8300,10.18,0,0.18,N,5
57,53300,RENT,28.6,PERSONAL,10800,12.77,0,0.2,N,3
52,38300,RENT,4.3,VENTURE,28000,18.09,1,0.73,Y,5
45,28700,MORTGAGE,11.0,DEBTCONSOLIDATION,20800,22.22,1,0.72,Y,6
46,50300,RENT,3.5,VENTURE,9700,13.52,1,0.19,N,3
56,125200,RENT,4.4,HOMEIMPROVEMENT,6400,6.8,0,0.05,N,5
57,36500,RENT,3.0,PERSONAL,27400,19.87,1,0.75,Y,5
36,24600,MORTGAGE,2.7,DEBTCONSOLIDATION,7300,11.38,0,0.3,N,6
42,31200,MORTGAGE,1.2,HOMEIMPROVEMENT,11300,16.05,0,0.36,N,8
44,72600,RENT,16.4,VENTURE,10700,11.75,0,0.15,N,8
53,68600,MORTGAGE,1.0,PERSONAL,6600,9.9,0,0.1,N,3
37,109000,MORTGAGE,3.7,DEBTCONSOLIDATION,6200,11.25,0,0.06,N,4
37,97100,MORTGAGE,0.5,VENTURE,9800,8.23,0,0.1,N,9
34,63800,RENT,16.0,EDUCATION,11400,,0,0.18,N,8
39,77500,RENT,4.1,PERSONAL,29800,14.07,0,0.38,N,8
41,35900,OWN,8.4,HOMEIMPROVEMENT,14800,13.3,0,0.41,N,2
60,79100,OWN,4.1,PERSONAL,26000,15.31,0,0.33,N,7
51,51000,MORTGAGE,8.2,DEBTCONSOLIDATION,6900,9.91,0,0.14,N,22
53,86500,MORTGAGE,3.8,EDUCATION,9100,8.77,0,0.11,N,7
36,68200,RENT,2.9,PERSONAL,7700,6.77,0,0.11,N,10
42,41800,OWN,3.0,EDUCATION,11500,10.13,0,0.28,N,7
50,29600,MORTGAGE,0.0,HOMEIMPROVEMENT,26500,16.53,1,0.9,N,5
45,41100,RENT,2.3,DEBTCONSOLIDATION,10000,15.04,0,0.24,N,19
48,60000,MORTGAGE,15.2,HOMEIMPROVEMENT,16100,10.49,0,0.27,N,5
34,34600,RENT,5.6,MEDICAL,26400,18.8,1,0.76,N,11
44,49800,RENT,12.6,VENTURE,14000,12.24,0,0.28,Y,17
51,98500,MORTGAGE,1.1,VENTURE,14600,12.2,1,0.15,N,2
36,103400,MORTGAGE,3.4,VENTURE,15100,,0,0.15,N,8
31,70500,MORTGAGE,0.2,MEDICAL,9800,7.39,0,0.14,N,4
36,114700,MORTGAGE,5.7,HOMEIMPROVEMENT,12300,,0,0.11,N,2
56,27000,RENT,7.7,DEBTCONSOLIDATION,23400,21.75,1,0.87,Y,11
35,110600,RENT,6.9,VENTURE,12000,8.55,0,0.11,N,9
44,25600,MORTGAGE,0.5,PERSONAL,12300,17.97,1,0.48,Y,7
31,54500,RENT,1.4,PERSONAL,6600,8.71,0,0.12,N,8
37,34600,RENT,5.3,VENTURE,13200,13.23,0,0.38,N,8
45,81300,MORTGAGE,7.1,PERSONAL,5800,9.53,0,0.07,N,9
43,22900,OWN,1.6,DEBTCONSOLIDATION,9500,18.04,1,0.41,N,15
54,20500,RENT,2.6,HOMEIMPROVEMENT,30700,,1,1.5,N,9
47,37800,RENT,2.2,DEBTCONSOLIDATION,25800,17.68,1,0.68,N,14
36,36400,OTHER,0.0,EDUCATION,16700,17.65,1,0.46,N,18
42,39600,RENT,4.3,VENTURE,19100,20.68,1,0.48,N,7
40,37400,MORTGAGE,5.5,PERSONAL,9000,9.11,0,0.24,N,8
29,79100,RENT,1.6,MEDICAL,7300,9.96,0,0.09,N,3
60,51700,MORTGAGE,5.8,VENTURE,15100,13.69,1,0.29,N,2
44,127000,RENT,1.4,HOMEIMPROVEMENT,25500,12.14,0,0.2,N,9
45,61500,OWN,6.3,MEDICAL,22800,13.13,1,0.37,N,15
50,88000,RENT,3.1,MEDICAL,15900,,0,0.18,N,5
50,74500,MORTGAGE,10.3,DEBTCONSOLIDATION,31300,16.98,0,0.42,N,6
51,33100,MORTGAGE,3.9,EDUCATION,9200,10.72,1,0.28,N,5
40,40700,MORTGAGE,1.0,DEBTCONSOLIDATION,20600,20.0,0,0.51,N,3
39,93600,RENT,8.6,MEDICAL,9800,8.16,0,0.1,N,2
54,20400,RENT,7.5,VENTURE,30200,21.28,1,1.48,N,2
61,70800,RENT,0.4,PERSONAL,9500,10.91,0,0.13,N,7
31,49100,RENT,0.2,PERSONAL,11300,12.84,0,0.23,N,10
54,36000,MORTGAGE,0.7,HOMEIMPROVEMENT,13500,12.67,0,0.38,N,5
42,46800,RENT,9.3,EDUCATION,10500,14.48,0,0.22,N,8
43,132100,MORTGAGE,1.9,PERSONAL,9700,5.93,0,0.07,N,7
27,21000,MORTGAGE,3.5,DEBTCONSOLIDATION,13400,18.48,1,0.64,Y,9
44,27700,RENT,4.6,VENTURE,22300,18.24,1,0.81,Y,20
39,18700,RENT,6.8,HOMEIMPROVEMENT,20900,22.05,1,1.12,Y,21
29,42600,RENT,8.9,MEDICAL,12800,,1,0.3,N,6
55,38400,RENT,3.6,PERSONAL,10400,11.94,0,0.27,N,8
45,59200,MORTGAGE,2.7,PERSONAL,7000,11.03,0,0.12,N,8
47,41600,MORTGAGE,1.1,EDUCATION,24300,19.35,1,0.58,Y,11
55,69400,OWN,4.7,VENTURE,25000,13.28,0,0.36,N,16
50,35100,RENT,4.0,MEDICAL,5300,,0,0.15,Y,4
34,171700,MORTGAGE,1.7,VENTURE,20100,12.32,0,0.12,N,3
52,76000,MORTGAGE,3.0,DEBTCONSOLIDATION,24900,13.69,1,0.33,Y,8
32,71900,RENT,6.7,PERSONAL,19700,13.48,0,0.27,N,14
49,76500,OWN,4.9,VENTURE,10800,8.79,0,0.14,N,7
64,30500,OWN,3.3,PERSONAL,12500,13.55,0,0.41,N,10
49,47300,RENT,1.6,VENTURE,10100,,0,0.21,N,5
41,48400,RENT,5.5,VENTURE,14900,18.03,0,0.31,N,3
63,41800,MORTGAGE,4.9,MEDICAL,25100,17.37,1,0.6,Y,7
45,44800,RENT,,PERSONAL,18000,15.25,0,0.4,N,5
36,85500,MORTGAGE,,PERSONAL,13100,10.01,0,0.15,N,7
38,52500,RENT,1.0,MEDICAL,23900,12.73,1,0.46,N,4
38,63900,RENT,2.1,EDUCATION,1500,8.41,0,0.02,N,7
67,21400,RENT,12.0,VENTURE,9700,16.57,0,0.45,N,4
49,20700,RENT,7.0,VENTURE,12700,20.8,1,0.61,Y,3
49,32200,MORTGAGE,11.1,VENTURE,16000,14.73,1,0.5,Y,9
48,133500,MORTGAGE,9.2,MEDICAL,33000,11.54,0,0.25,N,4
46,163500,MORTGAGE,3.1,DEBTCONSOLIDATION,17100,11.55,0,0.1,N,7
40,93000,RENT,3.8,VENTURE,11600,11.96,1,0.12,N,8
35,43600,RENT,0.9,DEBTCONSOLIDATION,19400,19.33,1,0.44,Y,9
47,68500,MORTGAGE,6.4,PERSONAL,31300,16.8,0,0.46,N,3
63,108500,MORTGAGE,2.7,PERSONAL,16500,8.8,0,0.15,N,2
46,150200,OWN,0.9,DEBTCONSOLIDATION,11100,10.32,0,0.07,N,3
57,28800,RENT,0.5,MEDICAL,18200,17.54,0,0.63,N,2
31,60600,RENT,,DEBTCONSOLIDATION,13200,13.6,0,0.22,N,13
46,45400,OWN,3.3,PERSONAL,14700,11.95,0,0.32,N,9
39,74800,RENT,0.0,VENTURE,28700,17.05,0,0.38,N,5
36,55800,RENT,8.7,VENTURE,12700,11.54,0,0.23,N,3
59,31300,RENT,4.8,MEDICAL,10400,11.93,1,0.33,N,14
40,67300,MORTGAGE,0.2,VENTURE,17000,12.96,1,0.25,N,5
49,36900,MORTGAGE,1.8,MEDICAL,15500,14.77,1,0.42,N,4
43,53100,RENT,6.4,DEBTCONSOLIDATION,11900,,0,0.22,N,2
34,54600,OWN,0.3,VENTURE,10200,10.06,0,0.19,N,13
51,137000,MORTGAGE,6.7,MEDICAL,14500,7.82,0,0.11,N,7
41,64600,RENT,3.5,EDUCATION,7700,7.58,0,0.12,N,6
52,51600,RENT,7.6,PERSONAL,9600,12.43,0,0.19,N,2
37,80700,MORTGAGE,9.7,PERSONAL,23500,13.02,0,0.29,N,8
39,33300,RENT,7.3,MEDICAL,26000,21.46,1,0.78,Y,6
49,57300,MORTGAGE,0.4,EDUCATION,11800,10.79,0,0.21,N,12
37,76800,RENT,3.1,PERSONAL,22900,13.64,0,0.3,N,4
50,74900,RENT,1.9,MEDICAL,6300,6.92,0,0.08,N,7
30,40500,RENT,3.6,DEBTCONSOLIDATION,8700,13.36,1,0.21,N,12
35,66200,MORTGAGE,16.9,PERSONAL,16100,10.05,0,0.24,N,4
44,78800,RENT,0.7,DEBTCONSOLIDATION,18100,13.6,0,0.23,N,3
49,32900,OWN,10.0,HOMEIMPROVEMENT,9300,13.05,1,0.28,N,2
45,38900,RENT,23.5,MEDICAL,27700,19.34,1,0.71,N,5
48,45400,MORTGAGE,23.0,VENTURE,16800,13.35,0,0.37,N,9
40,195100,RENT,8.0,MEDICAL,26700,10.42,0,0.14,N,2
30,35900,MORTGAGE,3.1,EDUCATION,6400,9.66,0,0.18,Y,7
41,64800,OWN,1.0,MEDICAL,15800,13.74,0,0.24,Y,2
41,44600,RENT,4.7,VENTURE,10900,13.3,0,0.24,N,10
56,32300,RENT,4.7,EDUCATION,24100,17.94,1,0.75,Y,3
50,79500,RENT,,DEBTCONSOLIDATION,2900,9.78,0,0.04,N,9
35,24900,MORTGAGE,4.8,MEDICAL,20700,21.51,1,0.83,Y,7
29,119800,MORTGAGE,0.6,PERSONAL,7700,8.94,0,0.06,N,4
43,30600,RENT,5.0,EDUCATION,25100,20.04,1,0.82,Y,3
39,37600,RENT,11.4,EDUCATION,13200,11.13,0,0.35,N,8
61,74200,RENT,3.2,HOMEIMPROVEMENT,7800,11.77,0,0.11,N,3
56,82000,RENT,7.2,EDUCATION,22300,10.33,1,0.27,N,7
34,61600,RENT,,PERSONAL,14000,9.89,0,0.23,Y,5
50,40400,RENT,0.0,VENTURE,5100,11.05,0,0.13,N,5
48,22600,RENT,0.7,VENTURE,4000,12.39,1,0.18,N,5
48,51600,OWN,7.5,EDUCATION,9300,7.71,0,0.18,N,3
70,33900,RENT,0.2,MEDICAL,19100,19.17,1,0.56,N,9
43,204200,RENT,15.6,DEBTCONSOLIDATION,12600,7.69,0,0.06,N,6
51,58300,RENT,11.2,DEBTCONSOLIDATION,14500,11.92,1,0.25,N,2
53,26700,OWN,2.3,VENTURE,7100,16.21,0,0.27,N,12
47,45100,MORTGAGE,1.9,VENTURE,19300,17.25,0,0.43,N,10
61,82200,RENT,4.7,MEDICAL,11200,8.78,0,0.14,N,11
45,102700,MORTGAGE,4.7,PERSONAL,10800,9.41,0,0.11,N,7
52,45700,MORTGAGE,0.5,DEBTCONSOLIDATION,15800,14.24,0,0.35,N,6
38,50800,OWN,1.2,PERSONAL,20600,14.81,0,0.41,N,9
35,73900,MORTGAGE,5.1,VENTURE,3600,9.12,0,0.05,N,7
49,32400,RENT,8.1,PERSONAL,4700,11.0,0,0.15,N,4
43,65600,RENT,1.1,EDUCATION,6100,,0,0.09,N,8
44,63400,MORTGAGE,6.1,HOMEIMPROVEMENT,23300,13.16,0,0.37,Y,4
41,72700,OWN,10.2,HOMEIMPROVEMENT,23700,14.0,0,0.33,N,5
52,53000,RENT,0.6,HOMEIMPROVEMENT,17100,11.51,0,0.32,N,15
45,22900,RENT,,EDUCATION,4500,10.99,0,0.2,N,8
69,61400,RENT,,PERSONAL,20200,11.81,0,0.33,N,6
45,33500,RENT,2.3,PERSONAL,24200,17.69,1,0.72,Y,4
47,140000,RENT,1.6,MEDICAL,26300,,0,0.19,N,2
53,142200,RENT,6.8,DEBTCONSOLIDATION,21800,11.04,0,0.15,N,3
49,28900,OWN,2.6,PERSONAL,12900,18.19,0,0.45,N,6
35,33900,MORTGAGE,6.1,PERSONAL,13100,12.73,1,0.39,Y,5
42,15200,MORTGAGE,0.7,EDUCATION,13900,20.74,1,0.91,Y,2
38,81200,RENT,4.0,HOMEIMPROVEMENT,13400,8.78,0,0.17,Y,7
48,39500,MORTGAGE,2.4,PERSONAL,14300,9.21,0,0.36,N,7
46,62900,RENT,28.0,HOMEIMPROVEMENT,5700,10.84,0,0.09,N,8
53,40300,RENT,4.5,EDUCATION,22200,16.19,1,0.55,Y,13
54,22400,OWN,5.7,PERSONAL,1900,9.87,0,0.08,N,4
38,60800,MORTGAGE,0.7,PERSONAL,3900,6.75,0,0.06,N,11
54,110100,RENT,24.1,EDUCATION,3700,7.4,0,0.03,N,5
56,53300,OWN,0.3,EDUCATION,25600,16.88,0,0.48,Y,2
36,30800,OWN,0.4,PERSONAL,33000,,1,1.07,Y,5
47,49900,MORTGAGE,0.4,DEBTCONSOLIDATION,10100,15.01,0,0.2,Y,4
58,71800,RENT,10.2,DEBTCONSOLIDATION,6800,,0,0.09,N,5
42,48500,RENT,6.5,PERSONAL,3300,7.64,0,0.07,N,3
44,29600,RENT,18.1,MEDICAL,25700,18.89,1,0.87,Y,5
47,164500,MORTGAGE,0.3,HOMEIMPROVEMENT,11200,7.63,0,0.07,N,8
25,23600,OTHER,5.9,MEDICAL,13800,18.7,1,0.58,N,4
45,189300,OWN,3.8,PERSONAL,11500,10.04,0,0.06,N,7
46,51500,OWN,5.1,VENTURE,25900,19.36,0,0.5,N,8
50,88700,RENT,3.6,EDUCATION,22800,12.26,0,0.26,N,2
50,61000,MORTGAGE,5.6,HOMEIMPROVEMENT,25400,14.7,1,0.42,N,8
43,33400,MORTGAGE,11.9,VENTURE,12500,18.12,0,0.37,N,3
63,112500,RENT,4.4,EDUCATION,8700,9.86,0,0.08,N,5
38,76000,RENT,11.3,MEDICAL,16200,11.87,0,0.21,N,4
52,51400,MORTGAGE,7.6,PERSONAL,8600,9.94,0,0.17,N,5
29,80800,RENT,10.0,VENTURE,10600,10.1,0,0.13,N,11
44,50200,OWN,,EDUCATION,28000,16.17,0,0.56,N,13
28,16100,RENT,3.7,VENTURE,24300,21.16,1,1.51,Y,7
45,21100,RENT,0.4,MEDICAL,12700,19.14,1,0.6,Y,5
48,53500,OTHER,9.0,VENTURE,10500,10.3,0,0.2,N,3
41,45500,OTHER,1.4,MEDICAL,15700,16.69,0,0.35,N,3
44,51600,MORTGAGE,0.2,VENTURE,20500,,0,0.4,N,6
51,44900,MORTGAGE,3.7,DEBTCONSOLIDATION,8300,,0,0.18,Y,2
25,29200,OWN,5.0,EDUCATION,25900,16.33,1,0.89,N,7
40,25300,OWN,5.4,EDUCATION,8100,11.9,0,0.32,N,10
59,34000,MORTGAGE,5.5,EDUCATION,16400,16.23,1,0.48,N,2
35,82000,MORTGAGE,,DEBTCONSOLIDATION,15100,12.03,0,0.18,N,7
38,34600,MORTGAGE,8.3,MEDICAL,10600,11.27,0,0.31,N,5
30,96100,RENT,7.3,PERSONAL,15300,7.89,0,0.16,N,12
40,30600,MORTGAGE,8.4,EDUCATION,24700,19.63,1,0.81,Y,12
43,104000,MORTGAGE,3.1,EDUCATION,10700,6.71,0,0.1,N,2
70,40800,MORTGAGE,0.3,VENTURE,24900,19.36,1,0.61,Y,8
48,45700,RENT,5.1,PERSONAL,5100,5.42,0,0.11,N,7
40,46000,MORTGAGE,1.2,PERSONAL,14700,14.77,1,0.32,N,5
32,74600,RENT,9.8,PERSONAL,10000,7.84,0,0.13,N,5
38,62200,MORTGAGE,6.4,PERSONAL,27200,14.79,0,0.44,N,2
37,58500,MORTGAGE,7.3,EDUCATION,4600,7.95,0,0.08,N,6
29,51800,MORTGAGE,1.7,PERSONAL,3300,8.95,0,0.06,N,2
35,39600,RENT,5.0,MEDICAL,22000,14.66,1,0.56,N,8
40,99000,RENT,3.8,DEBTCONSOLIDATION,19800,11.39,0,0.2,N,4
42,56800,OWN,1.6,VENTURE,7500,10.08,0,0.13,N,8
51,74300,OWN,8.4,VENTURE,27800,15.24,0,0.37,N,11
59,60500,RENT,4.0,VENTURE,24400,18.52,0,0.4,Y,3
41,43000,RENT,1.1,DEBTCONSOLIDATION,9100,12.1,0,0.21,N,2
53,202300,RENT,1.8,EDUCATION,18300,9.36,0,0.09,N,7
40,106600,MORTGAGE,1.3,DEBTCONSOLIDATION,12500,9.43,0,0.12,N,9
36,40300,MORTGAGE,1.9,EDUCATION,15300,17.39,0,0.38,N,3
50,167500,MORTGAGE,1.0,VENTURE,21400,8.8,0,0.13,N,11
40,90200,MORTGAGE,2.3,VENTURE,16900,12.55,0,0.19,N,4
37,29700,MORTGAGE,5.9,MEDICAL,6100,13.37,0,0.21,N,2
36,88000,RENT,16.0,EDUCATION,16300,,0,0.19,N,4
32,68100,MORTGAGE,1.2,EDUCATION,8100,,0,0.12,N,5
44,59300,MORTGAGE,1.8,PERSONAL,12900,12.03,0,0.22,N,20
39,94700,MORTGAGE,0.0,EDUCATION,11800,10.96,0,0.12,Y,11
53,65300,OWN,1.3,PERSONAL,5800,7.24,0,0.09,N,11
63,17900,MORTGAGE,2.7,HOMEIMPROVEMENT,6200,14.3,1,0.35,N,4
36,25700,RENT,3.1,PERSONAL,21300,16.89,1,0.83,N,3
33,33800,RENT,1.5,EDUCATION,15600,13.71,1,0.46,N,3
60,162400,MORTGAGE,0.8,VENTURE,30200,10.65,0,0.19,N,6
45,77500,RENT,4.1,DEBTCONSOLIDATION,28400,,1,0.37,Y,3
45,73000,RENT,2.6,HOMEIMPROVEMENT,8200,5.42,0,0.11,N,11
47,57500,RENT,,PERSONAL,23700,14.25,0,0.41,N,5
55,32600,OWN,11.3,MEDICAL,10600,14.11,0,0.33,N,3
55,24400,RENT,4.1,MEDICAL,7800,14.04,0,0.32,N,8
50,93700,RENT,2.5,PERSONAL,13000,12.29,0,0.14,N,24
35,135200,OWN,1.5,PERSONAL,9900,,0,0.07,N,5
31,78600,MORTGAGE,2.8,VENTURE,14200,11.14,0,0.18,N,8
35,41400,RENT,9.9,EDUCATION,17400,18.73,0,0.42,N,9
32,43300,MORTGAGE,,PERSONAL,10200,12.52,0,0.24,N,3
51,79300,RENT,2.4,VENTURE,14900,,0,0.19,N,4
38,50800,MORTGAGE,1.2,EDUCATION,16800,13.82,0,0.33,N,13
50,49700,MORTGAGE,12.3,PERSONAL,16600,14.01,0,0.33,N,8
44,40300,RENT,0.8,EDUCATION,26800,23.22,0,0.67,N,8
38,37600,MORTGAGE,1.8,DEBTCONSOLIDATION,17400,15.2,0,0.46,N,2
36,50700,RENT,1.1,PERSONAL,10700,9.62,0,0.21,N,9
38,22700,MORTGAGE,4.2,EDUCATION,6100,12.31,0,0.27,N,7
33,76200,MORTGAGE,2.6,VENTURE,13700,12.04,0,0.18,N,5
63,19400,RENT,1.7,DEBTCONSOLIDATION,15600,,1,0.8,N,14
43,97300,RENT,7.3,DEBTCONSOLIDATION,15200,10.26,0,0.16,N,4
44,40500,OTHER,5.5,EDUCATION,15100,11.44,0,0.37,N,13
43,50700,RENT,25.0,EDUCATION,11500,8.76,0,0.23,N,8
51,73600,MORTGAGE,1.9,PERSONAL,28900,11.64,0,0.39,N,2
37,46200,RENT,9.3,EDUCATION,16500,11.54,0,0.36,N,10
56,36100,RENT,1.8,VENTURE,8800,14.43,0,0.24,N,3
41,63400,RENT,0.0,VENTURE,2300,9.69,0,0.04,N,4
40,181500,RENT,0.8,PERSONAL,15500,10.7,0,0.09,N,8
58,83600,RENT,3.6,MEDICAL,20000,10.46,0,0.24,N,5
37,35700,MORTGAGE,8.3,EDUCATION,6500,12.16,0,0.18,N,7
47,44600,RENT,0.3,VENTURE,13300,11.86,0,0.3,Y,7
43,41700,MORTGAGE,8.9,VENTURE,30000,18.92,1,0.72,N,7
38,30700,MORTGAGE,6.3,MEDICAL,13900,16.98,1,0.45,Y,2
49,75400,RENT,0.2,MEDICAL,23600,7.65,0,0.31,Y,11
34,45300,MORTGAGE,0.6,DEBTCONSOLIDATION,7200,13.39,0,0.16,N,4
38,64500,RENT,0.4,MEDICAL,13000,10.45,0,0.2,N,4
44,12900,OTHER,5.7,EDUCATION,11100,22.03,1,0.86,N,10
61,79200,OWN,4.1,PERSONAL,3800,6.95,0,0.05,N,6
60,39100,MORTGAGE,2.2,PERSONAL,14400,13.59,0,0.37,N,8
48,31200,RENT,0.5,MEDICAL,11900,14.9,0,0.38,N,4
41,26000,OWN,2.5,EDUCATION,16500,17.42,1,0.63,N,4
30,32700,OTHER,5.7,MEDICAL,15000,16.68,0,0.46,N,7
53,42800,RENT,0.5,EDUCATION,13000,13.59,0,0.3,N,2
54,88300,MORTGAGE,9.7,EDUCATION,6200,11.48,0,0.07,N,12
47,42400,RENT,0.3,HOMEIMPROVEMENT,12800,18.26,0,0.3,N,9
41,93000,RENT,4.7,EDUCATION,29900,15.79,0,0.32,N,2
52,63600,RENT,1.0,MEDICAL,9700,9.2,0,0.15,N,2
43,147400,MORTGAGE,0.5,EDUCATION,11700,8.72,0,0.08,N,4
42,41100,RENT,2.2,DEBTCONSOLIDATION,23200,18.37,1,0.56,N,5
32,68000,RENT,5.5,HOMEIMPROVEMENT,14400,11.36,0,0.21,N,5
51,107700,MORTGAGE,0.6,EDUCATION,1700,8.05,0,0.02,N,2
45,76600,RENT,3.2,DEBTCONSOLIDATION,14800,12.99,0,0.19,N,6
60,49300,MORTGAGE,2.6,EDUCATION,24400,17.76,1,0.49,Y,8
39,41400,MORTGAGE,2.8,MEDICAL,18500,,1,0.45,Y,7
36,18600,MORTGAGE,14.4,VENTURE,20300,17.41,0,1.09,N,2
54,47500,RENT,2.1,VENTURE,4200,11.97,0,0.09,N,9
57,32600,MORTGAGE,23.9,EDUCATION,8000,14.9,0,0.25,N,4
44,40200,RENT,3.9,DEBTCONSOLIDATION,15900,15.61,1,0.4,Y,8
52,55700,MORTGAGE,9.2,PERSONAL,7500,7.1,0,0.13,N,13
41,23000,RENT,,HOMEIMPROVEMENT,20200,17.81,1,0.88,N,8
41,31400,RENT,0.4,MEDICAL,8900,12.49,0,0.28,N,4
47,67000,RENT,0.4,MEDICAL,10400,9.48,0,0.16,N,2
41,27000,MORTGAGE,4.3,MEDICAL,4400,8.41,0,0.16,N,6
46,52800,MORTGAGE,13.3,EDUCATION,12500,13.64,0,0.24,N,6
44,25100,RENT,0.4,EDUCATION,9300,16.65,1,0.37,N,7
35,72400,MORTGAGE,5.8,PERSONAL,4000,7.26,0,0.06,N,8
46,77800,RENT,,MEDICAL,7000,8.96,0,0.09,Y,5
35,106900,MORTGAGE,5.3,VENTURE,11800,,0,0.11,N,7
51,107500,RENT,1.2,HOMEIMPROVEMENT,10900,10.86,0,0.1,N,5
55,63000,MORTGAGE,0.4,EDUCATION,23900,16.3,0,0.38,N,8
42,20600,OWN,0.4,VENTURE,10200,,0,0.5,N,7
61,54200,OTHER,1.4,VENTURE,12300,13.96,0,0.23,N,9
57,69700,MORTGAGE,1.2,HOMEIMPROVEMENT,12100,8.48,0,0.17,N,5
46,57900,RENT,0.7,DEBTCONSOLIDATION,16200,14.59,1,0.28,Y,3
41,135200,RENT,1.5,EDUCATION,25700,12.32,0,0.19,N,5
53,110600,RENT,3.8,EDUCATION,18000,7.91,0,0.16,N,5
61,55000,RENT,14.9,EDUCATION,23000,11.8,1,0.42,N,9
47,81600,RENT,12.8,EDUCATION,8100,,0,0.1,N,9
64,24200,MORTGAGE,1.6,EDUCATION,23100,17.34,1,0.95,Y,9
40,60100,MORTGAGE,0.3,EDUCATION,18700,14.54,1,0.31,N,14
50,27000,OWN,27.2,VENTURE,10000,13.5,0,0.37,N,7
44,49100,RENT,3.2,HOMEIMPROVEMENT,25400,17.92,1,0.52,N,7
36,37300,MORTGAGE,18.0,DEBTCONSOLIDATION,17800,15.81,0,0.48,Y,10
40,37900,RENT,3.9,EDUCATION,13300,13.78,0,0.35,N,5
54,34700,MORTGAGE,10.9,PERSONAL,18800,19.61,0,0.54,N,2
43,43500,OWN,3.0,HOMEIMPROVEMENT,2400,8.71,0,0.06,N,2
39,39600,RENT,4.9,DEBTCONSOLIDATION,10500,10.17,0,0.27,N,6
57,76800,RENT,3.8,VENTURE,21000,13.01,0,0.27,N,4
54,46800,RENT,1.2,MEDICAL,23800,16.02,0,0.51,N,16
41,52800,MORTGAGE,7.2,PERSONAL,21700,13.2,1,0.41,Y,3
65,63600,RENT,0.3,PERSONAL,19600,12.51,0,0.31,N,9
43,63500,MORTGAGE,2.3,MEDICAL,13900,,0,0.22,N,6
47,30100,MORTGAGE,10.2,EDUCATION,8200,17.28,0,0.27,N,5
44,46800,MORTGAGE,3.5,PERSONAL,6500,11.5,0,0.14,N,7
37,61700,MORTGAGE,0.4,DEBTCONSOLIDATION,26800,14.85,0,0.43,N,4
42,33400,MORTGAGE,1.2,EDUCATION,8600,9.91,0,0.26,N,2
43,31400,MORTGAGE,0.6,HOMEIMPROVEMENT,9200,10.47,0,0.29,N,11
31,28400,RENT,1.6,EDUCATION,19300,19.3,0,0.68,Y,5
46,60500,MORTGAGE,0.9,MEDICAL,20300,13.71,0,0.34,N,9
52,46100,MORTGAGE,6.2,EDUCATION,12100,12.39,0,0.26,N,5
35,49800,OWN,5.4,EDUCATION,5500,9.28,0,0.11,N,5
50,20400,MORTGAGE,0.7,MEDICAL,13700,17.44,0,0.67,Y,12
55,56300,MORTGAGE,2.9,VENTURE,22100,14.33,0,0.39,N,10
25,57900,MORTGAGE,1.8,DEBTCONSOLIDATION,24800,16.36,0,0.43,N,5
42,62600,RENT,2.1,EDUCATION,17400,14.9,0,0.28,N,6
64,119800,RENT,4.3,VENTURE,18300,9.86,0,0.15,N,4
46,35700,RENT,11.4,MEDICAL,3500,8.8,0,0.1,N,3
31,70800,RENT,11.4,HOMEIMPROVEMENT,8600,12.82,0,0.12,N,6
34,65100,RENT,2.7,EDUCATION,20000,,1,0.31,N,5
47,69600,MORTGAGE,2.5,MEDICAL,14600,10.51,1,0.21,N,9
50,45700,MORTGAGE,3.6,EDUCATION,15900,11.43,1,0.35,N,16
44,82400,MORTGAGE,3.2,DEBTCONSOLIDATION,22100,16.2,0,0.27,N,4
46,36300,RENT,0.3,PERSONAL,17900,16.68,0,0.49,N,11
44,41800,RENT,4.3,VENTURE,12400,14.31,0,0.3,N,6
38,48900,RENT,4.4,EDUCATION,30200,20.1,0,0.62,Y,5
44,47800,RENT,,EDUCATION,9100,11.02,0,0.19,N,6
33,66500,RENT,2.7,DEBTCONSOLIDATION,10800,10.91,0,0.16,N,3
41,62500,MORTGAGE,14.0,VENTURE,17900,14.46,0,0.29,N,7
49,62800,RENT,4.6,EDUCATION,8900,7.7,0,0.14,N,5
37,112100,RENT,,VENTURE,11600,8.35,0,0.1,N,2
42,48300,MORTGAGE,,HOMEIMPROVEMENT,18500,14.97,0,0.38,N,9
45,96900,RENT,8.3,EDUCATION,10800,12.81,0,0.11,N,3
63,30200,MORTGAGE,14.3,HOMEIMPROVEMENT,4900,12.01,0,0.16,Y,5
54,50500,RENT,7.1,PERSONAL,15300,11.47,0,0.3,N,15
32,52200,RENT,0.9,EDUCATION,20700,16.75,0,0.4,N,12
67,26400,RENT,1.3,DEBTCONSOLIDATION,19900,21.77,1,0.75,Y,2
58,55500,RENT,1.1,PERSONAL,16700,14.07,0,0.3,N,12
46,57700,RENT,1.9,VENTURE,20600,17.53,1,0.36,Y,7
52,75200,RENT,2.2,PERSONAL,8400,8.71,0,0.11,N,4
38,70600,RENT,8.3,EDUCATION,19700,11.7,0,0.28,N,5
43,26800,MORTGAGE,2.2,PERSONAL,4700,11.57,0,0.18,N,5
37,104600,RENT,6.5,PERSONAL,19800,11.59,1,0.19,N,6
50,42000,RENT,11.7,MEDICAL,4700,10.06,0,0.11,N,6
70,38800,MORTGAGE,0.6,PERSONAL,20800,17.22,1,0.54,N,2
40,70900,MORTGAGE,,PERSONAL,24900,15.67,0,0.35,N,5
43,86500,RENT,,EDUCATION,22700,10.53,0,0.26,N,6
44,41800,RENT,1.4,EDUCATION,11000,14.3,1,0.26,N,9
41,52900,RENT,0.8,MEDICAL,30300,19.22,1,0.57,Y,4
49,89400,RENT,1.7,MEDICAL,14400,7.69,0,0.16,N,7
55,32500,MORTGAGE,1.0,DEBTCONSOLIDATION,11600,14.59,0,0.36,N,14
39,12000,MORTGAGE,7.9,MEDICAL,15800,16.94,1,1.32,Y,6
44,72800,MORTGAGE,,PERSONAL,10200,9.33,0,0.14,N,6
50,89600,RENT,,VENTURE,8000,10.72,0,0.09,N,6
37,22500,MORTGAGE,4.4,EDUCATION,7700,12.35,0,0.34,Y,4
34,53600,OWN,1.2,PERSONAL,7800,10.32,0,0.15,N,4
39,41200,RENT,1.1,DEBTCONSOLIDATION,8900,10.95,1,0.22,Y,3
51,58100,RENT,,VENTURE,25000,18.92,0,0.43,N,13
36,17400,MORTGAGE,5.5,PERSONAL,12100,20.38,1,0.7,Y,2
39,27000,MORTGAGE,2.1,PERSONAL,1200,7.21,0,0.04,N,7
44,69300,MORTGAGE,7.2,VENTURE,10200,12.29,0,0.15,N,5
45,50300,OWN,9.1,MEDICAL,33100,20.09,1,0.66,Y,11
43,123900,RENT,12.4,DEBTCONSOLIDATION,19700,8.33,0,0.16,N,7
44,74900,RENT,4.9,DEBTCONSOLIDATION,14100,12.2,0,0.19,N,6
33,31900,RENT,1.2,DEBTCONSOLIDATION,6900,13.68,0,0.22,N,12
39,80500,RENT,6.9,DEBTCONSOLIDATION,13100,11.54,1,0.16,Y,2
52,138600,RENT,0.6,EDUCATION,17200,12.66,0,0.12,N,12
38,52100,RENT,1.0,MEDICAL,26500,18.29,1,0.51,Y,8
45,67600,MORTGAGE,8.9,EDUCATION,13800,9.96,0,0.2,N,7
45,85300,RENT,12.1,EDUCATION,15000,7.42,0,0.18,N,7
51,49400,MORTGAGE,0.3,PERSONAL,15500,13.97,0,0.31,N,3
52,16900,RENT,1.9,VENTURE,28400,16.45,1,1.68,N,7
56,73600,RENT,5.0,EDUCATION,10800,10.54,0,0.15,N,13
59,84100,RENT,14.0,MEDICAL,23900,12.3,0,0.28,N,7
36,121100,RENT,4.2,HOMEIMPROVEMENT,12600,6.91,0,0.1,N,11
30,29600,MORTGAGE,8.6,EDUCATION,19900,16.01,0,0.67,Y,3
40,30300,MORTGAGE,12.8,MEDICAL,13600,14.3,0,0.45,N,6
36,37100,MORTGAGE,3.7,VENTURE,15200,14.17,0,0.41,N,2
37,49400,RENT,,EDUCATION,10600,11.83,0,0.21,N,5
49,72800,OWN,5.4,HOMEIMPROVEMENT,12300,7.96,0,0.17,N,9
55,29200,RENT,5.6,PERSONAL,14500,19.48,0,0.5,N,19
46,91300,MORTGAGE,3.6,EDUCATION,16300,7.09,0,0.18,Y,5
38,88800,RENT,4.9,VENTURE,11400,12.08,0,0.13,N,20
46,90200,RENT,4.0,MEDICAL,22900,12.87,1,0.25,N,4
51,45700,MORTGAGE,5.1,EDUCATION,19200,16.75,0,0.42,N,12
33,15800,MORTGAGE,3.5,MEDICAL,13000,14.16,1,0.82,N,3
41,130700,MORTGAGE,1.3,VENTURE,19700,10.07,0,0.15,N,5
42,39100,RENT,5.9,EDUCATION,2300,7.16,0,0.06,N,3
42,80400,RENT,2.4,EDUCATION,16000,11.07,0,0.2,N,4
37,57900,OWN,0.7,VENTURE,14500,13.83,0,0.25,N,6
46,100800,RENT,9.5,MEDICAL,14300,9.62,0,0.14,N,2
47,52700,RENT,1.0,EDUCATION,16300,12.28,0,0.31,N,2
36,56300,RENT,3.9,PERSONAL,21800,15.19,0,0.39,N,2
58,59800,RENT,6.4,EDUCATION,4500,10.73,0,0.08,N,7
35,68200,RENT,5.2,MEDICAL,7400,7.94,0,0.11,N,2
38,27500,MORTGAGE,0.9,EDUCATION,2600,6.79,0,0.09,N,2
34,152000,MORTGAGE,1.1,PERSONAL,9000,12.28,0,0.06,N,8
33,52100,RENT,0.8,PERSONAL,30600,20.75,1,0.59,N,8
45,74300,OTHER,0.4,EDUCATION,11500,10.07,0,0.15,N,6
38,124700,MORTGAGE,1.7,VENTURE,15700,13.16,0,0.13,N,4
52,53900,MORTGAGE,3.7,PERSONAL,32000,21.9,0,0.59,N,3
37,31300,MORTGAGE,0.9,EDUCATION,16800,14.47,0,0.54,N,11
38,30800,MORTGAGE,17.7,PERSONAL,7800,10.14,0,0.25,N,3
51,42300,RENT,6.0,MEDICAL,21900,17.59,0,0.52,N,6
35,65100,MORTGAGE,4.4,EDUCATION,15100,12.04,0,0.23,N,8
40,68900,OWN,5.7,DEBTCONSOLIDATION,33000,17.6,0,0.48,N,14
58,100900,RENT,2.9,VENTURE,20300,11.29,1,0.2,N,8
28,23300,MORTGAGE,3.2,VENTURE,32900,17.14,1,1.41,Y,9
26,61200,MORTGAGE,8.0,DEBTCONSOLIDATION,25200,17.33,1,0.41,Y,7
33,76000,RENT,6.4,MEDICAL,8000,7.74,0,0.11,N,3
60,74500,OWN,4.4,EDUCATION,20100,13.64,0,0.27,N,5
48,14300,RENT,15.0,HOMEIMPROVEMENT,13900,18.84,1,0.97,Y,2
46,44200,RENT,5.4,MEDICAL,6900,10.3,0,0.16,N,2
33,84800,MORTGAGE,2.5,PERSONAL,15500,,0,0.18,N,9
44,34700,RENT,0.2,HOMEIMPROVEMENT,6000,9.78,0,0.17,N,3
36,28200,MORTGAGE,2.5,EDUCATION,20500,17.53,1,0.73,Y,8
53,73900,MORTGAGE,12.9,HOMEIMPROVEMENT,11200,10.31,0,0.15,N,2
53,63900,RENT,0.2,VENTURE,22000,16.97,1,0.34,Y,2
39,61500,RENT,1.0,HOMEIMPROVEMENT,18200,11.77,0,0.3,N,10
48,38000,OTHER,8.3,EDUCATION,24600,,1,0.65,Y,5
47,26300,RENT,2.3,VENTURE,8100,13.77,1,0.31,Y,2
42,91300,MORTGAGE,1.0,HOMEIMPROVEMENT,17300,9.24,0,0.19,N,5
37,250000,RENT,8.5,EDUCATION,24000,9.41,0,0.1,Y,6
40,22200,MORTGAGE,4.1,MEDICAL,8900,14.3,0,0.4,N,5
52,95000,OWN,4.0,EDUCATION,21200,8.46,0,0.22,N,3
58,49300,RENT,1.7,HOMEIMPROVEMENT,9900,12.44,0,0.2,N,6
40,64500,MORTGAGE,5.6,MEDICAL,22200,11.71,1,0.34,Y,2
59,52400,MORTGAGE,9.9,EDUCATION,14300,10.02,0,0.27,N,5
48,181200,MORTGAGE,6.9,DEBTCONSOLIDATION,17800,12.59,0,0.1,N,7
43,34900,RENT,4.7,VENTURE,11400,,0,0.33,N,13
42,38900,RENT,2.2,VENTURE,22600,16.56,1,0.58,N,5
37,56500,RENT,9.6,VENTURE,6800,,0,0.12,N,4
49,74000,MORTGAGE,4.2,VENTURE,8300,10.28,1,0.11,N,10
62,112900,OTHER,11.0,VENTURE,5900,12.34,0,0.05,N,8
42,71000,MORTGAGE,1.5,HOMEIMPROVEMENT,28300,13.95,0,0.4,N,5
36,61300,RENT,5.3,EDUCATION,13300,10.39,0,0.22,N,2
51,42500,RENT,13.7,HOMEIMPROVEMENT,13500,15.45,0,0.32,N,17
40,71800,OWN,2.3,MEDICAL,10200,7.24,0,0.14,N,2
37,36600,RENT,15.1,EDUCATION,13300,11.93,0,0.36,Y,10
33,60500,MORTGAGE,2.5,PERSONAL,9000,,0,0.15,N,3
49,48100,MORTGAGE,2.9,DEBTCONSOLIDATION,28500,17.93,1,0.59,Y,13
56,31600,MORTGAGE,8.2,MEDICAL,9500,12.52,0,0.3,N,7
34,127700,RENT,1.5,EDUCATION,26900,12.89,0,0.21,N,7
41,31600,RENT,6.1,VENTURE,13700,16.08,0,0.43,N,5
42,43600,OWN,,HOMEIMPROVEMENT,12700,15.97,0,0.29,Y,2
37,22700,MORTGAGE,4.5,MEDICAL,21800,19.26,1,0.96,Y,2
59,49400,RENT,7.5,EDUCATION,13900,10.58,0,0.28,N,7
33,68800,RENT,0.1,VENTURE,9500,12.59,0,0.14,N,2
48,32900,RENT,0.5,MEDICAL,12700,12.36,0,0.39,N,5
50,19900,OTHER,13.6,EDUCATION,12700,22.48,1,0.64,N,4
37,44100,RENT,8.5,DEBTCONSOLIDATION,10000,,0,0.23,N,6
36,49700,MORTGAGE,10.5,VENTURE,12400,15.89,0,0.25,N,7
39,47600,RENT,2.9,EDUCATION,6700,9.81,0,0.14,N,4
31,129600,RENT,6.3,HOMEIMPROVEMENT,27700,,0,0.21,N,8
62,65100,MORTGAGE,31.8,VENTURE,17200,14.65,0,0.26,Y,6
39,62400,MORTGAGE,2.8,PERSONAL,8200,13.34,0,0.13,N,12
40,65000,RENT,9.4,VENTURE,21400,16.27,0,0.33,N,4
65,64700,RENT,0.4,HOMEIMPROVEMENT,9500,8.73,0,0.15,N,8
31,42500,MORTGAGE,3.9,DEBTCONSOLIDATION,16100,16.95,0,0.38,N,7
42,32400,RENT,2.0,EDUCATION,26300,14.01,1,0.81,Y,8
51,210900,OWN,3.7,EDUCATION,20600,11.64,0,0.1,N,5
62,50000,RENT,0.6,VENTURE,6800,,1,0.14,N,10
32,54800,RENT,2.3,MEDICAL,15000,9.32,0,0.27,N,3
64,55500,RENT,0.4,VENTURE,18900,14.91,0,0.34,N,4
41,35700,RENT,3.0,MEDICAL,8400,12.26,1,0.24,Y,3
41,59800,RENT,2.9,DEBTCONSOLIDATION,6200,13.82,0,0.1,N,9
34,26800,RENT,2.0,EDUCATION,7300,13.12,0,0.27,N,4
44,80300,MORTGAGE,14.8,EDUCATION,29300,,0,0.36,N,12
65,47100,MORTGAGE,0.4,MEDICAL,23300,17.92,0,0.49,Y,10
44,100800,RENT,8.7,EDUCATION,23800,12.5,0,0.24,N,11
37,72000,MORTGAGE,2.2,VENTURE,9200,11.72,0,0.13,N,9
38,67300,MORTGAGE,1.1,VENTURE,15200,,0,0.23,N,3
38,35000,RENT,1.6,PERSONAL,13700,16.85,0,0.39,N,3
60,56300,OWN,11.6,EDUCATION,22900,10.84,0,0.41,Y,6
63,82100,RENT,8.7,PERSONAL,12400,10.29,0,0.15,N,6
33,57800,RENT,0.1,MEDICAL,14800,15.65,0,0.26,N,5
35,25700,RENT,0.8,PERSONAL,15800,18.36,1,0.61,N,2
36,93200,OTHER,5.6,MEDICAL,11400,,0,0.12,N,7
39,82100,RENT,1.9,DEBTCONSOLIDATION,4000,8.62,0,0.05,N,6
66,23700,RENT,12.6,DEBTCONSOLIDATION,13900,21.78,1,0.59,Y,11
64,58100,MORTGAGE,7.7,MEDICAL,13800,13.14,0,0.24,N,7
43,84800,OWN,10.4,DEBTCONSOLIDATION,4300,12.41,0,0.05,N,14
40,39000,OWN,1.1,MEDICAL,13700,17.24,0,0.35,N,3
29,26100,MORTGAGE,0.8,DEBTCONSOLIDATION,14200,19.43,1,0.54,N,2
45,30000,MORTGAGE,13.4,EDUCATION,7000,12.39,0,0.23,N,5
44,51000,RENT,2.6,MEDICAL,7300,,0,0.14,N,10
34,90400,MORTGAGE,2.7,DEBTCONSOLIDATION,27500,14.25,0,0.3,N,8
47,29800,RENT,5.8,EDUCATION,8200,11.08,1,0.28,N,3
53,29900,MORTGAGE,2.5,PERSONAL,10300,,0,0.34,N,6
34,45800,RENT,10.4,PERSONAL,10100,12.09,0,0.22,N,4
39,79100,MORTGAGE,16.0,HOMEIMPROVEMENT,17600,9.47,0,0.22,N,5
52,142100,RENT,2.0,HOMEIMPROVEMENT,17200,10.48,1,0.12,N,2
38,56900,MORTGAGE,1.2,VENTURE,26200,,1,0.46,Y,12
39,37400,MORTGAGE,0.4,PERSONAL,12000,15.44,0,0.32,N,4
39,35000,RENT,1.2,EDUCATION,21100,18.71,1,0.6,Y,2
48,115200,RENT,0.8,EDUCATION,11500,10.77,0,0.1,N,3
55,27000,RENT,0.1,VENTURE,9100,14.25,0,0.34,N,6
61,60300,OWN,0.2,EDUCATION,25200,15.93,0,0.42,N,2
54,111800,OWN,3.6,EDUCATION,13600,,0,0.12,N,5
43,49700,RENT,6.2,EDUCATION,11800,11.97,0,0.24,N,2
50,29900,RENT,20.4,EDUCATION,25900,20.14,1,0.87,Y,8
34,72500,RENT,0.8,PERSONAL,27700,12.21,1,0.38,N,10
69,57400,RENT,6.0,EDUCATION,13000,12.95,0,0.23,N,7
37,70200,RENT,4.0,DEBTCONSOLIDATION,3300,8.19,0,0.05,N,8
49,74500,OWN,3.3,EDUCATION,4000,5.48,0,0.05,N,10
45,72000,OWN,6.4,EDUCATION,16400,14.61,0,0.23,N,7
33,63800,RENT,1.4,MEDICAL,23600,12.92,0,0.37,N,9
37,78600,MORTGAGE,1.9,PERSONAL,24500,17.78,1,0.31,Y,5
55,113800,RENT,2.4,PERSONAL,25700,12.87,0,0.23,N,5
42,35200,MORTGAGE,1.0,MEDICAL,22000,21.22,1,0.62,Y,3
36,46800,MORTGAGE,,MEDICAL,24400,15.69,1,0.52,Y,3
41,83800,MORTGAGE,0.7,DEBTCONSOLIDATION,23200,11.64,0,0.28,N,6
36,52000,RENT,,VENTURE,23100,14.29,0,0.44,N,6
39,27000,OWN,0.6,VENTURE,10600,17.54,0,0.39,N,8
32,65100,MORTGAGE,0.2,PERSONAL,11800,10.1,0,0.18,N,14
43,41300,RENT,2.2,VENTURE,10400,12.58,0,0.25,N,2
45,173900,RENT,4.8,MEDICAL,7500,5.72,0,0.04,N,7
39,93600,MORTGAGE,0.8,DEBTCONSOLIDATION,10700,9.8,0,0.11,Y,7
55,102500,RENT,25.1,HOMEIMPROVEMENT,26000,11.63,0,0.25,N,9
39,55400,RENT,1.6,VENTURE,29900,18.17,1,0.54,Y,3
42,64300,MORTGAGE,0.1,MEDICAL,7400,10.26,0,0.12,N,8
38,44900,RENT,,HOMEIMPROVEMENT,17700,13.59,0,0.39,N,2
40,34200,MORTGAGE,5.5,PERSONAL,29600,17.87,1,0.87,N,3
50,32800,RENT,5.5,PERSONAL,8500,15.0,0,0.26,N,3
34,175500,MORTGAGE,11.6,VENTURE,23100,9.05,0,0.13,N,2
47,67400,MORTGAGE,0.5,PERSONAL,10100,8.51,0,0.15,Y,4
38,26200,OWN,2.4,PERSONAL,12200,17.24,0,0.47,N,8
34,91900,RENT,,DEBTCONSOLIDATION,26400,10.47,0,0.29,N,8
40,229300,RENT,8.0,HOMEIMPROVEMENT,5000,7.13,0,0.02,N,2
60,23300,MORTGAGE,1.3,MEDICAL,12900,18.89,1,0.55,N,11
49,75400,OWN,11.0,MEDICAL,14100,14.76,0,0.19,N,8
40,29200,RENT,5.7,MEDICAL,25600,16.7,1,0.88,Y,8
36,102300,RENT,1.5,PERSONAL,15600,9.8,0,0.15,N,10
64,16700,RENT,0.2,VENTURE,28000,19.63,1,1.68,N,6
46,56600,RENT,3.4,DEBTCONSOLIDATION,10400,11.18,0,0.18,N,5
44,69200,MORTGAGE,6.2,EDUCATION,13800,11.39,0,0.2,N,8
48,25300,MORTGAGE,1.6,PERSONAL,3500,8.82,0,0.14,N,6
49,69200,RENT,0.9,MEDICAL,31900,14.96,0,0.46,N,6
39,42000,MORTGAGE,0.4,DEBTCONSOLIDATION,9000,14.23,0,0.21,N,2
52,139800,MORTGAGE,9.2,MEDICAL,27100,9.26,0,0.19,Y,5
33,24800,RENT,0.3,HOMEIMPROVEMENT,12000,16.74,1,0.48,N,7
49,89300,MORTGAGE,4.7,PERSONAL,7700,10.46,0,0.09,N,9
40,51300,MORTGAGE,7.2,PERSONAL,12400,9.8,0,0.24,N,2
56,110400,RENT,7.6,EDUCATION,10600,11.76,0,0.1,N,3
39,111800,OWN,5.3,PERSONAL,28500,13.72,0,0.25,N,4
53,47200,RENT,5.3,MEDICAL,20800,12.86,0,0.44,N,8
46,52900,OWN,3.2,MEDICAL,8500,13.82,0,0.16,N,2
70,89300,MORTGAGE,2.7,DEBTCONSOLIDATION,14800,15.66,0,0.17,N,8
51,72200,MORTGAGE,0.7,EDUCATION,17900,11.3,0,0.25,N,4
44,50800,RENT,3.8,EDUCATION,15700,12.59,0,0.31,Y,12
31,34300,OWN,0.4,MEDICAL,26400,18.48,1,0.77,Y,13
55,66200,RENT,3.2,PERSONAL,6500,9.38,0,0.1,N,9
56,29400,MORTGAGE,6.6,MEDICAL,4300,8.15,0,0.15,N,3
40,77400,MORTGAGE,2.9,VENTURE,16500,11.72,0,0.21,N,3
38,99800,RENT,3.5,MEDICAL,20000,11.41,0,0.2,N,6
52,34400,OWN,9.2,MEDICAL,22000,15.8,1,0.64,N,3
46,43100,MORTGAGE,5.2,EDUCATION,8600,12.99,0,0.2,N,9
42,38300,MORTGAGE,0.7,MEDICAL,8200,8.15,0,0.21,N,4
48,96700,OWN,3.9,MEDICAL,23100,11.69,0,0.24,N,13
40,55800,MORTGAGE,2.3,MEDICAL,10800,10.66,0,0.19,Y,5
55,44300,RENT,,EDUCATION,17700,16.69,1,0.4,N,9
41,77400,MORTGAGE,5.2,MEDICAL,7400,10.08,0,0.1,N,3
52,41600,MORTGAGE,2.4,MEDICAL,21700,15.95,1,0.52,N,5
44,48400,RENT,7.3,HOMEIMPROVEMENT,29100,18.12,0,0.6,N,5
47,29300,RENT,4.4,VENTURE,30000,23.17,1,1.02,N,4
63,85900,RENT,0.6,VENTURE,14400,12.84,0,0.17,N,10
39,29700,RENT,2.2,MEDICAL,9100,15.85,0,0.31,N,6
51,119100,MORTGAGE,1.6,VENTURE,7200,10.84,0,0.06,N,13
59,61800,RENT,0.8,MEDICAL,9200,12.26,0,0.15,N,3
51,49700,RENT,8.1,DEBTCONSOLIDATION,16700,18.37,1,0.34,Y,9
56,53800,RENT,2.4,MEDICAL,12700,14.68,0,0.24,Y,3
45,138800,OWN,4.7,MEDICAL,13500,9.19,0,0.1,N,15
50,25800,RENT,10.7,PERSONAL,13400,16.22,1,0.52,Y,15
53,26900,MORTGAGE,3.9,DEBTCONSOLIDATION,21500,17.84,1,0.8,Y,9
44,91800,RENT,1.5,PERSONAL,22800,12.09,0,0.25,N,4
70,32600,RENT,,EDUCATION,2900,6.7,0,0.09,N,12
37,36100,RENT,2.9,DEBTCONSOLIDATION,26500,18.16,1,0.73,Y,9
36,42500,RENT,4.1,PERSONAL,11700,13.33,0,0.28,N,4
61,100600,RENT,11.6,EDUCATION,9100,8.89,0,0.09,N,9
59,84600,MORTGAGE,3.4,EDUCATION,33100,11.45,1,0.39,N,9
38,50100,RENT,2.0,PERSONAL,6800,,0,0.14,Y,6
56,67500,MORTGAGE,6.5,EDUCATION,10500,11.88,0,0.16,N,7
48,66600,RENT,0.7,VENTURE,25900,14.68,0,0.39,Y,5
44,31200,MORTGAGE,12.3,EDUCATION,13500,17.0,0,0.43,N,9
38,32400,RENT,12.4,VENTURE,26900,20.91,1,0.83,Y,5
43,17700,MORTGAGE,4.3,EDUCATION,9100,17.91,1,0.51,N,2
36,123000,RENT,0.8,VENTURE,12100,,0,0.1,Y,2
41,37500,MORTGAGE,3.0,DEBTCONSOLIDATION,4700,13.36,0,0.13,N,5
36,54600,MORTGAGE,2.8,VENTURE,13000,,0,0.24,N,2
34,72900,RENT,1.8,DEBTCONSOLIDATION,1400,10.83,0,0.02,N,2
57,31800,RENT,1.0,VENTURE,10400,12.66,0,0.33,Y,6
42,34000,MORTGAGE,1.5,PERSONAL,19100,18.32,0,0.56,Y,11
47,32600,RENT,4.1,MEDICAL,19400,14.29,1,0.6,N,7
39,12000,MORTGAGE,5.8,MEDICAL,12500,20.0,1,1.04,Y,2
42,52300,RENT,19.5,MEDICAL,2900,11.51,0,0.06,N,6
36,195900,RENT,1.2,EDUCATION,7000,9.35,0,0.04,N,8
61,40500,MORTGAGE,,MEDICAL,9100,11.25,0,0.22,N,8
29,41100,RENT,0.6,MEDICAL,3100,8.75,0,0.08,N,6
53,44200,MORTGAGE,14.0,MEDICAL,8700,13.99,0,0.2,N,8
39,64300,RENT,2.4,VENTURE,14500,13.64,0,0.23,N,4
36,88000,RENT,12.9,VENTURE,6800,9.42,0,0.08,N,5
33,34200,RENT,11.0,PERSONAL,24100,20.34,1,0.7,N,4
45,69900,MORTGAGE,0.2,MEDICAL,5000,8.75,0,0.07,N,5
51,51700,MORTGAGE,1.6,PERSONAL,20900,16.02,1,0.4,N,7
50,63900,MORTGAGE,1.8,DEBTCONSOLIDATION,12900,11.67,0,0.2,N,11
40,69400,RENT,1.6,VENTURE,16500,12.08,0,0.24,N,5
42,31700,MORTGAGE,2.8,VENTURE,13600,15.11,0,0.43,N,6
36,40600,MORTGAGE,3.5,PERSONAL,12500,12.44,0,0.31,N,4
37,69900,RENT,7.1,VENTURE,18200,11.86,0,0.26,N,4
57,50200,RENT,1.6,EDUCATION,8900,13.63,0,0.18,N,7
31,83800,MORTGAGE,1.8,MEDICAL,13700,12.35,1,0.16,N,7
31,47900,MORTGAGE,4.6,EDUCATION,22000,12.85,0,0.46,N,7
38,94400,MORTGAGE,1.0,PERSONAL,7500,5.42,0,0.08,N,2
61,18400,RENT,3.2,MEDICAL,6000,13.53,1,0.33,Y,5
44,64700,RENT,,DEBTCONSOLIDATION,16300,11.95,1,0.25,N,17
70,26700,RENT,1.1,PERSONAL,29300,17.17,1,1.1,N,4
41,100400,OWN,7.9,PERSONAL,12500,13.79,0,0.12,N,3
50,49900,MORTGAGE,6.1,DEBTCONSOLIDATION,22200,16.09,1,0.44,N,12
55,44900,MORTGAGE,1.4,MEDICAL,13400,10.81,0,0.3,N,7
68,34400,RENT,2.7,EDUCATION,9000,9.81,0,0.26,N,12
39,78000,MORTGAGE,0.8,HOMEIMPROVEMENT,13700,14.14,0,0.18,N,4
44,74000,RENT,0.3,HOMEIMPROVEMENT,12800,9.85,0,0.17,N,6
42,46400,MORTGAGE,4.4,EDUCATION,9300,11.97,0,0.2,N,9
51,78100,MORTGAGE,2.3,PERSONAL,11100,10.76,0,0.14,N,4
60,61200,RENT,1.2,EDUCATION,11800,10.43,0,0.19,Y,10
59,56800,RENT,0.6,EDUCATION,23800,18.87,1,0.42,N,13
38,83300,RENT,,PERSONAL,10300,8.86,0,0.12,N,7
37,146700,RENT,1.6,MEDICAL,26900,8.14,0,0.18,N,2
50,63300,MORTGAGE,11.9,DEBTCONSOLIDATION,2900,7.3,0,0.05,N,11
35,63300,RENT,1.1,VENTURE,6900,10.73,0,0.11,N,9
51,89800,MORTGAGE,1.4,PERSONAL,3700,10.72,0,0.04,N,6
44,32100,MORTGAGE,9.5,EDUCATION,20700,19.31,1,0.64,Y,17
57,49000,MORTGAGE,4.2,DEBTCONSOLIDATION,6800,9.06,0,0.14,N,6
55,43800,MORTGAGE,0.6,EDUCATION,15600,13.56,0,0.36,N,11
45,63900,MORTGAGE,4.0,VENTURE,21000,12.32,0,0.33,N,3
35,61000,RENT,1.8,VENTURE,13800,11.52,0,0.23,N,7
35,142500,RENT,6.7,EDUCATION,6200,6.8,0,0.04,N,5
44,123600,RENT,0.4,HOMEIMPROVEMENT,23000,9.09,0,0.19,N,17
48,23500,RENT,12.5,MEDICAL,8500,12.65,0,0.36,N,15
41,65900,OWN,3.3,PERSONAL,6100,7.87,0,0.09,N,3
36,80000,RENT,6.6,PERSONAL,20700,11.33,0,0.26,N,6
41,56700,MORTGAGE,,EDUCATION,3800,7.7,0,0.07,N,4
57,40800,MORTGAGE,,DEBTCONSOLIDATION,16600,18.61,1,0.41,N,4
41,115600,MORTGAGE,10.6,MEDICAL,12400,7.38,0,0.11,N,7
39,65000,MORTGAGE,1.3,MEDICAL,12600,7.94,0,0.19,N,3
35,30500,RENT,1.1,EDUCATION,21900,19.73,1,0.72,N,11
43,92700,MORTGAGE,3.7,MEDICAL,4600,8.36,0,0.05,N,8
55,70100,RENT,,PERSONAL,19900,10.13,1,0.28,N,2
56,38000,OTHER,1.9,EDUCATION,18900,19.76,1,0.5,N,6
37,35600,MORTGAGE,16.7,VENTURE,25100,20.48,1,0.71,N,8
45,35000,RENT,2.9,DEBTCONSOLIDATION,15700,19.36,0,0.45,N,8
38,103900,OWN,9.0,HOMEIMPROVEMENT,7600,8.8,0,0.07,N,3
41,74900,RENT,3.8,PERSONAL,4600,10.93,0,0.06,N,7
43,91700,RENT,1.1,EDUCATION,12800,13.31,0,0.14,N,2
39,60600,MORTGAGE,10.6,MEDICAL,19300,10.79,0,0.32,N,5
26,37200,OWN,0.4,VENTURE,4400,8.56,1,0.12,N,8
61,35000,OWN,5.7,DEBTCONSOLIDATION,9200,13.06,0,0.26,Y,2
39,97800,MORTGAGE,8.9,VENTURE,20800,12.33,0,0.21,N,5
38,69200,RENT,8.9,VENTURE,8900,12.44,0,0.13,Y,4
37,46800,RENT,5.3,MEDICAL,11600,12.35,0,0.25,N,5
33,54800,RENT,1.4,VENTURE,20000,15.19,0,0.36,N,3
62,93800,RENT,3.8,MEDICAL,12600,10.03,0,0.13,N,11
43,73800,MORTGAGE,5.0,VENTURE,20800,15.48,0,0.28,N,3
48,51500,MORTGAGE,11.0,DEBTCONSOLIDATION,9600,11.75,0,0.19,N,5
47,52800,MORTGAGE,0.9,HOMEIMPROVEMENT,28900,19.57,1,0.55,N,5
39,39200,RENT,3.1,DEBTCONSOLIDATION,6100,12.38,0,0.16,N,7
43,54900,RENT,,DEBTCONSOLIDATION,20200,15.62,0,0.37,N,3
51,46200,RENT,2.8,MEDICAL,5500,7.57,0,0.12,N,5
33,52700,MORTGAGE,1.0,PERSONAL,23300,16.06,1,0.44,Y,5
40,40200,RENT,1.2,MEDICAL,7100,10.05,0,0.18,N,14
42,25900,RENT,7.3,EDUCATION,15900,18.61,1,0.61,N,17
39,91500,RENT,3.3,DEBTCONSOLIDATION,10700,10.16,0,0.12,N,16
39,74300,MORTGAGE,3.6,EDUCATION,16300,13.21,0,0.22,N,5
45,46800,RENT,11.4,EDUCATION,4600,11.47,0,0.1,N,3
58,45400,RENT,1.4,EDUCATION,24800,,1,0.55,Y,10
48,25200,MORTGAGE,2.0,EDUCATION,19100,19.33,1,0.76,Y,10
37,97400,MORTGAGE,1.8,EDUCATION,10900,7.74,0,0.11,N,5
70,108000,RENT,5.4,PERSONAL,13400,8.23,0,0.12,N,6
58,51600,RENT,4.1,DEBTCONSOLIDATION,16800,14.47,0,0.33,N,5
40,64800,RENT,3.2,DEBTCONSOLIDATION,16600,15.33,1,0.26,N,6
58,31500,RENT,5.5,PERSONAL,17200,14.8,0,0.55,N,2
45,56800,RENT,3.3,PERSONAL,7500,8.35,0,0.13,N,3
35,37100,RENT,8.5,VENTURE,21500,19.59,0,0.58,N,3
56,37200,RENT,2.6,DEBTCONSOLIDATION,13100,13.04,1,0.35,Y,7
37,46200,MORTGAGE,11.1,VENTURE,21700,19.07,0,0.47,N,11
48,42900,RENT,0.6,EDUCATION,27000,20.48,0,0.63,N,4
45,50500,RENT,0.5,PERSONAL,6300,10.72,0,0.12,N,3
49,96900,RENT,5.3,DEBTCONSOLIDATION,11100,11.07,1,0.11,Y,8
63,17000,OWN,2.5,EDUCATION,14600,17.31,1,0.86,Y,6
43,40400,MORTGAGE,3.0,MEDICAL,7100,8.46,0,0.18,N,7
35,76700,MORTGAGE,6.0,PERSONAL,9400,7.74,0,0.12,N,4
38,60300,MORTGAGE,1.2,VENTURE,4700,10.75,0,0.08,N,11
34,35300,RENT,0.2,DEBTCONSOLIDATION,18200,16.76,0,0.52,N,16
32,172400,OWN,2.9,VENTURE,13900,10.04,0,0.08,N,4
55,238700,RENT,11.3,PERSONAL,3900,5.42,0,0.02,Y,3
44,53700,RENT,3.0,MEDICAL,10200,,0,0.19,N,2
42,31400,RENT,,HOMEIMPROVEMENT,12100,14.2,0,0.39,N,3
40,47200,MORTGAGE,1.2,MEDICAL,10900,10.84,0,0.23,N,8
52,29100,RENT,3.1,VENTURE,3200,,0,0.11,N,4
60,67500,MORTGAGE,3.3,VENTURE,9900,14.45,0,0.15,N,10
37,74400,RENT,1.3,MEDICAL,5700,9.43,0,0.08,N,4
48,93100,RENT,0.9,MEDICAL,2300,7.43,0,0.02,N,3
54,67500,RENT,2.2,VENTURE,11100,9.37,0,0.16,Y,7
46,61400,OWN,0.2,MEDICAL,11700,9.58,0,0.19,N,18
51,31100,RENT,0.9,EDUCATION,26300,18.97,1,0.85,Y,6
35,27700,MORTGAGE,6.6,DEBTCONSOLIDATION,6900,14.05,0,0.25,Y,11
27,17800,MORTGAGE,5.2,MEDICAL,18700,,1,1.05,N,8
60,56600,MORTGAGE,1.9,MEDICAL,9500,8.7,0,0.17,N,6
52,87100,MORTGAGE,4.0,VENTURE,13900,8.69,0,0.16,N,8
49,102100,OWN,8.8,DEBTCONSOLIDATION,12600,10.92,0,0.12,N,11
53,85900,RENT,9.1,EDUCATION,13600,9.05,0,0.16,N,6
41,44300,RENT,5.3,PERSONAL,20500,16.19,1,0.46,N,3
36,150600,RENT,0.7,MEDICAL,3200,7.43,0,0.02,N,5
34,32100,MORTGAGE,0.9,DEBTCONSOLIDATION,10600,12.61,0,0.33,N,4
33,31300,RENT,1.7,PERSONAL,10900,12.01,0,0.35,N,6
48,82600,MORTGAGE,5.6,EDUCATION,6100,11.18,0,0.07,N,6
40,117400,RENT,,MEDICAL,2700,10.31,0,0.02,N,5
59,145200,RENT,3.1,EDUCATION,19200,12.01,0,0.13,N,8
56,93800,MORTGAGE,8.7,PERSONAL,24800,13.22,1,0.26,Y,10
52,81100,MORTGAGE,11.1,MEDICAL,10300,10.75,0,0.13,N,8
49,84700,MORTGAGE,9.1,EDUCATION,17500,11.56,0,0.21,N,3
38,46500,RENT,0.6,EDUCATION,32900,20.96,1,0.71,N,2
39,34900,OWN,,HOMEIMPROVEMENT,7700,11.76,0,0.22,N,4
38,63000,MORTGAGE,5.8,DEBTCONSOLIDATION,9700,13.77,0,0.15,N,8
35,21300,MORTGAGE,4.8,MEDICAL,22300,21.54,1,1.05,Y,9
43,45700,RENT,1.4,VENTURE,1900,8.73,0,0.04,N,3
54,40500,MORTGAGE,13.2,VENTURE,16000,17.22,1,0.4,N,2
42,74700,RENT,0.1,VENTURE,13500,10.8,0,0.18,N,4
38,61100,OWN,0.4,MEDICAL,19300,13.04,0,0.32,N,4
42,122700,RENT,0.8,MEDICAL,14600,8.27,0,0.12,N,8
45,85200,MORTGAGE,5.9,EDUCATION,14300,12.15,0,0.17,N,9
39,38100,MORTGAGE,4.9,EDUCATION,19000,16.87,1,0.5,Y,5
43,78400,RENT,14.5,EDUCATION,15100,11.91,0,0.19,N,19
70,21000,MORTGAGE,2.1,EDUCATION,31500,21.03,1,1.5,N,9
33,81000,MORTGAGE,2.1,MEDICAL,18700,10.68,0,0.23,Y,7
30,35900,MORTGAGE,5.5,PERSONAL,21900,17.76,1,0.61,Y,10
44,38800,RENT,1.0,EDUCATION,12400,13.93,0,0.32,N,4
47,113400,MORTGAGE,3.1,VENTURE,28900,12.53,0,0.25,N,23
42,67100,MORTGAGE,0.1,MEDICAL,12900,10.96,0,0.19,N,8
36,48700,RENT,4.5,EDUCATION,11000,13.98,0,0.23,N,4
59,94800,MORTGAGE,7.7,EDUCATION,27700,10.84,1,0.29,Y,4
44,121800,OWN,1.1,VENTURE,11500,8.61,0,0.09,N,8
45,31300,MORTGAGE,1.8,EDUCATION,11300,13.28,0,0.36,N,2
52,36600,RENT,0.7,VENTURE,15200,16.97,1,0.42,Y,6
42,84600,MORTGAGE,4.8,EDUCATION,23500,12.69,0,0.28,N,4
41,64100,RENT,4.2,DEBTCONSOLIDATION,10700,13.46,0,0.17,N,13
59,19500,MORTGAGE,8.8,EDUCATION,22700,18.91,1,1.16,N,3
32,144400,RENT,14.0,MEDICAL,7700,,0,0.05,N,4
47,41600,RENT,20.6,PERSONAL,7900,12.12,0,0.19,N,7
46,31200,RENT,0.6,PERSONAL,13000,,1,0.42,Y,8
40,54500,RENT,4.0,EDUCATION,9500,9.54,0,0.17,N,5
42,89000,RENT,7.8,EDUCATION,13700,13.05,0,0.15,N,5
58,101100,RENT,5.4,VENTURE,2800,12.59,0,0.03,N,2
37,55900,MORTGAGE,11.4,PERSONAL,9700,12.74,0,0.17,N,2
51,218500,MORTGAGE,2.9,PERSONAL,28200,8.44,0,0.13,N,5
44,250000,MORTGAGE,2.8,PERSONAL,24700,9.92,0,0.1,N,6
50,69300,RENT,0.1,PERSONAL,3800,9.76,0,0.05,N,6
47,52400,RENT,0.1,MEDICAL,21800,15.77,1,0.42,Y,7
29,45000,RENT,5.9,VENTURE,12800,12.66,1,0.28,Y,4
37,49800,MORTGAGE,3.2,MEDICAL,22300,16.32,1,0.45,N,7
38,123300,MORTGAGE,5.4,PERSONAL,9800,8.12,0,0.08,N,9
36,65200,MORTGAGE,1.4,EDUCATION,15100,8.72,0,0.23,N,4
39,87400,RENT,9.9,MEDICAL,31500,15.98,1,0.36,Y,4
45,79400,RENT,11.7,DEBTCONSOLIDATION,10600,13.61,0,0.13,N,3
53,75600,MORTGAGE,5.4,PERSONAL,24900,13.91,0,0.33,N,3
34,98600,RENT,1.6,PERSONAL,24600,6.47,0,0.25,N,8
44,85400,RENT,1.2,EDUCATION,7500,11.87,0,0.09,N,4
46,70400,RENT,4.9,VENTURE,9100,9.81,0,0.13,N,8
55,149400,MORTGAGE,14.1,VENTURE,6900,7.2,0,0.05,N,2
61,26200,OTHER,4.3,PERSONAL,9900,,1,0.38,N,14
42,63300,RENT,9.1,MEDICAL,14500,11.73,0,0.23,N,2
36,40500,RENT,4.2,VENTURE,27000,,1,0.67,Y,2
47,89800,MORTGAGE,,EDUCATION,11900,10.4,0,0.13,N,9
36,22100,MORTGAGE,4.2,DEBTCONSOLIDATION,31700,20.58,1,1.43,Y,18
46,61600,MORTGAGE,4.3,DEBTCONSOLIDATION,12000,15.07,0,0.19,N,2
38,70600,MORTGAGE,6.7,VENTURE,15900,12.6,0,0.23,N,4
29,106200,MORTGAGE,2.5,MEDICAL,29400,12.14,0,0.28,N,7
48,42900,RENT,11.7,MEDICAL,16200,14.99,0,0.38,N,17
38,250000,MORTGAGE,10.0,MEDICAL,11700,7.39,0,0.05,N,2
59,39200,OWN,6.5,VENTURE,14500,12.25,0,0.37,N,6
44,29000,MORTGAGE,6.8,EDUCATION,14900,16.83,1,0.51,N,9
32,75600,MORTGAGE,2.7,VENTURE,6300,10.78,0,0.08,N,10
53,50500,RENT,8.9,VENTURE,12100,12.41,0,0.24,N,2
42,149200,MORTGAGE,13.5,PERSONAL,14500,9.91,0,0.1,N,6
49,22600,MORTGAGE,7.9,EDUCATION,21000,18.79,0,0.93,N,5
53,55300,MORTGAGE,0.7,PERSONAL,2300,7.45,0,0.04,N,5
44,85000,MORTGAGE,7.7,EDUCATION,22200,11.31,0,0.26,N,7
34,37500,RENT,3.1,VENTURE,9600,12.14,0,0.26,N,9
45,25200,MORTGAGE,4.7,DEBTCONSOLIDATION,19100,17.76,1,0.76,Y,5
57,120100,RENT,23.6,PERSONAL,20800,,0,0.17,N,2
43,34100,RENT,2.2,DEBTCONSOLIDATION,23900,18.42,1,0.7,N,12
47,96200,MORTGAGE,2.1,EDUCATION,28500,17.12,0,0.3,N,5
37,32600,RENT,1.5,PERSONAL,25600,15.75,1,0.79,Y,4
33,45500,MORTGAGE,0.7,VENTURE,17000,14.32,0,0.37,N,3
42,82200,OTHER,0.9,MEDICAL,19400,15.47,0,0.24,N,2
44,65800,RENT,3.6,MEDICAL,18800,12.25,0,0.29,N,8
55,32500,RENT,12.0,EDUCATION,14400,14.12,0,0.44,N,13
44,72500,MORTGAGE,8.3,PERSONAL,20700,10.33,0,0.29,N,2
54,16400,RENT,1.0,PERSONAL,13000,19.33,1,0.79,Y,8
40,28000,MORTGAGE,4.1,EDUCATION,22400,17.29,1,0.8,N,5
33,141500,RENT,9.4,VENTURE,20000,10.98,0,0.14,N,8
48,49300,MORTGAGE,3.9,EDUCATION,13800,14.35,0,0.28,N,12
59,80400,RENT,12.1,MEDICAL,14300,9.95,0,0.18,Y,7
39,79100,OWN,11.9,EDUCATION,17200,12.85,0,0.22,N,9
49,44800,MORTGAGE,2.1,PERSONAL,10700,11.48,0,0.24,N,5
50,57800,MORTGAGE,10.4,EDUCATION,15200,14.97,1,0.26,N,8
33,28400,MORTGAGE,4.4,MEDICAL,25600,20.9,1,0.9,Y,4
42,58200,RENT,3.3,MEDICAL,10300,13.42,0,0.18,N,2
50,41400,RENT,7.4,PERSONAL,18400,15.97,1,0.44,N,6
47,171200,RENT,7.8,VENTURE,4300,12.08,0,0.03,Y,2
50,36800,MORTGAGE,,VENTURE,6900,10.92,0,0.19,N,2
49,71900,MORTGAGE,8.3,MEDICAL,24900,13.46,0,0.35,N,4
43,46600,MORTGAGE,15.1,VENTURE,25800,19.37,1,0.55,Y,6
44,84700,MORTGAGE,10.3,EDUCATION,15500,8.56,0,0.18,N,5
54,25700,MORTGAGE,0.4,HOMEIMPROVEMENT,16100,18.24,1,0.63,N,5
45,50400,MORTGAGE,9.5,VENTURE,12200,13.41,0,0.24,N,2
38,75000,MORTGAGE,7.6,DEBTCONSOLIDATION,16100,11.87,0,0.21,N,6
42,61700,OWN,,EDUCATION,24500,17.61,0,0.4,N,4
47,71200,RENT,6.7,VENTURE,7500,11.67,0,0.11,N,2
54,34300,RENT,10.5,PERSONAL,14000,15.8,1,0.41,Y,5
33,44800,OWN,0.1,PERSONAL,24500,16.21,0,0.55,N,2
41,53600,MORTGAGE,19.0,VENTURE,5400,12.06,0,0.1,N,11
53,83200,RENT,1.1,EDUCATION,8400,6.57,0,0.1,N,7
37,116800,OWN,10.0,MEDICAL,14200,10.29,0,0.12,N,4
37,19500,MORTGAGE,13.3,MEDICAL,16600,21.11,1,0.85,N,11
44,45400,RENT,0.0,MEDICAL,18900,15.06,0,0.42,Y,10
32,37700,MORTGAGE,12.2,EDUCATION,8100,8.95,0,0.21,N,4
63,35400,MORTGAGE,8.8,EDUCATION,16100,16.22,0,0.45,N,3
47,62700,RENT,12.8,VENTURE,10900,8.65,0,0.17,N,6
49,55200,MORTGAGE,1.0,PERSONAL,10400,8.29,1,0.19,N,4
55,29200,OWN,7.5,EDUCATION,5100,13.23,0,0.17,N,6
70,28500,MORTGAGE,3.3,PERSONAL,6800,13.53,0,0.24,N,10
43,69800,MORTGAGE,1.5,PERSONAL,21700,9.81,0,0.31,N,4
33,29700,RENT,7.1,MEDICAL,13100,13.38,0,0.44,N,4
46,37000,MORTGAGE,3.2,VENTURE,20100,19.54,0,0.54,N,4
37,90000,RENT,11.5,MEDICAL,22300,14.04,0,0.25,N,4
35,59600,RENT,6.2,MEDICAL,21500,,1,0.36,N,2
40,126900,MORTGAGE,0.7,VENTURE,30900,11.92,0,0.24,N,7
43,51100,MORTGAGE,1.4,MEDICAL,9400,11.62,0,0.18,N,10
55,185000,MORTGAGE,1.5,VENTURE,5400,11.68,0,0.03,N,10
63,49000,OWN,2.1,PERSONAL,14500,11.98,0,0.3,N,10
36,104700,MORTGAGE,5.5,HOMEIMPROVEMENT,29300,14.43,0,0.28,N,10
40,34100,RENT,,DEBTCONSOLIDATION,8400,,1,0.25,N,3
49,37900,OWN,4.5,DEBTCONSOLIDATION,14900,14.45,0,0.39,N,6
50,137400,RENT,7.0,DEBTCONSOLIDATION,12200,11.66,1,0.09,N,9
36,37000,MORTGAGE,1.9,MEDICAL,16800,17.15,0,0.45,N,8
53,48100,RENT,3.7,HOMEIMPROVEMENT,12700,13.08,0,0.26,N,2
38,37700,OTHER,3.5,EDUCATION,31800,18.82,1,0.84,Y,3
36,100500,RENT,6.0,DEBTCONSOLIDATION,21000,13.39,0,0.21,N,4
48,27900,RENT,3.6,VENTURE,20800,20.19,1,0.75,Y,7
56,111200,RENT,2.0,DEBTCONSOLIDATION,11300,11.08,0,0.1,N,7
46,62000,RENT,1.4,HOMEIMPROVEMENT,20600,14.97,1,0.33,Y,5
45,60000,RENT,,DEBTCONSOLIDATION,14400,11.61,0,0.24,N,8
43,52500,RENT,19.8,DEBTCONSOLIDATION,23800,,0,0.45,N,10
44,107800,MORTGAGE,2.2,EDUCATION,21100,13.81,0,0.2,N,8
42,48000,OWN,8.2,DEBTCONSOLIDATION,17900,14.18,0,0.37,N,3
49,36600,MORTGAGE,0.4,EDUCATION,9100,,0,0.25,N,2
44,72100,RENT,0.5,VENTURE,15600,12.83,0,0.22,N,9
70,51700,RENT,5.8,VENTURE,25300,,1,0.49,Y,2
47,159300,RENT,3.1,VENTURE,16800,8.12,0,0.11,Y,8
42,89500,RENT,10.6,PERSONAL,22800,13.17,0,0.25,N,5
36,65600,MORTGAGE,9.9,MEDICAL,14700,7.58,0,0.22,N,6
36,119200,MORTGAGE,7.0,VENTURE,23200,9.79,0,0.19,N,7
47,24400,MORTGAGE,8.4,PERSONAL,15800,16.52,1,0.65,Y,5
39,73800,OWN,10.2,PERSONAL,23500,11.42,0,0.32,N,8
45,57300,RENT,7.7,MEDICAL,13400,10.65,0,0.23,N,5
57,48400,MORTGAGE,3.7,EDUCATION,17800,14.19,0,0.37,N,8
34,46400,RENT,1.5,MEDICAL,4900,5.89,0,0.11,N,3
42,99900,RENT,7.7,HOMEIMPROVEMENT,12700,,0,0.13,N,9
28,19500,MORTGAGE,1.9,HOMEIMPROVEMENT,7200,13.58,0,0.37,N,6
33,70300,MORTGAGE,1.4,PERSONAL,8900,11.4,0,0.13,N,15
46,24700,RENT,0.9,EDUCATION,14900,19.32,1,0.6,Y,8
33,47400,RENT,4.9,EDUCATION,14800,14.67,0,0.31,N,7
34,52700,RENT,1.4,HOMEIMPROVEMENT,21700,14.78,1,0.41,N,5
61,131800,RENT,2.3,DEBTCONSOLIDATION,13500,11.64,0,0.1,N,4
38,40400,MORTGAGE,6.2,MEDICAL,28000,19.44,1,0.69,Y,6
36,55800,RENT,7.9,PERSONAL,10800,11.65,0,0.19,N,3
56,27600,RENT,1.9,DEBTCONSOLIDATION,13100,17.09,1,0.47,Y,4
36,71600,MORTGAGE,9.3,EDUCATION,20800,8.41,0,0.29,N,4
47,26100,MORTGAGE,0.3,PERSONAL,17600,,1,0.67,Y,6
47,20400,MORTGAGE,,DEBTCONSOLIDATION,7700,16.45,0,0.38,N,8
52,23600,RENT,2.7,DEBTCONSOLIDATION,14400,21.09,1,0.61,N,8
35,46300,RENT,2.0,MEDICAL,5500,9.42,0,0.12,N,6
37,47600,MORTGAGE,12.9,HOMEIMPROVEMENT,7400,13.19,0,0.16,N,6
38,101100,RENT,0.7,EDUCATION,6300,8.36,0,0.06,N,7
37,125100,MORTGAGE,2.2,EDUCATION,6100,8.19,0,0.05,N,6
51,123500,OTHER,2.2,EDUCATION,7300,8.89,0,0.06,N,7
47,102000,RENT,2.8,EDUCATION,25200,13.12,1,0.25,N,3
48,169600,MORTGAGE,9.4,PERSONAL,18400,7.64,0,0.11,N,8
32,69600,RENT,9.5,MEDICAL,18100,14.14,0,0.26,N,3
45,70200,MORTGAGE,4.5,DEBTCONSOLIDATION,25400,16.27,0,0.36,N,16
59,148000,RENT,24.0,DEBTCONSOLIDATION,18700,14.46,0,0.13,Y,5
68,29400,RENT,9.3,EDUCATION,16400,18.15,1,0.56,N,9
40,90800,RENT,5.7,VENTURE,20000,12.77,0,0.22,N,8
52,52800,MORTGAGE,1.1,PERSONAL,18700,11.53,1,0.35,N,4
37,112800,MORTGAGE,4.0,PERSONAL,16200,9.87,0,0.14,N,11
33,103800,RENT,1.2,EDUCATION,6400,6.56,0,0.06,N,2
33,49500,MORTGAGE,1.8,MEDICAL,5400,,0,0.11,N,5
57,27900,RENT,5.8,VENTURE,7700,10.19,0,0.28,N,5
40,113800,RENT,1.0,VENTURE,16700,9.88,0,0.15,N,9
39,41800,MORTGAGE,0.5,DEBTCONSOLIDATION,14400,14.36,0,0.34,N,6
51,57900,RENT,3.8,EDUCATION,15000,11.78,0,0.26,N,6
34,29300,MORTGAGE,0.0,VENTURE,11700,16.81,1,0.4,Y,5
48,44400,MORTGAGE,4.7,DEBTCONSOLIDATION,22500,15.41,0,0.51,N,2
42,94700,OWN,11.6,HOMEIMPROVEMENT,19900,8.01,0,0.21,N,7
66,67000,MORTGAGE,1.1,EDUCATION,4700,8.29,0,0.07,N,5
40,35800,RENT,2.4,PERSONAL,8400,11.07,0,0.23,N,5
42,19300,MORTGAGE,12.4,EDUCATION,15000,19.2,1,0.78,Y,6
33,79100,MORTGAGE,6.1,MEDICAL,8200,8.72,0,0.1,N,6
69,43100,OWN,0.7,VENTURE,7200,8.96,0,0.17,N,3
41,59600,RENT,2.4,MEDICAL,2600,8.89,0,0.04,N,7
62,50200,MORTGAGE,7.1,PERSONAL,31100,21.8,1,0.62,Y,6
31,42900,RENT,5.5,EDUCATION,8900,10.01,0,0.21,N,7
46,76200,MORTGAGE,0.8,DEBTCONSOLIDATION,12400,10.54,0,0.16,N,2
67,33600,RENT,0.3,MEDICAL,16800,14.06,0,0.5,N,16
38,58800,OWN,5.7,EDUCATION,9200,11.76,0,0.16,N,2
45,68100,RENT,4.7,MEDICAL,22200,16.34,0,0.33,N,4
57,113700,MORTGAGE,0.3,VENTURE,16000,13.01,1,0.14,N,7
41,55800,MORTGAGE,18.4,EDUCATION,18300,13.47,0,0.33,N,6
33,28100,RENT,1.5,DEBTCONSOLIDATION,7500,13.94,1,0.27,N,12
39,78500,MORTGAGE,2.4,PERSONAL,19300,10.61,0,0.25,N,3
46,33200,MORTGAGE,1.0,VENTURE,4800,9.1,0,0.14,N,4
46,37500,MORTGAGE,8.8,EDUCATION,10500,14.25,0,0.28,N,10
50,41200,RENT,16.4,HOMEIMPROVEMENT,12600,13.06,0,0.31,Y,12
37,48900,RENT,1.2,DEBTCONSOLIDATION,6100,7.83,0,0.12,N,7
65,110300,RENT,1.7,EDUCATION,15300,8.43,0,0.14,N,6
37,77500,MORTGAGE,6.1,PERSONAL,10900,6.71,0,0.14,N,4
44,29600,RENT,3.8,EDUCATION,7100,10.06,1,0.24,N,2
46,124500,RENT,0.6,EDUCATION,9900,11.59,0,0.08,N,5
46,97100,RENT,13.2,VENTURE,15700,12.72,0,0.16,N,6
35,68100,MORTGAGE,4.7,PERSONAL,8800,9.86,0,0.13,N,6
57,15100,RENT,1.8,DEBTCONSOLIDATION,13400,21.72,1,0.89,N,2
39,34100,RENT,3.4,HOMEIMPROVEMENT,18500,18.39,1,0.54,N,4
47,54400,RENT,3.5,PERSONAL,16500,12.72,0,0.3,N,5
45,134700,MORTGAGE,3.7,PERSONAL,20600,12.14,0,0.15,N,3
45,112300,OWN,3.4,VENTURE,18500,10.38,0,0.16,Y,9
32,31900,RENT,4.1,EDUCATION,13700,15.48,0,0.43,N,8
38,21500,MORTGAGE,2.5,EDUCATION,14400,19.37,0,0.67,N,5
47,49000,RENT,0.8,HOMEIMPROVEMENT,9500,10.98,1,0.19,N,6
33,58500,RENT,5.5,MEDICAL,27200,17.9,0,0.46,Y,2
42,27400,RENT,7.9,PERSONAL,25700,19.7,1,0.94,Y,3
44,33600,OWN,9.2,EDUCATION,22300,,0,0.66,N,8
50,173500,MORTGAGE,,VENTURE,7400,10.96,0,0.04,N,5
44,44100,RENT,2.6,EDUCATION,20800,18.96,0,0.47,N,2
42,45900,RENT,19.2,DEBTCONSOLIDATION,27000,20.82,1,0.59,Y,4
46,250000,MORTGAGE,0.3,EDUCATION,26100,11.08,0,0.1,N,3
41,45000,RENT,7.7,PERSONAL,25800,14.91,1,0.57,N,4
37,31100,RENT,0.7,EDUCATION,18000,18.43,1,0.58,N,11
39,36700,MORTGAGE,8.7,DEBTCONSOLIDATION,9300,12.9,0,0.25,N,5
47,63600,RENT,5.6,VENTURE,15900,10.98,0,0.25,N,11
42,41700,MORTGAGE,6.5,MEDICAL,9800,9.86,0,0.24,N,5
70,50400,RENT,18.9,MEDICAL,21700,16.81,1,0.43,N,3
35,52900,RENT,14.0,PERSONAL,7800,11.47,0,0.15,N,2
47,250000,OWN,1.8,EDUCATION,8700,6.81,0,0.03,N,9
48,80200,OWN,2.4,DEBTCONSOLIDATION,9500,13.35,0,0.12,N,18
44,32100,MORTGAGE,2.6,PERSONAL,16100,16.81,1,0.5,Y,10
41,49200,RENT,1.0,MEDICAL,15900,14.61,0,0.32,N,2
43,84300,MORTGAGE,2.4,HOMEIMPROVEMENT,15000,8.25,0,0.18,N,14
43,98300,RENT,19.3,DEBTCONSOLIDATION,7300,7.98,0,0.07,N,4
60,22400,MORTGAGE,3.4,MEDICAL,13200,15.75,0,0.59,N,9
31,24800,MORTGAGE,13.0,DEBTCONSOLIDATION,27000,22.66,1,1.09,Y,4
36,70200,MORTGAGE,0.4,EDUCATION,27600,13.65,0,0.39,N,2
46,38100,MORTGAGE,0.2,PERSONAL,13600,15.29,0,0.36,Y,3
54,35300,MORTGAGE,4.3,EDUCATION,9500,17.25,0,0.27,N,9
37,60000,RENT,6.7,HOMEIMPROVEMENT,32500,14.39,0,0.54,N,19
35,83700,RENT,1.2,EDUCATION,8700,9.32,0,0.1,N,9
42,47500,MORTGAGE,3.5,EDUCATION,23100,15.05,0,0.49,N,3
36,18600,RENT,10.3,VENTURE,10000,20.09,1,0.54,Y,5
42,40500,MORTGAGE,7.2,VENTURE,26100,19.65,1,0.64,Y,3
37,28600,MORTGAGE,1.3,VENTURE,6700,14.61,0,0.23,N,2
50,73800,RENT,2.0,PERSONAL,10400,10.14,0,0.14,N,3
37,167300,RENT,1.8,EDUCATION,17200,6.71,0,0.1,N,3
32,63500,MORTGAGE,6.4,VENTURE,6100,9.59,0,0.1,N,6
50,69000,RENT,17.2,VENTURE,11800,12.49,0,0.17,N,2
43,84700,OWN,1.6,EDUCATION,11800,10.01,0,0.14,N,6
40,113700,RENT,4.4,PERSONAL,14200,7.9,0,0.12,N,3
40,39300,MORTGAGE,22.0,PERSONAL,2000,8.65,0,0.05,N,2
44,52600,OWN,0.9,VENTURE,17400,10.89,0,0.33,N,13
35,91300,OWN,5.4,MEDICAL,12100,5.9,0,0.13,N,4
33,32300,MORTGAGE,,MEDICAL,9100,,1,0.28,Y,8
37,23600,MORTGAGE,19.0,MEDICAL,8500,16.06,0,0.36,N,7
41,41900,MORTGAGE,0.6,PERSONAL,20900,19.27,1,0.5,N,7
36,108100,MORTGAGE,3.0,VENTURE,9900,12.48,1,0.09,Y,6
60,58500,MORTGAGE,1.5,EDUCATION,18100,11.89,0,0.31,N,8
37,41900,MORTGAGE,0.2,VENTURE,2600,10.52,0,0.06,Y,8
44,94700,MORTGAGE,16.6,DEBTCONSOLIDATION,29900,14.83,1,0.32,N,4
48,73500,MORTGAGE,4.2,DEBTCONSOLIDATION,5700,11.19,0,0.08,N,5
55,35300,MORTGAGE,,DEBTCONSOLIDATION,12100,16.17,1,0.34,N,4
62,48800,MORTGAGE,4.8,DEBTCONSOLIDATION,17900,18.61,1,0.37,N,11
68,30800,OWN,0.8,EDUCATION,16800,17.82,1,0.55,N,7
55,58600,RENT,0.9,PERSONAL,25300,17.03,0,0.43,N,7
53,76900,RENT,4.9,PERSONAL,29800,14.61,1,0.39,Y,4
36,14000,OTHER,7.6,EDUCATION,19300,17.49,1,1.38,N,7
48,30900,MORTGAGE,4.7,PERSONAL,17100,16.86,1,0.55,N,2
41,136400,RENT,4.2,EDUCATION,6200,7.98,0,0.05,N,2
41,45000,MORTGAGE,6.9,DEBTCONSOLIDATION,12800,11.75,0,0.28,N,11
40,134900,MORTGAGE,1.4,DEBTCONSOLIDATION,8100,7.67,0,0.06,N,9
35,26900,RENT,6.6,PERSONAL,11600,16.89,1,0.43,N,3
39,40400,RENT,2.6,PERSONAL,7200,11.66,0,0.18,Y,2
36,61100,MORTGAGE,5.6,VENTURE,21200,15.7,0,0.35,N,3
31,45500,MORTGAGE,1.6,DEBTCONSOLIDATION,14300,16.52,1,0.31,N,12
57,108700,RENT,0.7,DEBTCONSOLIDATION,6500,,0,0.06,N,6
44,50800,MORTGAGE,0.1,EDUCATION,14400,15.21,0,0.28,N,9
44,80100,RENT,8.1,MEDICAL,10700,8.99,0,0.13,N,5
43,29700,RENT,1.1,MEDICAL,14000,17.78,1,0.47,N,8
54,62700,OTHER,2.3,EDUCATION,9400,8.92,0,0.15,N,11
45,45600,MORTGAGE,7.3,HOMEIMPROVEMENT,20300,14.49,0,0.45,N,8
58,31200,RENT,3.0,VENTURE,2500,7.41,0,0.08,N,5
49,70000,RENT,1.2,VENTURE,7200,11.3,0,0.1,N,2
38,114600,RENT,1.1,MEDICAL,15500,11.53,0,0.14,N,3
56,39100,OWN,2.6,PERSONAL,17400,15.13,0,0.45,Y,12
46,68400,RENT,4.2,VENTURE,4400,7.82,0,0.06,Y,9
43,48100,RENT,2.5,PERSONAL,17800,16.54,1,0.37,N,9
52,57500,MORTGAGE,11.7,DEBTCONSOLIDATION,8400,11.96,0,0.15,N,6
44,86000,RENT,0.0,PERSONAL,7300,8.67,0,0.08,N,2
50,119700,MORTGAGE,2.6,PERSONAL,3300,10.17,0,0.03,N,5
34,107300,RENT,6.8,PERSONAL,13800,13.46,0,0.13,N,4
44,35900,RENT,11.1,VENTURE,20200,18.95,1,0.56,Y,5
38,25900,OTHER,2.2,DEBTCONSOLIDATION,16100,21.23,1,0.62,Y,3
68,17900,RENT,5.6,EDUCATION,24100,20.88,1,1.35,Y,4
57,76700,MORTGAGE,4.3,MEDICAL,14700,9.14,0,0.19,N,10
45,40600,MORTGAGE,1.1,HOMEIMPROVEMENT,2600,5.42,0,0.06,N,6
56,97200,RENT,5.7,EDUCATION,23700,12.52,0,0.24,N,2
38,30700,RENT,1.4,VENTURE,26500,21.0,1,0.86,N,7
40,69200,MORTGAGE,7.7,VENTURE,24400,14.99,0,0.35,N,7
30,20500,MORTGAGE,10.0,MEDICAL,8200,15.74,0,0.4,N,3
50,71500,RENT,3.3,DEBTCONSOLIDATION,32100,,1,0.45,N,4
29,67200,MORTGAGE,,PERSONAL,29200,14.56,0,0.43,N,8
39,29600,MORTGAGE,6.7,DEBTCONSOLIDATION,23700,20.86,1,0.8,N,2
34,60200,RENT,3.1,HOMEIMPROVEMENT,15800,9.71,1,0.26,Y,3
54,169100,RENT,0.5,HOMEIMPROVEMENT,8300,,0,0.05,N,6
66,79100,RENT,2.0,DEBTCONSOLIDATION,8300,12.01,0,0.1,N,10
51,250000,MORTGAGE,1.7,VENTURE,14400,7.79,0,0.06,N,6
49,58900,OWN,6.5,MEDICAL,25300,14.35,0,0.43,N,4
45,74500,MORTGAGE,2.8,PERSONAL,11600,10.28,0,0.16,N,2
45,41700,RENT,4.4,HOMEIMPROVEMENT,13900,,0,0.33,N,7
37,62000,MORTGAGE,3.5,HOMEIMPROVEMENT,12300,9.82,0,0.2,N,7
32,31700,MORTGAGE,6.4,VENTURE,19800,20.25,1,0.62,Y,4
44,89100,MORTGAGE,6.3,PERSONAL,6200,10.82,0,0.07,N,2
47,34800,MORTGAGE,3.0,MEDICAL,19300,,0,0.55,N,9
46,135500,MORTGAGE,0.7,EDUCATION,21200,6.74,0,0.16,N,5
48,25800,MORTGAGE,2.6,PERSONAL,19100,20.76,1,0.74,Y,3
51,45800,MORTGAGE,0.9,EDUCATION,18100,14.31,0,0.4,N,2
44,47200,RENT,16.0,MEDICAL,11800,11.35,0,0.25,N,6
36,29300,MORTGAGE,15.0,VENTURE,13600,14.88,1,0.46,Y,3
48,61600,MORTGAGE,3.1,HOMEIMPROVEMENT,8600,11.43,0,0.14,N,4
50,40400,RENT,0.1,HOMEIMPROVEMENT,18500,12.75,0,0.46,N,2
41,117300,RENT,2.3,MEDICAL,8500,9.08,1,0.07,N,11
50,34700,MORTGAGE,11.3,EDUCATION,15200,18.92,1,0.44,Y,8
45,68300,RENT,1.7,EDUCATION,20000,13.61,0,0.29,N,8
35,51700,RENT,4.9,VENTURE,8100,13.53,0,0.16,N,17
70,48200,RENT,1.0,PERSONAL,9600,12.78,0,0.2,N,3
41,57000,RENT,8.7,VENTURE,12700,13.61,0,0.22,N,6
36,80000,OWN,11.1,HOMEIMPROVEMENT,17300,9.4,0,0.22,N,5
38,19200,MORTGAGE,4.8,PERSONAL,10500,19.44,1,0.55,N,11
28,55600,RENT,4.9,VENTURE,8000,7.44,0,0.14,N,7
41,34400,RENT,2.4,PERSONAL,7500,11.58,0,0.22,N,7
58,35900,RENT,6.1,HOMEIMPROVEMENT,9500,10.22,0,0.26,N,6
45,61900,RENT,3.3,MEDICAL,12100,10.44,0,0.2,N,2
37,99200,RENT,,MEDICAL,6000,5.65,0,0.06,N,10
43,127100,MORTGAGE,17.3,EDUCATION,28500,11.5,0,0.22,N,2
30,39300,MORTGAGE,8.6,VENTURE,34000,18.6,0,0.87,N,7
43,12000,MORTGAGE,3.6,VENTURE,24300,20.19,1,2.02,Y,6
41,56300,MORTGAGE,19.3,MEDICAL,22600,13.76,0,0.4,N,2
53,19900,MORTGAGE,4.7,PERSONAL,12500,18.99,1,0.63,Y,4
47,69100,MORTGAGE,0.3,MEDICAL,10800,7.22,0,0.16,N,6
36,33000,OWN,6.6,PERSONAL,12600,10.84,1,0.38,Y,3
52,65400,MORTGAGE,8.6,DEBTCONSOLIDATION,3300,10.69,0,0.05,N,5
56,33900,MORTGAGE,0.7,DEBTCONSOLIDATION,7600,11.56,0,0.22,N,4
47,28600,MORTGAGE,5.7,EDUCATION,15000,16.51,1,0.52,Y,5
42,28900,RENT,12.7,MEDICAL,27000,21.07,1,0.93,Y,7
39,67400,OWN,1.4,VENTURE,27000,13.39,1,0.4,N,12
61,26200,RENT,4.4,DEBTCONSOLIDATION,19100,21.16,1,0.73,Y,8
46,73100,MORTGAGE,1.6,MEDICAL,13700,13.38,0,0.19,N,7
44,144000,RENT,7.4,PERSONAL,9600,11.66,0,0.07,N,6
35,135800,MORTGAGE,4.3,VENTURE,12200,8.38,0,0.09,Y,9
37,22500,OWN,2.8,EDUCATION,31300,19.61,1,1.39,N,3
33,25800,RENT,0.1,MEDICAL,23800,19.87,1,0.92,Y,5
41,70600,MORTGAGE,14.5,PERSONAL,13700,9.37,0,0.19,N,7
39,30100,RENT,3.4,PERSONAL,23600,19.55,1,0.78,Y,6
45,76100,RENT,8.2,DEBTCONSOLIDATION,20100,12.37,0,0.26,N,5
55,21100,RENT,2.5,VENTURE,12000,15.44,1,0.57,Y,5
50,52100,RENT,9.5,PERSONAL,13900,12.19,1,0.27,N,3
52,91100,MORTGAGE,0.9,MEDICAL,13200,11.06,1,0.14,N,15
54,23100,MORTGAGE,1.3,MEDICAL,3000,9.12,0,0.13,N,3
37,50800,RENT,2.0,MEDICAL,10500,14.76,1,0.21,N,3
40,50400,RENT,0.5,EDUCATION,4200,7.13,0,0.08,N,3
39,75600,RENT,2.9,MEDICAL,24900,14.24,0,0.33,N,8
51,37500,RENT,3.3,DEBTCONSOLIDATION,15900,13.16,0,0.42,N,8
35,24700,RENT,0.6,EDUCATION,12000,15.24,1,0.49,Y,5
58,13500,RENT,2.8,VENTURE,6200,18.76,1,0.46,N,7
40,112300,RENT,1.1,EDUCATION,4300,6.29,0,0.04,N,13
35,85700,MORTGAGE,10.4,PERSONAL,9400,5.68,0,0.11,Y,8
40,53500,RENT,3.6,EDUCATION,11900,8.54,0,0.22,N,5
41,52700,MORTGAGE,15.2,EDUCATION,16200,14.55,0,0.31,N,8
42,68500,RENT,2.1,EDUCATION,11100,13.69,0,0.16,N,4
42,92200,MORTGAGE,2.1,VENTURE,13600,7.45,0,0.15,N,7
54,17900,MORTGAGE,2.1,PERSONAL,18200,20.64,1,1.02,Y,6
46,20400,RENT,1.6,MEDICAL,4400,10.41,0,0.22,N,6
35,18800,OWN,,EDUCATION,14500,,0,0.77,Y,3
41,44800,RENT,1.7,HOMEIMPROVEMENT,9900,10.45,1,0.22,N,11
39,59900,MORTGAGE,1.7,DEBTCONSOLIDATION,21100,,0,0.35,N,3
44,94600,RENT,0.2,VENTURE,10500,10.02,0,0.11,N,14
43,12000,RENT,16.8,DEBTCONSOLIDATION,7800,18.07,1,0.65,N,8
63,26000,RENT,10.9,DEBTCONSOLIDATION,21400,,1,0.82,Y,3
52,58200,OWN,1.7,VENTURE,20700,13.58,0,0.36,N,3
49,62300,RENT,3.7,VENTURE,13200,10.41,0,0.21,N,9
30,48500,MORTGAGE,3.3,PERSONAL,8100,11.69,0,0.17,N,8
52,29200,OWN,0.5,PERSONAL,13400,14.41,0,0.46,N,18
31,36900,RENT,3.8,DEBTCONSOLIDATION,12800,15.21,0,0.35,N,5
40,50200,RENT,,VENTURE,7300,11.63,0,0.15,N,8
41,21100,OWN,2.8,PERSONAL,11300,19.32,0,0.54,Y,17
54,33900,MORTGAGE,0.5,EDUCATION,22200,16.66,1,0.65,N,3
36,25300,OWN,4.4,PERSONAL,14000,16.34,0,0.55,N,5
42,71400,RENT,0.3,EDUCATION,6900,9.14,0,0.1,N,10
34,32800,MORTGAGE,5.0,PERSONAL,24900,21.2,1,0.76,Y,6
48,26400,RENT,6.1,PERSONAL,20000,18.16,1,0.76,N,8
40,40800,MORTGAGE,4.2,HOMEIMPROVEMENT,14900,13.97,0,0.37,N,7
45,82000,OWN,3.2,MEDICAL,9600,9.32,0,0.12,N,9
27,53500,RENT,0.3,EDUCATION,6100,8.98,1,0.11,N,9
35,99300,RENT,0.1,MEDICAL,19800,14.67,0,0.2,N,4
45,91300,RENT,2.1,MEDICAL,16800,13.13,0,0.18,N,4
50,35900,MORTGAGE,7.4,PERSONAL,22400,19.99,1,0.62,Y,4
58,58300,RENT,5.2,EDUCATION,18400,15.21,1,0.32,Y,11
56,99100,MORTGAGE,0.7,EDUCATION,7500,9.29,0,0.08,N,2
39,41500,RENT,5.8,EDUCATION,13000,11.56,0,0.31,N,2
45,61800,OWN,4.3,EDUCATION,10300,11.78,0,0.17,N,9
51,33000,RENT,0.9,HOMEIMPROVEMENT,24100,16.01,1,0.73,Y,14
46,47900,RENT,7.0,EDUCATION,9700,13.54,0,0.2,N,8
41,47000,RENT,8.9,MEDICAL,13900,11.36,0,0.3,N,6
45,76500,RENT,1.3,MEDICAL,15000,8.77,0,0.2,Y,6
57,43900,RENT,5.1,EDUCATION,16800,12.83,1,0.38,Y,3
43,61000,MORTGAGE,2.4,EDUCATION,17000,13.77,0,0.28,Y,7
48,66800,OWN,0.3,DEBTCONSOLIDATION,17300,16.05,0,0.26,N,4
46,35100,RENT,9.9,DEBTCONSOLIDATION,11100,17.39,0,0.32,N,6
38,43400,MORTGAGE,8.6,HOMEIMPROVEMENT,14100,13.32,1,0.32,N,8
54,69900,RENT,1.9,MEDICAL,5000,5.64,0,0.07,N,4
43,148900,MORTGAGE,3.8,VENTURE,14600,10.86,0,0.1,N,4
41,27100,RENT,3.6,MEDICAL,16700,19.35,1,0.62,Y,8
46,72300,RENT,1.0,MEDICAL,20000,15.7,1,0.28,N,2
55,105600,MORTGAGE,0.8,DEBTCONSOLIDATION,7300,11.89,0,0.07,N,2
45,57100,MORTGAGE,9.3,VENTURE,16700,11.18,0,0.29,N,4
45,33000,RENT,10.1,EDUCATION,10600,10.53,0,0.32,N,4
48,52600,RENT,6.5,EDUCATION,12000,13.42,0,0.23,N,2
50,31800,MORTGAGE,0.4,EDUCATION,13500,12.67,0,0.42,N,14
41,41100,MORTGAGE,12.0,EDUCATION,6900,13.43,0,0.17,N,5
42,67000,MORTGAGE,19.8,DEBTCONSOLIDATION,9100,13.19,0,0.14,N,4
41,52400,RENT,7.5,PERSONAL,5100,8.24,0,0.1,N,6
48,60300,MORTGAGE,2.2,DEBTCONSOLIDATION,30200,17.9,1,0.5,Y,8
43,28500,RENT,2.6,MEDICAL,8200,10.02,1,0.29,Y,5
32,38700,MORTGAGE,10.2,VENTURE,17000,16.2,1,0.44,Y,14
44,75900,RENT,1.6,MEDICAL,6600,7.83,0,0.09,N,3
44,21600,MORTGAGE,0.8,EDUCATION,18600,19.31,1,0.86,N,4
34,26100,MORTGAGE,8.7,PERSONAL,24500,18.18,1,0.94,N,6
49,45800,MORTGAGE,1.1,MEDICAL,13500,13.26,1,0.29,N,5
41,40800,RENT,11.9,MEDICAL,18400,17.47,0,0.45,N,13
43,82700,MORTGAGE,4.5,HOMEIMPROVEMENT,17700,8.82,0,0.21,N,9
40,14500,MORTGAGE,4.1,EDUCATION,17500,17.25,1,1.21,Y,7
36,51800,MORTGAGE,7.5,PERSONAL,6400,12.43,0,0.12,N,11
45,115200,MORTGAGE,0.1,VENTURE,22300,13.93,0,0.19,N,2
47,64900,RENT,,PERSONAL,15900,8.7,0,0.24,N,2
70,23300,RENT,4.6,EDUCATION,8900,12.89,0,0.38,N,2
39,205900,OWN,3.7,MEDICAL,12700,13.95,0,0.06,N,4
51,40100,OWN,1.2,DEBTCONSOLIDATION,19400,19.64,0,0.48,Y,5
41,14200,RENT,8.8,DEBTCONSOLIDATION,17200,20.01,1,1.21,Y,2
52,84700,MORTGAGE,1.4,PERSONAL,7400,9.13,0,0.09,N,2
49,34700,RENT,3.4,PERSONAL,16200,13.91,1,0.47,N,5
39,151600,MORTGAGE,0.9,MEDICAL,14200,10.87,0,0.09,N,8
35,80600,RENT,17.0,PERSONAL,17500,11.79,0,0.22,N,5
33,174900,OTHER,1.1,EDUCATION,21200,7.89,0,0.12,N,8
53,30400,MORTGAGE,8.1,EDUCATION,10600,12.1,0,0.35,N,8
37,109400,RENT,1.5,VENTURE,12100,9.39,0,0.11,N,5
33,34600,MORTGAGE,1.5,VENTURE,16100,18.48,1,0.47,N,3
53,65400,MORTGAGE,2.7,VENTURE,21100,14.32,0,0.32,N,5
44,59600,MORTGAGE,9.3,PERSONAL,16600,11.33,0,0.28,N,3
41,116200,RENT,5.8,VENTURE,3000,8.3,0,0.03,N,3
50,84600,RENT,10.3,EDUCATION,32200,15.16,0,0.38,N,6
41,42000,OWN,0.2,DEBTCONSOLIDATION,3800,9.37,0,0.09,N,6
49,98600,MORTGAGE,15.6,PERSONAL,24200,14.25,0,0.25,N,2
39,51500,RENT,0.4,DEBTCONSOLIDATION,25900,16.14,1,0.5,N,6
57,79300,RENT,6.4,MEDICAL,8600,8.3,0,0.11,N,2
38,63700,MORTGAGE,1.2,EDUCATION,20900,12.9,0,0.33,N,4
49,48200,RENT,9.2,PERSONAL,13500,13.52,0,0.28,N,2
55,26200,RENT,9.9,VENTURE,12300,18.59,1,0.47,N,5
26,60600,RENT,4.0,EDUCATION,7300,7.79,0,0.12,N,2
48,37400,MORTGAGE,2.6,VENTURE,13200,15.01,0,0.35,N,9
38,27500,RENT,7.9,HOMEIMPROVEMENT,17100,19.7,1,0.62,Y,8
50,85500,RENT,10.4,EDUCATION,13900,10.69,0,0.16,N,6
46,38300,RENT,6.7,MEDICAL,8800,,0,0.23,N,13
48,20100,MORTGAGE,11.9,PERSONAL,13700,20.33,0,0.68,N,5
43,54200,MORTGAGE,4.9,DEBTCONSOLIDATION,24400,15.7,1,0.45,N,6
56,49800,MORTGAGE,5.6,PERSONAL,22300,13.72,0,0.45,Y,10
34,52400,MORTGAGE,4.2,PERSONAL,8200,8.38,0,0.16,Y,2
54,52300,MORTGAGE,,MEDICAL,13800,11.09,1,0.26,N,8
39,31200,MORTGAGE,5.3,EDUCATION,16300,18.26,1,0.52,N,13
31,43500,RENT,4.1,DEBTCONSOLIDATION,14700,15.9,0,0.34,N,3
44,96000,RENT,6.6,HOMEIMPROVEMENT,17700,8.79,0,0.18,N,7
39,86700,RENT,13.6,DEBTCONSOLIDATION,18300,9.88,0,0.21,N,8
48,44600,RENT,2.3,MEDICAL,12000,10.66,0,0.27,N,7
49,74700,MORTGAGE,2.6,MEDICAL,9100,9.84,0,0.12,N,4
42,57000,OWN,0.1,HOMEIMPROVEMENT,12800,9.48,0,0.22,N,14
48,45200,RENT,3.7,HOMEIMPROVEMENT,6400,13.25,0,0.14,N,7
46,107500,MORTGAGE,0.7,VENTURE,20100,13.12,0,0.19,N,6
44,33100,RENT,6.3,VENTURE,20900,,1,0.63,Y,5
42,64100,MORTGAGE,7.6,VENTURE,27900,18.87,1,0.44,Y,4
40,21700,RENT,6.4,EDUCATION,25500,17.88,1,1.18,Y,6
63,66100,RENT,4.0,PERSONAL,6900,9.42,0,0.1,N,12
44,37700,RENT,3.8,EDUCATION,15000,12.84,0,0.4,N,2
47,43900,MORTGAGE,5.2,EDUCATION,18900,14.82,1,0.43,N,8
50,46200,RENT,4.0,PERSONAL,22700,,0,0.49,N,11
42,16000,MORTGAGE,6.9,DEBTCONSOLIDATION,10100,19.78,1,0.63,N,7
47,22300,OWN,11.2,PERSONAL,31600,16.97,1,1.42,Y,6
61,85500,MORTGAGE,3.8,VENTURE,14100,10.52,0,0.16,N,12
38,57400,RENT,0.6,PERSONAL,13200,10.16,0,0.23,N,8
61,120800,RENT,0.7,VENTURE,12400,10.18,0,0.1,N,6
51,25500,MORTGAGE,2.4,PERSONAL,8000,13.05,0,0.31,N,4
39,86500,RENT,3.4,PERSONAL,15200,10.73,0,0.18,N,6
38,69800,MORTGAGE,1.3,EDUCATION,6800,7.54,0,0.1,N,6
61,102800,MORTGAGE,3.0,EDUCATION,23200,13.22,0,0.23,N,6
53,51100,MORTGAGE,0.7,PERSONAL,4600,10.87,0,0.09,N,7
43,57700,OWN,1.4,MEDICAL,23600,17.51,0,0.41,N,2
40,33400,MORTGAGE,6.6,VENTURE,22100,18.98,1,0.66,Y,4
39,46700,MORTGAGE,21.0,PERSONAL,10100,12.6,0,0.22,N,7
42,41300,MORTGAGE,1.0,VENTURE,4100,7.65,0,0.1,N,9
43,26100,MORTGAGE,2.1,DEBTCONSOLIDATION,24900,20.52,1,0.95,Y,17
45,58400,MORTGAGE,2.2,MEDICAL,21800,,0,0.37,N,6
37,90900,RENT,1.3,PERSONAL,17000,,0,0.19,N,8
39,103700,MORTGAGE,1.1,MEDICAL,4900,7.99,0,0.05,N,5
42,34700,RENT,0.7,VENTURE,14200,14.61,0,0.41,N,7
67,53100,RENT,11.9,EDUCATION,27400,15.99,1,0.52,N,2
46,50300,OWN,5.2,DEBTCONSOLIDATION,6400,13.26,0,0.13,N,4
34,121900,RENT,1.7,MEDICAL,14200,6.9,0,0.12,Y,6
37,144700,RENT,1.5,MEDICAL,21800,7.75,0,0.15,N,5
61,26400,RENT,4.5,EDUCATION,17700,16.93,1,0.67,Y,13
56,70800,RENT,6.0,VENTURE,11900,13.92,1,0.17,N,4
41,72600,RENT,1.5,MEDICAL,25200,12.56,0,0.35,N,2
48,48500,RENT,2.1,EDUCATION,14600,11.36,0,0.3,N,2
47,27000,MORTGAGE,1.7,PERSONAL,24200,18.91,1,0.9,Y,2
44,79900,MORTGAGE,0.5,EDUCATION,16500,11.49,0,0.21,N,7
38,105800,RENT,2.4,EDUCATION,10400,5.78,0,0.1,N,5
32,40100,MORTGAGE,3.8,VENTURE,25500,17.66,1,0.64,N,11
52,104600,RENT,5.3,MEDICAL,24700,10.58,0,0.24,N,3
47,54300,RENT,2.7,MEDICAL,10200,11.08,0,0.19,N,4
38,118400,OTHER,20.0,VENTURE,8700,7.87,0,0.07,N,8
55,118300,RENT,4.9,VENTURE,30700,13.3,0,0.26,N,5
60,53500,RENT,10.9,MEDICAL,13400,12.88,0,0.25,N,4
46,68200,RENT,12.4,PERSONAL,33600,12.08,0,0.49,N,14
44,36800,OWN,8.6,VENTURE,9300,11.53,0,0.25,N,8
33,22200,RENT,1.6,HOMEIMPROVEMENT,6300,11.98,0,0.28,N,15
42,62200,RENT,2.8,DEBTCONSOLIDATION,2400,9.09,0,0.04,N,2
36,24200,MORTGAGE,0.0,EDUCATION,10300,14.13,1,0.43,N,13
43,171300,RENT,3.0,MEDICAL,15800,10.43,0,0.09,N,3
54,101300,RENT,1.7,VENTURE,9200,10.76,0,0.09,N,10
50,49800,RENT,0.6,VENTURE,15600,14.56,0,0.31,Y,9
70,234900,MORTGAGE,,EDUCATION,4900,6.79,0,0.02,N,8
56,38300,MORTGAGE,5.6,VENTURE,29900,21.52,1,0.78,Y,7
42,43700,MORTGAGE,24.0,VENTURE,11000,15.73,0,0.25,N,4
35,43400,RENT,3.4,VENTURE,30100,17.73,1,0.69,N,2
41,52300,RENT,2.0,DEBTCONSOLIDATION,14700,11.99,1,0.28,Y,8
46,45700,MORTGAGE,1.5,VENTURE,13300,14.32,0,0.29,Y,4
56,69600,RENT,2.9,PERSONAL,5900,7.67,0,0.08,N,3
52,31300,MORTGAGE,1.9,VENTURE,5800,12.32,0,0.19,Y,11
33,58100,MORTGAGE,15.0,DEBTCONSOLIDATION,14300,14.55,0,0.25,N,13
46,40200,OTHER,1.0,EDUCATION,10500,12.29,0,0.26,N,8
54,56100,MORTGAGE,0.1,DEBTCONSOLIDATION,8100,9.55,0,0.14,N,7
57,29900,MORTGAGE,0.7,VENTURE,7100,16.22,0,0.24,N,2
55,33700,MORTGAGE,11.1,PERSONAL,15200,14.38,1,0.45,Y,6
39,174400,OWN,5.9,VENTURE,10100,,0,0.06,Y,7
39,32600,MORTGAGE,7.7,EDUCATION,21900,18.9,1,0.67,Y,4
63,72300,RENT,1.9,MEDICAL,5900,11.62,0,0.08,N,3
40,40300,RENT,4.9,PERSONAL,2500,7.65,0,0.06,N,6
60,31000,MORTGAGE,6.2,DEBTCONSOLIDATION,27800,22.12,1,0.9,N,8
37,56100,MORTGAGE,2.0,EDUCATION,3200,10.34,0,0.06,N,3
43,33600,RENT,,MEDICAL,23900,18.31,1,0.71,N,2
31,72000,MORTGAGE,5.0,MEDICAL,24700,15.08,0,0.34,N,9
42,50600,OWN,1.8,VENTURE,28100,18.04,0,0.56,N,9
38,113000,RENT,0.3,DEBTCONSOLIDATION,13900,11.5,0,0.12,N,10
50,26400,MORTGAGE,1.4,MEDICAL,16800,16.87,1,0.64,N,3
50,63100,MORTGAGE,4.8,EDUCATION,11300,9.29,0,0.18,N,9
48,66400,RENT,4.6,VENTURE,30000,18.13,1,0.45,Y,2
38,31300,RENT,3.5,EDUCATION,19600,19.26,1,0.63,Y,6
56,37600,MORTGAGE,1.4,MEDICAL,19300,18.26,1,0.51,N,3
44,24800,OWN,2.9,VENTURE,11100,16.72,0,0.45,N,5
51,23000,OWN,0.8,VENTURE,10100,16.8,0,0.44,N,14
55,50800,RENT,5.4,DEBTCONSOLIDATION,15200,15.47,1,0.3,N,6
45,84400,RENT,10.2,DEBTCONSOLIDATION,5700,7.51,0,0.07,N,5
34,50400,OWN,3.1,MEDICAL,12300,11.83,0,0.24,Y,7
46,51600,MORTGAGE,1.2,MEDICAL,14700,12.59,1,0.28,N,3
42,26500,MORTGAGE,8.8,HOMEIMPROVEMENT,20100,19.27,1,0.76,Y,2
37,17100,RENT,1.9,MEDICAL,15500,21.43,1,0.91,N,4
59,65400,MORTGAGE,4.5,EDUCATION,11800,8.54,0,0.18,N,5
42,37700,MORTGAGE,0.4,PERSONAL,3800,7.74,0,0.1,N,3
49,20100,MORTGAGE,6.3,MEDICAL,18900,19.64,1,0.94,Y,5
33,40200,MORTGAGE,3.1,VENTURE,20700,17.76,0,0.51,N,2
51,62100,MORTGAGE,2.8,DEBTCONSOLIDATION,23600,18.17,1,0.38,Y,7
46,67600,MORTGAGE,13.7,EDUCATION,8300,10.05,0,0.12,N,7
41,60400,RENT,3.4,VENTURE,14100,14.92,0,0.23,N,6
34,37000,RENT,0.1,MEDICAL,13200,13.82,1,0.36,N,7
48,75100,MORTGAGE,16.1,HOMEIMPROVEMENT,20500,10.2,0,0.27,Y,8
42,53600,RENT,0.1,PERSONAL,14000,11.62,0,0.26,N,8
62,33500,OWN,3.8,EDUCATION,21600,19.8,1,0.64,Y,3
39,29300,MORTGAGE,5.0,EDUCATION,5700,,0,0.19,N,8
31,60400,MORTGAGE,11.2,EDUCATION,4800,7.19,0,0.08,N,7
36,87400,RENT,5.7,EDUCATION,9500,,0,0.11,N,15
55,75100,RENT,8.3,MEDICAL,13400,12.37,0,0.18,N,7
52,59300,RENT,7.3,MEDICAL,20200,14.49,0,0.34,N,4
59,76800,MORTGAGE,1.2,EDUCATION,11300,9.21,0,0.15,N,5
43,199600,RENT,6.0,VENTURE,19900,8.73,0,0.1,N,8
50,63500,RENT,5.1,EDUCATION,22800,15.11,0,0.36,N,8
46,59100,RENT,1.4,HOMEIMPROVEMENT,14000,10.55,0,0.24,N,5
39,73100,MORTGAGE,0.7,PERSONAL,28900,16.09,0,0.4,N,7
44,81900,MORTGAGE,7.0,EDUCATION,7400,5.98,0,0.09,N,3
41,26000,RENT,17.7,MEDICAL,10000,13.71,1,0.38,Y,7
58,59700,RENT,6.7,HOMEIMPROVEMENT,33500,14.27,0,0.56,N,2
39,94100,OWN,6.9,EDUCATION,7700,8.13,0,0.08,N,5
60,141500,RENT,0.9,EDUCATION,26100,12.71,0,0.18,N,5
39,54800,RENT,1.4,EDUCATION,26600,17.36,1,0.49,Y,4
41,42200,RENT,4.4,PERSONAL,17100,14.78,1,0.41,N,4
45,59300,RENT,0.2,VENTURE,4600,9.47,0,0.08,N,8
38,38000,RENT,,EDUCATION,14200,10.2,0,0.37,N,6
45,128400,MORTGAGE,0.8,MEDICAL,5300,5.66,0,0.04,N,4
46,70600,OWN,2.7,EDUCATION,10700,10.64,0,0.15,Y,8
57,52600,RENT,1.9,MEDICAL,3200,10.7,0,0.06,N,4
31,100000,MORTGAGE,,EDUCATION,4500,8.87,0,0.04,N,5
39,28700,OWN,4.3,EDUCATION,18600,19.48,1,0.65,N,16
62,17300,RENT,2.2,PERSONAL,31000,23.22,1,1.79,Y,12
41,68300,RENT,0.2,PERSONAL,21100,12.65,0,0.31,N,5
41,97800,RENT,2.9,PERSONAL,11900,6.38,0,0.12,N,4
38,50100,MORTGAGE,4.5,PERSONAL,10800,10.89,0,0.22,N,10
50,37300,RENT,0.7,MEDICAL,32700,18.02,1,0.88,N,8
33,32000,RENT,4.4,VENTURE,8900,16.14,0,0.28,N,5
47,27500,MORTGAGE,1.8,VENTURE,4200,13.57,0,0.15,N,12
64,78100,MORTGAGE,1.5,VENTURE,9400,10.64,0,0.12,N,19
32,85000,RENT,7.9,DEBTCONSOLIDATION,10900,11.81,0,0.13,N,6
50,89800,MORTGAGE,3.2,DEBTCONSOLIDATION,13700,12.84,0,0.15,N,8
35,54400,MORTGAGE,2.4,EDUCATION,18700,15.28,0,0.34,N,4
48,28700,MORTGAGE,8.4,MEDICAL,17600,,1,0.61,N,6
47,36600,RENT,12.1,EDUCATION,16900,16.35,0,0.46,N,7
51,75300,MORTGAGE,1.9,PERSONAL,25100,13.79,1,0.33,N,15
40,30600,RENT,0.3,VENTURE,15700,17.06,1,0.51,Y,16
40,51200,OTHER,3.9,DEBTCONSOLIDATION,7900,13.08,0,0.15,N,6
51,31000,RENT,6.3,VENTURE,11200,15.7,0,0.36,N,2
40,36900,RENT,4.4,PERSONAL,18000,15.01,0,0.49,Y,2
53,28800,RENT,5.8,MEDICAL,14500,,1,0.5,Y,4
29,54700,OWN,5.2,PERSONAL,15700,12.54,0,0.29,N,7
46,24200,MORTGAGE,15.6,EDUCATION,10100,16.98,0,0.42,N,8
52,35700,RENT,10.0,EDUCATION,9900,13.34,0,0.28,N,8
43,86500,OWN,0.7,VENTURE,13000,11.2,0,0.15,N,3
58,96500,OWN,3.0,DEBTCONSOLIDATION,4000,6.46,0,0.04,N,2
40,78300,RENT,3.0,DEBTCONSOLIDATION,12600,9.14,0,0.16,N,5
46,118000,MORTGAGE,3.0,VENTURE,13800,16.0,0,0.12,N,6
54,26200,OWN,13.3,EDUCATION,5000,11.02,0,0.19,N,2
36,51500,RENT,,PERSONAL,4000,10.08,0,0.08,Y,5
55,56500,RENT,4.8,EDUCATION,2600,9.22,0,0.05,N,8
47,158500,MORTGAGE,11.3,MEDICAL,11200,12.63,0,0.07,N,7
38,47500,MORTGAGE,0.3,MEDICAL,13900,13.57,0,0.29,N,11
44,84200,RENT,10.5,DEBTCONSOLIDATION,7900,11.13,0,0.09,N,4
38,137500,RENT,,PERSONAL,25400,12.59,0,0.18,N,12
49,58200,MORTGAGE,1.2,EDUCATION,15800,12.45,0,0.27,N,9
42,41900,RENT,2.0,DEBTCONSOLIDATION,16100,12.3,1,0.38,N,2
41,43900,OWN,1.9,MEDICAL,5200,8.04,0,0.12,N,2
50,21100,RENT,1.3,PERSONAL,5700,14.97,1,0.27,Y,9
42,42100,MORTGAGE,5.1,PERSONAL,14100,13.5,0,0.33,N,5
44,24800,MORTGAGE,20.3,HOMEIMPROVEMENT,20500,20.72,1,0.83,Y,4
27,83300,RENT,0.9,MEDICAL,23100,9.46,0,0.28,N,7
44,22900,RENT,1.3,DEBTCONSOLIDATION,14900,22.53,1,0.65,Y,3
30,67200,RENT,1.7,MEDICAL,15900,13.61,0,0.24,N,12
34,101300,MORTGAGE,13.9,HOMEIMPROVEMENT,16500,11.86,0,0.16,N,11
39,80900,RENT,4.9,MEDICAL,10300,11.38,0,0.13,N,2
39,41500,RENT,1.2,PERSONAL,30300,16.0,1,0.73,N,6
30,82500,RENT,8.1,HOMEIMPROVEMENT,30400,15.91,0,0.37,N,5
44,54500,RENT,12.8,EDUCATION,16800,8.18,0,0.31,N,13
43,42100,MORTGAGE,2.6,PERSONAL,11600,11.79,0,0.28,N,5
45,44400,RENT,0.9,HOMEIMPROVEMENT,23500,15.96,0,0.53,N,6
41,69100,RENT,,HOMEIMPROVEMENT,7900,9.5,0,0.11,N,2
59,23000,RENT,1.2,EDUCATION,16300,,1,0.71,Y,11
49,41100,MORTGAGE,1.1,EDUCATION,21300,13.74,1,0.52,N,5
61,66600,RENT,0.9,MEDICAL,2100,9.19,0,0.03,N,3
36,40900,RENT,10.4,PERSONAL,12600,13.67,1,0.31,N,10
41,26600,MORTGAGE,0.4,PERSONAL,9500,14.7,1,0.36,N,3
40,33200,MORTGAGE,2.7,VENTURE,21600,18.65,1,0.65,Y,9
33,59600,RENT,0.1,VENTURE,26800,16.32,1,0.45,Y,6
43,70700,RENT,1.7,EDUCATION,7900,8.45,0,0.11,N,2
30,98400,MORTGAGE,6.1,VENTURE,8000,7.9,0,0.08,N,5
49,83200,OWN,1.1,VENTURE,29200,,0,0.35,N,2
56,82700,RENT,33.3,PERSONAL,14200,9.87,0,0.17,N,9
42,18800,MORTGAGE,0.2,EDUCATION,6200,11.58,0,0.33,N,9
45,82000,RENT,0.7,PERSONAL,5500,,0,0.07,Y,2
56,40800,RENT,7.7,HOMEIMPROVEMENT,29400,20.87,1,0.72,Y,3
37,24500,MORTGAGE,18.6,PERSONAL,12600,19.2,1,0.51,N,11
33,73600,RENT,15.0,PERSONAL,27800,15.02,0,0.38,N,3
30,59800,RENT,,EDUCATION,15700,13.89,0,0.26,N,4
38,88100,RENT,18.1,DEBTCONSOLIDATION,19300,14.14,0,0.22,N,7
39,40400,MORTGAGE,9.2,PERSONAL,9800,11.94,0,0.24,N,3
50,54000,MORTGAGE,0.3,VENTURE,5300,10.99,1,0.1,N,2
34,20100,RENT,9.3,DEBTCONSOLIDATION,21300,21.82,1,1.06,Y,2
33,159300,MORTGAGE,3.3,PERSONAL,7800,9.29,0,0.05,N,13
52,25900,RENT,3.1,VENTURE,19200,20.37,1,0.74,Y,3
39,34700,MORTGAGE,0.0,EDUCATION,5500,11.92,0,0.16,N,2
45,30700,OWN,,VENTURE,15600,17.82,1,0.51,N,7
51,60700,RENT,5.6,EDUCATION,20200,,0,0.33,N,3
70,34000,RENT,7.8,EDUCATION,3300,7.42,0,0.1,N,5
47,98000,MORTGAGE,2.0,EDUCATION,11700,12.05,0,0.12,N,3
38,64400,MORTGAGE,0.7,MEDICAL,15900,10.44,0,0.25,N,5
52,23900,RENT,2.9,PERSONAL,21600,17.68,1,0.9,Y,7
37,83200,MORTGAGE,2.2,VENTURE,9400,13.11,0,0.11,N,9
56,89500,OWN,7.0,PERSONAL,22300,11.22,0,0.25,N,9
38,36300,RENT,1.3,PERSONAL,17400,,0,0.48,N,8
35,28900,RENT,0.7,PERSONAL,11000,14.54,0,0.38,N,2
44,67500,RENT,2.9,VENTURE,10100,12.18,0,0.15,N,8
47,77800,MORTGAGE,4.9,PERSONAL,18800,,0,0.24,N,6
36,31200,RENT,1.6,HOMEIMPROVEMENT,19400,,0,0.62,Y,6
39,90000,RENT,0.6,PERSONAL,17100,12.15,0,0.19,N,12
48,39500,RENT,2.9,PERSONAL,12800,12.22,0,0.32,N,13
45,103900,RENT,16.3,MEDICAL,3400,7.21,0,0.03,N,10
48,22700,MORTGAGE,17.1,VENTURE,15600,19.83,1,0.69,N,12
56,36200,RENT,6.2,MEDICAL,16500,16.18,1,0.46,N,6
46,48300,MORTGAGE,7.5,MEDICAL,9100,7.26,0,0.19,N,4
60,31400,RENT,1.1,VENTURE,8400,13.35,1,0.27,N,6
52,53200,OTHER,2.3,VENTURE,24000,17.13,0,0.45,N,7
39,44800,MORTGAGE,4.6,PERSONAL,8000,8.43,0,0.18,N,4
57,48300,RENT,6.9,DEBTCONSOLIDATION,8600,11.46,0,0.18,N,8
46,43400,MORTGAGE,0.9,PERSONAL,16700,15.87,1,0.38,N,6
55,26600,RENT,3.1,DEBTCONSOLIDATION,10500,16.54,0,0.39,N,12
48,53500,MORTGAGE,0.9,PERSONAL,12800,10.2,0,0.24,N,5
63,50600,OWN,5.0,MEDICAL,14600,13.44,1,0.29,N,12
35,31100,MORTGAGE,7.4,PERSONAL,27200,22.14,1,0.87,Y,10
42,107700,MORTGAGE,9.0,PERSONAL,9400,5.74,0,0.09,N,5
50,64400,RENT,6.6,PERSONAL,4500,10.82,0,0.07,N,5
45,80500,MORTGAGE,0.9,DEBTCONSOLIDATION,6600,11.47,0,0.08,N,2
37,34700,RENT,,DEBTCONSOLIDATION,4700,9.88,1,0.14,N,3
62,15200,MORTGAGE,2.0,MEDICAL,20300,20.45,1,1.34,Y,7
43,141400,RENT,9.0,EDUCATION,30900,12.53,0,0.22,N,2
53,59400,RENT,1.4,PERSONAL,5700,10.06,0,0.1,N,6
49,66200,OWN,,EDUCATION,9900,9.33,0,0.15,N,9
51,64600,RENT,4.3,DEBTCONSOLIDATION,23600,14.85,0,0.37,Y,5
35,67500,RENT,0.2,DEBTCONSOLIDATION,25500,14.73,0,0.38,N,5
43,30200,MORTGAGE,11.7,PERSONAL,8700,13.78,0,0.29,N,8
52,30800,OTHER,3.6,HOMEIMPROVEMENT,26500,21.48,1,0.86,Y,16
53,30800,MORTGAGE,1.1,DEBTCONSOLIDATION,15700,19.23,1,0.51,Y,7
52,73400,RENT,0.9,HOMEIMPROVEMENT,32900,14.78,0,0.45,N,4
38,27800,MORTGAGE,5.8,PERSONAL,3500,7.7,0,0.13,N,2
32,23400,RENT,0.4,MEDICAL,21200,,1,0.91,Y,5
34,38000,OTHER,2.9,EDUCATION,4900,9.3,0,0.13,N,2
44,46600,MORTGAGE,3.9,EDUCATION,19700,12.1,0,0.42,Y,9
45,52700,MORTGAGE,1.3,DEBTCONSOLIDATION,28000,18.24,0,0.53,N,8
44,41500,MORTGAGE,0.7,EDUCATION,10600,10.76,0,0.26,N,9
35,70700,MORTGAGE,3.4,MEDICAL,10800,9.37,0,0.15,N,8
39,102900,MORTGAGE,2.1,VENTURE,9100,12.45,0,0.09,N,8
61,55700,RENT,0.8,EDUCATION,12600,12.63,1,0.23,N,14
47,102700,RENT,1.2,HOMEIMPROVEMENT,13400,12.11,0,0.13,N,5
43,73300,RENT,3.2,DEBTCONSOLIDATION,15500,14.39,0,0.21,N,4
61,32000,RENT,0.7,VENTURE,18400,18.37,1,0.57,Y,2
64,34000,RENT,13.8,DEBTCONSOLIDATION,16600,,1,0.49,Y,3
40,33100,RENT,,VENTURE,6200,11.18,0,0.19,N,2
47,48800,OWN,,DEBTCONSOLIDATION,17000,13.73,0,0.35,N,4
33,46500,RENT,1.5,DEBTCONSOLIDATION,8200,11.07,0,0.18,N,5
32,75100,OWN,10.4,EDUCATION,14700,12.98,0,0.2,N,9
42,49700,OWN,2.8,DEBTCONSOLIDATION,15900,14.5,0,0.32,N,10
35,62100,MORTGAGE,9.9,PERSONAL,12700,8.93,0,0.2,N,7
39,28500,RENT,6.8,MEDICAL,12300,13.61,0,0.43,Y,10
46,61900,RENT,0.5,VENTURE,12500,13.64,0,0.2,Y,6
58,41600,OWN,8.4,EDUCATION,9000,12.38,0,0.22,N,4
47,40000,OWN,3.9,PERSONAL,21800,19.19,0,0.55,N,4
40,38000,OWN,5.7,PERSONAL,13700,13.96,0,0.36,N,3
65,124400,OTHER,1.2,HOMEIMPROVEMENT,14100,9.71,0,0.11,N,16
45,28300,RENT,0.0,PERSONAL,8100,11.22,0,0.29,N,3
53,78600,MORTGAGE,2.0,VENTURE,13500,13.27,0,0.17,Y,2
55,52800,MORTGAGE,1.1,EDUCATION,12700,11.72,0,0.24,N,12
43,25600,RENT,2.9,PERSONAL,12200,13.91,0,0.48,N,9
28,46000,RENT,0.5,MEDICAL,12900,9.8,1,0.28,N,2
32,15000,RENT,11.3,HOMEIMPROVEMENT,9200,19.58,1,0.61,N,6
39,139500,RENT,0.6,MEDICAL,21500,8.8,0,0.15,N,13
39,44200,RENT,,EDUCATION,8300,11.38,0,0.19,N,4
44,100100,RENT,14.0,PERSONAL,14800,,0,0.15,N,8
42,113600,MORTGAGE,0.8,DEBTCONSOLIDATION,10500,10.67,0,0.09,N,4
27,39600,MORTGAGE,2.1,EDUCATION,19200,16.52,1,0.48,N,3
42,55100,RENT,6.6,EDUCATION,18500,14.47,1,0.34,N,6
44,60000,MORTGAGE,6.3,HOMEIMPROVEMENT,18700,10.68,0,0.31,N,6
46,154100,MORTGAGE,0.2,EDUCATION,24900,7.84,0,0.16,N,8
32,48800,RENT,0.4,VENTURE,21100,14.14,1,0.43,Y,2
46,52600,RENT,0.6,EDUCATION,10700,9.38,0,0.2,N,2
50,25100,RENT,4.2,EDUCATION,11800,17.12,1,0.47,N,7
66,33100,MORTGAGE,0.3,EDUCATION,24200,17.17,1,0.73,Y,7
45,41200,RENT,4.4,PERSONAL,22500,17.65,0,0.55,N,3
53,110800,RENT,2.1,PERSONAL,26700,11.3,0,0.24,N,5
49,153500,RENT,5.5,EDUCATION,23100,9.87,0,0.15,N,7
70,71400,RENT,,EDUCATION,6900,9.7,0,0.1,N,2
38,65700,OWN,7.8,HOMEIMPROVEMENT,10700,11.1,0,0.16,Y,6
46,79000,RENT,0.2,VENTURE,10000,11.86,0,0.13,Y,8
60,37200,MORTGAGE,14.7,PERSONAL,11600,13.45,0,0.31,N,8
59,116400,RENT,4.4,EDUCATION,10000,7.6,0,0.09,N,6
59,24700,RENT,11.3,EDUCATION,21200,21.81,1,0.86,Y,4
70,42200,RENT,4.8,MEDICAL,18700,15.53,1,0.44,Y,15
50,77600,MORTGAGE,3.3,VENTURE,8400,14.91,0,0.11,N,2
40,41600,RENT,6.5,MEDICAL,8000,11.79,0,0.19,N,9
50,210600,RENT,1.2,PERSONAL,8700,8.55,0,0.04,Y,2
37,78200,MORTGAGE,0.5,PERSONAL,10400,9.37,0,0.13,N,4
49,93100,RENT,0.5,VENTURE,18300,13.44,1,0.2,N,5
36,35700,MORTGAGE,9.5,EDUCATION,11400,11.18,0,0.32,N,5
38,92100,OWN,12.2,VENTURE,12400,9.09,0,0.13,N,6
31,84600,RENT,8.4,MEDICAL,4400,5.42,0,0.05,N,3
48,128100,RENT,11.7,MEDICAL,13600,8.67,0,0.11,N,5
58,16200,MORTGAGE,20.9,EDUCATION,12800,18.03,0,0.79,N,5
45,35300,RENT,,VENTURE,18300,17.35,1,0.52,Y,7
44,65200,OWN,0.8,PERSONAL,8400,8.95,0,0.13,N,2
39,66300,MORTGAGE,4.7,VENTURE,19300,15.21,0,0.29,N,2
54,52900,RENT,2.2,PERSONAL,19200,16.08,0,0.36,N,7
56,23400,MORTGAGE,2.1,HOMEIMPROVEMENT,16700,16.26,1,0.71,Y,2
33,60400,RENT,6.5,PERSONAL,11200,11.25,0,0.19,N,4
46,64200,RENT,0.5,EDUCATION,5000,9.56,0,0.08,N,7
53,54100,MORTGAGE,0.2,VENTURE,9000,10.23,0,0.17,N,5
40,53100,MORTGAGE,5.9,MEDICAL,27100,17.15,1,0.51,Y,2
33,91000,MORTGAGE,1.5,MEDICAL,24700,9.82,0,0.27,N,8
36,49800,MORTGAGE,2.4,MEDICAL,8300,11.9,0,0.17,N,8
60,27200,RENT,1.8,VENTURE,10500,13.0,0,0.39,N,7
55,117200,RENT,4.8,VENTURE,2600,11.44,0,0.02,N,3
57,113700,RENT,0.8,PERSONAL,10300,6.0,0,0.09,N,7
34,53000,MORTGAGE,6.4,MEDICAL,21700,15.66,0,0.41,N,6
53,87700,RENT,12.9,EDUCATION,15500,13.03,0,0.18,Y,5
61,23400,RENT,9.0,VENTURE,24200,17.43,1,1.03,Y,5
39,50000,RENT,11.9,DEBTCONSOLIDATION,29200,19.17,1,0.58,Y,6
42,21100,MORTGAGE,13.8,PERSONAL,8800,18.69,0,0.42,N,10
46,100600,RENT,2.3,EDUCATION,15200,8.45,0,0.15,N,9
48,23800,RENT,7.9,HOMEIMPROVEMENT,20300,19.31,1,0.85,Y,9
41,43200,RENT,3.4,MEDICAL,16700,13.83,0,0.39,N,4
55,61000,MORTGAGE,,VENTURE,9400,10.36,0,0.15,N,4
50,85200,MORTGAGE,6.9,EDUCATION,30500,,0,0.36,Y,7
37,72400,RENT,1.4,DEBTCONSOLIDATION,18000,15.19,0,0.25,N,5
54,101600,MORTGAGE,0.6,PERSONAL,2700,6.17,0,0.03,N,15
43,84300,RENT,,MEDICAL,14300,11.04,0,0.17,N,4
50,111300,MORTGAGE,1.7,PERSONAL,7700,8.92,1,0.07,Y,14
38,20600,MORTGAGE,1.8,MEDICAL,19400,19.87,1,0.94,Y,4
38,41500,RENT,10.6,MEDICAL,5200,9.26,0,0.13,N,7
32,69400,RENT,0.7,VENTURE,10900,,0,0.16,N,4
56,128700,MORTGAGE,7.2,VENTURE,10400,7.94,0,0.08,N,7
53,41000,RENT,2.4,EDUCATION,25200,19.38,1,0.61,N,12
47,159700,MORTGAGE,11.2,PERSONAL,24400,10.99,0,0.15,N,7
34,65800,MORTGAGE,2.9,VENTURE,22500,16.51,0,0.34,N,9
59,36600,MORTGAGE,2.6,EDUCATION,20000,15.85,0,0.55,N,4
50,28700,MORTGAGE,2.8,VENTURE,28700,18.55,1,1.0,Y,7
41,81200,RENT,9.1,MEDICAL,8200,6.53,0,0.1,N,13
47,38100,OTHER,0.1,PERSONAL,22400,17.7,0,0.59,N,8
43,46600,MORTGAGE,6.1,DEBTCONSOLIDATION,18000,16.99,0,0.39,N,4
50,59200,RENT,1.1,MEDICAL,18800,14.83,1,0.32,Y,4
36,60500,MORTGAGE,10.7,PERSONAL,12500,11.26,0,0.21,N,4
30,155100,MORTGAGE,2.4,EDUCATION,17500,10.63,0,0.11,N,4
49,67300,MORTGAGE,2.1,EDUCATION,9000,,0,0.13,N,7
51,38800,RENT,6.2,HOMEIMPROVEMENT,14600,14.13,0,0.38,N,2
32,35900,RENT,6.4,DEBTCONSOLIDATION,29900,19.18,0,0.83,N,3
28,135500,MORTGAGE,5.0,VENTURE,18300,14.38,0,0.14,N,10
47,40800,MORTGAGE,2.0,EDUCATION,18100,12.52,0,0.44,N,3
49,74700,MORTGAGE,4.7,MEDICAL,9000,8.49,0,0.12,N,6
42,60200,RENT,0.3,VENTURE,23100,14.81,1,0.38,Y,14
37,68300,OWN,15.5,PERSONAL,26800,12.35,0,0.39,N,11
66,116900,RENT,3.0,PERSONAL,6400,6.65,0,0.05,N,5
48,63300,MORTGAGE,1.8,PERSONAL,13000,8.96,0,0.21,N,8
56,84900,RENT,9.9,EDUCATION,17800,12.18,0,0.21,N,6
35,64100,RENT,2.0,MEDICAL,24900,,1,0.39,N,10
58,42200,MORTGAGE,29.3,EDUCATION,14800,,0,0.35,Y,9
48,71100,MORTGAGE,5.9,EDUCATION,12400,11.38,0,0.17,N,11
64,37900,OTHER,5.2,MEDICAL,4300,9.77,0,0.11,N,4
50,28600,RENT,0.8,EDUCATION,15100,16.53,0,0.53,N,10
45,74600,MORTGAGE,4.7,VENTURE,10700,12.72,0,0.14,N,5
43,69900,MORTGAGE,0.8,DEBTCONSOLIDATION,32500,,1,0.46,Y,2
39,66100,RENT,,PERSONAL,16200,13.75,0,0.25,N,11
44,53500,MORTGAGE,0.7,PERSONAL,8600,,0,0.16,N,7
50,52100,RENT,2.2,VENTURE,32400,15.91,0,0.62,N,21
52,29900,MORTGAGE,3.2,PERSONAL,16000,14.94,1,0.54,N,6
38,19500,RENT,8.2,EDUCATION,20700,21.4,0,1.06,N,5
33,88300,MORTGAGE,5.0,VENTURE,29800,,0,0.34,N,5
47,87600,RENT,6.9,VENTURE,20100,16.61,1,0.23,N,6
32,47200,RENT,1.4,PERSONAL,27900,16.71,1,0.59,Y,8
44,121700,RENT,1.4,PERSONAL,11300,8.92,0,0.09,N,4
34,71300,RENT,2.4,HOMEIMPROVEMENT,4700,8.38,0,0.07,N,2
52,65200,RENT,0.1,PERSONAL,29400,12.63,0,0.45,N,8
41,164300,RENT,8.9,HOMEIMPROVEMENT,15000,8.75,0,0.09,N,4
42,27200,RENT,2.3,VENTURE,20800,20.45,1,0.76,N,5
33,52800,RENT,0.3,MEDICAL,15100,12.18,0,0.29,N,5
55,33900,MORTGAGE,10.3,PERSONAL,20500,20.95,0,0.6,N,8
46,44300,OWN,17.2,HOMEIMPROVEMENT,5000,8.32,0,0.11,N,11
46,52200,MORTGAGE,5.2,PERSONAL,5300,,0,0.1,N,7
34,52900,RENT,2.2,HOMEIMPROVEMENT,26600,13.62,0,0.5,N,6
31,30000,OWN,,EDUCATION,12700,13.49,0,0.42,N,6
38,56200,OWN,1.5,MEDICAL,10100,7.22,0,0.18,N,7
40,34400,RENT,6.2,MEDICAL,26300,19.06,1,0.76,Y,15
37,104600,MORTGAGE,2.2,MEDICAL,34000,14.09,0,0.33,N,3
64,82500,MORTGAGE,0.2,EDUCATION,16500,12.14,0,0.2,N,15
55,65500,MORTGAGE,,DEBTCONSOLIDATION,15300,13.17,0,0.23,N,9
44,41700,MORTGAGE,4.8,PERSONAL,26500,18.79,0,0.64,N,3
38,59000,RENT,1.7,EDUCATION,8000,9.45,0,0.14,N,3
36,79900,RENT,0.9,EDUCATION,17000,10.87,0,0.21,N,6
44,44900,MORTGAGE,4.0,VENTURE,21900,14.78,1,0.49,N,11
47,22600,RENT,1.6,DEBTCONSOLIDATION,19800,20.51,1,0.88,Y,3
40,80500,RENT,0.4,EDUCATION,20100,10.15,0,0.25,N,4
48,72500,MORTGAGE,1.1,MEDICAL,21900,12.67,0,0.3,Y,5
39,64600,MORTGAGE,7.5,EDUCATION,8600,7.63,0,0.13,N,5
35,35700,RENT,9.6,EDUCATION,15200,,1,0.43,Y,6
48,91900,MORTGAGE,10.3,PERSONAL,6500,11.67,0,0.07,N,7
31,101900,RENT,3.8,DEBTCONSOLIDATION,6000,7.91,0,0.06,N,4
33,63300,MORTGAGE,15.0,HOMEIMPROVEMENT,22300,12.23,0,0.35,N,2
36,43600,MORTGAGE,0.8,PERSONAL,22100,15.41,0,0.51,N,9
39,44100,MORTGAGE,,EDUCATION,8000,10.48,0,0.18,N,2
50,43600,RENT,,MEDICAL,15400,15.68,1,0.35,N,5
33,42500,RENT,0.3,VENTURE,4300,,0,0.1,N,4
42,44600,RENT,1.7,MEDICAL,11400,11.82,1,0.26,Y,6
47,64700,MORTGAGE,14.9,VENTURE,7300,13.24,0,0.11,N,4
46,88700,RENT,7.1,EDUCATION,11400,7.08,1,0.13,N,6
50,120300,MORTGAGE,0.3,DEBTCONSOLIDATION,15700,13.64,0,0.13,N,3
42,32800,RENT,3.9,EDUCATION,21900,17.47,1,0.67,N,7
39,35900,MORTGAGE,5.2,MEDICAL,14300,12.3,0,0.4,N,7
57,86200,RENT,18.1,EDUCATION,27200,16.26,1,0.32,N,7
38,32800,MORTGAGE,6.3,MEDICAL,6200,13.43,1,0.19,N,4
37,28600,MORTGAGE,5.1,VENTURE,14800,13.96,1,0.52,N,5
37,32300,RENT,12.0,VENTURE,25900,22.39,1,0.8,Y,5
37,49200,RENT,5.4,MEDICAL,9000,11.9,0,0.18,N,2
60,133200,RENT,13.5,DEBTCONSOLIDATION,20800,12.99,0,0.16,N,12
63,50500,MORTGAGE,3.4,VENTURE,9300,10.3,1,0.18,N,5
52,63000,MORTGAGE,6.3,HOMEIMPROVEMENT,30600,17.3,0,0.49,N,7
49,28000,MORTGAGE,,EDUCATION,20300,20.52,1,0.72,Y,3
37,97800,MORTGAGE,4.0,EDUCATION,17500,10.32,0,0.18,N,7
40,87500,OWN,2.0,DEBTCONSOLIDATION,24400,17.21,0,0.28,N,3
32,41900,RENT,11.7,VENTURE,15900,10.58,0,0.38,N,3
42,37100,MORTGAGE,1.6,MEDICAL,10000,12.42,0,0.27,N,5
34,91800,RENT,0.9,MEDICAL,10400,8.06,0,0.11,N,8
45,47800,OWN,6.2,VENTURE,15900,16.29,0,0.33,N,10
38,37600,MORTGAGE,4.0,EDUCATION,14600,15.88,0,0.39,N,5
46,44300,MORTGAGE,1.5,PERSONAL,26000,,1,0.59,Y,4
27,61800,RENT,9.0,VENTURE,14900,13.29,0,0.24,N,6
37,81000,MORTGAGE,1.7,MEDICAL,14200,7.74,0,0.18,N,5
31,64700,MORTGAGE,0.3,PERSONAL,12900,13.04,0,0.2,N,3
36,62900,RENT,0.1,VENTURE,6900,,0,0.11,N,7
47,47500,RENT,12.8,PERSONAL,6700,9.41,0,0.14,N,6
48,58700,MORTGAGE,2.6,HOMEIMPROVEMENT,17900,,0,0.3,N,3
47,43700,RENT,1.2,HOMEIMPROVEMENT,13100,15.05,0,0.3,N,6
45,46700,RENT,4.2,MEDICAL,15000,11.82,0,0.32,N,5
44,118400,MORTGAGE,3.3,EDUCATION,27000,14.31,0,0.23,N,7
50,55400,RENT,32.0,EDUCATION,21100,16.35,0,0.38,Y,10
28,44300,RENT,10.0,PERSONAL,11600,8.11,0,0.26,N,7
60,37400,OWN,1.6,EDUCATION,21000,21.17,1,0.56,N,2
42,16100,RENT,6.0,MEDICAL,30200,16.64,1,1.88,Y,10
50,170700,RENT,,PERSONAL,7700,8.0,0,0.05,N,3
25,181300,RENT,2.3,HOMEIMPROVEMENT,25400,11.24,0,0.14,N,7
43,76500,RENT,2.3,EDUCATION,11100,11.43,0,0.15,N,6
38,30700,RENT,5.1,EDUCATION,19700,19.71,1,0.64,N,16
41,243800,RENT,3.9,EDUCATION,18200,8.96,0,0.07,N,2
35,25000,RENT,7.0,EDUCATION,18900,17.73,1,0.76,N,6
36,67300,MORTGAGE,0.8,HOMEIMPROVEMENT,25200,14.62,0,0.37,N,2
48,21100,MORTGAGE,2.8,EDUCATION,16900,18.59,1,0.8,Y,8
45,16400,RENT,9.8,PERSONAL,8200,16.87,0,0.5,N,4
31,61600,MORTGAGE,0.0,EDUCATION,17900,8.55,0,0.29,Y,9
37,66000,MORTGAGE,4.9,EDUCATION,10800,14.78,0,0.16,N,8
42,57800,MORTGAGE,7.7,EDUCATION,28600,18.03,0,0.49,N,15
43,123200,RENT,2.4,EDUCATION,10400,8.96,0,0.08,N,4
65,52800,RENT,10.8,EDUCATION,9100,11.29,0,0.17,N,6
45,84700,MORTGAGE,6.7,EDUCATION,3100,9.54,0,0.04,N,2
30,35200,RENT,4.7,DEBTCONSOLIDATION,24000,21.6,1,0.68,Y,4
44,110400,RENT,1.1,EDUCATION,26400,13.0,0,0.24,N,15
34,115800,OWN,5.5,EDUCATION,5300,8.92,0,0.05,N,4
42,47100,MORTGAGE,9.0,MEDICAL,12300,11.77,1,0.26,N,7
67,66600,RENT,6.5,PERSONAL,12300,8.36,0,0.18,N,9
39,36900,RENT,4.3,EDUCATION,21700,17.56,0,0.59,Y,5
52,48000,RENT,6.3,VENTURE,10900,13.22,0,0.23,N,5
44,81300,RENT,18.8,EDUCATION,10900,11.67,0,0.13,N,2
59,70700,RENT,0.1,MEDICAL,10700,11.06,0,0.15,N,3
49,20900,MORTGAGE,5.5,VENTURE,12500,18.78,0,0.6,N,5
54,29000,OWN,7.9,PERSONAL,17200,18.26,0,0.59,Y,6
47,39200,MORTGAGE,5.1,MEDICAL,29700,17.29,1,0.76,N,12
39,61100,RENT,1.6,VENTURE,14600,13.75,0,0.24,N,6
57,32700,RENT,8.7,PERSONAL,11800,,0,0.36,N,4
46,24900,MORTGAGE,12.2,MEDICAL,3200,7.71,0,0.13,N,9
40,12800,RENT,5.8,EDUCATION,7600,17.62,0,0.59,N,2
38,170700,MORTGAGE,3.6,VENTURE,28200,11.9,0,0.17,N,6
46,60500,RENT,2.3,HOMEIMPROVEMENT,9400,12.18,0,0.16,N,8
55,24500,RENT,2.0,DEBTCONSOLIDATION,8400,15.06,0,0.34,N,4
48,95600,MORTGAGE,6.4,VENTURE,7800,6.41,0,0.08,N,8
40,123200,RENT,4.7,MEDICAL,15900,9.51,0,0.13,N,4
47,60900,MORTGAGE,0.9,VENTURE,11900,,0,0.2,N,7
51,76300,OWN,,DEBTCONSOLIDATION,15800,11.14,0,0.21,N,5
32,111300,MORTGAGE,0.4,EDUCATION,30200,10.87,0,0.27,N,7
34,75600,MORTGAGE,5.8,PERSONAL,5500,10.69,0,0.07,N,8
50,76700,RENT,1.9,PERSONAL,7100,9.77,0,0.09,N,8
34,23300,RENT,0.1,MEDICAL,15600,21.13,1,0.67,Y,11
42,12100,RENT,2.1,DEBTCONSOLIDATION,7700,21.95,1,0.64,N,6
45,87000,MORTGAGE,8.9,EDUCATION,17700,10.97,0,0.2,N,10
36,47900,MORTGAGE,1.4,DEBTCONSOLIDATION,22200,17.94,0,0.46,N,3
42,42200,RENT,5.0,MEDICAL,19500,15.6,1,0.46,N,2
45,92500,RENT,2.9,DEBTCONSOLIDATION,10400,10.09,0,0.11,N,7
56,32000,MORTGAGE,,EDUCATION,23000,16.64,1,0.72,Y,9
54,53100,MORTGAGE,,VENTURE,14200,12.59,0,0.27,N,13
46,55900,RENT,3.0,EDUCATION,21200,16.53,0,0.38,N,2
39,79200,MORTGAGE,0.3,MEDICAL,29200,,0,0.37,N,7
54,65400,MORTGAGE,4.2,DEBTCONSOLIDATION,13300,,0,0.2,N,16
55,65400,RENT,2.5,VENTURE,13300,9.78,0,0.2,N,11
38,43400,RENT,,PERSONAL,9200,10.03,0,0.21,N,3
45,44000,MORTGAGE,11.3,DEBTCONSOLIDATION,6800,12.37,0,0.15,N,3
40,65300,RENT,6.7,VENTURE,19700,,0,0.3,Y,3
46,41100,MORTGAGE,1.7,VENTURE,20100,18.34,1,0.49,Y,5
37,34300,RENT,3.9,PERSONAL,13900,14.12,0,0.41,N,5
51,109900,RENT,16.5,EDUCATION,20300,10.76,0,0.18,N,3
46,37400,RENT,1.4,EDUCATION,9100,,0,0.24,N,11
37,42100,OWN,14.7,PERSONAL,2000,8.01,0,0.05,N,10
50,106400,RENT,5.7,HOMEIMPROVEMENT,4000,10.19,0,0.04,N,5
39,37100,MORTGAGE,3.9,PERSONAL,15200,16.08,0,0.41,N,3
31,64600,RENT,13.0,PERSONAL,4700,6.34,0,0.07,N,9
36,67800,RENT,2.0,PERSONAL,22700,14.41,0,0.33,N,15
52,51600,RENT,1.6,VENTURE,19100,16.98,1,0.37,Y,10
61,43800,RENT,2.1,EDUCATION,24500,16.59,1,0.56,N,4
61,29200,RENT,6.9,DEBTCONSOLIDATION,18400,19.69,1,0.63,Y,13
39,76500,OWN,2.1,VENTURE,5100,8.51,0,0.07,N,3
42,99400,MORTGAGE,0.5,HOMEIMPROVEMENT,10500,8.69,0,0.11,N,14
40,93700,RENT,5.2,EDUCATION,11200,9.44,0,0.12,N,7
43,66400,MORTGAGE,1.3,MEDICAL,15700,12.57,0,0.24,N,6
34,18300,RENT,0.0,EDUCATION,29300,19.33,1,1.6,Y,6
39,82700,OTHER,1.1,DEBTCONSOLIDATION,20700,14.33,0,0.25,N,2
45,51000,RENT,8.6,DEBTCONSOLIDATION,9300,13.28,0,0.18,N,14
52,39100,RENT,14.1,PERSONAL,6100,10.86,0,0.16,N,6
46,77800,RENT,5.4,PERSONAL,25500,16.77,0,0.33,N,4
42,61300,MORTGAGE,1.9,EDUCATION,15700,11.27,1,0.26,N,5
36,94400,RENT,2.9,MEDICAL,7300,,0,0.08,N,4
53,65300,MORTGAGE,1.1,PERSONAL,23000,11.38,0,0.35,N,6
33,46800,OWN,10.6,MEDICAL,17000,13.29,0,0.36,N,2
34,44700,RENT,5.5,PERSONAL,25100,17.61,0,0.56,N,3
49,75800,RENT,0.4,MEDICAL,20500,11.72,0,0.27,N,5
50,26000,RENT,2.3,VENTURE,14400,20.04,1,0.55,Y,5
28,41100,RENT,3.9,MEDICAL,15400,10.54,0,0.37,N,10
42,16200,RENT,8.0,HOMEIMPROVEMENT,14500,18.01,1,0.9,Y,8
30,68300,RENT,12.0,VENTURE,4900,8.36,0,0.07,N,6
42,77200,OTHER,0.7,MEDICAL,27400,7.34,0,0.35,N,2
40,35500,RENT,9.0,EDUCATION,31700,,0,0.89,Y,3
57,29700,RENT,0.3,EDUCATION,10200,16.26,0,0.34,N,11
47,91500,RENT,1.4,VENTURE,22400,11.88,0,0.24,N,5
48,36600,MORTGAGE,0.1,PERSONAL,33500,16.72,1,0.92,Y,5
55,77200,RENT,0.3,HOMEIMPROVEMENT,3300,9.66,0,0.04,N,2
56,53800,OWN,,VENTURE,10500,8.8,0,0.2,N,10
45,40500,MORTGAGE,0.8,PERSONAL,15500,16.04,0,0.38,N,8
38,74500,MORTGAGE,10.5,VENTURE,11900,13.16,0,0.16,N,5
52,55100,RENT,1.7,DEBTCONSOLIDATION,29700,18.41,1,0.54,N,2
51,123200,RENT,3.3,MEDICAL,8200,9.17,0,0.07,N,5
49,36200,RENT,3.3,VENTURE,11800,18.69,0,0.33,Y,4
45,26100,RENT,26.8,HOMEIMPROVEMENT,19600,19.31,1,0.75,N,8
42,53700,RENT,2.3,EDUCATION,21600,18.72,1,0.4,N,10
56,70400,MORTGAGE,1.5,MEDICAL,6200,9.56,0,0.09,N,8
40,48900,MORTGAGE,16.5,PERSONAL,8700,10.92,0,0.18,N,5
38,145700,MORTGAGE,4.5,VENTURE,7000,5.42,0,0.05,N,8
41,105600,MORTGAGE,1.7,EDUCATION,14000,9.29,0,0.13,N,7
37,40600,MORTGAGE,1.7,VENTURE,14700,15.01,0,0.36,Y,11
51,56100,RENT,0.5,VENTURE,19800,17.92,1,0.35,Y,3
45,20100,MORTGAGE,4.1,VENTURE,24400,21.42,1,1.21,Y,8
31,96600,RENT,6.4,MEDICAL,7100,10.13,0,0.07,N,8
47,37300,MORTGAGE,3.2,EDUCATION,14600,14.15,1,0.39,Y,5
42,60400,MORTGAGE,10.8,VENTURE,13600,14.54,0,0.23,N,8
44,47000,MORTGAGE,,VENTURE,25400,20.85,1,0.54,N,6
46,23900,RENT,2.1,VENTURE,14600,18.53,1,0.61,Y,14
39,85700,RENT,1.4,EDUCATION,8900,9.23,0,0.1,N,7
38,30300,MORTGAGE,1.4,EDUCATION,26900,18.81,1,0.89,Y,6
49,40700,MORTGAGE,1.9,EDUCATION,27200,18.19,1,0.67,N,2
35,86600,OWN,17.0,VENTURE,6800,7.88,0,0.08,N,9
36,31800,RENT,2.2,DEBTCONSOLIDATION,23600,23.03,1,0.74,Y,9
38,123000,MORTGAGE,3.7,MEDICAL,23000,11.92,0,0.19,N,7
53,31500,MORTGAGE,1.6,DEBTCONSOLIDATION,15900,17.8,0,0.5,Y,18
56,28500,RENT,0.8,EDUCATION,13400,13.53,1,0.47,N,4
38,55600,MORTGAGE,5.2,PERSONAL,8100,11.9,0,0.15,N,4
36,133100,RENT,3.9,DEBTCONSOLIDATION,8600,10.88,0,0.06,N,3
45,54000,MORTGAGE,,DEBTCONSOLIDATION,9500,11.96,0,0.18,N,7
42,92900,MORTGAGE,10.7,PERSONAL,5700,5.42,0,0.06,N,4
51,25900,MORTGAGE,3.5,EDUCATION,19000,16.05,1,0.73,N,7
48,44300,RENT,2.0,MEDICAL,4700,7.81,0,0.11,Y,2
62,45900,OWN,7.6,EDUCATION,6100,7.75,0,0.13,N,6
37,27100,MORTGAGE,0.6,VENTURE,7700,14.81,0,0.28,Y,2
51,22600,OWN,3.2,MEDICAL,18400,20.25,1,0.81,Y,4
40,47400,RENT,4.0,VENTURE,6600,13.1,0,0.14,N,6
36,129200,RENT,7.5,VENTURE,7900,7.77,0,0.06,N,2
40,61100,RENT,2.3,MEDICAL,27500,14.99,1,0.45,Y,3
41,37200,RENT,9.7,PERSONAL,9800,12.33,0,0.26,N,3
55,17700,RENT,6.0,EDUCATION,18600,19.83,1,1.05,Y,6
33,44200,MORTGAGE,7.4,DEBTCONSOLIDATION,27300,21.89,1,0.62,Y,6
38,42500,RENT,17.4,EDUCATION,4400,11.85,0,0.1,N,3
44,66900,MORTGAGE,,VENTURE,13300,15.98,0,0.2,N,7
36,47100,MORTGAGE,2.1,DEBTCONSOLIDATION,14700,13.48,0,0.31,N,5
60,76700,OWN,5.2,MEDICAL,20500,12.79,0,0.27,N,5
63,82600,MORTGAGE,10.1,PERSONAL,29400,12.54,0,0.36,N,2
43,52100,MORTGAGE,3.7,MEDICAL,4300,10.84,0,0.08,N,13
49,52500,MORTGAGE,5.7,DEBTCONSOLIDATION,11600,12.01,0,0.22,Y,5
58,55200,RENT,,HOMEIMPROVEMENT,12600,11.48,0,0.23,N,5
42,20800,RENT,8.5,DEBTCONSOLIDATION,29600,21.23,1,1.42,Y,12
48,80500,RENT,7.1,EDUCATION,20400,11.38,0,0.25,N,2
35,137800,MORTGAGE,11.0,EDUCATION,27400,13.58,0,0.2,N,3
31,56000,MORTGAGE,6.2,VENTURE,7100,9.38,0,0.13,N,7
53,35200,RENT,10.5,HOMEIMPROVEMENT,3600,11.0,0,0.1,N,6
43,54000,OWN,0.9,MEDICAL,29900,16.81,0,0.55,Y,8
62,42600,MORTGAGE,8.4,MEDICAL,10700,8.35,1,0.25,N,5
39,55000,RENT,15.3,HOMEIMPROVEMENT,17600,13.06,0,0.32,N,5
34,45600,RENT,8.5,PERSONAL,7500,10.98,0,0.16,N,4
51,16600,OTHER,4.8,PERSONAL,15100,21.73,1,0.91,Y,4
61,57100,RENT,13.1,EDUCATION,27800,19.36,1,0.49,N,3
35,184100,RENT,0.5,MEDICAL,18800,,0,0.1,N,8
37,26000,RENT,0.1,VENTURE,13000,14.16,0,0.5,N,8
57,99100,RENT,16.8,PERSONAL,26700,12.91,0,0.27,N,12
67,67500,MORTGAGE,5.7,MEDICAL,6900,8.19,0,0.1,N,11
48,32700,RENT,0.6,EDUCATION,13300,14.6,1,0.41,N,7
38,25900,MORTGAGE,2.1,MEDICAL,15600,16.03,1,0.6,Y,5
56,62600,OWN,6.9,MEDICAL,2900,7.65,0,0.05,N,5
41,66100,MORTGAGE,6.9,DEBTCONSOLIDATION,3200,9.03,0,0.05,N,2
38,23600,OWN,0.9,HOMEIMPROVEMENT,16600,19.41,0,0.7,Y,5
39,90200,RENT,3.2,EDUCATION,17500,11.11,0,0.19,N,5
50,41300,RENT,8.2,MEDICAL,31000,17.26,1,0.75,Y,4
44,71000,RENT,17.0,PERSONAL,10300,7.22,0,0.15,N,3
48,79800,MORTGAGE,4.9,MEDICAL,10900,7.06,0,0.14,N,12
52,88700,OWN,5.1,MEDICAL,16100,7.96,0,0.18,N,3
42,31400,RENT,3.2,PERSONAL,19900,19.27,1,0.63,Y,5
53,163800,MORTGAGE,3.9,VENTURE,14400,10.66,0,0.09,N,2
44,32600,RENT,0.5,PERSONAL,16600,,1,0.51,N,11
40,88600,RENT,2.2,EDUCATION,8500,6.76,0,0.1,N,5
33,41200,RENT,3.5,VENTURE,19200,15.51,1,0.47,Y,4
41,55700,MORTGAGE,1.6,PERSONAL,12000,,0,0.22,N,5
59,50600,RENT,2.2,VENTURE,15700,14.15,0,0.31,N,5
51,70000,RENT,17.7,EDUCATION,17600,12.26,0,0.25,N,6
48,96400,RENT,0.0,EDUCATION,2400,9.83,0,0.02,N,5
35,38700,RENT,1.8,VENTURE,15600,15.41,1,0.4,N,3
39,33400,MORTGAGE,4.4,EDUCATION,27900,,0,0.84,Y,8
50,17400,RENT,1.6,MEDICAL,6200,15.62,1,0.36,Y,6
52,59800,RENT,5.6,VENTURE,6400,9.46,0,0.11,N,4
51,49400,MORTGAGE,1.8,VENTURE,8400,10.48,0,0.17,N,5
46,57500,RENT,5.1,MEDICAL,6200,10.44,0,0.11,N,11
37,51200,OWN,9.5,MEDICAL,23600,14.77,0,0.46,N,4
52,82200,MORTGAGE,5.4,MEDICAL,24800,11.53,1,0.3,N,6
39,41000,RENT,0.3,EDUCATION,13400,12.63,0,0.33,N,12
52,65600,RENT,7.9,DEBTCONSOLIDATION,21400,15.3,0,0.33,N,11
41,53200,MORTGAGE,1.2,PERSONAL,10200,,0,0.19,N,2
61,31900,RENT,5.0,PERSONAL,14100,11.83,0,0.44,N,4
40,37100,RENT,5.2,EDUCATION,14800,13.61,0,0.4,Y,7
40,89900,MORTGAGE,,VENTURE,10200,12.43,0,0.11,N,4
43,85200,RENT,3.5,MEDICAL,15900,15.11,0,0.19,N,9
38,81300,RENT,2.4,MEDICAL,23200,12.66,1,0.29,Y,10
36,49400,MORTGAGE,3.6,EDUCATION,28000,18.1,1,0.57,N,10
37,15800,MORTGAGE,3.9,HOMEIMPROVEMENT,10200,19.01,1,0.65,Y,11
57,21700,MORTGAGE,8.6,HOMEIMPROVEMENT,26900,21.57,1,1.24,N,4
37,46900,RENT,1.1,MEDICAL,16800,12.66,0,0.36,N,19
40,23500,MORTGAGE,9.4,DEBTCONSOLIDATION,16200,22.81,1,0.69,Y,6
69,101700,RENT,2.3,MEDICAL,6800,11.25,0,0.07,N,3
53,34700,RENT,6.8,VENTURE,19000,20.26,1,0.55,Y,6
53,46600,RENT,2.0,PERSONAL,10200,10.99,0,0.22,N,3
66,140700,RENT,6.2,VENTURE,12500,10.7,0,0.09,N,8
43,95500,MORTGAGE,8.0,EDUCATION,7200,11.52,0,0.08,N,7
31,65500,RENT,4.1,MEDICAL,8900,11.07,0,0.14,N,6
51,61200,MORTGAGE,4.8,PERSONAL,16700,9.04,0,0.27,N,7
42,35700,RENT,6.2,PERSONAL,16500,15.94,0,0.46,N,11
69,82300,RENT,,MEDICAL,13100,8.84,0,0.16,N,15
30,60900,MORTGAGE,6.5,VENTURE,16900,14.4,0,0.28,N,5
36,50300,MORTGAGE,,EDUCATION,24200,16.55,1,0.48,N,4
39,77100,MORTGAGE,1.2,MEDICAL,4000,6.7,0,0.05,N,5
43,77800,MORTGAGE,1.2,EDUCATION,8500,10.88,0,0.11,N,4
34,31800,RENT,16.0,MEDICAL,10100,,0,0.32,Y,7
47,89700,OTHER,9.5,PERSONAL,15700,10.49,0,0.18,N,5
39,51700,RENT,,DEBTCONSOLIDATION,17800,14.83,0,0.34,N,2
54,56700,MORTGAGE,0.0,VENTURE,15100,13.3,0,0.27,Y,5
58,26300,OWN,9.6,PERSONAL,18700,19.41,1,0.71,N,18
41,26700,RENT,7.0,MEDICAL,12900,17.24,0,0.48,N,4
48,24300,RENT,15.7,EDUCATION,21600,18.91,1,0.89,Y,4
44,202000,MORTGAGE,0.1,MEDICAL,5400,9.24,0,0.03,N,16
43,188600,MORTGAGE,0.1,VENTURE,16700,11.71,0,0.09,N,8
33,21200,RENT,3.6,EDUCATION,4400,13.72,0,0.21,N,9
42,23600,MORTGAGE,9.7,EDUCATION,8900,12.87,0,0.38,N,9
52,40900,RENT,23.7,PERSONAL,5100,8.0,0,0.12,N,7
47,99600,MORTGAGE,1.9,EDUCATION,16100,8.09,0,0.16,N,7
36,76400,RENT,0.2,VENTURE,8600,9.76,0,0.11,N,2
34,178500,MORTGAGE,1.1,HOMEIMPROVEMENT,6000,,0,0.03,N,6
42,45800,RENT,10.5,DEBTCONSOLIDATION,20800,13.78,1,0.45,N,4
38,36900,RENT,3.1,EDUCATION,1400,6.93,0,0.04,N,2
38,55900,RENT,9.6,EDUCATION,15000,10.6,0,0.27,N,2
38,49200,RENT,2.9,EDUCATION,26600,17.1,1,0.54,N,3
44,53400,MORTGAGE,0.3,EDUCATION,21300,16.42,0,0.4,N,4
49,57500,MORTGAGE,4.8,MEDICAL,16300,10.7,0,0.28,N,5
37,173900,RENT,2.9,MEDICAL,6300,10.06,0,0.04,N,14
37,57900,RENT,3.4,EDUCATION,21400,17.16,0,0.37,Y,4
34,30200,MORTGAGE,14.9,VENTURE,10800,16.55,0,0.36,Y,2
45,46200,MORTGAGE,3.1,VENTURE,7500,10.36,0,0.16,N,5
52,80800,RENT,8.0,PERSONAL,31800,11.29,0,0.39,N,6
43,75400,MORTGAGE,,MEDICAL,6000,9.82,0,0.08,N,14
49,73100,RENT,3.3,MEDICAL,19200,13.65,0,0.26,N,9
55,21300,RENT,4.4,PERSONAL,11100,16.92,1,0.52,N,3
46,23000,RENT,0.6,DEBTCONSOLIDATION,23200,23.22,1,1.01,Y,7
37,50400,MORTGAGE,1.8,MEDICAL,15000,8.25,0,0.3,N,7
36,69200,MORTGAGE,6.7,MEDICAL,25200,14.19,0,0.36,N,7
37,34300,MORTGAGE,1.0,PERSONAL,15200,17.2,0,0.44,N,7
63,123200,RENT,,DEBTCONSOLIDATION,10500,12.41,0,0.09,N,6
68,72900,RENT,1.8,HOMEIMPROVEMENT,29100,13.48,1,0.4,Y,3
40,40700,RENT,9.8,EDUCATION,13100,12.46,0,0.32,N,7
55,250000,MORTGAGE,7.2,MEDICAL,23500,11.36,0,0.09,N,8
57,41900,RENT,7.5,DEBTCONSOLIDATION,23100,18.56,1,0.55,N,3
34,44200,MORTGAGE,1.9,MEDICAL,15300,14.61,0,0.35,Y,8
62,43100,MORTGAGE,0.5,MEDICAL,14000,12.25,0,0.32,N,2
41,55400,MORTGAGE,0.2,PERSONAL,10000,8.85,0,0.18,N,5
41,30000,RENT,4.4,VENTURE,15300,,1,0.51,N,10
35,81300,RENT,6.1,DEBTCONSOLIDATION,15600,,0,0.19,Y,10
63,87700,RENT,2.4,VENTURE,9100,10.07,0,0.1,N,6
44,78200,MORTGAGE,3.8,VENTURE,21900,13.52,0,0.28,N,3
62,42200,RENT,1.6,EDUCATION,10800,,0,0.26,N,6
56,42300,RENT,2.3,HOMEIMPROVEMENT,20300,13.44,1,0.48,Y,14
41,75900,OTHER,6.5,MEDICAL,31700,14.86,0,0.42,N,9
44,61000,RENT,6.3,VENTURE,33000,17.92,1,0.54,Y,21
38,34900,RENT,0.1,VENTURE,24000,19.05,1,0.69,N,5
39,17800,RENT,14.4,PERSONAL,23800,19.09,1,1.34,Y,3
48,43600,MORTGAGE,1.6,PERSONAL,21900,18.93,1,0.5,N,2
51,72200,RENT,11.9,MEDICAL,18600,8.2,0,0.26,N,2
31,71100,MORTGAGE,3.6,VENTURE,8100,6.18,0,0.11,N,11
31,23600,MORTGAGE,3.5,DEBTCONSOLIDATION,6400,14.93,0,0.27,Y,2
39,85900,OWN,3.0,PERSONAL,15600,9.75,0,0.18,N,6
46,149900,RENT,12.8,HOMEIMPROVEMENT,18100,8.18,0,0.12,N,3
57,44700,MORTGAGE,1.2,PERSONAL,12000,14.22,0,0.27,N,10
44,48400,RENT,4.7,VENTURE,28300,19.9,1,0.58,Y,5
41,40600,RENT,1.9,DEBTCONSOLIDATION,9300,12.09,0,0.23,N,12
49,44600,RENT,12.3,VENTURE,9300,12.83,0,0.21,N,4
37,105500,MORTGAGE,0.9,EDUCATION,24200,9.58,0,0.23,N,8
44,35200,RENT,5.6,PERSONAL,14200,12.54,0,0.4,Y,3
42,61900,RENT,2.7,MEDICAL,4100,8.65,0,0.07,N,9
45,46600,RENT,5.4,EDUCATION,8300,10.18,0,0.18,N,8
55,60200,RENT,0.9,EDUCATION,15400,12.3,0,0.26,N,11
32,46300,RENT,2.5,EDUCATION,10600,9.79,0,0.23,N,4
43,85100,RENT,0.6,DEBTCONSOLIDATION,13800,11.85,1,0.16,N,3
51,96000,RENT,17.3,PERSONAL,21500,11.69,0,0.22,N,8
48,66600,RENT,1.2,VENTURE,13900,12.22,0,0.21,Y,8
32,48100,RENT,14.0,HOMEIMPROVEMENT,13300,9.95,0,0.28,N,10
31,83500,MORTGAGE,2.7,EDUCATION,7900,6.85,0,0.09,N,6
50,35900,MORTGAGE,0.4,EDUCATION,7300,14.09,1,0.2,N,2
25,68600,MORTGAGE,0.1,DEBTCONSOLIDATION,12600,,0,0.18,N,2
32,40800,MORTGAGE,4.6,PERSONAL,8600,12.73,0,0.21,N,4
44,61000,MORTGAGE,4.8,VENTURE,12000,11.25,0,0.2,N,6
54,32000,RENT,3.7,PERSONAL,15400,15.76,0,0.48,Y,3
33,103900,MORTGAGE,0.3,MEDICAL,6500,6.61,0,0.06,N,15
62,27100,RENT,2.0,VENTURE,8300,10.44,1,0.31,N,3
50,50500,MORTGAGE,2.2,MEDICAL,23800,16.2,1,0.47,N,11
70,24000,MORTGAGE,6.1,MEDICAL,17000,18.13,1,0.71,Y,7
40,102700,MORTGAGE,2.7,DEBTCONSOLIDATION,20000,12.79,0,0.19,N,9
58,127400,MORTGAGE,4.3,EDUCATION,13700,,0,0.11,N,7
40,28100,RENT,1.7,EDUCATION,18400,21.28,1,0.65,N,4
44,64800,RENT,6.5,MEDICAL,12600,11.59,0,0.19,Y,9
38,46000,RENT,0.2,EDUCATION,6900,11.14,0,0.15,N,4
43,71800,MORTGAGE,22.3,DEBTCONSOLIDATION,12700,11.85,0,0.18,N,4
53,128900,MORTGAGE,5.1,EDUCATION,16800,5.42,0,0.13,N,4
62,67000,RENT,0.8,HOMEIMPROVEMENT,9300,,0,0.14,N,4
37,35600,OTHER,6.3,EDUCATION,18800,15.92,1,0.53,N,4
45,37100,OWN,7.7,DEBTCONSOLIDATION,7000,8.41,0,0.19,N,4
39,44600,RENT,7.8,EDUCATION,8900,10.36,0,0.2,N,2
46,36300,MORTGAGE,1.6,EDUCATION,19400,13.98,0,0.53,N,4
55,82300,RENT,15.9,VENTURE,9000,10.25,0,0.11,N,2
40,86200,MORTGAGE,0.1,MEDICAL,16900,11.85,0,0.2,N,5
48,108300,MORTGAGE,,VENTURE,18900,11.04,0,0.17,N,3
36,42900,MORTGAGE,0.6,PERSONAL,8600,11.39,0,0.2,N,3
56,102200,RENT,2.4,HOMEIMPROVEMENT,14100,10.09,0,0.14,N,6
51,136700,MORTGAGE,0.3,HOMEIMPROVEMENT,27800,,0,0.2,Y,8
37,26100,MORTGAGE,5.2,VENTURE,16000,19.63,0,0.61,N,7
37,41400,MORTGAGE,0.3,EDUCATION,4200,7.97,0,0.1,N,4
58,51000,RENT,4.8,MEDICAL,8300,9.51,0,0.16,N,2
67,85200,MORTGAGE,1.3,EDUCATION,22400,11.63,0,0.26,N,5
38,113200,MORTGAGE,1.0,MEDICAL,13500,8.37,0,0.12,N,5
53,20900,OWN,2.1,DEBTCONSOLIDATION,5400,10.87,0,0.26,N,20
41,37500,RENT,5.1,MEDICAL,11200,11.12,0,0.3,Y,3
58,101700,RENT,4.3,PERSONAL,19100,9.86,0,0.19,N,20
41,33900,MORTGAGE,5.7,HOMEIMPROVEMENT,20000,17.06,1,0.59,Y,9
50,84000,RENT,12.6,EDUCATION,15900,12.49,0,0.19,N,5
45,74300,MORTGAGE,1.1,PERSONAL,20200,14.54,0,0.27,N,4
30,83100,RENT,,PERSONAL,12400,10.93,0,0.15,N,5
37,83700,MORTGAGE,1.5,DEBTCONSOLIDATION,13500,12.35,1,0.16,N,10
50,42800,MORTGAGE,4.4,EDUCATION,12600,12.45,0,0.29,N,5
49,46800,MORTGAGE,1.7,VENTURE,10000,13.88,0,0.21,N,5
46,44800,MORTGAGE,4.1,PERSONAL,17400,15.53,0,0.39,N,3
63,61300,MORTGAGE,8.7,PERSONAL,17700,14.21,0,0.29,N,4
52,16800,MORTGAGE,4.0,PERSONAL,24000,15.7,1,1.43,Y,2
51,70600,RENT,9.1,VENTURE,10500,15.2,0,0.15,N,11
29,139700,MORTGAGE,,VENTURE,17200,8.45,0,0.12,N,4
53,60400,RENT,10.2,HOMEIMPROVEMENT,10900,11.33,0,0.18,N,3
32,50700,RENT,13.3,EDUCATION,25800,16.28,1,0.51,N,2
43,56400,MORTGAGE,3.5,EDUCATION,10600,8.78,0,0.19,N,8
33,72500,MORTGAGE,7.8,EDUCATION,21300,11.56,0,0.29,N,7
48,101600,RENT,3.2,EDUCATION,22900,11.83,0,0.23,Y,11
55,52200,MORTGAGE,6.1,DEBTCONSOLIDATION,11200,11.33,0,0.21,N,5
43,49400,MORTGAGE,0.2,VENTURE,8600,11.03,1,0.17,N,3
43,25400,MORTGAGE,17.0,HOMEIMPROVEMENT,5500,10.89,0,0.22,N,3
36,55600,RENT,,DEBTCONSOLIDATION,26100,,1,0.47,N,8
55,28000,MORTGAGE,11.2,MEDICAL,17500,17.9,1,0.62,Y,9
33,40100,RENT,1.7,PERSONAL,22400,19.3,1,0.56,Y,11
45,87800,RENT,1.7,MEDICAL,16600,,0,0.19,Y,5
43,95000,RENT,2.6,DEBTCONSOLIDATION,7600,12.27,0,0.08,N,3
47,69900,RENT,10.6,PERSONAL,10200,7.35,0,0.15,N,2
51,105700,MORTGAGE,9.8,EDUCATION,10800,8.69,0,0.1,N,4
42,21900,MORTGAGE,1.7,MEDICAL,12600,19.47,0,0.58,N,15
53,132600,RENT,3.9,PERSONAL,4800,9.65,0,0.04,N,5
43,34000,RENT,3.2,MEDICAL,17900,20.25,1,0.53,Y,7
47,63900,RENT,5.3,VENTURE,9600,10.61,0,0.15,N,2
35,37600,RENT,1.2,MEDICAL,13600,13.19,0,0.36,N,7
40,64200,RENT,0.4,PERSONAL,5000,5.43,0,0.08,N,8
32,54700,RENT,0.1,EDUCATION,18600,12.42,0,0.34,N,7
44,101300,MORTGAGE,2.4,PERSONAL,15000,10.08,0,0.15,N,6
51,210200,MORTGAGE,14.7,MEDICAL,25800,11.16,0,0.12,N,15
42,88000,RENT,5.8,VENTURE,8300,5.42,0,0.09,N,10
43,50700,RENT,6.9,VENTURE,28900,17.31,1,0.57,N,4
47,125900,MORTGAGE,14.5,EDUCATION,25900,13.19,0,0.21,N,7
48,21300,MORTGAGE,2.7,HOMEIMPROVEMENT,10000,16.91,0,0.47,N,6
32,39400,RENT,3.2,EDUCATION,25500,16.73,1,0.65,Y,3
39,47700,OWN,2.2,MEDICAL,10000,12.66,0,0.21,Y,7
32,46500,RENT,1.0,EDUCATION,10800,12.52,0,0.23,N,12
40,36100,MORTGAGE,7.3,MEDICAL,26000,22.22,1,0.72,Y,15
60,79400,RENT,11.9,EDUCATION,21300,12.74,0,0.27,N,2
51,54100,OWN,8.4,MEDICAL,12800,12.71,0,0.24,N,14
43,50300,RENT,0.2,EDUCATION,6600,11.9,0,0.13,N,6
64,117600,MORTGAGE,1.8,VENTURE,13200,10.39,0,0.11,N,6
46,42400,RENT,4.5,EDUCATION,23300,18.78,1,0.55,Y,6
70,95300,RENT,,VENTURE,16000,,0,0.17,N,8
45,46600,MORTGAGE,0.8,MEDICAL,4600,7.74,0,0.1,N,6
39,47200,OWN,3.9,MEDICAL,12100,14.57,0,0.26,N,4
35,35700,OTHER,3.7,MEDICAL,18700,15.44,1,0.52,N,10
50,24300,MORTGAGE,6.2,PERSONAL,24800,20.5,1,1.02,Y,3
40,37700,MORTGAGE,22.0,PERSONAL,30500,19.37,1,0.81,Y,14
45,20400,OWN,5.2,MEDICAL,23000,19.02,1,1.13,Y,3
48,62400,RENT,1.9,HOMEIMPROVEMENT,24300,16.2,1,0.39,N,4
37,45600,RENT,,PERSONAL,8600,11.6,0,0.19,N,5
46,98300,RENT,4.2,MEDICAL,23900,11.67,0,0.24,N,11
42,36400,RENT,5.2,EDUCATION,26900,19.67,1,0.74,Y,5
33,47000,OWN,,VENTURE,17000,14.96,0,0.36,N,7
49,105900,MORTGAGE,3.0,VENTURE,13700,11.57,0,0.13,N,5
50,88400,MORTGAGE,2.7,EDUCATION,22100,11.51,0,0.25,N,9
57,58400,MORTGAGE,13.8,DEBTCONSOLIDATION,16600,15.52,0,0.28,N,5
35,30700,OWN,8.3,MEDICAL,22700,16.81,0,0.74,N,4
67,74800,MORTGAGE,0.5,EDUCATION,13000,9.6,0,0.17,N,6
37,46200,MORTGAGE,1.9,VENTURE,8000,12.81,0,0.17,N,3
68,40700,RENT,0.3,MEDICAL,26500,16.9,1,0.65,Y,2
30,112700,RENT,3.6,PERSONAL,29700,16.62,0,0.26,N,5
44,121400,RENT,1.6,EDUCATION,30100,10.95,0,0.25,N,16
47,33300,RENT,0.4,EDUCATION,28700,18.9,1,0.86,Y,4
42,139200,RENT,7.4,VENTURE,13800,9.07,0,0.1,N,9
35,51600,MORTGAGE,0.5,EDUCATION,16900,13.8,0,0.33,N,6
40,83300,RENT,1.6,EDUCATION,24700,12.06,0,0.3,N,4
46,148300,MORTGAGE,7.4,PERSONAL,3500,11.16,0,0.02,N,2
70,49500,RENT,3.6,MEDICAL,7600,9.13,0,0.15,N,2
35,62600,OWN,8.5,DEBTCONSOLIDATION,7700,11.95,0,0.12,N,10
39,80700,MORTGAGE,2.7,VENTURE,8700,10.04,0,0.11,N,8
33,129200,RENT,8.4,VENTURE,12100,9.42,0,0.09,N,5
40,54800,RENT,3.9,MEDICAL,13200,12.17,1,0.24,N,3
43,84600,OTHER,0.5,EDUCATION,11800,8.06,0,0.14,N,7
53,35400,OWN,3.2,EDUCATION,24600,17.71,0,0.69,N,8
47,24000,MORTGAGE,4.0,PERSONAL,9400,15.16,0,0.39,Y,6
59,37300,MORTGAGE,4.7,PERSONAL,19800,16.97,1,0.53,Y,12
43,37200,OWN,13.1,VENTURE,30300,20.16,1,0.81,N,8
26,92600,MORTGAGE,1.0,PERSONAL,17600,13.52,1,0.19,N,8
47,52000,OWN,4.7,DEBTCONSOLIDATION,4500,12.04,0,0.09,N,7
31,38700,RENT,7.0,VENTURE,6600,9.97,0,0.17,N,5
53,33300,OWN,11.0,PERSONAL,23100,18.04,1,0.69,N,2
43,43100,MORTGAGE,,DEBTCONSOLIDATION,11200,11.78,1,0.26,Y,3
38,89700,MORTGAGE,1.2,EDUCATION,12000,8.41,0,0.13,N,4
34,33200,RENT,8.5,EDUCATION,24900,20.94,1,0.75,Y,10
39,50500,MORTGAGE,11.8,VENTURE,18900,17.09,0,0.37,N,8
43,43900,MORTGAGE,0.6,MEDICAL,19000,13.9,1,0.43,N,5
65,65800,RENT,1.3,EDUCATION,18000,12.55,1,0.27,N,8
42,149100,RENT,10.3,EDUCATION,17000,9.24,0,0.11,N,2
45,37900,RENT,,MEDICAL,20300,17.95,1,0.54,Y,5
43,64500,OWN,0.9,EDUCATION,18700,13.66,0,0.29,N,5
46,53700,RENT,5.2,MEDICAL,6100,10.47,0,0.11,N,11
45,41900,RENT,3.1,EDUCATION,8700,9.43,0,0.21,N,7
43,55700,RENT,17.2,PERSONAL,6400,7.99,0,0.11,N,7
38,147400,MORTGAGE,1.3,PERSONAL,22000,6.33,0,0.15,N,11
50,52200,MORTGAGE,2.2,PERSONAL,16100,14.04,0,0.31,N,3
35,52200,RENT,0.9,DEBTCONSOLIDATION,29400,19.86,1,0.56,Y,8
48,44000,RENT,0.3,EDUCATION,19200,17.15,0,0.44,Y,5
50,68100,OWN,1.6,EDUCATION,13900,6.8,0,0.2,N,3
30,31300,OWN,8.6,DEBTCONSOLIDATION,27300,,1,0.87,N,8
34,57900,RENT,1.6,EDUCATION,29500,14.13,1,0.51,N,8
31,69200,RENT,,PERSONAL,16900,13.04,0,0.24,N,8
57,34000,RENT,3.7,EDUCATION,16800,19.67,1,0.49,N,12
39,130500,MORTGAGE,3.7,VENTURE,15700,12.34,0,0.12,N,2
56,127900,RENT,7.6,HOMEIMPROVEMENT,5800,6.96,0,0.05,N,7
41,186500,RENT,4.8,PERSONAL,20600,12.68,0,0.11,N,3
36,74200,RENT,0.9,MEDICAL,24500,13.19,0,0.33,N,4
38,68100,OWN,1.2,PERSONAL,15200,10.17,0,0.22,N,9
45,51900,MORTGAGE,3.9,EDUCATION,8300,10.53,0,0.16,N,3
50,56200,MORTGAGE,9.3,HOMEIMPROVEMENT,22100,16.18,0,0.39,N,12
44,90200,MORTGAGE,0.8,MEDICAL,25400,12.34,0,0.28,N,2
53,54700,MORTGAGE,0.6,HOMEIMPROVEMENT,21900,,1,0.4,N,5
42,49900,MORTGAGE,3.6,PERSONAL,8600,7.9,0,0.17,N,6
43,73700,RENT,1.0,MEDICAL,8700,11.06,0,0.12,N,8
37,38400,MORTGAGE,19.0,VENTURE,13100,15.2,0,0.34,N,2
36,129200,MORTGAGE,0.0,MEDICAL,7500,6.26,0,0.06,N,2
51,54400,MORTGAGE,,PERSONAL,18400,12.07,0,0.34,N,8
35,82500,RENT,0.9,DEBTCONSOLIDATION,18900,17.22,0,0.23,N,6
41,34900,RENT,5.7,VENTURE,31500,20.63,1,0.9,Y,9
52,52900,OWN,5.0,EDUCATION,11600,10.72,0,0.22,N,15
32,43600,MORTGAGE,8.2,HOMEIMPROVEMENT,19400,14.34,0,0.44,N,9
57,44700,MORTGAGE,4.1,MEDICAL,13900,15.62,0,0.31,N,4
36,29000,MORTGAGE,1.0,EDUCATION,7600,,0,0.26,N,16
57,96900,RENT,0.3,PERSONAL,26200,13.12,0,0.27,N,11
35,70700,RENT,6.4,PERSONAL,5000,9.27,0,0.07,N,9
51,24800,RENT,2.9,DEBTCONSOLIDATION,4400,,0,0.18,Y,10
39,48200,RENT,1.3,EDUCATION,9500,9.79,0,0.2,N,6
65,48100,MORTGAGE,1.5,MEDICAL,34400,17.05,0,0.72,Y,2
41,67500,RENT,0.8,MEDICAL,3400,8.58,0,0.05,N,11
34,50000,RENT,1.7,HOMEIMPROVEMENT,12400,12.87,0,0.25,N,6
48,98500,RENT,7.9,MEDICAL,14400,10.2,0,0.15,N,16
40,92100,RENT,4.8,VENTURE,10400,9.27,0,0.11,N,6
49,182400,RENT,21.9,EDUCATION,18900,7.23,0,0.1,Y,4
57,15900,RENT,,DEBTCONSOLIDATION,11500,17.89,1,0.72,Y,13
51,114900,RENT,3.7,EDUCATION,17700,11.04,0,0.15,N,3
32,83900,RENT,1.1,DEBTCONSOLIDATION,10900,,0,0.13,N,6
35,49200,RENT,4.4,PERSONAL,7400,10.81,0,0.15,N,10
46,47000,MORTGAGE,4.7,VENTURE,15300,14.03,1,0.33,Y,2
47,51600,RENT,1.2,PERSONAL,15100,15.58,1,0.29,N,7
27,62100,RENT,0.5,DEBTCONSOLIDATION,9500,12.72,0,0.15,N,6
34,40200,RENT,2.3,PERSONAL,11200,16.33,0,0.28,N,2
36,22400,MORTGAGE,0.9,PERSONAL,12700,18.25,0,0.57,N,5
58,40700,RENT,3.5,DEBTCONSOLIDATION,15300,13.1,1,0.38,N,5
38,46800,OWN,3.7,MEDICAL,17200,12.8,0,0.37,N,2
50,74100,RENT,4.7,VENTURE,6800,5.42,0,0.09,N,5
55,28200,RENT,4.6,HOMEIMPROVEMENT,7300,13.02,1,0.26,N,4
38,77100,RENT,5.6,MEDICAL,11300,12.56,0,0.15,N,6
43,27900,RENT,1.3,PERSONAL,12300,14.57,1,0.44,Y,3
50,67400,MORTGAGE,6.6,MEDICAL,10700,8.6,0,0.16,N,7
31,73400,RENT,3.7,VENTURE,17300,14.63,0,0.24,N,12
41,50400,MORTGAGE,2.9,MEDICAL,29300,20.5,0,0.58,Y,3
56,55600,MORTGAGE,5.2,EDUCATION,16300,13.88,0,0.29,N,4
47,79500,RENT,3.5,HOMEIMPROVEMENT,7900,,0,0.1,N,5
47,39300,MORTGAGE,3.7,VENTURE,10600,11.41,0,0.27,N,4
53,64200,MORTGAGE,0.1,MEDICAL,14900,,0,0.23,N,6
39,44700,RENT,8.1,PERSONAL,10400,,0,0.23,N,4
35,127100,RENT,2.8,EDUCATION,13200,9.06,0,0.1,Y,7
46,73000,RENT,3.6,VENTURE,15700,10.08,0,0.22,N,2
39,30500,RENT,2.5,VENTURE,18900,,1,0.62,Y,4
39,147200,RENT,4.0,EDUCATION,9000,8.91,0,0.06,N,4
35,94000,MORTGAGE,0.3,HOMEIMPROVEMENT,13400,10.4,0,0.14,N,5
48,27900,MORTGAGE,2.4,VENTURE,12100,19.63,1,0.43,N,4
42,23400,RENT,5.5,EDUCATION,6100,16.43,0,0.26,N,2
35,27600,RENT,13.9,DEBTCONSOLIDATION,16200,21.87,1,0.59,N,9
53,31600,RENT,9.5,MEDICAL,21000,20.99,1,0.66,Y,6
40,58900,RENT,16.5,PERSONAL,23500,,0,0.4,N,6
48,56700,RENT,7.6,PERSONAL,5500,,0,0.1,N,4
61,81200,RENT,5.0,EDUCATION,15400,14.82,0,0.19,N,7
53,45700,RENT,2.8,EDUCATION,31600,20.08,1,0.69,N,10
59,46900,RENT,0.7,VENTURE,20300,15.52,0,0.43,N,6
53,57600,RENT,1.4,PERSONAL,16000,11.53,0,0.28,N,4
41,100600,RENT,1.6,EDUCATION,3800,7.39,0,0.04,N,4
37,19100,RENT,2.8,EDUCATION,5100,13.45,1,0.27,N,11
41,47000,RENT,4.7,EDUCATION,4800,8.5,0,0.1,N,8
41,111900,RENT,4.8,EDUCATION,21500,11.08,0,0.19,N,4
57,56200,MORTGAGE,3.0,VENTURE,14900,12.77,0,0.27,N,6
39,46100,MORTGAGE,1.6,EDUCATION,10200,11.02,0,0.22,N,5
34,34600,RENT,0.3,MEDICAL,24500,18.96,1,0.71,Y,8
45,89000,RENT,22.5,VENTURE,22100,11.88,0,0.25,N,11
44,41600,RENT,,MEDICAL,21000,15.83,0,0.5,N,11
37,41400,RENT,1.0,DEBTCONSOLIDATION,20900,19.26,1,0.5,Y,13
40,114700,RENT,4.6,VENTURE,8200,7.88,0,0.07,N,11
60,30500,RENT,1.8,EDUCATION,24500,18.79,1,0.8,N,10
48,132900,RENT,1.1,MEDICAL,8300,10.79,0,0.06,N,7
41,59500,MORTGAGE,5.8,MEDICAL,24000,12.74,0,0.4,N,5
37,54900,OWN,7.7,MEDICAL,25200,11.51,0,0.46,N,5
68,63400,MORTGAGE,2.6,MEDICAL,19100,10.06,0,0.3,N,3
63,54800,MORTGAGE,0.3,MEDICAL,19000,13.49,0,0.35,N,6
52,40500,RENT,2.6,EDUCATION,9400,11.07,1,0.23,N,5
41,65500,MORTGAGE,3.8,MEDICAL,10400,13.06,0,0.16,N,2
37,41400,RENT,11.2,PERSONAL,15600,15.73,0,0.38,N,3
37,68600,OWN,5.3,DEBTCONSOLIDATION,15600,15.12,0,0.23,N,5
41,193300,MORTGAGE,6.2,EDUCATION,10800,8.74,0,0.06,N,6
39,77900,RENT,,EDUCATION,25400,12.41,0,0.33,N,4
43,48800,MORTGAGE,6.4,DEBTCONSOLIDATION,7000,13.71,0,0.14,N,4
43,62400,RENT,3.5,EDUCATION,11800,,0,0.19,Y,4
36,45400,RENT,8.6,MEDICAL,9400,10.36,0,0.21,N,5
36,49000,MORTGAGE,1.2,MEDICAL,27100,16.17,0,0.55,Y,9
41,50900,RENT,3.6,DEBTCONSOLIDATION,7200,13.17,1,0.14,N,5
43,70400,MORTGAGE,1.2,EDUCATION,13400,10.59,0,0.19,N,7
59,89200,RENT,1.7,DEBTCONSOLIDATION,4400,10.53,0,0.05,N,8
46,172800,RENT,8.9,VENTURE,21000,9.82,0,0.12,N,7
46,77400,MORTGAGE,5.8,PERSONAL,17700,15.37,0,0.23,N,7
46,29600,OWN,6.5,PERSONAL,23200,,1,0.78,N,10
55,26800,RENT,0.4,PERSONAL,10000,13.76,1,0.37,Y,7
70,52200,RENT,6.5,EDUCATION,15100,10.53,0,0.29,N,2
39,93900,RENT,3.4,MEDICAL,28900,12.76,0,0.31,N,7
66,48300,MORTGAGE,3.1,EDUCATION,9300,16.94,0,0.19,N,4
33,48700,RENT,2.7,EDUCATION,25800,17.3,1,0.53,Y,2
41,88900,MORTGAGE,9.5,PERSONAL,28200,10.27,0,0.32,N,2
35,53400,MORTGAGE,1.0,PERSONAL,11600,10.56,0,0.22,N,3
50,95700,RENT,8.4,EDUCATION,10700,8.1,0,0.11,N,5
53,23700,RENT,13.2,PERSONAL,9800,17.19,0,0.41,N,7
34,70400,RENT,0.9,MEDICAL,23200,11.29,0,0.33,N,5
54,20400,RENT,36.0,MEDICAL,18300,21.44,1,0.9,N,17
47,62700,OWN,23.3,HOMEIMPROVEMENT,8500,8.14,0,0.14,N,3
51,88900,MORTGAGE,4.9,EDUCATION,23700,11.52,0,0.27,N,8
56,22100,MORTGAGE,1.6,EDUCATION,8200,12.8,0,0.37,N,4
50,15300,MORTGAGE,2.8,MEDICAL,13800,16.33,1,0.9,Y,3
33,86500,RENT,0.9,HOMEIMPROVEMENT,6600,8.0,0,0.08,N,5
40,69400,RENT,0.6,EDUCATION,17400,12.97,0,0.25,N,2
33,29600,RENT,6.1,VENTURE,17700,,1,0.6,Y,3
30,62000,OTHER,4.3,DEBTCONSOLIDATION,11300,12.5,0,0.18,N,7
35,40200,MORTGAGE,4.1,HOMEIMPROVEMENT,6300,6.39,0,0.16,N,10
41,49100,MORTGAGE,,VENTURE,15000,,1,0.31,N,4
65,46700,RENT,1.3,VENTURE,26600,19.12,1,0.57,N,4
43,26100,MORTGAGE,22.9,DEBTCONSOLIDATION,21400,20.41,1,0.82,Y,9
47,88900,RENT,5.0,EDUCATION,15600,14.77,0,0.18,N,10
39,30300,MORTGAGE,8.6,VENTURE,5500,10.46,0,0.18,N,9
42,57000,RENT,2.4,PERSONAL,17600,11.11,0,0.31,N,3
44,77500,RENT,9.3,PERSONAL,10900,10.69,0,0.14,N,8
41,34300,RENT,6.4,EDUCATION,19800,16.93,0,0.58,N,4
49,46600,MORTGAGE,2.2,DEBTCONSOLIDATION,4300,8.3,0,0.09,N,4
38,41000,MORTGAGE,6.3,DEBTCONSOLIDATION,13600,10.45,0,0.33,Y,5
33,139900,RENT,13.0,MEDICAL,11100,10.39,0,0.08,N,4
32,89600,MORTGAGE,1.2,VENTURE,3000,9.72,0,0.03,N,11
52,82300,MORTGAGE,4.0,MEDICAL,13400,12.83,0,0.16,N,9
28,182700,MORTGAGE,10.0,HOMEIMPROVEMENT,7400,,0,0.04,N,10
41,65800,MORTGAGE,8.6,VENTURE,3400,10.18,0,0.05,N,8
35,45000,RENT,4.8,MEDICAL,16600,15.94,0,0.37,N,7
49,24500,OWN,0.4,PERSONAL,31600,20.89,1,1.29,N,13
43,36900,RENT,2.6,DEBTCONSOLIDATION,18100,18.47,1,0.49,Y,9
44,59100,RENT,5.3,PERSONAL,24800,15.32,0,0.42,N,4
44,90400,MORTGAGE,2.6,EDUCATION,6900,8.07,0,0.08,N,5
44,37800,RENT,26.0,MEDICAL,10100,9.25,0,0.27,N,5
33,129400,OWN,7.0,MEDICAL,20700,10.66,0,0.16,N,2
39,23200,RENT,1.0,EDUCATION,8000,12.35,1,0.34,N,7
36,44100,RENT,3.4,VENTURE,16100,16.92,0,0.37,N,4
38,67600,OWN,2.4,MEDICAL,13400,11.28,0,0.2,N,3
44,58200,MORTGAGE,4.5,EDUCATION,16300,12.66,0,0.28,N,9
52,70400,MORTGAGE,3.0,PERSONAL,29500,17.46,1,0.42,N,2
52,58100,RENT,1.4,MEDICAL,20600,14.37,0,0.35,N,3
46,77400,MORTGAGE,6.4,EDUCATION,31900,13.64,0,0.41,N,6
40,47400,RENT,0.6,HOMEIMPROVEMENT,6800,9.15,0,0.14,N,3
44,45900,RENT,3.8,PERSONAL,13200,9.34,0,0.29,N,5
50,34400,RENT,1.9,EDUCATION,9200,15.44,0,0.27,N,4
38,179100,OWN,17.0,DEBTCONSOLIDATION,17800,8.95,0,0.1,N,6
43,51900,RENT,1.8,MEDICAL,3000,,0,0.06,N,7
39,68800,RENT,2.1,EDUCATION,25300,13.72,0,0.37,N,4
38,48200,MORTGAGE,6.1,EDUCATION,16200,10.3,0,0.34,N,4
43,130000,MORTGAGE,0.7,PERSONAL,17900,11.32,0,0.14,N,13
40,53800,RENT,2.0,HOMEIMPROVEMENT,21500,17.17,1,0.4,N,3
46,64900,MORTGAGE,6.0,EDUCATION,20000,12.66,0,0.31,N,2
40,33500,RENT,0.2,MEDICAL,18400,17.46,0,0.55,N,6
42,142700,RENT,1.9,EDUCATION,28200,8.78,0,0.2,N,6
33,61000,RENT,0.0,VENTURE,9000,11.66,0,0.15,N,7
51,145500,RENT,0.8,DEBTCONSOLIDATION,6100,9.03,0,0.04,N,14
51,38900,RENT,4.6,EDUCATION,16900,14.4,0,0.43,N,10
36,42500,RENT,3.1,MEDICAL,5200,9.4,0,0.12,N,6
37,40500,RENT,0.8,EDUCATION,15100,16.92,0,0.37,N,16
45,46400,MORTGAGE,0.4,EDUCATION,18700,17.08,0,0.4,N,3
39,78300,MORTGAGE,0.3,EDUCATION,18000,7.03,0,0.23,N,11
46,17600,RENT,0.4,PERSONAL,10800,,1,0.61,N,5
57,52800,RENT,0.5,EDUCATION,18100,13.94,0,0.34,N,8
37,35300,RENT,0.5,PERSONAL,10800,10.4,0,0.31,N,7
52,33200,OWN,0.3,EDUCATION,21900,17.03,0,0.66,N,13
36,70100,MORTGAGE,6.0,MEDICAL,24400,15.14,0,0.35,Y,13
38,63900,MORTGAGE,14.2,MEDICAL,17800,11.95,0,0.28,N,18
45,87100,RENT,9.7,MEDICAL,16900,13.39,0,0.19,N,5
49,67000,RENT,1.5,EDUCATION,9900,7.72,0,0.15,N,5
57,59800,RENT,1.1,VENTURE,13300,13.89,0,0.22,N,9
62,39800,RENT,0.2,DEBTCONSOLIDATION,8900,15.25,1,0.22,Y,6
41,32500,MORTGAGE,0.8,VENTURE,18800,18.77,0,0.58,N,5
43,75300,MORTGAGE,4.2,EDUCATION,17400,13.21,1,0.23,N,2
46,47100,MORTGAGE,28.0,MEDICAL,6500,9.94,0,0.14,N,8
43,67500,OWN,9.8,MEDICAL,25500,15.4,0,0.38,N,7
41,54000,RENT,3.6,MEDICAL,31700,18.13,1,0.59,Y,6
39,17600,MORTGAGE,2.8,MEDICAL,7200,13.14,1,0.41,Y,4
49,70700,MORTGAGE,0.8,EDUCATION,9700,10.37,0,0.14,N,8
57,38400,RENT,2.7,HOMEIMPROVEMENT,22400,16.14,1,0.58,Y,6
32,87100,MORTGAGE,4.5,VENTURE,11900,9.7,0,0.14,N,9
41,19500,MORTGAGE,4.5,VENTURE,5000,,0,0.26,N,8
32,154000,RENT,4.1,MEDICAL,26200,11.37,0,0.17,N,6
48,39000,RENT,8.7,VENTURE,14500,13.82,0,0.37,Y,5
37,70200,RENT,3.6,MEDICAL,3900,6.35,0,0.06,N,10
55,36600,RENT,3.2,PERSONAL,12600,15.38,0,0.34,Y,5
42,39500,RENT,1.8,EDUCATION,22900,,0,0.58,Y,7
48,79000,MORTGAGE,1.0,EDUCATION,11900,8.42,0,0.15,N,4
37,48500,MORTGAGE,0.0,VENTURE,7000,8.07,0,0.14,N,3
44,50400,RENT,1.9,PERSONAL,4300,,0,0.09,N,5
44,86400,RENT,5.0,PERSONAL,21000,11.72,0,0.24,N,6
47,60100,MORTGAGE,4.1,MEDICAL,14200,12.2,0,0.24,N,2
38,69300,RENT,3.8,EDUCATION,10500,11.49,0,0.15,N,6
28,38400,RENT,7.4,EDUCATION,22600,18.75,1,0.59,Y,7
54,78200,MORTGAGE,1.3,MEDICAL,6600,6.53,0,0.08,N,8
46,57600,RENT,5.7,PERSONAL,7700,10.6,0,0.13,N,3
56,68600,MORTGAGE,4.7,MEDICAL,11800,10.33,0,0.17,Y,5
33,66200,RENT,2.1,VENTURE,4300,11.36,0,0.06,N,14
44,100800,RENT,1.2,EDUCATION,23600,11.1,0,0.23,N,5
42,71500,MORTGAGE,4.1,EDUCATION,13100,,0,0.18,N,4
62,28600,OTHER,14.5,PERSONAL,16100,16.81,1,0.56,Y,7
49,39100,MORTGAGE,0.4,MEDICAL,4500,8.32,0,0.12,N,3
43,61400,RENT,15.3,HOMEIMPROVEMENT,24100,14.68,0,0.39,N,19
48,67400,RENT,3.1,EDUCATION,29800,16.63,1,0.44,N,4
40,26100,RENT,6.2,VENTURE,25000,18.72,1,0.96,Y,2
47,31400,MORTGAGE,8.1,EDUCATION,18300,20.75,1,0.58,Y,8
70,98900,RENT,0.8,MEDICAL,21400,11.27,0,0.22,N,2
39,159700,OWN,0.2,PERSONAL,23400,7.35,0,0.15,N,5
44,21800,RENT,0.7,DEBTCONSOLIDATION,8700,16.56,0,0.4,Y,5
37,62400,RENT,2.1,EDUCATION,7200,6.19,1,0.12,N,5
36,55600,RENT,15.7,EDUCATION,8500,11.68,0,0.15,N,3
52,94500,MORTGAGE,0.2,HOMEIMPROVEMENT,25100,9.88,0,0.27,N,5
35,71200,RENT,12.6,PERSONAL,10800,7.92,0,0.15,N,5
47,85500,RENT,4.1,MEDICAL,7500,10.47,0,0.09,N,8
51,15500,MORTGAGE,0.5,MEDICAL,34400,19.19,1,2.22,N,4
40,54000,RENT,0.8,PERSONAL,7800,10.3,0,0.14,N,4
56,32900,RENT,5.8,PERSONAL,6600,10.47,0,0.2,N,9
55,33400,RENT,4.7,VENTURE,22900,,1,0.69,N,4
40,27600,OWN,0.9,DEBTCONSOLIDATION,23300,22.97,1,0.84,Y,2
34,61400,OWN,11.7,MEDICAL,15100,10.58,0,0.25,N,15
48,65100,RENT,0.7,EDUCATION,9700,9.74,0,0.15,N,8
43,76700,RENT,3.6,MEDICAL,10300,7.91,0,0.13,N,7
45,43400,MORTGAGE,3.8,EDUCATION,10200,10.74,0,0.24,N,6
48,116000,MORTGAGE,10.2,VENTURE,24100,11.08,0,0.21,N,4
33,32400,RENT,0.1,MEDICAL,3200,9.32,0,0.1,N,5
39,24600,MORTGAGE,0.7,EDUCATION,19000,18.05,1,0.77,Y,2
60,61100,MORTGAGE,0.9,DEBTCONSOLIDATION,28700,16.54,1,0.47,N,6
45,37200,OWN,0.3,EDUCATION,20200,15.62,0,0.54,N,14
48,72600,MORTGAGE,,PERSONAL,13800,8.69,0,0.19,Y,8
44,37700,RENT,1.3,PERSONAL,5700,9.04,0,0.15,N,4
48,39400,MORTGAGE,4.3,EDUCATION,3900,7.72,0,0.1,N,4
54,37700,RENT,7.6,MEDICAL,8500,11.56,0,0.23,N,6
30,36200,RENT,2.6,VENTURE,16500,14.92,0,0.46,Y,3
50,54100,MORTGAGE,7.3,DEBTCONSOLIDATION,13000,,0,0.24,Y,6
43,61800,MORTGAGE,7.5,PERSONAL,16200,10.34,0,0.26,N,4
52,36200,RENT,1.5,EDUCATION,5800,10.43,0,0.16,N,4
40,28500,MORTGAGE,0.1,VENTURE,22700,20.12,1,0.8,Y,8
40,71300,MORTGAGE,0.5,MEDICAL,18200,11.93,0,0.26,N,7
34,67100,RENT,8.7,EDUCATION,17100,10.98,0,0.25,N,2
43,80300,RENT,2.6,MEDICAL,7900,12.79,0,0.1,N,3
34,30500,RENT,9.1,DEBTCONSOLIDATION,15000,19.56,1,0.49,Y,4
42,34400,MORTGAGE,4.0,VENTURE,9300,15.71,0,0.27,N,2
45,85200,RENT,1.1,MEDICAL,27300,,0,0.32,N,9
38,88700,RENT,6.2,PERSONAL,13300,11.01,0,0.15,N,5
32,43300,RENT,4.1,HOMEIMPROVEMENT,10300,11.23,0,0.24,N,11
31,32100,MORTGAGE,2.2,HOMEIMPROVEMENT,28400,18.12,1,0.88,N,10
36,36800,RENT,0.5,EDUCATION,8500,14.16,0,0.23,Y,3
31,31900,RENT,0.5,MEDICAL,13800,16.21,0,0.43,N,9
45,84000,OWN,1.0,MEDICAL,7800,9.58,0,0.09,N,3
70,80200,MORTGAGE,5.6,VENTURE,6100,7.85,0,0.08,N,6
34,56700,RENT,6.5,EDUCATION,4800,9.44,0,0.08,N,4
70,37300,RENT,5.0,HOMEIMPROVEMENT,3100,9.76,0,0.08,N,7
44,33400,MORTGAGE,2.1,PERSONAL,19000,18.51,1,0.57,N,6
46,38600,MORTGAGE,2.9,EDUCATION,11700,11.1,0,0.3,N,7
32,33200,RENT,6.2,MEDICAL,26700,16.22,1,0.8,N,10
45,61400,MORTGAGE,5.4,EDUCATION,16800,12.1,0,0.27,N,3
39,82400,RENT,7.4,VENTURE,21900,11.13,0,0.27,N,10
59,83800,MORTGAGE,1.4,DEBTCONSOLIDATION,9800,11.34,0,0.12,N,8
31,33300,MORTGAGE,0.0,PERSONAL,8600,10.26,1,0.26,N,8
39,39000,MORTGAGE,1.5,VENTURE,12800,11.94,0,0.33,N,3
37,40000,RENT,2.1,EDUCATION,22600,16.39,1,0.56,N,4
46,94900,OWN,16.2,DEBTCONSOLIDATION,13500,11.04,0,0.14,N,3
28,26000,MORTGAGE,1.2,MEDICAL,15100,20.0,1,0.58,Y,7
59,54100,MORTGAGE,8.8,DEBTCONSOLIDATION,11200,12.27,1,0.21,Y,9
46,33500,RENT,4.9,VENTURE,16000,16.65,1,0.48,Y,11
45,48800,RENT,0.9,VENTURE,14100,15.83,0,0.29,N,8
35,79300,OTHER,2.6,VENTURE,13200,11.62,0,0.17,N,5
51,45400,OWN,3.6,MEDICAL,15000,,0,0.33,N,3
50,35800,RENT,2.1,DEBTCONSOLIDATION,12300,,1,0.34,N,2
56,81700,RENT,1.3,HOMEIMPROVEMENT,21300,12.69,0,0.26,N,9
41,58200,RENT,1.5,MEDICAL,5300,9.96,1,0.09,N,2
32,70600,RENT,4.4,EDUCATION,11100,11.42,0,0.16,N,5
38,62700,RENT,5.8,VENTURE,20200,13.5,0,0.32,N,6
53,27800,RENT,3.2,VENTURE,11300,16.97,1,0.41,Y,6
39,111100,MORTGAGE,14.2,EDUCATION,13300,10.94,0,0.12,N,13
65,48600,RENT,6.5,PERSONAL,11800,12.02,0,0.24,N,2
51,86100,OTHER,11.1,MEDICAL,11000,11.63,0,0.13,N,2
63,44700,MORTGAGE,3.2,HOMEIMPROVEMENT,15000,13.76,0,0.34,N,12
40,74000,RENT,0.1,PERSONAL,7700,11.93,0,0.1,N,8
47,94500,OWN,,EDUCATION,12700,,0,0.13,N,5
36,88000,MORTGAGE,8.5,HOMEIMPROVEMENT,20300,11.34,0,0.23,N,4
52,57400,RENT,3.8,EDUCATION,2600,7.17,0,0.05,N,3
48,44900,RENT,4.2,DEBTCONSOLIDATION,16300,16.87,0,0.36,N,13
50,25000,RENT,,PERSONAL,31000,17.4,1,1.24,N,5
40,27400,MORTGAGE,2.3,VENTURE,12000,17.06,1,0.44,Y,5
45,100100,MORTGAGE,8.1,HOMEIMPROVEMENT,14800,11.09,0,0.15,N,7
44,34400,RENT,3.5,VENTURE,7200,14.43,1,0.21,N,10
40,84300,RENT,3.1,DEBTCONSOLIDATION,18900,13.27,0,0.22,Y,4
45,89600,MORTGAGE,0.8,DEBTCONSOLIDATION,12300,11.49,0,0.14,N,6
47,69600,RENT,6.9,PERSONAL,20700,15.0,0,0.3,N,7
48,67200,RENT,8.7,VENTURE,6900,10.07,0,0.1,N,5
40,28500,OWN,2.8,EDUCATION,5500,10.4,0,0.19,N,6
51,25800,MORTGAGE,,EDUCATION,9800,11.5,0,0.38,N,8
50,37700,RENT,4.4,VENTURE,7900,12.88,0,0.21,N,6
49,134500,MORTGAGE,1.5,MEDICAL,22300,11.07,0,0.17,N,4
52,115400,RENT,12.9,EDUCATION,20400,11.41,0,0.18,N,2
42,55300,MORTGAGE,6.0,HOMEIMPROVEMENT,29600,19.47,1,0.54,N,4
35,110400,MORTGAGE,10.5,DEBTCONSOLIDATION,5300,9.79,0,0.05,N,3
50,32400,MORTGAGE,1.7,MEDICAL,9900,12.11,0,0.31,Y,2
39,44200,RENT,12.4,DEBTCONSOLIDATION,29900,22.51,1,0.68,Y,4
32,129700,RENT,2.3,EDUCATION,6400,,0,0.05,N,6
39,172200,MORTGAGE,0.0,EDUCATION,13800,7.74,0,0.08,N,9
45,82800,MORTGAGE,0.4,HOMEIMPROVEMENT,17600,11.11,0,0.21,N,10
58,22600,MORTGAGE,,PERSONAL,8900,13.69,0,0.39,N,7
70,113800,RENT,1.2,PERSONAL,20900,9.94,0,0.18,Y,6
47,46800,MORTGAGE,1.0,DEBTCONSOLIDATION,23600,21.47,1,0.5,N,2
52,80600,MORTGAGE,0.3,EDUCATION,11900,11.06,0,0.15,N,5
50,57200,MORTGAGE,11.3,PERSONAL,18800,10.94,0,0.33,N,6
46,94200,MORTGAGE,8.8,MEDICAL,14600,11.23,1,0.15,N,7
41,55600,MORTGAGE,7.2,DEBTCONSOLIDATION,18200,13.94,1,0.33,Y,4
36,243000,RENT,3.3,MEDICAL,12900,10.36,0,0.05,N,6
67,92100,RENT,2.8,PERSONAL,4000,,0,0.04,N,2
39,27100,MORTGAGE,2.8,DEBTCONSOLIDATION,10600,13.77,0,0.39,N,4
41,21500,RENT,1.5,MEDICAL,10000,14.86,1,0.47,Y,5
42,21700,OWN,4.7,VENTURE,26800,19.68,1,1.24,Y,7
39,75100,RENT,0.3,VENTURE,12700,14.22,0,0.17,N,8
48,92000,RENT,5.4,PERSONAL,25800,13.91,0,0.28,N,2
39,12900,OTHER,3.6,DEBTCONSOLIDATION,2200,,1,0.17,Y,11
41,106000,RENT,8.5,EDUCATION,17000,12.53,0,0.16,N,5
39,65700,RENT,18.0,HOMEIMPROVEMENT,13100,,0,0.2,N,8
41,131900,RENT,10.5,PERSONAL,4500,12.31,0,0.03,N,2
35,31800,MORTGAGE,6.4,EDUCATION,13300,13.5,0,0.42,N,2
33,63600,RENT,2.8,MEDICAL,11700,,0,0.18,N,8
61,63300,RENT,1.2,MEDICAL,8600,11.59,0,0.14,N,2
52,35400,OWN,5.5,EDUCATION,5600,9.6,0,0.16,N,5
58,27000,RENT,1.1,PERSONAL,21400,20.09,1,0.79,Y,2
60,90400,MORTGAGE,0.1,EDUCATION,16400,7.8,0,0.18,N,9
37,61500,RENT,4.3,VENTURE,16000,12.17,0,0.26,N,3
58,67300,RENT,2.5,DEBTCONSOLIDATION,25900,16.81,1,0.38,N,7
54,114600,MORTGAGE,10.4,MEDICAL,2800,6.37,0,0.02,N,4
41,53000,RENT,5.2,VENTURE,14900,9.97,0,0.28,N,8
47,64400,RENT,,EDUCATION,28500,15.92,1,0.44,N,2
52,65800,MORTGAGE,7.8,PERSONAL,13000,14.52,0,0.2,N,9
49,66700,MORTGAGE,2.0,DEBTCONSOLIDATION,13400,11.51,0,0.2,N,14
43,25000,MORTGAGE,15.9,PERSONAL,5400,10.9,0,0.22,N,6
45,53600,RENT,1.3,EDUCATION,18800,14.71,0,0.35,N,5
48,102400,MORTGAGE,10.3,MEDICAL,20500,10.69,0,0.2,N,13
40,50500,RENT,12.1,EDUCATION,7100,11.76,0,0.14,N,17
49,41800,MORTGAGE,0.2,VENTURE,17100,17.28,0,0.41,N,4
38,92300,MORTGAGE,5.0,PERSONAL,11500,6.29,0,0.12,N,4
58,54600,MORTGAGE,6.9,HOMEIMPROVEMENT,15400,10.1,0,0.28,N,7
53,38300,RENT,15.4,VENTURE,18000,15.28,0,0.47,N,3
52,33700,RENT,1.4,PERSONAL,6200,,0,0.18,N,12
47,52600,MORTGAGE,4.1,EDUCATION,10100,12.47,0,0.19,N,5
46,37700,OWN,7.4,EDUCATION,23200,18.26,1,0.62,N,7
54,88900,RENT,0.8,EDUCATION,7800,7.05,0,0.09,N,5
35,35700,MORTGAGE,9.6,EDUCATION,17400,16.52,1,0.49,Y,3
37,63100,RENT,2.6,MEDICAL,23000,10.64,0,0.36,N,4
49,68200,RENT,5.1,HOMEIMPROVEMENT,16800,,0,0.25,N,5
43,76700,OWN,,PERSONAL,21200,15.18,0,0.28,N,14
39,128500,OWN,1.3,MEDICAL,13700,7.47,0,0.11,N,3
55,25700,RENT,3.3,VENTURE,24800,20.43,1,0.96,Y,3
45,75700,RENT,1.7,EDUCATION,18100,11.18,0,0.24,N,11
47,76300,RENT,15.8,EDUCATION,10900,5.42,0,0.14,N,3
55,29800,RENT,7.9,MEDICAL,14400,14.13,0,0.48,N,2
42,62500,RENT,10.0,MEDICAL,17300,11.71,0,0.28,N,12
65,43000,RENT,3.1,EDUCATION,21300,17.87,1,0.5,N,4
36,117100,RENT,3.2,PERSONAL,7800,8.11,0,0.07,N,2
55,39600,RENT,8.2,HOMEIMPROVEMENT,32100,20.73,1,0.81,Y,2
40,48100,OWN,2.5,EDUCATION,7400,14.04,0,0.15,N,6
53,43900,RENT,3.3,DEBTCONSOLIDATION,14900,14.3,0,0.34,N,9
38,34200,RENT,3.8,MEDICAL,3200,10.2,0,0.09,N,11
33,23100,MORTGAGE,4.7,VENTURE,12800,19.39,1,0.55,N,7
53,34300,OWN,5.2,EDUCATION,1900,8.56,0,0.06,Y,8
41,58600,RENT,5.7,EDUCATION,5400,7.37,0,0.09,N,2
34,63300,MORTGAGE,2.9,EDUCATION,15000,10.95,0,0.24,N,4
53,84700,OWN,1.7,EDUCATION,13100,7.63,0,0.15,N,5
46,96500,RENT,12.6,HOMEIMPROVEMENT,5100,7.51,0,0.05,N,11
41,67500,MORTGAGE,8.8,MEDICAL,27200,15.18,0,0.4,Y,7
47,84000,RENT,0.0,EDUCATION,11000,10.12,1,0.13,N,11
42,72300,OWN,3.6,EDUCATION,19900,13.09,0,0.28,N,3
41,29600,RENT,1.6,PERSONAL,29200,,1,0.99,Y,12
51,66800,MORTGAGE,5.1,PERSONAL,26000,,0,0.39,N,7
46,54500,RENT,3.5,HOMEIMPROVEMENT,18200,12.19,0,0.33,Y,6
38,39700,MORTGAGE,0.1,PERSONAL,3200,11.45,0,0.08,N,2
44,54500,RENT,6.5,VENTURE,17200,14.02,0,0.32,N,9
51,65900,OWN,1.6,EDUCATION,5800,10.35,0,0.09,N,8
36,48500,MORTGAGE,1.5,EDUCATION,12500,11.59,0,0.26,N,7
56,93500,RENT,0.2,DEBTCONSOLIDATION,26300,15.45,1,0.28,N,4
45,65400,RENT,8.8,PERSONAL,6700,9.31,0,0.1,Y,11
45,87600,MORTGAGE,4.3,DEBTCONSOLIDATION,18900,12.66,0,0.22,N,2
45,108100,RENT,3.3,MEDICAL,9800,9.4,0,0.09,Y,2
61,43600,MORTGAGE,5.6,MEDICAL,7600,9.4,0,0.17,N,3
44,42400,RENT,2.1,PERSONAL,9100,13.25,0,0.21,N,5
41,102400,MORTGAGE,4.2,PERSONAL,12100,10.67,0,0.12,N,8
70,35500,RENT,1.4,PERSONAL,21900,18.26,0,0.62,Y,4
43,51300,RENT,0.3,VENTURE,14300,14.62,0,0.28,Y,5
53,41400,RENT,4.1,MEDICAL,11000,12.71,0,0.27,N,2
50,31400,MORTGAGE,1.2,PERSONAL,7900,13.43,0,0.25,N,3
44,71200,RENT,6.9,MEDICAL,9300,8.3,0,0.13,N,8
69,46800,RENT,3.0,PERSONAL,28100,18.79,1,0.6,Y,3
49,32500,RENT,1.4,EDUCATION,8800,11.15,1,0.27,Y,11
37,90100,MORTGAGE,4.7,VENTURE,10600,9.83,0,0.12,N,6
30,26100,MORTGAGE,0.6,MEDICAL,13700,16.74,0,0.52,Y,3
50,49900,RENT,7.2,DEBTCONSOLIDATION,13000,14.81,1,0.26,Y,4
41,88400,OWN,3.0,VENTURE,10200,11.73,0,0.12,N,5
33,89600,MORTGAGE,8.4,PERSONAL,3100,5.42,0,0.03,N,7
43,68500,OWN,0.7,EDUCATION,22500,13.35,0,0.33,N,12
50,33400,MORTGAGE,2.4,VENTURE,5600,11.82,0,0.17,N,4
42,59200,RENT,1.0,PERSONAL,21400,13.35,0,0.36,N,2
43,65900,MORTGAGE,0.3,DEBTCONSOLIDATION,10300,10.66,0,0.16,N,13
30,42500,RENT,12.0,PERSONAL,26100,20.08,1,0.61,Y,3
50,66600,RENT,6.5,MEDICAL,13900,9.88,0,0.21,N,8
32,24000,RENT,2.0,MEDICAL,2800,9.35,0,0.12,N,9
39,20700,RENT,1.4,MEDICAL,14400,16.72,1,0.7,Y,10
46,38100,RENT,1.1,VENTURE,26100,17.91,1,0.69,N,19
38,79300,RENT,0.2,EDUCATION,4300,8.78,0,0.05,N,4
39,87000,MORTGAGE,0.5,DEBTCONSOLIDATION,13100,12.63,1,0.15,Y,5
34,26800,RENT,0.5,MEDICAL,18700,19.22,1,0.7,Y,5
46,121500,RENT,5.5,DEBTCONSOLIDATION,5200,9.29,0,0.04,N,6
47,56900,MORTGAGE,4.5,VENTURE,9000,11.61,0,0.16,N,12
44,23100,RENT,4.2,PERSONAL,4100,11.3,0,0.18,N,8
29,64000,OWN,6.6,PERSONAL,15200,12.82,0,0.24,N,7
31,109100,RENT,1.4,MEDICAL,22200,13.66,0,0.2,N,5
53,41500,MORTGAGE,2.1,VENTURE,11200,12.67,0,0.27,N,10
41,92700,RENT,0.7,PERSONAL,6500,8.29,0,0.07,N,11
70,119800,RENT,4.4,PERSONAL,14500,,0,0.12,N,5
46,55400,MORTGAGE,13.5,MEDICAL,24100,14.85,1,0.44,N,5
65,36000,OWN,9.9,PERSONAL,15900,,0,0.44,N,9
42,103100,MORTGAGE,4.0,MEDICAL,8700,9.55,0,0.08,N,2
40,102900,MORTGAGE,5.2,EDUCATION,8700,11.63,0,0.08,N,6
50,27100,RENT,24.3,EDUCATION,10900,13.83,1,0.4,Y,8
55,51200,MORTGAGE,3.6,VENTURE,5800,5.42,0,0.11,N,4
42,80500,RENT,10.2,MEDICAL,14900,8.2,0,0.19,N,2
50,83000,RENT,3.5,EDUCATION,30000,12.27,0,0.36,N,10
32,46200,MORTGAGE,0.2,MEDICAL,21800,14.44,1,0.47,N,11
37,32000,RENT,13.6,MEDICAL,15000,18.13,1,0.47,N,11
47,128500,MORTGAGE,,VENTURE,26600,14.03,0,0.21,N,10
41,56900,RENT,6.1,EDUCATION,15700,15.75,0,0.28,Y,8
46,49100,MORTGAGE,1.4,DEBTCONSOLIDATION,21700,19.4,1,0.44,Y,3
48,39200,RENT,11.6,MEDICAL,8100,11.88,0,0.21,N,9
49,48500,MORTGAGE,1.1,VENTURE,8200,11.42,0,0.17,N,5
53,22800,RENT,0.8,MEDICAL,24200,16.86,1,1.06,Y,3
53,93800,RENT,2.9,PERSONAL,8900,6.09,0,0.09,N,3
35,46700,RENT,3.4,VENTURE,15200,13.67,1,0.33,Y,3
42,17100,RENT,8.5,MEDICAL,8600,13.5,0,0.5,N,8
42,31500,RENT,7.2,HOMEIMPROVEMENT,16400,19.55,1,0.52,Y,7
43,91700,RENT,2.0,DEBTCONSOLIDATION,13100,11.04,0,0.14,N,3
41,50100,RENT,2.4,EDUCATION,22300,15.71,0,0.45,Y,9
44,35100,RENT,4.3,PERSONAL,20700,19.71,1,0.59,Y,7
27,58300,OWN,4.0,PERSONAL,9000,10.64,0,0.15,N,5
39,46000,RENT,9.9,EDUCATION,14200,10.08,0,0.31,Y,9
52,57600,MORTGAGE,3.2,HOMEIMPROVEMENT,30900,16.34,1,0.54,Y,16
48,64600,MORTGAGE,11.2,EDUCATION,14500,,0,0.22,N,4
39,34600,MORTGAGE,1.1,DEBTCONSOLIDATION,12700,16.79,1,0.37,N,6
44,39500,RENT,10.1,PERSONAL,4500,9.57,0,0.11,N,9
63,36200,RENT,1.8,VENTURE,15700,15.75,1,0.43,N,12
36,36800,MORTGAGE,7.8,PERSONAL,28000,19.17,1,0.76,Y,5
37,38400,RENT,4.2,PERSONAL,25900,18.78,0,0.67,N,7
52,46200,RENT,10.4,PERSONAL,19000,13.26,0,0.41,N,6
60,38800,MORTGAGE,1.3,DEBTCONSOLIDATION,10800,13.13,1,0.28,N,6
47,59200,RENT,6.0,VENTURE,19800,12.74,0,0.33,N,4
44,45600,MORTGAGE,9.5,MEDICAL,15100,14.14,1,0.33,N,4
35,36700,MORTGAGE,7.5,DEBTCONSOLIDATION,15100,17.75,1,0.41,N,7
40,18800,RENT,4.2,DEBTCONSOLIDATION,22400,18.41,1,1.19,Y,8
40,33000,MORTGAGE,5.6,EDUCATION,9000,15.28,1,0.27,N,2
40,44300,MORTGAGE,1.1,PERSONAL,15700,16.01,0,0.35,N,6
38,91700,MORTGAGE,1.2,DEBTCONSOLIDATION,16200,10.04,0,0.18,N,19
34,52100,MORTGAGE,1.6,PERSONAL,26900,16.79,1,0.52,N,9
50,23600,RENT,,VENTURE,3600,9.48,0,0.15,N,6
47,57200,MORTGAGE,0.9,EDUCATION,13500,10.52,0,0.24,N,2
34,42200,MORTGAGE,1.8,HOMEIMPROVEMENT,9500,7.34,0,0.23,N,6
44,74200,RENT,12.7,PERSONAL,23000,8.51,0,0.31,N,4
41,24200,MORTGAGE,7.0,EDUCATION,10200,14.74,1,0.42,N,2
62,105500,RENT,6.6,HOMEIMPROVEMENT,9800,9.97,0,0.09,N,11
56,69300,MORTGAGE,3.0,VENTURE,18100,11.79,0,0.26,N,9
62,48300,RENT,6.1,EDUCATION,9800,10.54,0,0.2,N,6
40,23200,RENT,4.2,EDUCATION,12000,17.03,1,0.52,N,5
31,24300,MORTGAGE,,HOMEIMPROVEMENT,4000,12.97,0,0.16,N,10
35,79000,RENT,4.3,MEDICAL,11100,11.08,0,0.14,N,4
40,84300,RENT,3.0,MEDICAL,18800,12.08,0,0.22,N,7
42,96100,OWN,0.6,VENTURE,15100,10.5,0,0.16,N,9
62,135500,RENT,2.1,PERSONAL,7200,9.94,0,0.05,N,8
52,81800,MORTGAGE,11.3,MEDICAL,22400,10.28,0,0.27,N,9
47,67800,MORTGAGE,8.1,MEDICAL,10800,11.69,0,0.16,N,7
57,201500,RENT,12.3,PERSONAL,24600,13.04,0,0.12,N,3
49,40100,MORTGAGE,6.3,VENTURE,23200,17.62,1,0.58,Y,2
51,51300,MORTGAGE,5.0,PERSONAL,7300,8.4,0,0.14,Y,11
41,23200,RENT,0.7,HOMEIMPROVEMENT,26100,18.37,1,1.12,Y,10
33,76400,RENT,0.6,HOMEIMPROVEMENT,5600,8.71,0,0.07,N,7
32,48400,RENT,,VENTURE,12200,16.07,0,0.25,N,5
32,38500,MORTGAGE,1.9,EDUCATION,7800,9.77,0,0.2,N,10
50,39000,RENT,4.7,MEDICAL,6700,9.62,0,0.17,N,5
37,35000,RENT,10.5,DEBTCONSOLIDATION,6600,7.46,1,0.19,N,2
41,49400,RENT,11.1,EDUCATION,1300,7.62,0,0.03,N,4
34,24500,MORTGAGE,5.7,EDUCATION,21400,16.67,1,0.87,Y,7
55,25800,MORTGAGE,4.3,PERSONAL,9500,,0,0.37,N,2
44,29500,MORTGAGE,1.4,DEBTCONSOLIDATION,2600,10.63,1,0.09,N,2
46,38500,OWN,13.9,EDUCATION,8800,14.35,0,0.23,Y,8
47,42000,OWN,5.6,EDUCATION,4900,12.14,1,0.12,N,17
48,17600,RENT,3.8,DEBTCONSOLIDATION,4500,14.22,0,0.26,N,5
56,40800,RENT,0.5,MEDICAL,21500,17.72,0,0.53,N,7
50,34100,MORTGAGE,8.7,VENTURE,2900,9.98,0,0.09,N,3
36,83300,RENT,2.1,DEBTCONSOLIDATION,24100,13.14,0,0.29,N,9
37,33000,RENT,11.5,MEDICAL,8400,11.07,0,0.25,N,4
70,94100,RENT,0.9,VENTURE,28500,13.93,0,0.3,N,8
53,141200,MORTGAGE,0.2,HOMEIMPROVEMENT,20400,11.85,0,0.14,N,2
69,102900,RENT,2.9,PERSONAL,9200,8.87,0,0.09,N,3
42,31600,MORTGAGE,0.4,MEDICAL,10000,13.73,1,0.32,N,10
60,72100,MORTGAGE,0.3,PERSONAL,9600,10.73,0,0.13,Y,5
48,31900,RENT,6.3,EDUCATION,8700,12.57,0,0.27,N,13
46,34400,RENT,1.5,EDUCATION,9200,9.39,0,0.27,N,4
44,35700,RENT,5.1,PERSONAL,16200,18.95,1,0.45,Y,3
52,58400,RENT,4.2,MEDICAL,17500,12.73,1,0.3,N,2
49,33500,MORTGAGE,0.8,EDUCATION,8600,13.04,0,0.26,N,7
42,55300,RENT,2.4,MEDICAL,23400,15.21,0,0.42,N,4
39,108500,MORTGAGE,0.3,EDUCATION,20700,6.7,0,0.19,N,8
42,29600,RENT,2.7,MEDICAL,13800,16.11,1,0.47,Y,8
44,22400,MORTGAGE,1.0,EDUCATION,7400,10.28,0,0.33,Y,6
40,38100,MORTGAGE,0.5,DEBTCONSOLIDATION,11900,12.62,0,0.31,N,6
37,118800,MORTGAGE,1.9,PERSONAL,11700,10.42,0,0.1,N,3
44,79100,RENT,0.0,MEDICAL,25600,13.86,0,0.32,N,7
47,33900,RENT,7.1,VENTURE,24000,19.4,0,0.71,N,12
46,30500,RENT,0.9,DEBTCONSOLIDATION,4100,9.32,0,0.13,N,4
35,64700,RENT,4.9,HOMEIMPROVEMENT,2200,8.16,0,0.03,Y,8
62,57200,RENT,8.9,EDUCATION,20800,13.52,0,0.36,N,5
65,76300,RENT,12.5,PERSONAL,6500,9.53,0,0.09,N,2
50,28700,RENT,4.1,EDUCATION,8400,13.91,0,0.29,N,9
52,51700,MORTGAGE,7.8,EDUCATION,28100,17.43,0,0.54,Y,2
46,88700,OWN,3.0,EDUCATION,11200,,0,0.13,N,8
47,100800,MORTGAGE,3.4,VENTURE,23100,13.88,0,0.23,N,13
32,27400,RENT,4.0,MEDICAL,7700,13.29,0,0.28,N,7
43,51700,MORTGAGE,5.5,EDUCATION,18200,11.36,0,0.35,N,2
43,46300,RENT,5.5,VENTURE,16800,13.24,0,0.36,N,7
65,34200,MORTGAGE,7.7,VENTURE,19700,19.91,1,0.58,Y,9
41,36200,RENT,4.8,PERSONAL,10000,11.0,0,0.28,N,2
61,74000,RENT,10.7,PERSONAL,7100,8.56,0,0.1,N,6
44,35600,RENT,6.2,VENTURE,5600,13.51,1,0.16,Y,2
40,50600,RENT,13.2,MEDICAL,18200,15.04,1,0.36,N,9
32,70800,MORTGAGE,6.9,EDUCATION,17700,12.61,0,0.25,N,4
47,142000,RENT,6.7,DEBTCONSOLIDATION,3200,9.86,0,0.02,N,2
38,63900,RENT,9.8,MEDICAL,16200,13.91,1,0.25,Y,5
33,80500,RENT,5.3,EDUCATION,7300,10.24,0,0.09,N,6
50,62600,MORTGAGE,1.0,PERSONAL,4300,9.58,0,0.07,N,8
47,48400,RENT,0.4,EDUCATION,14300,8.89,0,0.3,N,2
48,47900,OWN,1.9,MEDICAL,8800,10.75,0,0.18,N,5
44,50800,MORTGAGE,8.4,MEDICAL,14800,11.81,0,0.29,N,4
38,16700,MORTGAGE,0.1,VENTURE,19200,19.11,1,1.15,N,11
36,45300,RENT,0.8,EDUCATION,26900,18.83,1,0.59,Y,7
59,68900,RENT,0.6,EDUCATION,10900,10.95,0,0.16,N,7
50,36100,MORTGAGE,0.2,VENTURE,12400,16.15,0,0.34,N,9
53,120500,RENT,8.3,MEDICAL,7700,8.64,1,0.06,N,9
42,58000,MORTGAGE,1.6,MEDICAL,19300,12.16,1,0.33,N,7
37,50400,MORTGAGE,6.5,MEDICAL,22500,14.22,1,0.45,Y,10
37,85800,RENT,0.8,VENTURE,18800,16.6,0,0.22,Y,6
44,73900,MORTGAGE,2.6,EDUCATION,12800,13.05,0,0.17,N,9
38,101000,RENT,0.6,EDUCATION,15300,10.35,0,0.15,N,5
31,112400,RENT,0.0,MEDICAL,8700,6.45,0,0.08,N,7
49,121300,RENT,4.7,VENTURE,19700,11.68,1,0.16,N,3
53,69700,RENT,3.3,PERSONAL,17700,13.47,0,0.25,N,7
39,30600,MORTGAGE,2.7,MEDICAL,26800,20.41,0,0.88,N,11
33,47500,RENT,0.4,PERSONAL,15500,14.7,1,0.33,N,2
45,133400,MORTGAGE,4.4,MEDICAL,20100,12.51,0,0.15,N,11
42,62500,RENT,7.6,PERSONAL,14000,10.54,0,0.22,N,4
41,42700,OTHER,0.3,VENTURE,22900,17.71,1,0.54,Y,5
48,40100,MORTGAGE,2.7,VENTURE,16000,17.9,1,0.4,Y,5
45,30000,MORTGAGE,1.9,MEDICAL,13300,,1,0.44,N,14
47,89800,MORTGAGE,11.1,EDUCATION,7300,10.19,0,0.08,N,11
44,42300,RENT,1.5,EDUCATION,21800,18.58,1,0.52,N,8
38,31600,RENT,14.4,MEDICAL,22000,19.2,1,0.7,Y,4
37,33600,RENT,8.8,EDUCATION,10400,13.43,0,0.31,Y,7
44,12900,RENT,0.5,EDUCATION,12800,19.31,1,0.99,Y,4
52,79900,MORTGAGE,3.3,PERSONAL,12200,11.3,0,0.15,N,10
45,47500,RENT,5.2,PERSONAL,10800,7.36,1,0.23,N,9
38,27600,MORTGAGE,4.5,EDUCATION,13900,19.05,1,0.5,N,13
45,116200,MORTGAGE,5.7,DEBTCONSOLIDATION,14100,8.91,0,0.12,N,7
46,55600,RENT,2.8,DEBTCONSOLIDATION,5600,8.85,0,0.1,N,4
38,15800,MORTGAGE,11.8,MEDICAL,9400,16.45,1,0.59,Y,12
65,80600,RENT,1.6,VENTURE,4900,9.77,0,0.06,N,4
52,31100,RENT,0.5,DEBTCONSOLIDATION,19500,20.17,1,0.63,N,3
42,75200,RENT,19.1,PERSONAL,19200,11.05,0,0.26,N,10
64,71500,RENT,5.3,MEDICAL,9900,9.75,0,0.14,N,2
47,58400,RENT,5.4,MEDICAL,15700,12.51,1,0.27,N,6
46,27200,MORTGAGE,8.5,PERSONAL,12500,15.06,0,0.46,Y,3
58,27500,OWN,2.7,MEDICAL,7500,11.14,0,0.27,N,9
52,52700,MORTGAGE,2.4,PERSONAL,18000,15.41,0,0.34,N,2
48,32300,RENT,14.9,EDUCATION,20900,16.32,1,0.65,N,6
40,105900,MORTGAGE,2.4,PERSONAL,10700,8.66,0,0.1,N,6
44,51200,OWN,0.4,PERSONAL,14200,13.49,0,0.28,N,6
42,31200,RENT,1.8,DEBTCONSOLIDATION,8000,14.67,0,0.26,N,6
39,93800,OWN,10.3,VENTURE,5000,10.67,0,0.05,N,2
70,18900,OTHER,0.5,VENTURE,9500,18.35,1,0.5,N,9
52,50400,MORTGAGE,6.3,MEDICAL,22400,15.09,1,0.44,N,10
42,73600,RENT,1.5,EDUCATION,20700,,0,0.28,N,5
47,30800,MORTGAGE,6.8,EDUCATION,9000,12.88,0,0.29,N,12
42,42700,RENT,3.6,DEBTCONSOLIDATION,5100,11.29,1,0.12,N,4
38,37400,OTHER,5.1,VENTURE,22700,20.24,1,0.61,Y,5
31,29200,RENT,,MEDICAL,16700,16.64,1,0.57,Y,4
48,56500,MORTGAGE,0.9,DEBTCONSOLIDATION,5900,10.45,0,0.1,N,5
44,86500,RENT,0.3,EDUCATION,19000,10.72,0,0.22,N,7
55,163100,RENT,8.7,VENTURE,14400,,0,0.09,Y,6
39,82400,OWN,6.2,DEBTCONSOLIDATION,7100,11.69,0,0.09,N,6
55,46700,MORTGAGE,1.7,EDUCATION,3400,9.23,0,0.07,N,9
57,100000,RENT,9.1,EDUCATION,23100,13.86,0,0.23,N,3
33,29100,OWN,9.0,EDUCATION,9900,17.61,0,0.34,N,5
53,40300,MORTGAGE,0.7,HOMEIMPROVEMENT,15000,13.67,1,0.37,N,4
51,91500,OWN,6.3,PERSONAL,7400,,0,0.08,N,7
43,37700,MORTGAGE,1.7,EDUCATION,18100,16.7,1,0.48,N,8
55,55900,OWN,3.1,PERSONAL,4800,8.65,0,0.09,N,6
53,36800,MORTGAGE,2.8,MEDICAL,23000,18.6,0,0.62,Y,12
45,48100,OWN,4.6,EDUCATION,15400,12.47,0,0.32,N,14
33,52200,RENT,2.1,HOMEIMPROVEMENT,6200,9.21,0,0.12,Y,9
42,70200,MORTGAGE,0.4,EDUCATION,15200,11.04,0,0.22,N,8
54,59300,MORTGAGE,5.6,DEBTCONSOLIDATION,12300,13.19,0,0.21,N,2
47,80300,MORTGAGE,16.2,DEBTCONSOLIDATION,9700,9.43,0,0.12,N,3
40,67200,MORTGAGE,5.5,VENTURE,18000,12.67,0,0.27,N,11
44,48500,OWN,3.9,HOMEIMPROVEMENT,22000,13.07,0,0.45,N,8
45,38800,MORTGAGE,0.9,EDUCATION,6600,,0,0.17,N,11
37,32800,RENT,4.9,HOMEIMPROVEMENT,9700,12.8,0,0.3,N,2
40,12100,RENT,4.7,EDUCATION,7600,21.72,1,0.63,Y,4
69,50900,RENT,4.8,VENTURE,13000,14.33,0,0.26,N,14
28,28900,MORTGAGE,10.0,DEBTCONSOLIDATION,2000,10.25,0,0.07,Y,8
44,33500,RENT,6.3,VENTURE,18600,16.74,1,0.56,Y,3
54,45900,RENT,7.6,VENTURE,4400,7.55,0,0.1,Y,8
44,40700,RENT,1.9,EDUCATION,8100,7.98,0,0.2,N,5
39,73200,MORTGAGE,1.6,HOMEIMPROVEMENT,23500,15.07,0,0.32,N,2
41,49400,RENT,1.2,EDUCATION,22300,,1,0.45,Y,10
64,132600,RENT,7.5,DEBTCONSOLIDATION,16600,13.62,0,0.13,N,5
50,181100,MORTGAGE,6.0,HOMEIMPROVEMENT,19100,12.22,0,0.11,N,14
49,45800,RENT,2.1,MEDICAL,15200,13.43,1,0.33,N,6
43,34000,RENT,0.8,PERSONAL,11800,15.31,0,0.35,N,4
46,20500,RENT,9.4,EDUCATION,9100,17.56,1,0.44,Y,4
36,148000,MORTGAGE,2.4,PERSONAL,26000,9.9,0,0.18,Y,5
65,36400,RENT,1.1,VENTURE,25500,21.18,1,0.7,Y,4
70,40200,OWN,0.8,EDUCATION,25400,22.6,0,0.63,N,3
51,36900,RENT,12.6,DEBTCONSOLIDATION,26200,16.97,0,0.71,N,6
44,45300,OWN,0.7,PERSONAL,20600,13.52,0,0.45,N,10
45,41700,MORTGAGE,2.2,EDUCATION,25400,18.46,1,0.61,Y,13
49,85400,MORTGAGE,5.0,VENTURE,24300,13.34,0,0.28,N,6
36,12000,RENT,2.6,MEDICAL,9500,13.7,1,0.79,N,11
41,48900,MORTGAGE,3.2,PERSONAL,23300,15.48,1,0.48,N,4
36,80400,MORTGAGE,8.1,PERSONAL,15300,9.11,0,0.19,N,8
51,37100,MORTGAGE,33.0,EDUCATION,14400,16.71,0,0.39,N,11
34,74900,MORTGAGE,3.1,MEDICAL,6800,,0,0.09,N,13
37,56900,RENT,2.4,PERSONAL,23500,15.56,1,0.41,Y,2
52,36500,RENT,2.6,PERSONAL,10400,15.12,1,0.28,Y,8
46,20000,RENT,2.3,MEDICAL,8600,17.42,1,0.43,Y,4
62,67800,OWN,3.2,VENTURE,22700,18.1,0,0.33,N,13
41,64500,MORTGAGE,2.0,VENTURE,3700,10.68,0,0.06,N,2
43,36000,RENT,3.1,EDUCATION,8400,11.98,0,0.23,N,4
59,82300,RENT,14.5,PERSONAL,13800,11.98,0,0.17,N,12
55,41500,MORTGAGE,1.7,MEDICAL,25100,16.5,0,0.6,N,5
52,95700,RENT,5.3,VENTURE,12600,11.92,1,0.13,N,4
38,64000,MORTGAGE,3.3,EDUCATION,7800,8.53,0,0.12,N,7
39,122300,RENT,6.6,VENTURE,13800,11.68,0,0.11,N,3
43,66100,RENT,3.2,DEBTCONSOLIDATION,16900,12.85,0,0.26,N,14
43,55000,MORTGAGE,0.9,VENTURE,24400,12.4,0,0.44,N,7
24,19200,RENT,6.0,VENTURE,21900,22.41,1,1.14,Y,4
38,55800,RENT,5.6,PERSONAL,21000,12.93,0,0.38,N,16
41,47500,MORTGAGE,3.7,EDUCATION,13800,10.68,1,0.29,N,5
44,131700,RENT,8.9,EDUCATION,26000,12.42,0,0.2,N,6
55,60900,MORTGAGE,18.7,DEBTCONSOLIDATION,24600,17.03,0,0.4,N,2
58,83300,MORTGAGE,2.6,DEBTCONSOLIDATION,20500,15.7,0,0.25,N,3
50,117300,RENT,2.2,VENTURE,21500,12.06,0,0.18,N,5
33,113200,RENT,7.0,EDUCATION,25900,11.75,0,0.23,N,8
56,51600,MORTGAGE,3.0,DEBTCONSOLIDATION,10900,12.13,0,0.21,N,3
50,174700,MORTGAGE,0.4,EDUCATION,28600,10.22,0,0.16,N,2
53,41000,MORTGAGE,2.2,DEBTCONSOLIDATION,7000,12.19,0,0.17,N,4
39,112600,RENT,8.3,MEDICAL,24600,10.06,0,0.22,N,2
60,35900,MORTGAGE,6.1,EDUCATION,8900,11.52,0,0.25,N,8
42,86900,RENT,9.9,DEBTCONSOLIDATION,15200,12.05,0,0.17,N,8
38,31900,MORTGAGE,0.8,VENTURE,15600,,1,0.49,N,3
51,76100,MORTGAGE,1.4,MEDICAL,27500,15.03,0,0.36,N,6
44,33900,MORTGAGE,1.2,VENTURE,9600,13.95,0,0.28,N,2
50,30600,MORTGAGE,17.8,DEBTCONSOLIDATION,12400,14.41,0,0.41,N,2
41,31800,RENT,0.9,EDUCATION,7300,10.07,0,0.23,N,5
36,71200,RENT,4.6,EDUCATION,14900,12.23,1,0.21,N,7
41,71100,RENT,5.0,PERSONAL,11800,10.82,0,0.17,Y,12
34,70900,MORTGAGE,4.8,PERSONAL,12800,10.44,0,0.18,N,3
50,61200,OTHER,5.9,DEBTCONSOLIDATION,5400,10.37,0,0.09,N,5
28,41500,MORTGAGE,3.3,MEDICAL,22900,20.0,1,0.55,Y,6
55,36400,RENT,0.4,VENTURE,11100,13.3,0,0.3,Y,3
35,30700,MORTGAGE,6.0,EDUCATION,17100,20.26,1,0.56,Y,3
54,29700,RENT,1.7,DEBTCONSOLIDATION,17000,17.02,1,0.57,Y,3
49,105600,RENT,0.4,EDUCATION,17100,10.73,0,0.16,N,6
30,30300,RENT,0.9,EDUCATION,9000,15.49,0,0.3,N,10
46,32400,OTHER,1.7,VENTURE,6300,10.81,0,0.19,N,5
34,31300,RENT,2.8,PERSONAL,5400,9.35,0,0.17,N,3
46,26100,RENT,9.9,EDUCATION,15500,16.39,1,0.59,Y,5
39,64100,RENT,3.8,EDUCATION,6100,8.33,0,0.1,Y,13
30,40300,MORTGAGE,3.2,MEDICAL,11900,14.39,0,0.3,N,10
49,49500,RENT,1.1,DEBTCONSOLIDATION,24500,16.8,1,0.49,Y,7
43,50800,MORTGAGE,16.0,PERSONAL,5600,12.45,0,0.11,N,5
44,63500,RENT,12.0,MEDICAL,17400,13.85,0,0.27,N,7
31,57300,RENT,8.5,MEDICAL,12500,13.12,0,0.22,N,2
31,103900,MORTGAGE,2.0,DEBTCONSOLIDATION,23900,13.87,0,0.23,Y,13
42,37500,RENT,4.1,VENTURE,19900,16.41,1,0.53,Y,8
53,39100,MORTGAGE,2.5,EDUCATION,6700,11.0,1,0.17,Y,2
51,51600,MORTGAGE,2.6,EDUCATION,10000,12.99,0,0.19,N,12
48,52000,MORTGAGE,0.4,EDUCATION,17100,,0,0.33,N,6
57,24000,MORTGAGE,0.8,MEDICAL,7800,11.98,0,0.32,N,10
39,22800,MORTGAGE,16.2,PERSONAL,21800,18.66,1,0.96,N,5
49,50100,MORTGAGE,4.7,MEDICAL,9100,8.03,0,0.18,N,10
32,116100,OWN,0.0,HOMEIMPROVEMENT,22800,10.32,0,0.2,N,9
70,122600,RENT,8.3,MEDICAL,9600,8.13,0,0.08,N,3
38,29300,OWN,0.5,EDUCATION,8700,13.06,0,0.3,N,9
48,42800,RENT,6.2,EDUCATION,27800,19.37,1,0.65,Y,2
62,59200,RENT,4.8,VENTURE,17100,12.66,0,0.29,N,15
41,64000,MORTGAGE,0.3,HOMEIMPROVEMENT,14800,10.98,0,0.23,N,2
48,31700,RENT,3.8,DEBTCONSOLIDATION,4600,10.01,0,0.15,N,10
46,138200,RENT,0.2,EDUCATION,9800,6.05,0,0.07,N,6
40,39600,RENT,0.3,PERSONAL,6800,8.12,0,0.17,N,8
39,66400,RENT,0.3,PERSONAL,7600,,0,0.11,N,4
35,45200,RENT,1.5,EDUCATION,9500,14.49,0,0.21,N,9
27,45300,RENT,,MEDICAL,7100,9.04,0,0.16,N,9
42,82100,MORTGAGE,2.3,EDUCATION,25600,,0,0.31,N,5
38,93100,MORTGAGE,5.1,EDUCATION,5800,8.91,0,0.06,N,6
25,78800,MORTGAGE,0.7,VENTURE,23800,11.8,0,0.3,N,7
38,33300,RENT,13.5,VENTURE,13500,11.94,1,0.41,Y,6
50,25800,OWN,3.5,EDUCATION,7500,11.9,1,0.29,N,5
45,234000,RENT,0.1,HOMEIMPROVEMENT,14600,9.94,0,0.06,N,5
54,64100,RENT,3.9,VENTURE,23900,14.75,0,0.37,N,6
40,33100,OWN,1.0,PERSONAL,25100,18.12,1,0.76,Y,7
35,91000,MORTGAGE,1.1,PERSONAL,11100,10.71,0,0.12,N,6
50,32900,OWN,4.6,VENTURE,17900,21.06,0,0.54,N,11
50,160000,RENT,1.3,MEDICAL,5200,7.76,0,0.03,N,7
47,43300,MORTGAGE,,DEBTCONSOLIDATION,14000,16.11,0,0.32,N,8
37,86900,RENT,3.9,MEDICAL,8900,9.36,0,0.1,N,5
44,52900,MORTGAGE,1.3,HOMEIMPROVEMENT,10100,9.6,0,0.19,N,7
35,23400,RENT,0.6,EDUCATION,13200,,1,0.56,Y,7
38,31500,RENT,2.6,EDUCATION,26300,21.09,1,0.83,Y,7
56,35500,RENT,0.3,PERSONAL,22500,18.31,1,0.63,Y,5
40,37200,MORTGAGE,11.8,VENTURE,11600,14.52,0,0.31,N,5
53,60100,RENT,3.0,PERSONAL,13500,6.91,0,0.22,N,5
47,14200,OWN,0.1,PERSONAL,24500,18.88,1,1.73,Y,3
62,60300,MORTGAGE,1.3,VENTURE,5700,9.54,0,0.09,N,7
32,18300,MORTGAGE,14.0,EDUCATION,20900,17.8,0,1.14,N,11
47,66000,MORTGAGE,,DEBTCONSOLIDATION,7800,12.82,0,0.12,N,5
46,34900,MORTGAGE,2.2,VENTURE,9800,10.34,1,0.28,Y,6
32,58300,MORTGAGE,1.9,EDUCATION,8700,8.43,0,0.15,N,5
38,26000,OWN,2.7,EDUCATION,15100,18.75,0,0.58,N,10
42,38300,OWN,1.2,PERSONAL,8900,13.92,0,0.23,N,9
68,17600,RENT,6.9,EDUCATION,13100,19.84,1,0.74,Y,14
39,27300,RENT,3.5,DEBTCONSOLIDATION,3700,11.05,1,0.14,N,9
35,117100,MORTGAGE,7.0,DEBTCONSOLIDATION,10400,10.57,0,0.09,N,3
33,118800,RENT,1.5,MEDICAL,19000,10.06,0,0.16,N,10
32,27300,RENT,0.0,DEBTCONSOLIDATION,12600,16.94,0,0.46,N,6
68,45000,MORTGAGE,16.9,DEBTCONSOLIDATION,22500,20.56,0,0.5,N,5
45,69700,MORTGAGE,3.6,DEBTCONSOLIDATION,13100,13.18,0,0.19,N,10
36,56600,MORTGAGE,0.4,MEDICAL,24500,14.84,0,0.43,N,6
58,39500,OWN,0.5,PERSONAL,11900,13.79,0,0.3,N,7
64,23000,MORTGAGE,2.9,VENTURE,11200,20.92,0,0.49,N,2
36,87800,RENT,,VENTURE,9400,8.17,0,0.11,N,4
40,41000,RENT,2.5,MEDICAL,13200,10.9,0,0.32,N,7
55,21900,RENT,8.6,EDUCATION,22800,17.33,1,1.04,Y,14
50,52800,RENT,2.0,EDUCATION,19100,12.2,0,0.36,N,17
42,44800,RENT,0.2,PERSONAL,7900,11.42,0,0.18,N,6
56,41000,RENT,0.0,HOMEIMPROVEMENT,26900,17.47,1,0.66,N,4
32,58100,MORTGAGE,9.8,EDUCATION,12900,10.61,0,0.22,N,5
26,48200,MORTGAGE,8.0,VENTURE,8800,8.47,0,0.18,Y,8
35,100400,MORTGAGE,0.7,MEDICAL,27700,16.23,0,0.28,N,9
38,32800,OWN,0.3,VENTURE,12800,15.01,0,0.39,N,8
37,35500,RENT,12.3,EDUCATION,7900,13.5,0,0.22,N,7
29,82800,MORTGAGE,0.5,PERSONAL,22500,12.01,0,0.27,N,8
40,213700,RENT,1.3,VENTURE,14000,11.09,0,0.07,N,12
49,196100,MORTGAGE,8.1,MEDICAL,8300,8.5,0,0.04,N,4
52,81000,RENT,31.0,PERSONAL,18200,12.86,0,0.22,N,12
51,44700,RENT,,VENTURE,31000,22.16,0,0.69,N,7
55,40400,RENT,1.2,MEDICAL,5800,6.95,0,0.14,N,19
48,43800,MORTGAGE,9.4,VENTURE,12600,12.43,0,0.29,N,5
39,20800,RENT,2.5,HOMEIMPROVEMENT,14300,19.82,1,0.69,Y,4
31,78900,OWN,1.6,EDUCATION,17700,13.81,0,0.22,N,6
31,112100,RENT,3.4,HOMEIMPROVEMENT,8900,8.72,0,0.08,N,13
45,50300,RENT,9.7,EDUCATION,8100,8.96,0,0.16,N,3
36,171300,RENT,1.3,EDUCATION,19900,9.69,0,0.12,N,4
44,242600,RENT,2.8,HOMEIMPROVEMENT,17900,9.15,0,0.07,N,2
34,88200,MORTGAGE,2.9,DEBTCONSOLIDATION,9200,10.42,0,0.1,N,4
57,37500,MORTGAGE,8.9,MEDICAL,4900,12.25,0,0.13,N,2
41,33800,RENT,5.6,MEDICAL,21700,17.23,1,0.64,N,3
41,82900,RENT,7.6,MEDICAL,18200,12.28,0,0.22,N,2
42,96700,RENT,5.9,EDUCATION,24700,10.22,0,0.26,N,5
25,37700,RENT,4.5,EDUCATION,5300,8.76,0,0.14,N,7
56,28600,RENT,0.7,EDUCATION,13700,14.81,1,0.48,N,6
35,21100,MORTGAGE,8.9,VENTURE,7600,14.04,0,0.36,N,4
42,30500,RENT,4.7,VENTURE,18000,20.32,1,0.59,Y,8
44,43000,MORTGAGE,6.0,PERSONAL,9200,9.44,0,0.21,N,6
37,98700,MORTGAGE,7.5,EDUCATION,9500,10.84,0,0.1,N,9
49,39500,RENT,1.9,VENTURE,19100,16.62,1,0.48,N,17
54,12000,RENT,2.9,HOMEIMPROVEMENT,22600,20.4,1,1.88,Y,7
31,37800,OWN,3.9,DEBTCONSOLIDATION,26100,20.29,1,0.69,N,7
50,45100,RENT,2.1,VENTURE,5600,11.9,0,0.12,N,5
30,44600,MORTGAGE,1.5,EDUCATION,21900,17.63,1,0.49,Y,6
37,13100,MORTGAGE,7.5,EDUCATION,30000,17.97,1,2.29,Y,5
39,44900,MORTGAGE,7.0,VENTURE,4800,13.57,0,0.11,N,3
39,112000,MORTGAGE,8.9,VENTURE,26200,11.53,0,0.23,N,4
56,41900,RENT,6.0,HOMEIMPROVEMENT,28600,17.96,1,0.68,Y,4
40,37400,RENT,1.9,DEBTCONSOLIDATION,8200,12.71,0,0.22,N,10
40,35400,OWN,2.0,MEDICAL,10300,13.61,0,0.29,N,4
34,58900,MORTGAGE,3.8,MEDICAL,10100,8.18,0,0.17,N,5
46,23400,MORTGAGE,9.0,EDUCATION,28300,,1,1.21,N,6
42,29000,RENT,2.1,EDUCATION,3100,9.99,0,0.11,N,5
48,100400,RENT,7.3,VENTURE,15200,13.15,0,0.15,N,3
34,78400,MORTGAGE,1.8,EDUCATION,15700,,0,0.2,N,8
62,40200,RENT,2.1,EDUCATION,17500,16.51,1,0.44,N,14
51,70800,MORTGAGE,7.0,HOMEIMPROVEMENT,8800,9.6,0,0.12,Y,3
70,32700,RENT,5.7,PERSONAL,13400,15.5,0,0.41,N,6
44,32400,MORTGAGE,1.2,VENTURE,12200,16.83,0,0.38,N,6
53,32100,RENT,8.8,DEBTCONSOLIDATION,12100,14.76,1,0.38,N,4
63,22800,MORTGAGE,7.7,EDUCATION,10700,16.01,0,0.47,Y,11
46,51400,RENT,8.0,MEDICAL,27900,14.89,1,0.54,N,4
42,161900,MORTGAGE,3.2,MEDICAL,17400,7.65,0,0.11,N,2
40,18100,MORTGAGE,2.0,HOMEIMPROVEMENT,20400,18.81,0,1.13,N,7
41,136900,RENT,9.5,DEBTCONSOLIDATION,10500,11.8,0,0.08,N,3
45,12200,RENT,4.4,VENTURE,1500,11.28,0,0.12,N,6
42,71300,RENT,13.4,MEDICAL,28500,14.88,0,0.4,N,3
50,19500,MORTGAGE,1.5,HOMEIMPROVEMENT,24500,20.56,1,1.26,Y,3
58,71800,RENT,18.6,EDUCATION,13100,10.69,0,0.18,N,10
35,34600,RENT,2.4,MEDICAL,11700,13.42,1,0.34,N,3
35,80400,RENT,2.4,PERSONAL,12800,11.26,0,0.16,N,10
40,34800,RENT,1.4,PERSONAL,9600,12.63,0,0.28,N,13
31,71100,RENT,13.0,VENTURE,16500,9.03,0,0.23,N,7
61,48100,RENT,0.2,HOMEIMPROVEMENT,30200,17.47,1,0.63,Y,9
55,105300,RENT,3.2,MEDICAL,5300,8.2,0,0.05,N,4
42,48700,RENT,2.3,VENTURE,21400,17.84,0,0.44,N,5
43,60700,MORTGAGE,0.9,DEBTCONSOLIDATION,5000,10.26,0,0.08,N,4
47,55900,RENT,6.2,EDUCATION,23800,15.69,1,0.43,Y,7
37,87600,RENT,11.4,DEBTCONSOLIDATION,7300,11.64,0,0.08,Y,2
41,90400,MORTGAGE,1.4,PERSONAL,13900,11.06,0,0.15,N,5
38,55300,MORTGAGE,3.4,MEDICAL,14200,,0,0.26,N,4
44,20800,RENT,4.3,PERSONAL,16900,20.37,1,0.81,N,7
44,31600,MORTGAGE,2.5,HOMEIMPROVEMENT,16300,17.67,1,0.52,N,6
42,83200,OWN,12.7,HOMEIMPROVEMENT,18800,10.56,0,0.23,N,9
53,23100,OWN,3.1,MEDICAL,23400,18.49,1,1.01,Y,4
42,36100,MORTGAGE,20.3,DEBTCONSOLIDATION,4100,11.72,0,0.11,N,4
43,38600,RENT,1.7,EDUCATION,19800,16.41,1,0.51,Y,12
33,47500,RENT,0.4,EDUCATION,4700,9.06,0,0.1,N,5
50,43900,RENT,4.3,VENTURE,21500,20.61,1,0.49,N,5
45,55100,RENT,8.7,VENTURE,21500,15.46,1,0.39,N,4
51,30000,OWN,2.5,VENTURE,8200,12.33,0,0.27,N,12
37,33500,RENT,1.0,EDUCATION,8500,11.72,0,0.25,N,6
35,143400,MORTGAGE,6.7,VENTURE,5600,11.89,0,0.04,N,4
41,116800,RENT,1.6,EDUCATION,9100,7.21,0,0.08,N,2
30,71600,RENT,7.3,MEDICAL,14000,11.33,0,0.2,N,12
62,75700,OTHER,1.5,MEDICAL,11800,8.76,0,0.16,N,3
41,62400,RENT,4.1,EDUCATION,8800,12.99,0,0.14,N,10
28,52100,RENT,10.0,VENTURE,16700,16.3,0,0.32,N,5
39,33200,MORTGAGE,1.1,PERSONAL,14500,16.47,0,0.44,Y,2
42,119000,MORTGAGE,8.6,DEBTCONSOLIDATION,6800,9.7,0,0.06,N,2
58,149800,RENT,1.5,VENTURE,10500,9.19,0,0.07,N,6
44,39500,MORTGAGE,5.4,EDUCATION,27800,18.24,1,0.7,Y,9
33,98000,RENT,1.4,EDUCATION,18000,8.13,0,0.18,N,10
47,42100,RENT,0.6,VENTURE,28400,17.61,1,0.67,Y,2
44,34500,RENT,5.5,MEDICAL,13100,,1,0.38,Y,6
42,41900,MORTGAGE,4.5,MEDICAL,3400,11.62,0,0.08,N,10
40,43200,RENT,2.6,VENTURE,21400,15.01,1,0.5,Y,15
53,73900,MORTGAGE,0.2,VENTURE,6100,8.57,0,0.08,N,8
44,41500,MORTGAGE,3.2,EDUCATION,27900,17.38,0,0.67,Y,11
43,84900,OWN,0.8,MEDICAL,10200,9.79,0,0.12,N,5
55,35500,MORTGAGE,2.2,PERSONAL,17600,18.57,1,0.5,Y,8
51,51300,RENT,4.4,MEDICAL,23300,16.35,1,0.45,Y,5
47,28400,RENT,14.0,VENTURE,13100,17.13,1,0.46,Y,2
38,25900,MORTGAGE,3.6,PERSONAL,12600,17.47,0,0.49,N,2
41,64900,RENT,1.1,EDUCATION,8100,8.7,0,0.12,N,5
43,56300,MORTGAGE,14.6,DEBTCONSOLIDATION,19500,16.43,0,0.35,N,9
34,41100,RENT,0.1,MEDICAL,10800,8.89,0,0.26,N,8
39,31800,MORTGAGE,5.1,PERSONAL,16900,17.26,1,0.53,N,5
44,28000,OWN,1.5,MEDICAL,9200,14.71,1,0.33,Y,9
49,64500,RENT,7.1,PERSONAL,19800,11.79,0,0.31,Y,2
48,36300,MORTGAGE,2.0,MEDICAL,18600,14.76,0,0.51,Y,6
32,130300,RENT,2.8,PERSONAL,2500,8.19,0,0.02,N,6
40,58600,RENT,7.4,EDUCATION,6300,,0,0.11,Y,2
37,71100,RENT,11.4,MEDICAL,5700,11.6,0,0.08,N,10
31,115600,RENT,1.0,VENTURE,4100,,0,0.04,N,6
42,33800,MORTGAGE,1.8,PERSONAL,5000,,0,0.15,N,4
39,68200,MORTGAGE,0.0,EDUCATION,10600,13.39,0,0.16,N,2
44,70200,RENT,9.7,MEDICAL,20600,13.68,0,0.29,Y,6
49,40100,RENT,14.7,EDUCATION,14700,13.87,0,0.37,N,2
47,22900,RENT,1.6,DEBTCONSOLIDATION,6400,16.08,0,0.28,N,4
64,16300,OWN,2.4,HOMEIMPROVEMENT,4800,6.87,0,0.29,Y,7
45,32400,MORTGAGE,,MEDICAL,6300,12.28,0,0.19,N,3
58,98400,MORTGAGE,2.6,VENTURE,11500,9.7,0,0.12,N,4
35,34700,MORTGAGE,2.5,VENTURE,10200,15.14,0,0.29,N,5
47,90400,RENT,3.2,EDUCATION,19000,11.36,0,0.21,N,6
38,35000,MORTGAGE,0.8,PERSONAL,16800,17.27,1,0.48,N,6
41,54600,RENT,0.3,VENTURE,24600,,1,0.45,N,2
51,71300,RENT,6.4,VENTURE,28200,16.12,0,0.4,N,3
41,94000,RENT,9.4,EDUCATION,1600,9.33,0,0.02,N,3
54,41400,MORTGAGE,8.3,EDUCATION,8900,11.38,0,0.21,N,10
38,37500,MORTGAGE,,HOMEIMPROVEMENT,5600,8.61,0,0.15,N,7
35,17900,RENT,17.0,HOMEIMPROVEMENT,10200,17.56,1,0.57,N,5
45,42100,MORTGAGE,0.0,EDUCATION,16100,17.18,0,0.38,Y,4
46,250000,MORTGAGE,1.9,VENTURE,9500,6.35,0,0.04,N,7
41,47300,MORTGAGE,1.9,EDUCATION,8200,6.95,0,0.17,N,7
49,24400,MORTGAGE,2.2,DEBTCONSOLIDATION,11700,16.46,0,0.48,Y,12
30,49100,RENT,8.0,EDUCATION,3200,9.69,0,0.07,N,10
36,80100,OWN,2.2,VENTURE,30100,13.79,0,0.38,N,6
47,38400,RENT,3.7,VENTURE,29600,20.08,1,0.77,Y,14
42,29300,RENT,4.8,EDUCATION,7000,12.16,0,0.24,N,3
38,215800,MORTGAGE,9.3,VENTURE,8200,7.13,0,0.04,N,4
45,66500,RENT,4.8,HOMEIMPROVEMENT,15400,11.78,1,0.23,N,4
53,125800,MORTGAGE,2.4,EDUCATION,10300,9.34,0,0.08,N,7
47,43500,RENT,5.9,PERSONAL,2800,7.18,0,0.06,N,4
51,143700,MORTGAGE,3.6,MEDICAL,4800,8.36,0,0.03,N,4
47,89200,RENT,3.8,MEDICAL,18000,11.45,0,0.2,Y,12
56,71800,MORTGAGE,2.0,VENTURE,8600,10.56,0,0.12,N,8
39,27600,RENT,0.0,HOMEIMPROVEMENT,14800,14.4,1,0.54,N,4
53,36100,MORTGAGE,,EDUCATION,9700,12.91,0,0.27,N,7
32,69400,RENT,1.8,HOMEIMPROVEMENT,14500,12.48,1,0.21,Y,4
34,44800,RENT,0.5,EDUCATION,34000,21.92,1,0.76,N,8
49,66500,RENT,1.1,HOMEIMPROVEMENT,18500,14.19,0,0.28,N,7
34,41700,OWN,16.0,EDUCATION,11000,11.53,0,0.26,N,2
41,68300,MORTGAGE,1.6,EDUCATION,29500,13.35,1,0.43,Y,3
56,37800,RENT,3.7,HOMEIMPROVEMENT,4100,8.56,0,0.11,N,3
35,69400,OWN,4.0,MEDICAL,7800,8.6,0,0.11,N,9
52,31100,OWN,4.1,EDUCATION,13900,14.77,0,0.45,N,5
40,44900,MORTGAGE,0.2,DEBTCONSOLIDATION,10000,10.85,0,0.22,N,2
35,48100,RENT,7.4,DEBTCONSOLIDATION,19300,17.49,0,0.4,Y,9
43,33000,RENT,6.6,PERSONAL,4100,8.94,0,0.12,N,11
55,38100,RENT,18.9,HOMEIMPROVEMENT,9700,11.36,0,0.25,N,8
34,63200,RENT,1.0,MEDICAL,23700,13.07,0,0.38,N,3
34,80000,OWN,4.0,PERSONAL,12000,,0,0.15,N,7
49,62200,RENT,8.1,PERSONAL,8400,11.52,0,0.14,N,5
39,71600,MORTGAGE,0.7,HOMEIMPROVEMENT,14400,13.52,0,0.2,N,14
64,56800,OWN,7.8,DEBTCONSOLIDATION,11300,12.92,0,0.2,N,8
46,37000,MORTGAGE,1.6,EDUCATION,9800,7.83,0,0.26,N,4
53,21000,MORTGAGE,1.6,MEDICAL,23400,19.04,1,1.11,N,2
46,40500,MORTGAGE,14.6,VENTURE,23500,18.05,1,0.58,N,5
34,50700,MORTGAGE,1.9,DEBTCONSOLIDATION,12300,12.68,0,0.24,N,3
36,38400,RENT,4.4,MEDICAL,16300,18.39,1,0.42,N,11
37,127300,MORTGAGE,2.9,EDUCATION,19200,12.08,0,0.15,N,7
48,63100,MORTGAGE,0.4,EDUCATION,18800,12.05,0,0.3,N,2
43,51500,RENT,15.0,MEDICAL,10700,14.27,0,0.21,N,4
31,73200,MORTGAGE,1.2,EDUCATION,17700,11.5,0,0.24,N,4
50,164800,RENT,1.6,EDUCATION,26500,6.8,0,0.16,N,5
67,46400,MORTGAGE,2.4,MEDICAL,4900,7.1,0,0.11,N,6
35,31900,MORTGAGE,3.5,PERSONAL,5500,8.47,0,0.17,N,9
36,64700,MORTGAGE,0.8,PERSONAL,23600,14.17,0,0.36,Y,5
38,28800,MORTGAGE,5.0,VENTURE,16300,14.16,0,0.57,N,7
42,32100,RENT,3.6,MEDICAL,3700,8.98,0,0.12,N,6
36,118600,MORTGAGE,1.8,EDUCATION,20600,,0,0.17,N,5
55,110500,MORTGAGE,5.9,MEDICAL,6400,8.64,0,0.06,N,4
60,77500,RENT,3.6,PERSONAL,23100,12.7,0,0.3,N,5
44,67100,RENT,9.2,VENTURE,13600,,0,0.2,N,6
43,27700,MORTGAGE,9.7,MEDICAL,10000,10.54,0,0.36,N,6
31,34700,MORTGAGE,13.0,EDUCATION,16600,14.82,1,0.48,Y,11
35,112200,MORTGAGE,0.3,EDUCATION,7900,9.67,0,0.07,N,8
29,41000,RENT,2.6,DEBTCONSOLIDATION,14800,17.95,1,0.36,N,4
38,34900,MORTGAGE,3.5,DEBTCONSOLIDATION,13800,16.13,1,0.4,Y,12
40,48800,MORTGAGE,1.3,MEDICAL,9100,12.47,0,0.19,N,5
49,74400,RENT,12.8,PERSONAL,17900,14.29,0,0.24,N,9
44,48300,RENT,0.5,EDUCATION,11000,11.74,0,0.23,N,6
37,49100,RENT,2.8,DEBTCONSOLIDATION,23500,20.22,1,0.48,Y,12
49,16400,RENT,1.0,DEBTCONSOLIDATION,5800,17.04,1,0.35,Y,3
70,52100,MORTGAGE,5.7,EDUCATION,20700,15.56,1,0.4,Y,2
50,93800,RENT,6.1,PERSONAL,12700,13.86,0,0.14,N,4
39,52200,RENT,10.3,VENTURE,10300,14.08,0,0.2,N,6
45,169100,MORTGAGE,2.6,PERSONAL,27600,11.55,0,0.16,N,6
35,36400,RENT,7.5,VENTURE,8400,12.97,0,0.23,N,4
35,41400,RENT,4.0,EDUCATION,12400,11.32,0,0.3,N,2
61,37500,MORTGAGE,8.4,DEBTCONSOLIDATION,13200,15.13,0,0.35,N,5
45,36900,MORTGAGE,0.4,EDUCATION,10100,12.43,0,0.27,N,9
53,72800,MORTGAGE,3.1,MEDICAL,5900,7.51,0,0.08,N,2
41,46600,MORTGAGE,0.8,HOMEIMPROVEMENT,25800,16.78,1,0.55,N,6
35,157800,MORTGAGE,7.8,MEDICAL,25300,11.3,0,0.16,N,7
34,62100,MORTGAGE,0.8,DEBTCONSOLIDATION,16900,15.15,1,0.27,N,11
36,33500,MORTGAGE,0.0,EDUCATION,10600,12.52,0,0.32,N,6
47,31400,MORTGAGE,13.3,DEBTCONSOLIDATION,16900,17.04,1,0.54,Y,10
32,135500,MORTGAGE,3.3,VENTURE,29400,13.21,0,0.22,N,6
43,61200,OTHER,21.1,VENTURE,24800,17.47,0,0.41,N,9
48,111100,RENT,3.0,HOMEIMPROVEMENT,7700,6.19,0,0.07,N,4
34,56300,RENT,4.5,DEBTCONSOLIDATION,22300,16.46,0,0.4,N,5
53,54700,MORTGAGE,6.8,MEDICAL,21600,13.87,0,0.39,N,6
70,113200,MORTGAGE,1.6,HOMEIMPROVEMENT,26400,13.6,0,0.23,N,3
52,66500,MORTGAGE,0.7,EDUCATION,4600,17.21,1,0.07,N,18
42,66100,MORTGAGE,5.4,EDUCATION,20600,9.82,0,0.31,N,9
37,43400,RENT,3.6,VENTURE,15000,17.59,1,0.35,Y,6
46,87500,OWN,8.8,PERSONAL,14800,8.8,0,0.17,N,9
45,52000,RENT,0.2,EDUCATION,11000,13.4,1,0.21,N,13
44,39900,OWN,3.9,EDUCATION,21200,17.42,1,0.53,N,11
46,177000,MORTGAGE,1.0,DEBTCONSOLIDATION,12400,10.48,0,0.07,N,2
36,45900,RENT,4.8,HOMEIMPROVEMENT,11200,11.54,0,0.24,N,6
50,35100,MORTGAGE,7.1,PERSONAL,29100,17.3,1,0.83,Y,6
33,101300,RENT,1.5,HOMEIMPROVEMENT,13200,9.76,0,0.13,N,9
33,78700,RENT,3.3,DEBTCONSOLIDATION,21500,13.23,1,0.27,N,6
30,37600,RENT,2.7,MEDICAL,7200,13.93,0,0.19,N,7
48,51900,RENT,7.0,EDUCATION,19800,13.5,0,0.38,N,4
46,78300,MORTGAGE,4.6,DEBTCONSOLIDATION,17900,14.61,0,0.23,N,2
43,60900,RENT,0.6,PERSONAL,14200,11.09,0,0.23,N,5
38,83500,OWN,18.8,DEBTCONSOLIDATION,7100,12.64,0,0.09,N,8
39,54000,RENT,12.2,PERSONAL,6700,5.78,0,0.12,N,3
35,85000,MORTGAGE,4.3,VENTURE,18100,,0,0.21,Y,5
45,45700,OWN,7.5,HOMEIMPROVEMENT,23700,16.0,0,0.52,N,3
29,38000,RENT,0.1,PERSONAL,15400,13.23,0,0.41,N,5
31,96700,RENT,1.1,EDUCATION,13200,13.3,1,0.14,N,7
36,63600,RENT,7.3,PERSONAL,14400,14.25,1,0.23,N,7
44,79000,MORTGAGE,0.6,VENTURE,7500,12.94,0,0.09,N,2
42,106200,MORTGAGE,0.2,EDUCATION,4800,5.42,0,0.05,N,4
56,39500,RENT,4.8,MEDICAL,22700,17.57,0,0.57,Y,9
41,72600,RENT,0.2,VENTURE,23300,13.32,0,0.32,N,10
51,194100,MORTGAGE,1.0,VENTURE,20200,9.4,0,0.1,N,3
44,49600,MORTGAGE,0.4,MEDICAL,20800,11.73,0,0.42,N,4
29,27900,RENT,3.8,PERSONAL,8600,13.69,0,0.31,N,3
35,85100,MORTGAGE,,PERSONAL,6400,11.45,0,0.08,N,8
35,21700,OWN,1.0,PERSONAL,7600,14.3,0,0.35,N,9
37,29600,RENT,3.2,PERSONAL,17100,11.86,0,0.58,N,2
40,54400,RENT,0.1,DEBTCONSOLIDATION,11900,13.0,0,0.22,N,10
53,53300,MORTGAGE,1.5,VENTURE,3100,9.33,0,0.06,N,3
41,60100,MORTGAGE,1.0,EDUCATION,28400,,1,0.47,Y,14
38,182400,OTHER,0.9,MEDICAL,8900,9.28,0,0.05,N,5
51,56800,OWN,1.3,EDUCATION,2100,5.91,0,0.04,N,5
51,39400,RENT,8.2,VENTURE,11700,,0,0.3,N,4
28,38100,MORTGAGE,10.0,HOMEIMPROVEMENT,8600,13.8,0,0.23,N,9
42,42200,MORTGAGE,6.1,DEBTCONSOLIDATION,11400,12.61,0,0.27,N,3
55,27800,RENT,0.4,VENTURE,27600,20.08,1,0.99,Y,11
41,73700,RENT,4.9,PERSONAL,16700,13.78,0,0.23,N,2
35,64000,MORTGAGE,6.6,PERSONAL,17300,13.84,0,0.27,N,10
50,70000,RENT,,VENTURE,24900,17.09,0,0.36,N,8
34,84200,MORTGAGE,1.7,DEBTCONSOLIDATION,6600,10.62,0,0.08,N,5
44,76200,RENT,2.8,MEDICAL,6200,10.12,0,0.08,N,9
41,25300,MORTGAGE,1.9,PERSONAL,23700,20.95,1,0.94,Y,4
31,46400,RENT,3.7,EDUCATION,7600,11.23,0,0.16,N,5
53,47500,MORTGAGE,0.7,EDUCATION,19700,13.78,0,0.41,Y,2
46,115600,RENT,2.9,HOMEIMPROVEMENT,8500,8.06,0,0.07,N,4
57,121300,MORTGAGE,6.6,VENTURE,13500,12.65,0,0.11,N,3
42,42900,RENT,3.1,PERSONAL,11700,,0,0.27,N,11
35,31400,MORTGAGE,1.2,DEBTCONSOLIDATION,6300,11.67,0,0.2,N,6
32,59100,RENT,,HOMEIMPROVEMENT,18000,14.4,1,0.3,N,6
51,45500,MORTGAGE,2.5,EDUCATION,23700,17.44,1,0.52,N,4
35,51700,MORTGAGE,2.8,PERSONAL,6200,7.46,0,0.12,N,7
70,105700,MORTGAGE,2.2,PERSONAL,11200,10.89,0,0.11,N,7
62,62800,MORTGAGE,,VENTURE,3800,7.03,0,0.06,N,5
43,41600,RENT,4.6,EDUCATION,9000,8.91,0,0.22,N,2
40,37700,MORTGAGE,1.0,PERSONAL,9400,10.72,0,0.25,Y,4
37,24600,OWN,7.3,MEDICAL,22300,18.19,1,0.91,Y,12
38,73800,MORTGAGE,3.3,EDUCATION,20200,10.99,0,0.27,N,16
67,63300,OWN,10.8,PERSONAL,22800,14.05,0,0.36,N,20
39,73900,RENT,14.0,EDUCATION,5700,5.42,0,0.08,N,6
47,53700,MORTGAGE,2.4,VENTURE,7000,8.66,0,0.13,N,4
47,30300,MORTGAGE,0.9,MEDICAL,10200,12.78,1,0.34,Y,3
52,55900,MORTGAGE,3.5,DEBTCONSOLIDATION,20000,,1,0.36,N,12
46,101400,MORTGAGE,1.6,HOMEIMPROVEMENT,3600,10.35,0,0.04,N,6
42,55900,RENT,2.8,DEBTCONSOLIDATION,7400,14.33,0,0.13,Y,2
36,133700,MORTGAGE,2.4,MEDICAL,13900,9.7,0,0.1,N,8
47,62200,OWN,,EDUCATION,3600,11.6,0,0.06,N,6
45,159900,RENT,3.5,PERSONAL,6300,5.46,0,0.04,N,7
39,167200,OWN,4.9,DEBTCONSOLIDATION,10500,10.21,0,0.06,N,6
46,33100,RENT,,MEDICAL,9100,13.84,1,0.27,Y,3
42,38000,RENT,1.5,EDUCATION,11200,8.52,0,0.29,N,2
45,42100,RENT,0.9,EDUCATION,20300,16.51,0,0.48,Y,10
49,21200,MORTGAGE,6.2,MEDICAL,8700,14.11,0,0.41,N,3
44,69900,RENT,8.9,VENTURE,16800,13.73,0,0.24,N,5
50,68900,MORTGAGE,6.5,MEDICAL,24700,14.9,0,0.36,Y,12
44,60200,MORTGAGE,18.4,VENTURE,10200,10.68,0,0.17,N,3
52,27600,RENT,0.4,HOMEIMPROVEMENT,4700,8.86,0,0.17,N,4
40,129800,RENT,3.1,EDUCATION,16900,10.25,0,0.13,N,5
35,19300,RENT,11.5,DEBTCONSOLIDATION,19200,19.48,1,0.99,Y,12
45,26200,MORTGAGE,1.9,VENTURE,13500,,1,0.52,Y,6
60,88200,RENT,8.1,PERSONAL,12500,8.84,0,0.14,N,6
51,64500,RENT,4.1,HOMEIMPROVEMENT,20000,12.53,1,0.31,Y,12
60,38600,OWN,19.2,VENTURE,12300,13.94,0,0.32,N,2
39,55800,MORTGAGE,2.3,EDUCATION,2100,9.28,0,0.04,N,3
42,58200,MORTGAGE,2.7,DEBTCONSOLIDATION,25100,,1,0.43,N,2
35,103500,MORTGAGE,,MEDICAL,9300,10.98,0,0.09,N,10
34,27800,RENT,,DEBTCONSOLIDATION,16400,19.44,1,0.59,N,10
58,63600,MORTGAGE,9.9,EDUCATION,15200,10.73,0,0.24,N,2
56,98100,OWN,2.6,EDUCATION,14300,7.93,0,0.15,N,5
48,31300,MORTGAGE,4.8,HOMEIMPROVEMENT,9200,12.22,0,0.29,Y,12
39,52700,RENT,,DEBTCONSOLIDATION,19800,15.53,0,0.38,N,5
49,52400,RENT,2.9,EDUCATION,9200,12.62,1,0.18,Y,7
55,22300,OWN,15.4,PERSONAL,27700,22.34,1,1.24,N,11
61,63600,RENT,13.9,EDUCATION,15300,13.82,0,0.24,N,16
32,65700,MORTGAGE,5.7,EDUCATION,20700,12.95,1,0.32,N,4
40,123400,RENT,22.0,EDUCATION,20000,5.42,0,0.16,N,7
39,53500,MORTGAGE,0.0,EDUCATION,29700,16.89,1,0.56,N,2
41,68900,RENT,0.0,VENTURE,14700,,0,0.21,N,4
47,121700,MORTGAGE,0.3,MEDICAL,4900,8.51,0,0.04,N,4
30,38100,RENT,12.0,VENTURE,5900,12.61,0,0.15,N,2
39,28300,RENT,4.6,PERSONAL,11200,13.76,0,0.4,N,6
39,57900,MORTGAGE,,VENTURE,11200,12.28,0,0.19,N,5
44,48600,RENT,0.7,MEDICAL,8700,10.33,0,0.18,N,7
45,51500,RENT,0.2,EDUCATION,26900,18.98,1,0.52,Y,11
41,42900,RENT,3.9,PERSONAL,13400,14.03,0,0.31,N,4
65,34100,RENT,1.0,MEDICAL,25700,19.6,1,0.75,Y,4
42,90600,OWN,9.8,MEDICAL,4900,7.59,0,0.05,N,2
47,53600,RENT,2.7,PERSONAL,11000,11.11,0,0.21,N,5
49,186300,MORTGAGE,7.4,VENTURE,11200,12.77,0,0.06,N,12
36,30600,RENT,3.6,EDUCATION,4200,10.1,0,0.14,N,7
36,163300,RENT,3.8,PERSONAL,17300,7.47,0,0.11,N,9
49,63600,MORTGAGE,5.7,DEBTCONSOLIDATION,7200,13.56,0,0.11,N,3
56,54700,RENT,2.0,HOMEIMPROVEMENT,11000,13.6,0,0.2,N,5
61,29600,MORTGAGE,14.9,VENTURE,30900,18.74,1,1.04,Y,3
36,37600,RENT,2.6,EDUCATION,27100,20.19,1,0.72,N,5
53,108300,MORTGAGE,2.5,VENTURE,9400,10.76,0,0.09,N,13
43,12500,MORTGAGE,6.1,EDUCATION,10400,15.85,1,0.83,Y,2
56,20200,OWN,,HOMEIMPROVEMENT,14800,19.74,1,0.73,Y,3
46,22300,MORTGAGE,27.3,EDUCATION,9900,,0,0.44,N,9
48,103200,MORTGAGE,9.5,HOMEIMPROVEMENT,19400,12.13,0,0.19,N,12
58,78800,RENT,1.7,HOMEIMPROVEMENT,15400,13.0,0,0.2,N,8
60,31000,MORTGAGE,0.5,PERSONAL,13400,16.8,0,0.43,N,9
44,41800,OWN,0.6,EDUCATION,28900,15.99,1,0.69,N,6
32,58200,RENT,2.2,VENTURE,8700,13.52,0,0.15,N,2
37,94900,MORTGAGE,3.2,MEDICAL,23800,9.58,0,0.25,N,12
67,31000,MORTGAGE,5.1,DEBTCONSOLIDATION,19500,19.39,1,0.63,N,10
49,58300,MORTGAGE,9.8,MEDICAL,8400,9.36,0,0.14,N,5
36,44800,MORTGAGE,18.0,VENTURE,8100,14.73,0,0.18,N,5
38,51200,RENT,2.6,VENTURE,15700,14.04,0,0.31,N,9
54,33100,MORTGAGE,3.9,EDUCATION,5700,,0,0.17,Y,3
64,60800,RENT,4.6,VENTURE,13600,11.9,0,0.22,N,2
43,35200,MORTGAGE,4.1,MEDICAL,10800,13.3,0,0.31,N,7
56,57100,RENT,0.5,VENTURE,23500,16.33,1,0.41,Y,2
53,127900,OWN,0.6,EDUCATION,16100,10.27,0,0.13,N,2
46,96200,MORTGAGE,11.0,MEDICAL,17200,13.17,0,0.18,N,9
50,116400,MORTGAGE,5.6,VENTURE,10600,9.23,0,0.09,N,6
46,64500,RENT,5.7,VENTURE,8700,10.99,0,0.13,N,2
57,101000,MORTGAGE,8.4,EDUCATION,14800,13.99,0,0.15,N,4
51,20100,MORTGAGE,0.4,MEDICAL,28000,23.22,1,1.39,N,7
32,21300,MORTGAGE,2.7,VENTURE,16100,17.54,1,0.76,Y,3
42,31200,OWN,1.4,EDUCATION,3300,10.05,0,0.11,N,5
36,32400,RENT,5.4,VENTURE,29300,21.17,1,0.9,Y,3
44,96400,MORTGAGE,1.2,EDUCATION,22900,11.58,0,0.24,N,4
41,23600,MORTGAGE,5.9,HOMEIMPROVEMENT,24900,18.92,1,1.06,Y,5
38,25700,RENT,2.5,MEDICAL,13000,18.77,0,0.51,Y,6
34,50700,MORTGAGE,2.9,PERSONAL,25400,19.01,1,0.5,Y,7
29,58400,MORTGAGE,8.5,VENTURE,9400,10.66,0,0.16,N,9
56,87700,RENT,2.1,PERSONAL,21800,14.83,0,0.25,N,18
56,46800,MORTGAGE,1.5,DEBTCONSOLIDATION,16500,12.44,0,0.35,Y,9
34,49000,RENT,9.5,DEBTCONSOLIDATION,28500,18.99,1,0.58,N,3
46,88300,MORTGAGE,5.8,EDUCATION,10100,10.02,0,0.11,N,6
31,33000,MORTGAGE,2.6,HOMEIMPROVEMENT,6800,10.35,0,0.21,N,10
37,58000,RENT,3.5,EDUCATION,19200,16.71,0,0.33,Y,4
41,74100,MORTGAGE,2.1,MEDICAL,31500,15.38,0,0.43,N,14
38,44200,RENT,4.0,VENTURE,7300,9.14,0,0.17,N,4
49,87000,MORTGAGE,0.7,HOMEIMPROVEMENT,6300,8.86,0,0.07,N,10
27,33800,RENT,9.0,PERSONAL,12600,15.93,0,0.37,N,7
37,127900,RENT,4.0,DEBTCONSOLIDATION,19300,11.89,0,0.15,N,11
52,45600,RENT,2.4,HOMEIMPROVEMENT,16100,15.01,0,0.35,N,5
31,42600,MORTGAGE,4.2,PERSONAL,27700,19.95,1,0.65,Y,3
38,24300,RENT,0.9,VENTURE,22000,19.51,1,0.91,Y,3
53,29300,RENT,0.4,MEDICAL,15600,19.56,1,0.53,Y,4
66,34700,RENT,4.0,MEDICAL,11200,10.34,0,0.32,N,8
56,29100,RENT,0.4,VENTURE,22900,17.8,1,0.79,Y,4
40,28300,RENT,5.4,EDUCATION,13700,12.73,0,0.48,N,8
66,55500,RENT,8.1,EDUCATION,24500,16.19,0,0.44,N,6
52,75400,RENT,22.3,MEDICAL,16200,,0,0.21,N,5
34,63200,RENT,7.3,DEBTCONSOLIDATION,18900,12.44,1,0.3,Y,9
31,12000,RENT,13.0,MEDICAL,4600,11.92,1,0.38,N,3
51,30600,RENT,0.1,EDUCATION,32100,18.19,1,1.05,Y,4
42,101300,MORTGAGE,4.1,PERSONAL,20300,9.14,0,0.2,N,10
34,25900,MORTGAGE,0.9,HOMEIMPROVEMENT,15800,21.34,0,0.61,N,4
41,50700,MORTGAGE,1.4,PERSONAL,14700,12.03,1,0.29,N,4
54,29600,MORTGAGE,6.6,EDUCATION,16200,17.01,1,0.55,Y,9
38,111100,RENT,1.5,MEDICAL,4500,9.05,0,0.04,N,4
38,35000,MORTGAGE,1.0,VENTURE,11300,13.57,0,0.32,N,5
41,79100,OWN,2.3,EDUCATION,5900,7.78,0,0.07,N,3
43,36400,MORTGAGE,0.4,PERSONAL,7900,,0,0.22,N,7
40,14300,RENT,0.8,EDUCATION,10700,20.39,1,0.75,N,5
49,70200,MORTGAGE,0.8,VENTURE,18000,14.14,0,0.26,N,7
50,18900,MORTGAGE,1.3,PERSONAL,27200,19.25,1,1.44,Y,13
42,32800,RENT,10.2,PERSONAL,31600,15.15,1,0.96,N,7
37,151200,MORTGAGE,1.7,DEBTCONSOLIDATION,20200,10.62,0,0.13,N,12
39,250000,MORTGAGE,1.6,PERSONAL,9600,7.37,0,0.04,N,2
58,54800,RENT,0.7,EDUCATION,10500,14.02,0,0.19,N,2
66,33200,RENT,0.1,HOMEIMPROVEMENT,10300,12.81,0,0.31,N,3
33,55000,MORTGAGE,0.9,PERSONAL,23100,17.72,0,0.42,Y,3
34,26300,MORTGAGE,6.4,EDUCATION,20900,18.74,1,0.79,Y,2
39,42900,RENT,17.5,PERSONAL,5100,11.87,0,0.12,N,5
58,130800,MORTGAGE,6.8,VENTURE,13900,9.9,0,0.11,N,7
40,60800,OWN,9.6,MEDICAL,17200,10.55,0,0.28,N,8
49,24800,MORTGAGE,7.7,PERSONAL,3100,8.8,0,0.12,N,9
41,67700,RENT,1.8,EDUCATION,16000,9.13,0,0.24,N,4
39,21100,MORTGAGE,6.6,HOMEIMPROVEMENT,27800,19.91,1,1.32,Y,6
41,19300,MORTGAGE,6.9,VENTURE,4600,11.47,0,0.24,N,4
34,82600,MORTGAGE,1.5,VENTURE,7800,12.23,0,0.09,N,7
50,35600,MORTGAGE,12.7,MEDICAL,6300,11.66,0,0.18,N,5
37,128700,RENT,19.0,VENTURE,11400,,0,0.09,N,2
38,30300,MORTGAGE,4.1,PERSONAL,11400,,0,0.38,N,8
36,106400,MORTGAGE,1.9,MEDICAL,28700,10.54,0,0.27,N,8
60,133600,RENT,2.2,VENTURE,21700,14.48,0,0.16,N,10
39,59000,RENT,4.4,MEDICAL,17100,9.91,0,0.29,N,6
45,45900,MORTGAGE,0.0,PERSONAL,17200,12.03,0,0.37,N,2
29,38900,RENT,,PERSONAL,17800,11.1,0,0.46,N,4
27,40300,MORTGAGE,0.3,DEBTCONSOLIDATION,7800,12.25,0,0.19,N,9
34,22400,RENT,4.9,PERSONAL,11100,17.03,0,0.5,N,13
53,77100,RENT,4.6,EDUCATION,17300,11.51,0,0.22,N,3
44,75600,MORTGAGE,4.5,EDUCATION,4000,11.18,0,0.05,N,5
62,47800,MORTGAGE,0.8,MEDICAL,13800,12.57,0,0.29,N,12
55,55100,RENT,14.5,EDUCATION,23000,16.23,0,0.42,N,2
37,42200,MORTGAGE,3.8,VENTURE,14900,18.27,1,0.35,N,4
42,27700,MORTGAGE,4.1,DEBTCONSOLIDATION,24100,22.09,1,0.87,Y,4
57,26400,RENT,3.9,PERSONAL,20000,21.61,1,0.76,Y,5
41,39600,OWN,3.7,MEDICAL,14800,14.29,1,0.37,Y,18
50,43700,RENT,13.9,MEDICAL,11500,11.95,0,0.26,N,2
33,102300,OWN,4.6,EDUCATION,17600,12.0,0,0.17,N,5
46,78200,RENT,3.3,EDUCATION,13900,10.31,0,0.18,N,7
43,126400,MORTGAGE,7.3,MEDICAL,32700,11.74,0,0.26,N,7
37,79200,MORTGAGE,1.4,PERSONAL,16400,9.8,0,0.21,N,5
42,22700,OTHER,1.1,DEBTCONSOLIDATION,9300,17.06,0,0.41,Y,8
46,23900,RENT,2.9,MEDICAL,29300,16.12,1,1.23,Y,3
53,30200,RENT,0.1,EDUCATION,9900,10.44,0,0.33,N,4
60,44600,MORTGAGE,1.7,MEDICAL,25200,19.2,1,0.57,Y,18
51,35400,RENT,2.7,VENTURE,13800,16.09,0,0.39,Y,3
56,79300,MORTGAGE,4.3,PERSONAL,18800,8.96,0,0.24,N,6
36,103600,RENT,3.9,VENTURE,8400,8.83,0,0.08,N,4
35,27900,MORTGAGE,2.3,DEBTCONSOLIDATION,15300,18.06,1,0.55,Y,11
48,21900,MORTGAGE,2.1,EDUCATION,8400,12.83,0,0.38,N,6
33,133800,RENT,0.0,HOMEIMPROVEMENT,9000,10.81,0,0.07,N,6
41,61500,MORTGAGE,10.6,HOMEIMPROVEMENT,7600,11.2,0,0.12,N,2
51,40400,MORTGAGE,1.3,EDUCATION,12900,13.07,0,0.32,N,7
58,129300,RENT,2.2,EDUCATION,14300,13.0,0,0.11,N,7
46,107500,RENT,0.1,VENTURE,9500,7.97,0,0.09,N,11
35,39100,RENT,15.7,PERSONAL,16500,14.62,0,0.42,N,4
43,87400,MORTGAGE,3.4,VENTURE,9600,10.45,0,0.11,N,2
44,102100,RENT,0.1,MEDICAL,14400,9.11,0,0.14,N,5
37,85900,RENT,1.4,PERSONAL,18300,6.75,0,0.21,N,7
32,108800,OWN,10.6,PERSONAL,5000,6.79,0,0.05,N,6
51,32100,RENT,2.4,EDUCATION,23900,22.08,1,0.74,Y,9
41,55000,MORTGAGE,5.8,DEBTCONSOLIDATION,11200,13.24,0,0.2,N,8
50,133900,OWN,4.8,PERSONAL,14300,10.99,0,0.11,N,9
45,43700,MORTGAGE,3.2,EDUCATION,12900,15.83,0,0.3,N,11
41,38000,RENT,9.0,VENTURE,28300,17.97,0,0.74,Y,5
40,57600,MORTGAGE,0.2,MEDICAL,8200,13.15,0,0.14,N,8
43,22700,RENT,12.2,VENTURE,16800,19.43,1,0.74,Y,6
48,64800,RENT,6.3,VENTURE,22700,16.0,0,0.35,N,2
28,21700,OTHER,10.0,VENTURE,12500,20.74,1,0.58,Y,8
48,108700,RENT,0.1,MEDICAL,10800,8.64,0,0.1,N,11
47,22200,MORTGAGE,0.4,VENTURE,6500,13.54,0,0.29,N,2
51,86400,RENT,1.2,EDUCATION,19300,11.26,0,0.22,N,6
59,36300,RENT,4.5,EDUCATION,21200,15.92,1,0.58,Y,10
38,30300,MORTGAGE,0.5,EDUCATION,10400,12.1,1,0.34,Y,2
32,55000,OWN,13.4,EDUCATION,20900,14.66,0,0.38,N,3
45,63900,RENT,6.9,EDUCATION,6200,6.06,0,0.1,N,2
44,57000,RENT,8.2,EDUCATION,12600,10.9,0,0.22,N,2
40,65300,RENT,4.4,DEBTCONSOLIDATION,9700,11.35,0,0.15,N,6
47,79200,RENT,5.0,EDUCATION,9700,8.62,0,0.12,N,11
38,17900,RENT,1.2,VENTURE,27200,22.47,1,1.52,N,15
41,58400,RENT,12.0,MEDICAL,20900,15.07,1,0.36,Y,7
48,25600,MORTGAGE,5.2,MEDICAL,20600,19.32,1,0.8,Y,4
40,27000,RENT,2.7,DEBTCONSOLIDATION,13800,21.07,1,0.51,N,7
44,29600,MORTGAGE,10.7,VENTURE,16700,18.93,1,0.56,N,10
41,18300,RENT,10.0,VENTURE,21200,18.7,1,1.16,Y,11
35,53800,OWN,0.0,VENTURE,9500,11.56,0,0.18,N,13
51,20500,RENT,12.9,MEDICAL,10000,15.23,0,0.49,Y,15
50,67700,RENT,2.3,PERSONAL,24900,12.67,0,0.37,N,7
50,124900,MORTGAGE,2.7,EDUCATION,8900,9.39,0,0.07,N,10
42,128100,RENT,0.4,MEDICAL,18200,12.75,0,0.14,N,7
52,29700,MORTGAGE,,PERSONAL,26500,21.12,1,0.89,Y,18
52,28200,RENT,3.9,EDUCATION,28500,18.8,1,1.01,N,8
57,83300,RENT,11.8,EDUCATION,10200,10.21,0,0.12,N,3
42,55900,RENT,7.6,MEDICAL,28400,15.76,0,0.51,N,12
45,52000,MORTGAGE,11.4,MEDICAL,7100,11.91,0,0.14,N,3
35,26400,RENT,14.8,PERSONAL,9100,14.36,0,0.34,N,8
59,57900,RENT,10.9,PERSONAL,12000,11.1,0,0.21,N,5
41,87200,MORTGAGE,1.2,EDUCATION,20400,13.61,0,0.23,N,4
34,35400,RENT,0.4,MEDICAL,5900,10.6,0,0.17,N,10
57,69900,MORTGAGE,4.8,HOMEIMPROVEMENT,8800,8.59,0,0.13,N,15
42,59100,MORTGAGE,0.8,MEDICAL,13500,14.71,1,0.23,Y,6
64,37800,MORTGAGE,9.9,EDUCATION,5500,10.18,0,0.15,N,4
44,52700,RENT,14.7,VENTURE,11100,11.2,0,0.21,N,4
37,30500,RENT,0.6,VENTURE,16500,19.03,1,0.54,Y,7
51,86700,MORTGAGE,1.3,EDUCATION,20800,7.7,0,0.24,N,4
41,30800,OWN,4.9,EDUCATION,14000,16.1,0,0.45,N,6
49,39000,MORTGAGE,6.5,PERSONAL,12900,16.54,0,0.33,N,8
38,89000,MORTGAGE,3.6,MEDICAL,10700,11.85,0,0.12,N,4
48,40600,MORTGAGE,2.3,HOMEIMPROVEMENT,11400,14.42,0,0.28,N,8
40,32400,MORTGAGE,1.8,MEDICAL,14800,16.93,1,0.46,Y,5
51,59900,OTHER,5.5,VENTURE,11900,14.24,0,0.2,N,11
43,145400,RENT,6.8,EDUCATION,10400,8.11,0,0.07,N,11
45,102800,RENT,1.7,VENTURE,16800,12.62,0,0.16,N,6
26,75800,OWN,2.0,VENTURE,33300,17.17,0,0.44,Y,7
41,93600,RENT,3.1,MEDICAL,10000,11.4,0,0.11,N,6
43,72000,MORTGAGE,3.0,MEDICAL,6700,6.97,0,0.09,N,8
50,61400,MORTGAGE,9.2,EDUCATION,7300,10.44,1,0.12,Y,4
35,89600,MORTGAGE,2.9,DEBTCONSOLIDATION,16400,12.83,0,0.18,N,7
46,65600,MORTGAGE,19.2,HOMEIMPROVEMENT,15200,13.63,0,0.23,N,2
70,52600,RENT,1.9,DEBTCONSOLIDATION,6400,7.88,0,0.12,N,5
55,60000,MORTGAGE,5.9,DEBTCONSOLIDATION,12200,12.4,0,0.2,N,2
42,65000,MORTGAGE,7.1,VENTURE,23600,14.16,0,0.36,N,3
44,64100,MORTGAGE,5.0,MEDICAL,13500,10.89,0,0.21,N,8
40,66200,RENT,2.3,EDUCATION,21100,15.82,0,0.32,N,11
49,31500,RENT,1.5,DEBTCONSOLIDATION,4600,16.06,0,0.15,N,3
34,48400,RENT,4.6,EDUCATION,13800,15.55,0,0.29,N,6
40,27000,MORTGAGE,5.4,EDUCATION,22500,19.26,1,0.83,Y,7
37,62600,RENT,1.5,MEDICAL,16200,10.35,0,0.26,N,7
40,65500,RENT,2.1,EDUCATION,6600,10.34,0,0.1,N,11
45,111900,RENT,9.9,VENTURE,24900,15.82,0,0.22,N,10
28,63900,MORTGAGE,8.3,PERSONAL,8100,9.86,0,0.13,N,10
41,44200,RENT,1.0,DEBTCONSOLIDATION,19000,20.08,1,0.43,N,13
39,43000,RENT,13.5,EDUCATION,5400,5.92,0,0.13,N,4
53,77300,MORTGAGE,4.9,MEDICAL,14800,,0,0.19,N,17
36,37200,RENT,3.4,PERSONAL,10100,13.65,0,0.27,N,8
46,58900,RENT,1.1,EDUCATION,30400,19.3,1,0.52,N,6
42,91500,MORTGAGE,6.6,MEDICAL,25600,12.61,0,0.28,N,10
54,165000,MORTGAGE,12.7,PERSONAL,12800,,0,0.08,N,7
52,102300,MORTGAGE,0.3,MEDICAL,23600,13.82,0,0.23,N,3
61,40600,RENT,3.7,EDUCATION,9100,5.69,0,0.22,N,10
54,35900,RENT,10.5,MEDICAL,14400,12.61,1,0.4,N,7
46,76600,MORTGAGE,15.2,EDUCATION,22700,12.77,1,0.3,Y,9
51,48200,RENT,0.4,PERSONAL,18300,14.41,0,0.38,N,4
41,24000,MORTGAGE,7.8,EDUCATION,12900,20.08,1,0.54,Y,8
44,225400,MORTGAGE,1.7,VENTURE,14700,12.23,0,0.07,N,4
45,59600,RENT,3.9,HOMEIMPROVEMENT,10000,10.39,0,0.17,N,7
36,107700,RENT,7.7,DEBTCONSOLIDATION,15400,8.36,0,0.14,N,5
57,45100,MORTGAGE,3.9,EDUCATION,7100,10.34,0,0.16,N,16
53,53200,RENT,0.6,PERSONAL,20300,13.79,0,0.38,N,4
58,58900,MORTGAGE,4.5,PERSONAL,32900,16.01,0,0.56,Y,9
42,46600,RENT,0.6,MEDICAL,4800,8.03,0,0.1,N,7
43,35700,RENT,2.1,EDUCATION,21500,19.43,0,0.6,Y,8
38,181400,MORTGAGE,4.1,DEBTCONSOLIDATION,23100,10.68,0,0.13,N,2
34,65900,RENT,16.0,VENTURE,4000,9.93,0,0.06,N,10
50,22700,MORTGAGE,6.5,PERSONAL,15800,17.1,0,0.7,N,6
35,57300,RENT,1.8,VENTURE,25300,,1,0.44,Y,3
35,24600,OWN,10.5,EDUCATION,15500,20.28,0,0.63,N,10
49,34000,RENT,1.3,MEDICAL,15900,17.85,1,0.47,Y,7
45,57500,RENT,2.4,VENTURE,33000,,1,0.57,Y,4
50,72900,RENT,5.2,EDUCATION,25500,12.19,0,0.35,N,8
37,13500,RENT,2.6,MEDICAL,17000,21.28,1,1.26,Y,7
63,139200,RENT,6.5,EDUCATION,14300,6.75,0,0.1,Y,7
36,37700,RENT,5.3,HOMEIMPROVEMENT,8200,6.46,0,0.22,N,2
39,47900,MORTGAGE,5.5,VENTURE,23300,17.2,0,0.49,N,4
38,125900,MORTGAGE,2.7,EDUCATION,9900,11.01,0,0.08,N,8
63,138900,MORTGAGE,0.3,EDUCATION,2300,6.3,0,0.02,N,7
40,38500,MORTGAGE,10.3,VENTURE,4900,9.57,0,0.13,N,6
36,97200,RENT,0.4,EDUCATION,8300,7.74,0,0.09,Y,8
70,59100,RENT,3.1,MEDICAL,22200,17.46,1,0.38,N,9
60,233300,RENT,1.8,HOMEIMPROVEMENT,30300,11.66,0,0.13,N,2
56,37400,RENT,1.8,DEBTCONSOLIDATION,19200,18.58,1,0.51,N,16
59,134200,MORTGAGE,1.3,HOMEIMPROVEMENT,7700,6.61,0,0.06,Y,6
36,39300,MORTGAGE,1.6,EDUCATION,24100,17.33,0,0.61,N,7
61,30000,MORTGAGE,15.5,MEDICAL,22000,22.17,0,0.73,N,10
42,45900,MORTGAGE,17.9,VENTURE,23400,17.71,0,0.51,N,6
47,22000,MORTGAGE,4.2,PERSONAL,8000,13.94,1,0.36,N,7
43,32500,OTHER,3.7,MEDICAL,14300,15.81,0,0.44,N,8
58,45400,RENT,0.2,MEDICAL,16800,13.67,0,0.37,N,4
28,47100,MORTGAGE,8.1,MEDICAL,18100,16.4,1,0.38,Y,6
35,89700,RENT,0.9,PERSONAL,18300,11.11,0,0.2,N,10
59,85100,RENT,0.8,MEDICAL,2900,6.65,0,0.03,N,9
38,53100,MORTGAGE,2.8,EDUCATION,29000,16.56,0,0.55,N,11
57,20800,RENT,2.1,PERSONAL,15700,18.32,1,0.75,Y,5
38,16700,RENT,0.5,EDUCATION,8300,16.21,1,0.5,N,8
41,40500,RENT,,PERSONAL,20600,16.9,0,0.51,N,5
64,34200,MORTGAGE,24.4,EDUCATION,4800,8.34,0,0.14,N,2
51,39100,OWN,6.6,MEDICAL,7700,8.59,0,0.2,N,2
45,132200,RENT,4.6,VENTURE,11900,10.5,0,0.09,N,2
48,38800,OWN,1.8,HOMEIMPROVEMENT,15300,15.93,0,0.39,N,6
54,33700,MORTGAGE,2.8,EDUCATION,12300,13.81,0,0.36,N,5
45,54100,RENT,4.9,PERSONAL,10200,10.58,0,0.19,N,11
49,40700,MORTGAGE,,HOMEIMPROVEMENT,19800,16.48,1,0.49,Y,2
70,75200,OTHER,,MEDICAL,2400,8.11,0,0.03,Y,9
36,62000,MORTGAGE,0.7,EDUCATION,18100,11.66,0,0.29,N,5
45,150200,RENT,1.1,HOMEIMPROVEMENT,28300,9.75,0,0.19,N,9
39,46100,RENT,4.2,VENTURE,7400,12.03,0,0.16,N,6
37,156700,MORTGAGE,13.9,DEBTCONSOLIDATION,23700,10.39,0,0.15,N,9
45,79500,MORTGAGE,3.0,DEBTCONSOLIDATION,8100,7.69,0,0.1,N,5
37,72500,RENT,5.0,MEDICAL,12400,10.8,0,0.17,N,6
36,18100,RENT,1.7,EDUCATION,30300,19.89,0,1.67,Y,3
43,16700,MORTGAGE,8.3,PERSONAL,21300,21.65,1,1.28,Y,12
49,22300,RENT,,VENTURE,11200,17.03,1,0.5,Y,5
48,60900,MORTGAGE,2.4,VENTURE,11000,,0,0.18,N,6
43,82000,MORTGAGE,3.9,VENTURE,10500,10.62,0,0.13,N,7
34,72700,RENT,5.9,EDUCATION,11300,10.02,0,0.16,N,2
33,55300,RENT,1.2,EDUCATION,30400,17.65,1,0.55,N,6
47,89000,OWN,2.1,MEDICAL,10900,6.15,0,0.12,N,5
38,104500,MORTGAGE,1.4,MEDICAL,12900,8.33,0,0.12,N,8
46,45700,MORTGAGE,16.1,PERSONAL,8600,10.4,0,0.19,N,4
44,73600,MORTGAGE,0.2,MEDICAL,17100,13.51,0,0.23,N,5
31,66900,RENT,0.3,MEDICAL,22800,15.84,1,0.34,N,6
60,84400,MORTGAGE,2.2,VENTURE,9900,11.21,0,0.12,N,2
33,64900,MORTGAGE,3.9,VENTURE,8600,9.94,0,0.13,N,2
41,62600,RENT,2.0,MEDICAL,13000,,0,0.21,N,5
34,38900,RENT,9.7,VENTURE,18300,19.03,0,0.47,Y,7
38,60700,RENT,0.9,VENTURE,12100,10.08,0,0.2,N,14
39,44900,RENT,2.3,MEDICAL,7300,9.51,1,0.16,Y,5
40,30100,OTHER,3.3,EDUCATION,8000,10.82,0,0.27,N,12
42,63900,RENT,1.1,DEBTCONSOLIDATION,9900,,0,0.15,N,5
63,30900,RENT,1.7,PERSONAL,22900,18.26,1,0.74,N,3
36,52900,MORTGAGE,14.7,MEDICAL,14200,8.32,0,0.27,N,2
49,44300,MORTGAGE,3.7,VENTURE,15900,,0,0.36,N,3
56,39800,MORTGAGE,10.2,PERSONAL,8400,13.14,0,0.21,N,7
48,117400,MORTGAGE,1.6,EDUCATION,17500,6.8,0,0.15,N,4
58,133400,RENT,4.7,DEBTCONSOLIDATION,23100,13.1,0,0.17,N,2
48,46000,OWN,7.2,PERSONAL,8400,7.93,0,0.18,N,4
48,93800,RENT,2.7,MEDICAL,5000,8.1,0,0.05,N,4
56,22700,RENT,4.9,HOMEIMPROVEMENT,17800,20.91,1,0.78,N,3
47,28300,RENT,9.9,EDUCATION,22200,,1,0.78,Y,9
56,52400,MORTGAGE,0.8,PERSONAL,18300,,0,0.35,N,6
46,30100,RENT,2.2,VENTURE,12500,15.1,0,0.42,Y,2
55,66600,RENT,8.7,PERSONAL,17500,12.41,0,0.26,Y,4
61,63500,RENT,1.3,VENTURE,33400,18.3,1,0.53,Y,8
40,52800,RENT,4.1,EDUCATION,16800,11.66,1,0.32,Y,6
39,199200,RENT,2.9,MEDICAL,14600,8.36,0,0.07,N,15
58,66300,RENT,5.5,VENTURE,14800,12.41,0,0.22,N,8
55,74400,RENT,5.5,DEBTCONSOLIDATION,13300,14.01,0,0.18,N,14
31,70800,RENT,4.3,EDUCATION,18400,12.63,0,0.26,N,9
46,33000,RENT,14.7,EDUCATION,23300,20.94,1,0.71,Y,5
64,158400,MORTGAGE,1.0,EDUCATION,19300,11.1,0,0.12,N,8
35,25000,RENT,9.0,PERSONAL,8800,10.58,0,0.35,N,2
34,63400,RENT,3.4,MEDICAL,11300,10.95,0,0.18,N,6
38,81600,MORTGAGE,5.4,EDUCATION,16000,11.9,0,0.2,N,3
40,93100,OTHER,1.6,EDUCATION,32500,14.33,0,0.35,N,4
32,45700,MORTGAGE,0.5,PERSONAL,5300,10.12,0,0.12,N,5
35,81500,RENT,7.5,VENTURE,8200,8.33,0,0.1,N,2
32,30400,MORTGAGE,1.5,DEBTCONSOLIDATION,20900,20.08,1,0.69,Y,7
45,135800,RENT,2.5,MEDICAL,8200,9.66,0,0.06,N,5
45,49500,RENT,0.2,PERSONAL,18000,,0,0.36,N,7
58,41200,RENT,5.3,DEBTCONSOLIDATION,32800,,1,0.8,N,5
46,38100,OWN,5.8,HOMEIMPROVEMENT,17200,18.16,1,0.45,N,10
49,63800,MORTGAGE,11.6,DEBTCONSOLIDATION,13500,14.78,0,0.21,Y,6
50,22700,RENT,11.1,PERSONAL,22800,19.99,1,1.0,N,8
36,88100,OWN,6.1,MEDICAL,20800,9.79,0,0.24,N,3
35,39000,RENT,1.9,HOMEIMPROVEMENT,19000,14.31,1,0.49,Y,4
34,111000,RENT,,MEDICAL,6600,7.05,0,0.06,Y,12
40,27400,MORTGAGE,2.4,PERSONAL,17000,17.37,1,0.62,Y,8
39,58300,MORTGAGE,0.7,EDUCATION,2900,10.47,0,0.05,N,6
44,73500,RENT,14.7,VENTURE,4900,9.62,0,0.07,N,8
51,78000,RENT,8.5,PERSONAL,4200,10.41,0,0.05,Y,10
49,40800,RENT,0.8,EDUCATION,6400,10.96,0,0.16,N,5
39,27500,MORTGAGE,14.6,MEDICAL,12600,14.0,0,0.46,N,3
38,42100,RENT,9.3,PERSONAL,28100,20.98,0,0.67,N,4
39,102900,MORTGAGE,12.6,VENTURE,5500,9.85,0,0.05,N,6
40,171200,RENT,1.7,PERSONAL,19300,12.96,0,0.11,N,12
33,22200,RENT,2.0,EDUCATION,14100,19.6,1,0.64,N,15
46,36100,RENT,3.2,VENTURE,9700,11.19,0,0.27,Y,3
64,20900,OTHER,1.3,HOMEIMPROVEMENT,10400,16.44,0,0.5,N,5
44,40100,MORTGAGE,3.1,HOMEIMPROVEMENT,3500,7.37,0,0.09,N,7
44,38100,MORTGAGE,0.0,EDUCATION,18700,13.76,1,0.49,Y,6
48,28100,MORTGAGE,10.5,DEBTCONSOLIDATION,6200,10.44,0,0.22,N,9
35,135200,OTHER,0.9,VENTURE,4100,10.41,0,0.03,N,5
38,101800,RENT,3.5,PERSONAL,13300,9.88,0,0.13,N,5
39,61900,MORTGAGE,13.2,EDUCATION,13500,7.79,0,0.22,N,6
35,51000,MORTGAGE,8.6,PERSONAL,17500,12.42,0,0.34,N,4
61,88500,MORTGAGE,7.5,EDUCATION,18900,13.71,0,0.21,N,10
51,31200,MORTGAGE,4.6,PERSONAL,14200,16.29,0,0.46,N,4
52,61800,MORTGAGE,2.9,PERSONAL,18900,9.98,0,0.31,N,9
41,38800,MORTGAGE,3.0,PERSONAL,9300,10.49,0,0.24,N,10
45,196600,RENT,0.5,EDUCATION,7300,9.66,0,0.04,N,8
40,25700,RENT,0.3,MEDICAL,27200,18.01,1,1.06,Y,11
42,46600,RENT,9.3,PERSONAL,11500,11.94,1,0.25,Y,7
44,26600,MORTGAGE,2.6,DEBTCONSOLIDATION,5900,11.33,1,0.22,N,10
42,81900,RENT,0.3,MEDICAL,22600,15.15,1,0.28,N,4
44,81800,MORTGAGE,5.4,EDUCATION,16500,8.61,0,0.2,N,6
32,36900,RENT,5.7,VENTURE,16000,12.53,1,0.43,N,14
35,27400,MORTGAGE,,PERSONAL,7000,13.22,0,0.26,Y,5
40,43800,RENT,2.6,HOMEIMPROVEMENT,20400,15.82,0,0.47,N,3
41,36900,MORTGAGE,4.3,PERSONAL,8400,15.26,0,0.23,N,8
41,56100,MORTGAGE,,DEBTCONSOLIDATION,4400,11.54,0,0.08,N,3
49,132000,RENT,3.6,MEDICAL,7600,9.05,0,0.06,N,3
46,77900,MORTGAGE,2.3,DEBTCONSOLIDATION,18700,13.39,0,0.24,N,5
47,82300,RENT,0.4,VENTURE,21400,12.35,0,0.26,N,9
39,54100,MORTGAGE,,VENTURE,9200,10.08,0,0.17,Y,4
36,231900,RENT,3.1,MEDICAL,10400,7.26,0,0.04,N,4
42,57800,MORTGAGE,1.1,EDUCATION,7700,,0,0.13,N,16
50,80700,RENT,13.9,VENTURE,13000,10.35,0,0.16,N,5
60,99100,RENT,5.1,DEBTCONSOLIDATION,8700,12.9,0,0.09,N,5
39,52700,RENT,4.4,EDUCATION,31300,19.19,1,0.59,N,4
60,60700,MORTGAGE,2.6,MEDICAL,20600,10.47,0,0.34,Y,7
35,39600,MORTGAGE,2.0,HOMEIMPROVEMENT,16100,14.88,0,0.41,N,6
33,54700,RENT,1.0,EDUCATION,19300,11.13,0,0.35,N,2
41,121200,OWN,0.3,VENTURE,7700,9.28,0,0.06,N,10
36,102800,RENT,5.0,VENTURE,19900,12.68,0,0.19,N,9
38,79100,RENT,7.6,PERSONAL,11000,8.34,0,0.14,N,7
53,89400,RENT,,EDUCATION,13300,11.63,0,0.15,Y,10
51,53100,RENT,6.4,VENTURE,24900,13.01,0,0.47,N,12
46,91300,RENT,11.4,EDUCATION,28000,11.29,0,0.31,N,3
45,49800,RENT,20.3,MEDICAL,20700,17.0,0,0.42,N,2
38,22100,RENT,16.3,EDUCATION,20700,19.72,1,0.94,Y,2
42,148400,MORTGAGE,,VENTURE,20000,9.52,0,0.13,N,6
41,48400,RENT,1.3,EDUCATION,16800,13.18,0,0.35,N,5
34,96700,RENT,0.6,EDUCATION,8300,10.48,0,0.09,N,4
63,44400,RENT,25.5,MEDICAL,15900,,0,0.36,N,10
41,12300,RENT,1.8,EDUCATION,4900,14.18,1,0.4,Y,2
36,52000,RENT,0.2,PERSONAL,3900,9.47,0,0.08,N,5
33,19700,MORTGAGE,2.5,EDUCATION,23000,21.07,1,1.17,N,3
48,82100,MORTGAGE,6.9,PERSONAL,14800,10.55,0,0.18,N,9
62,47800,RENT,11.1,DEBTCONSOLIDATION,3100,,0,0.06,N,2
66,105900,RENT,3.2,PERSONAL,9600,9.44,0,0.09,N,4
43,61600,MORTGAGE,1.7,PERSONAL,18300,,0,0.3,N,3
41,30700,MORTGAGE,7.5,PERSONAL,27700,22.04,1,0.9,N,5
44,78300,RENT,3.5,MEDICAL,23300,14.72,0,0.3,N,11
44,23000,RENT,0.4,MEDICAL,12900,15.48,1,0.56,N,17
31,45800,MORTGAGE,10.9,VENTURE,9900,11.6,0,0.22,N,9
40,19400,MORTGAGE,5.3,MEDICAL,10300,15.87,1,0.53,Y,16
46,65700,MORTGAGE,0.2,MEDICAL,19700,12.89,0,0.3,N,2
48,62100,RENT,0.0,EDUCATION,21900,14.81,0,0.35,Y,14
49,58100,MORTGAGE,0.5,PERSONAL,11300,11.55,0,0.19,N,4
44,32400,RENT,8.6,PERSONAL,16700,14.35,0,0.52,Y,9
35,114000,MORTGAGE,3.3,VENTURE,20000,15.4,0,0.18,N,3
42,89300,RENT,2.0,MEDICAL,23300,9.64,0,0.26,N,4
56,61600,RENT,1.4,PERSONAL,17200,12.41,0,0.28,N,13
47,39400,MORTGAGE,3.5,EDUCATION,24000,20.7,1,0.61,Y,10
41,44700,RENT,0.4,EDUCATION,9800,10.56,0,0.22,Y,10
68,53700,RENT,4.8,PERSONAL,18700,11.37,0,0.35,Y,11
44,29600,MORTGAGE,2.4,VENTURE,12000,15.9,0,0.41,N,5
42,86600,RENT,9.8,PERSONAL,27100,13.76,0,0.31,N,3
50,108300,MORTGAGE,7.0,MEDICAL,8700,10.58,0,0.08,N,5
35,138700,RENT,0.1,EDUCATION,21300,10.92,0,0.15,N,4
41,44800,MORTGAGE,0.9,MEDICAL,27200,18.63,0,0.61,N,6
42,115600,MORTGAGE,3.2,MEDICAL,18200,11.14,0,0.16,N,3
32,119500,RENT,5.4,PERSONAL,21300,11.19,0,0.18,N,6
45,38300,RENT,6.3,EDUCATION,25000,,1,0.65,Y,8
48,31200,RENT,8.5,HOMEIMPROVEMENT,10300,12.55,0,0.33,N,5
39,98500,RENT,0.3,EDUCATION,6800,5.79,0,0.07,N,3
51,40100,RENT,0.1,MEDICAL,27500,18.62,0,0.69,N,6
54,36200,OWN,4.6,PERSONAL,4200,8.79,0,0.12,N,3
56,84900,OWN,6.4,PERSONAL,13700,8.2,0,0.16,N,4
35,25300,MORTGAGE,7.7,VENTURE,10500,14.94,0,0.42,N,13
45,42400,RENT,0.8,EDUCATION,15200,11.93,0,0.36,N,4
68,19400,OWN,17.3,DEBTCONSOLIDATION,31900,19.3,0,1.64,N,5
49,34100,MORTGAGE,1.3,PERSONAL,4500,9.83,1,0.13,N,9
45,37700,RENT,1.4,PERSONAL,20700,16.96,1,0.55,Y,11
53,35900,RENT,0.8,MEDICAL,3600,9.52,0,0.1,Y,7
46,42800,MORTGAGE,0.2,MEDICAL,9400,11.34,0,0.22,N,7
35,17500,RENT,8.3,PERSONAL,18900,19.61,1,1.08,N,17
54,31100,RENT,0.0,DEBTCONSOLIDATION,9700,12.66,0,0.31,N,5
45,113500,RENT,3.1,DEBTCONSOLIDATION,16400,9.55,0,0.14,N,5
61,63800,RENT,0.5,PERSONAL,29600,14.55,0,0.46,N,6
35,40900,RENT,0.2,EDUCATION,24500,17.32,1,0.6,Y,14
45,37800,RENT,13.6,EDUCATION,23000,18.21,0,0.61,N,2
60,82500,OWN,8.7,VENTURE,8300,12.59,0,0.1,N,11
46,56800,MORTGAGE,2.5,VENTURE,9600,11.5,0,0.17,Y,6
51,29200,RENT,3.1,VENTURE,21300,19.08,1,0.73,Y,12
55,40400,RENT,10.1,DEBTCONSOLIDATION,19600,19.81,1,0.49,Y,5
44,27400,MORTGAGE,8.0,EDUCATION,10000,14.59,0,0.36,N,9
37,37000,RENT,5.9,DEBTCONSOLIDATION,12500,13.72,0,0.34,N,2
53,79000,RENT,3.8,EDUCATION,17400,15.43,0,0.22,N,5
43,74700,MORTGAGE,4.7,MEDICAL,14500,,0,0.19,N,4
30,95400,RENT,2.5,EDUCATION,13100,12.85,0,0.14,N,7
57,58600,RENT,3.8,VENTURE,6200,11.63,0,0.11,N,10
63,23600,MORTGAGE,3.9,VENTURE,12700,15.27,1,0.54,N,3
39,27300,RENT,10.0,VENTURE,32400,15.32,1,1.19,Y,12
44,70300,MORTGAGE,1.2,MEDICAL,10900,14.89,0,0.16,N,5
64,57300,RENT,1.4,VENTURE,18600,15.0,0,0.32,N,17
60,28600,OTHER,1.2,PERSONAL,14100,15.66,1,0.49,N,5
49,44900,MORTGAGE,4.3,MEDICAL,21500,16.58,0,0.48,N,6
59,154000,OWN,5.9,HOMEIMPROVEMENT,20100,10.41,0,0.13,N,5
42,90400,MORTGAGE,1.4,EDUCATION,28000,11.3,0,0.31,Y,5
34,123500,RENT,5.6,HOMEIMPROVEMENT,17400,8.38,0,0.14,N,7
56,28300,OWN,4.9,PERSONAL,28200,20.21,1,1.0,Y,3
43,135800,MORTGAGE,1.9,VENTURE,4400,5.42,0,0.03,N,6
32,40700,MORTGAGE,1.3,EDUCATION,12100,14.09,0,0.3,Y,2
39,128600,RENT,10.7,PERSONAL,18100,,0,0.14,N,2
42,66000,RENT,4.2,DEBTCONSOLIDATION,13600,13.93,0,0.21,N,11
43,76500,MORTGAGE,6.1,MEDICAL,27300,14.16,0,0.36,N,7
38,79400,RENT,13.0,EDUCATION,7200,7.63,0,0.09,N,2
36,57200,MORTGAGE,1.1,VENTURE,13600,13.65,0,0.24,N,11
32,74700,RENT,2.2,MEDICAL,23700,15.17,1,0.32,N,10
32,30900,MORTGAGE,2.8,MEDICAL,20400,19.2,1,0.66,Y,11
43,50500,MORTGAGE,1.3,PERSONAL,21400,12.2,0,0.42,N,13
46,83200,RENT,9.2,EDUCATION,13200,9.27,0,0.16,N,6
36,57500,RENT,0.4,PERSONAL,10800,11.28,0,0.19,N,4
58,44700,RENT,1.4,EDUCATION,14100,14.45,0,0.32,N,7
40,61600,MORTGAGE,1.1,DEBTCONSOLIDATION,8400,10.2,0,0.14,N,6
43,25600,RENT,15.3,VENTURE,17200,,1,0.67,Y,5
42,96300,OWN,4.9,HOMEIMPROVEMENT,21300,14.93,0,0.22,N,12
31,17300,MORTGAGE,6.3,DEBTCONSOLIDATION,5400,12.79,0,0.31,N,7
53,53400,MORTGAGE,0.6,DEBTCONSOLIDATION,16200,15.9,1,0.3,Y,10
49,82300,OWN,1.1,EDUCATION,15600,13.18,0,0.19,N,10
59,56700,RENT,8.3,PERSONAL,9500,12.05,1,0.17,Y,3
58,41900,MORTGAGE,4.2,MEDICAL,33000,21.9,1,0.79,Y,9
48,99200,MORTGAGE,0.2,VENTURE,14000,11.39,0,0.14,N,10
50,37100,RENT,4.2,MEDICAL,25000,16.73,1,0.67,Y,7
35,136800,OWN,3.2,EDUCATION,8200,7.96,0,0.06,N,4
40,48300,MORTGAGE,0.8,MEDICAL,20100,12.3,1,0.42,Y,4
42,47300,MORTGAGE,4.5,VENTURE,5600,10.32,0,0.12,N,4
39,80900,OTHER,1.0,MEDICAL,5300,7.56,0,0.07,N,2
57,45700,RENT,8.3,PERSONAL,8200,12.97,0,0.18,N,2
45,57100,MORTGAGE,4.8,DEBTCONSOLIDATION,19800,14.73,0,0.35,N,4
37,74200,MORTGAGE,10.3,EDUCATION,33400,15.9,1,0.45,Y,12
56,27600,OWN,2.8,EDUCATION,22100,21.38,1,0.8,Y,7
45,75900,RENT,3.6,HOMEIMPROVEMENT,12400,7.29,0,0.16,N,12
53,21300,RENT,7.1,DEBTCONSOLIDATION,17200,23.22,1,0.81,Y,6
35,53800,RENT,4.0,MEDICAL,13400,11.99,0,0.25,N,2
46,44500,RENT,4.2,EDUCATION,9200,10.75,0,0.21,N,4
37,26300,RENT,4.0,HOMEIMPROVEMENT,16600,17.86,0,0.63,Y,5
46,137400,RENT,3.4,EDUCATION,14600,8.6,0,0.11,N,7
49,59400,RENT,8.2,EDUCATION,14800,14.47,1,0.25,Y,5
35,37800,RENT,3.3,EDUCATION,5200,9.64,1,0.14,Y,2
43,58600,RENT,11.6,MEDICAL,6700,,0,0.11,N,4
35,212700,RENT,8.3,DEBTCONSOLIDATION,14000,9.33,0,0.07,N,5
54,31300,RENT,5.9,VENTURE,11200,15.39,1,0.36,N,3
44,77800,RENT,11.4,EDUCATION,12500,9.33,0,0.16,N,15
37,32800,MORTGAGE,3.9,HOMEIMPROVEMENT,11800,12.79,1,0.36,N,8
39,70600,RENT,8.6,VENTURE,19000,13.68,0,0.27,Y,2
40,37700,RENT,1.4,MEDICAL,8000,12.39,0,0.21,N,2
58,49500,RENT,0.4,PERSONAL,27800,13.98,0,0.56,N,10
43,59100,MORTGAGE,5.8,VENTURE,13400,12.83,0,0.23,N,4
52,112000,MORTGAGE,1.8,DEBTCONSOLIDATION,10900,10.38,0,0.1,N,2
43,24100,OWN,5.0,PERSONAL,3400,10.26,0,0.14,N,7
35,138000,RENT,0.4,PERSONAL,11100,10.84,0,0.08,N,6
39,18900,RENT,15.6,MEDICAL,16800,21.09,1,0.89,Y,4
47,64900,OWN,3.6,HOMEIMPROVEMENT,21600,16.07,0,0.33,N,5
31,56000,RENT,0.0,PERSONAL,19600,13.51,0,0.35,Y,7
48,50400,RENT,3.2,VENTURE,15600,13.36,0,0.31,N,6
38,55300,MORTGAGE,7.8,EDUCATION,12700,12.43,1,0.23,N,2
45,72200,RENT,10.0,VENTURE,14500,13.04,1,0.2,N,6
39,69800,MORTGAGE,,PERSONAL,29200,15.57,0,0.42,N,9
50,49100,RENT,0.7,MEDICAL,29500,14.47,1,0.6,N,3
44,79800,RENT,11.8,EDUCATION,21800,11.23,0,0.27,N,6
50,47700,RENT,19.9,DEBTCONSOLIDATION,7700,13.42,0,0.16,N,4
32,57000,RENT,0.3,PERSONAL,27400,17.9,1,0.48,N,3
42,102400,MORTGAGE,0.4,PERSONAL,17400,11.4,0,0.17,N,4
38,104100,MORTGAGE,4.2,MEDICAL,13500,10.05,0,0.13,N,4
48,96400,RENT,3.8,EDUCATION,15300,8.97,0,0.16,N,22
53,30800,MORTGAGE,4.4,VENTURE,13500,16.78,0,0.44,N,15
53,68500,MORTGAGE,1.9,MEDICAL,13500,12.08,1,0.2,N,4
59,69800,MORTGAGE,0.3,PERSONAL,12600,13.35,0,0.18,Y,13
54,143200,RENT,4.3,VENTURE,25400,9.79,0,0.18,Y,7
42,83800,MORTGAGE,0.8,EDUCATION,13100,11.97,0,0.16,N,9
36,38400,OWN,2.1,EDUCATION,8700,14.14,0,0.23,N,18
32,43900,RENT,4.4,DEBTCONSOLIDATION,8900,11.42,1,0.2,N,10
36,13400,OWN,1.2,PERSONAL,7000,17.59,0,0.52,N,4
31,51900,MORTGAGE,3.9,MEDICAL,15200,9.24,0,0.29,N,6
34,44200,MORTGAGE,6.3,PERSONAL,10600,12.55,0,0.24,N,5
46,40600,RENT,0.3,DEBTCONSOLIDATION,15700,16.73,1,0.39,Y,10
32,35300,MORTGAGE,4.8,EDUCATION,27200,17.92,1,0.77,Y,7
47,126200,RENT,3.6,DEBTCONSOLIDATION,28700,12.58,0,0.23,N,2
39,12400,MORTGAGE,0.5,HOMEIMPROVEMENT,10200,21.27,1,0.82,Y,6
44,27000,MORTGAGE,6.1,EDUCATION,8700,12.14,0,0.32,N,8
45,201300,RENT,1.9,MEDICAL,4900,9.4,0,0.02,N,6
59,93100,MORTGAGE,1.0,EDUCATION,9600,5.42,0,0.1,N,12
45,64100,MORTGAGE,1.7,MEDICAL,14100,10.12,0,0.22,N,7
34,54000,MORTGAGE,4.0,EDUCATION,16300,15.13,0,0.3,N,10
37,39300,MORTGAGE,4.3,MEDICAL,6200,11.19,0,0.16,N,9
44,26800,MORTGAGE,0.9,MEDICAL,9200,15.61,1,0.34,Y,10
41,66300,RENT,13.8,EDUCATION,4400,8.55,0,0.07,N,5
45,84100,OWN,2.0,EDUCATION,20900,10.51,0,0.25,Y,4
47,37000,MORTGAGE,1.6,VENTURE,9600,14.82,0,0.26,N,3
37,19900,RENT,1.0,VENTURE,15500,22.32,1,0.78,N,2
48,78100,RENT,0.6,EDUCATION,13200,,0,0.17,N,9
49,83000,OTHER,20.1,PERSONAL,13500,,0,0.16,N,5
45,85600,MORTGAGE,5.6,EDUCATION,17800,12.28,0,0.21,N,3
64,49700,RENT,7.7,VENTURE,12200,14.49,0,0.25,N,12
32,16500,RENT,2.6,MEDICAL,9200,16.29,0,0.56,Y,5
62,27600,RENT,2.7,DEBTCONSOLIDATION,12200,17.8,1,0.44,Y,3
41,109900,OWN,21.7,VENTURE,22500,11.92,0,0.2,N,4
38,25800,RENT,1.1,DEBTCONSOLIDATION,15300,21.33,1,0.59,Y,7
48,79600,RENT,2.0,HOMEIMPROVEMENT,30500,14.19,0,0.38,N,2
39,30900,MORTGAGE,1.1,EDUCATION,21200,20.13,0,0.69,N,6
53,29200,RENT,1.7,EDUCATION,22600,19.55,1,0.77,Y,9
41,147900,RENT,5.4,PERSONAL,21100,7.28,0,0.14,N,5
54,150900,MORTGAGE,1.8,PERSONAL,12800,9.63,0,0.08,N,6
36,59300,OWN,10.4,PERSONAL,21800,11.89,0,0.37,N,18
46,41500,RENT,0.2,MEDICAL,16900,16.3,1,0.41,Y,8
37,95600,MORTGAGE,2.2,EDUCATION,8800,10.48,0,0.09,N,2
47,22700,RENT,9.9,PERSONAL,6100,11.11,0,0.27,N,8
33,105500,RENT,4.9,VENTURE,14000,8.76,0,0.13,N,7
34,164600,RENT,7.4,VENTURE,15800,9.8,0,0.1,N,6
40,74600,RENT,2.0,PERSONAL,11000,10.17,0,0.15,N,5
55,28600,RENT,2.3,HOMEIMPROVEMENT,16900,18.43,1,0.59,Y,7
32,125300,RENT,11.0,PERSONAL,7400,5.42,0,0.06,N,13
57,64300,RENT,6.9,HOMEIMPROVEMENT,21900,13.04,0,0.34,N,8
47,50200,MORTGAGE,2.4,MEDICAL,12000,12.79,0,0.24,N,8
54,31800,MORTGAGE,1.2,DEBTCONSOLIDATION,19400,16.97,1,0.61,Y,3
44,28900,MORTGAGE,0.6,PERSONAL,23600,19.16,1,0.82,Y,4
45,102200,RENT,9.9,MEDICAL,9100,9.93,0,0.09,N,5
42,52000,RENT,6.0,VENTURE,15000,12.87,0,0.29,N,5
41,51700,RENT,4.7,EDUCATION,6800,9.99,0,0.13,N,10
50,58100,RENT,7.5,EDUCATION,4400,7.85,0,0.08,N,3
36,18500,MORTGAGE,12.3,VENTURE,4300,13.41,0,0.23,N,6
44,53500,MORTGAGE,7.2,HOMEIMPROVEMENT,28400,,1,0.53,Y,2
32,54000,OWN,2.7,DEBTCONSOLIDATION,4500,,0,0.08,Y,9
34,123300,RENT,1.0,EDUCATION,16300,6.52,0,0.13,N,3
43,85400,RENT,6.3,HOMEIMPROVEMENT,5000,6.87,0,0.06,N,3
38,27800,RENT,1.4,VENTURE,19100,22.72,1,0.69,Y,5
42,43600,RENT,7.6,EDUCATION,13800,9.06,1,0.32,N,3
37,96300,MORTGAGE,2.1,DEBTCONSOLIDATION,8500,12.62,0,0.09,N,2
49,26500,RENT,0.9,HOMEIMPROVEMENT,16300,18.08,1,0.62,N,4
34,137700,MORTGAGE,1.5,DEBTCONSOLIDATION,10700,11.26,0,0.08,Y,4
62,53000,RENT,1.6,PERSONAL,7400,10.1,0,0.14,N,5
56,72800,MORTGAGE,2.4,EDUCATION,19800,12.69,1,0.27,N,4
48,42500,RENT,1.5,MEDICAL,11600,13.02,0,0.27,Y,6
33,42200,RENT,1.3,HOMEIMPROVEMENT,13300,13.4,0,0.32,Y,9
42,32600,RENT,2.5,MEDICAL,4200,9.67,0,0.13,N,3
49,126200,RENT,10.1,MEDICAL,15400,14.06,0,0.12,N,4
53,75000,MORTGAGE,0.4,PERSONAL,14300,10.69,0,0.19,N,6
53,31800,MORTGAGE,1.8,DEBTCONSOLIDATION,20100,20.87,0,0.63,N,13
51,79900,MORTGAGE,4.1,MEDICAL,13500,11.23,0,0.17,N,2
30,90900,RENT,10.4,MEDICAL,23300,11.89,0,0.26,N,6
36,98200,OTHER,1.7,MEDICAL,11000,8.49,0,0.11,N,4
51,63200,RENT,2.1,MEDICAL,20000,13.13,1,0.32,N,6
39,59500,RENT,8.0,PERSONAL,9100,10.64,0,0.15,N,8
46,32500,OTHER,,EDUCATION,24000,20.32,0,0.74,N,2
63,112700,OWN,9.5,DEBTCONSOLIDATION,11100,12.3,0,0.1,N,8
39,78200,MORTGAGE,3.0,EDUCATION,19700,9.25,0,0.25,N,17
54,93300,RENT,4.2,EDUCATION,21800,11.21,0,0.23,N,10
47,19200,RENT,4.1,EDUCATION,7700,12.77,0,0.4,N,4
70,91700,MORTGAGE,0.6,EDUCATION,21700,9.95,0,0.24,N,2
47,54900,MORTGAGE,2.2,DEBTCONSOLIDATION,9900,9.68,0,0.18,N,7
39,85400,RENT,1.4,VENTURE,16100,14.42,0,0.19,N,14
44,28000,MORTGAGE,5.7,MEDICAL,14400,15.96,1,0.51,Y,6
36,146900,RENT,13.6,EDUCATION,15900,10.82,0,0.11,N,10
50,37900,MORTGAGE,1.2,PERSONAL,21300,19.51,1,0.56,Y,8
40,102100,MORTGAGE,0.5,VENTURE,22800,9.23,0,0.22,N,2
44,48400,OTHER,3.5,EDUCATION,9300,11.37,1,0.19,N,4
55,149900,MORTGAGE,2.5,MEDICAL,8200,5.42,0,0.05,N,5
35,63800,RENT,0.2,VENTURE,5800,12.96,0,0.09,N,4
53,152800,RENT,12.7,MEDICAL,18900,9.94,0,0.12,N,16
33,52100,MORTGAGE,14.1,MEDICAL,13500,13.32,0,0.26,N,2
43,29400,RENT,9.5,MEDICAL,7400,11.87,0,0.25,Y,5
48,63800,OWN,1.6,PERSONAL,13600,10.75,0,0.21,N,8
51,50300,RENT,0.7,HOMEIMPROVEMENT,31300,17.48,1,0.62,Y,12
35,38900,MORTGAGE,4.5,EDUCATION,15200,15.56,1,0.39,N,12
63,107300,RENT,1.7,PERSONAL,24400,14.31,0,0.23,N,12
48,25700,RENT,1.1,EDUCATION,5900,11.97,0,0.23,N,5
51,155000,RENT,5.1,EDUCATION,25700,10.16,0,0.17,N,5
48,48900,MORTGAGE,6.9,VENTURE,15200,15.72,0,0.31,N,3
36,25600,MORTGAGE,3.7,DEBTCONSOLIDATION,14800,22.64,1,0.58,N,7
38,67100,RENT,1.9,MEDICAL,7100,10.32,0,0.11,N,2
57,59900,RENT,3.6,DEBTCONSOLIDATION,13100,,0,0.22,N,4
57,49800,RENT,4.6,PERSONAL,13700,10.68,0,0.28,N,5
31,38300,RENT,0.3,EDUCATION,7200,8.07,0,0.19,Y,13
50,111600,MORTGAGE,2.9,PERSONAL,10800,9.42,0,0.1,N,6
42,72900,MORTGAGE,4.6,MEDICAL,24700,10.43,1,0.34,N,5
48,41500,RENT,0.7,PERSONAL,4000,,0,0.1,N,12
45,67400,RENT,3.0,EDUCATION,14500,14.05,0,0.22,N,9
45,35300,RENT,2.1,EDUCATION,21100,17.72,1,0.6,N,5
37,92800,MORTGAGE,10.1,PERSONAL,29700,10.78,0,0.32,N,9
54,171700,MORTGAGE,3.4,VENTURE,17600,10.22,0,0.1,N,8
39,99600,MORTGAGE,2.8,VENTURE,4300,8.74,0,0.04,N,4
42,37700,MORTGAGE,1.4,MEDICAL,19200,14.07,0,0.51,N,3
37,31900,RENT,15.8,EDUCATION,19500,16.93,1,0.61,N,10
44,57200,OTHER,16.2,DEBTCONSOLIDATION,14800,14.01,0,0.26,N,2
34,22400,RENT,,VENTURE,11500,18.48,1,0.51,Y,6
39,89600,MORTGAGE,13.2,MEDICAL,12700,9.9,0,0.14,N,5
53,78100,RENT,4.8,DEBTCONSOLIDATION,28000,17.01,1,0.36,Y,3
35,49800,RENT,7.6,EDUCATION,25000,17.68,1,0.5,N,2
50,46200,RENT,0.5,PERSONAL,9800,11.32,1,0.21,Y,8
34,51000,RENT,0.1,EDUCATION,5500,8.6,1,0.11,Y,10
38,127900,RENT,3.6,EDUCATION,20000,10.3,0,0.16,Y,2
39,43300,RENT,0.4,PERSONAL,14700,11.57,1,0.34,N,6
52,28100,MORTGAGE,11.1,MEDICAL,17200,19.47,1,0.61,N,10
57,35200,MORTGAGE,8.6,PERSONAL,28000,18.0,1,0.8,Y,10
41,93400,RENT,,VENTURE,27900,13.06,0,0.3,N,7
34,31900,RENT,0.2,MEDICAL,22700,17.89,1,0.71,Y,16
40,104700,MORTGAGE,3.1,DEBTCONSOLIDATION,9500,10.06,0,0.09,N,10
40,48500,MORTGAGE,0.4,PERSONAL,21700,12.94,0,0.45,Y,4
39,20200,MORTGAGE,13.2,MEDICAL,23400,17.44,1,1.16,Y,6
42,81800,OTHER,4.7,VENTURE,1500,10.59,0,0.02,N,2
37,46700,RENT,0.9,MEDICAL,12100,14.78,1,0.26,N,13
35,66500,RENT,4.1,EDUCATION,10400,10.2,0,0.16,N,15
31,38500,MORTGAGE,0.6,MEDICAL,23300,22.08,0,0.61,N,2
52,106600,MORTGAGE,0.8,MEDICAL,6400,7.87,0,0.06,N,2
45,69200,RENT,0.4,MEDICAL,16700,13.54,1,0.24,N,3
49,178400,MORTGAGE,10.3,VENTURE,14200,8.43,0,0.08,N,11
48,80100,MORTGAGE,3.9,EDUCATION,26900,13.25,0,0.34,N,11
43,47700,RENT,2.0,EDUCATION,13400,12.56,1,0.28,Y,7
42,33700,RENT,0.0,PERSONAL,5600,,0,0.17,N,8
63,24800,RENT,3.2,EDUCATION,25100,21.23,0,1.01,N,8
40,50500,RENT,3.6,MEDICAL,16200,,0,0.32,N,7
44,51600,RENT,2.1,PERSONAL,17900,13.57,0,0.35,N,4
40,130000,MORTGAGE,3.3,HOMEIMPROVEMENT,19300,8.43,0,0.15,N,6
36,43200,RENT,0.5,EDUCATION,22700,16.34,1,0.53,Y,3
70,94700,RENT,12.8,PERSONAL,19800,,0,0.21,N,3
49,51100,RENT,1.5,VENTURE,9400,12.06,0,0.18,N,2
38,153400,MORTGAGE,14.8,EDUCATION,28900,8.48,0,0.19,N,4
37,22900,MORTGAGE,3.4,EDUCATION,7300,13.84,0,0.32,N,10
50,114000,MORTGAGE,9.7,PERSONAL,12200,10.57,0,0.11,N,4
54,41200,RENT,4.3,DEBTCONSOLIDATION,14700,14.37,0,0.36,Y,5
35,88500,MORTGAGE,,EDUCATION,4800,9.73,0,0.05,N,5
42,128600,MORTGAGE,0.1,EDUCATION,6800,9.27,0,0.05,N,9
44,44700,MORTGAGE,1.0,MEDICAL,8200,6.53,0,0.18,N,4
44,29600,RENT,2.2,HOMEIMPROVEMENT,24300,21.59,1,0.82,Y,8
46,28100,RENT,1.8,PERSONAL,16200,16.69,1,0.58,Y,6
41,33900,MORTGAGE,14.7,MEDICAL,6200,12.55,0,0.18,N,14
43,14200,MORTGAGE,2.5,EDUCATION,19600,16.41,0,1.38,N,7
43,47800,MORTGAGE,17.9,EDUCATION,13100,13.44,0,0.27,N,8
35,77400,RENT,5.3,EDUCATION,7600,11.71,0,0.1,N,9
63,62000,RENT,9.0,HOMEIMPROVEMENT,15300,8.96,0,0.25,N,16
51,44000,RENT,2.5,HOMEIMPROVEMENT,11700,14.63,0,0.27,N,6
54,33300,RENT,1.1,EDUCATION,17400,13.11,0,0.52,Y,6
46,39600,MORTGAGE,0.3,MEDICAL,30800,19.91,1,0.78,N,3
70,63300,MORTGAGE,5.3,EDUCATION,19500,12.05,0,0.31,N,2
27,85300,RENT,9.0,MEDICAL,14200,8.2,0,0.17,N,6
44,23800,RENT,0.6,DEBTCONSOLIDATION,16500,18.8,1,0.69,Y,9
37,59100,RENT,7.4,DEBTCONSOLIDATION,20900,14.76,0,0.35,N,12
45,62700,OWN,2.3,PERSONAL,8900,14.1,0,0.14,N,3
59,32200,RENT,25.2,HOMEIMPROVEMENT,7100,11.12,0,0.22,N,3
50,73200,RENT,10.2,PERSONAL,15600,11.42,0,0.21,N,4
43,90500,RENT,1.3,MEDICAL,20000,9.74,0,0.22,N,3
61,39600,MORTGAGE,7.3,DEBTCONSOLIDATION,12400,11.94,0,0.31,N,8
53,33600,MORTGAGE,6.6,VENTURE,8300,12.06,1,0.25,N,4
49,177300,RENT,7.2,VENTURE,17100,13.02,0,0.1,N,11
48,84100,RENT,0.4,DEBTCONSOLIDATION,18100,10.77,0,0.22,N,10
52,59800,RENT,8.3,VENTURE,21300,19.37,1,0.36,N,9
39,37400,RENT,1.5,MEDICAL,15900,14.29,0,0.43,N,3
38,35400,RENT,4.5,HOMEIMPROVEMENT,11300,16.21,0,0.32,N,7
36,74300,RENT,0.6,EDUCATION,8700,11.11,0,0.12,N,11
39,34500,MORTGAGE,4.1,PERSONAL,4400,10.19,0,0.13,N,6
60,33700,MORTGAGE,11.8,PERSONAL,12000,14.98,0,0.36,N,6
42,50300,MORTGAGE,1.0,EDUCATION,20700,14.59,0,0.41,N,11
60,77000,MORTGAGE,9.7,EDUCATION,20200,9.95,0,0.26,N,7
39,142900,RENT,2.9,EDUCATION,27800,10.33,0,0.19,N,4
55,61800,RENT,1.9,DEBTCONSOLIDATION,3200,,0,0.05,N,6
57,34500,MORTGAGE,0.3,PERSONAL,7900,10.44,1,0.23,N,6
45,46800,MORTGAGE,3.8,EDUCATION,17700,15.19,0,0.38,N,3
42,111000,MORTGAGE,1.1,DEBTCONSOLIDATION,14900,11.56,0,0.13,N,6
38,105000,MORTGAGE,14.1,MEDICAL,19200,13.46,0,0.18,N,14
53,107600,OWN,1.4,PERSONAL,11800,11.32,0,0.11,Y,6
42,94600,MORTGAGE,,VENTURE,11100,10.29,0,0.12,N,10
41,155200,RENT,4.1,EDUCATION,18700,9.38,0,0.12,N,13
47,60700,RENT,2.1,PERSONAL,12100,11.5,0,0.2,N,6
50,81900,RENT,9.6,MEDICAL,9400,10.29,0,0.11,N,5
37,34800,MORTGAGE,1.0,MEDICAL,10200,15.0,0,0.29,Y,8
47,61600,RENT,8.5,EDUCATION,8700,7.13,0,0.14,N,7
57,62900,RENT,1.2,DEBTCONSOLIDATION,2700,9.86,0,0.04,N,2
36,83600,OTHER,0.2,EDUCATION,18500,11.92,0,0.22,N,9
54,38400,RENT,14.4,EDUCATION,19700,17.05,0,0.51,N,4
53,22900,RENT,5.1,MEDICAL,21400,17.53,1,0.93,Y,10
55,39400,RENT,5.0,EDUCATION,8000,12.82,0,0.2,Y,5
50,97100,MORTGAGE,1.5,EDUCATION,26300,,0,0.27,N,3
50,48200,MORTGAGE,0.7,VENTURE,10700,11.06,0,0.22,N,11
53,70100,MORTGAGE,6.1,HOMEIMPROVEMENT,25300,12.44,0,0.36,N,5
47,39000,MORTGAGE,3.7,DEBTCONSOLIDATION,9600,11.24,0,0.25,Y,11
40,96000,OWN,1.9,EDUCATION,4400,6.44,0,0.05,N,5
40,51100,RENT,1.9,VENTURE,14400,12.39,0,0.28,N,4
43,50700,RENT,11.0,DEBTCONSOLIDATION,14600,13.97,0,0.29,N,13
51,112400,RENT,11.0,EDUCATION,25600,9.14,0,0.23,N,3
43,128900,RENT,1.6,EDUCATION,17900,11.39,0,0.14,N,3
42,113700,RENT,7.9,DEBTCONSOLIDATION,22600,9.41,0,0.2,N,6
54,45200,OWN,1.3,MEDICAL,23600,15.93,1,0.52,Y,6
45,39100,RENT,8.3,VENTURE,13700,14.69,0,0.35,N,5
34,32800,MORTGAGE,0.7,EDUCATION,26000,18.98,1,0.79,Y,4
36,23900,MORTGAGE,7.1,EDUCATION,19400,22.17,1,0.81,Y,2
35,32400,RENT,4.1,VENTURE,6500,12.89,0,0.2,N,4
43,34000,OWN,0.6,MEDICAL,9200,9.96,0,0.27,N,5
36,27100,MORTGAGE,,PERSONAL,6300,11.97,0,0.23,N,2
42,23500,MORTGAGE,1.1,DEBTCONSOLIDATION,15800,18.31,0,0.67,Y,10
39,26400,RENT,1.1,EDUCATION,8800,15.61,0,0.33,N,14
33,52700,MORTGAGE,3.0,EDUCATION,27900,12.64,0,0.53,N,5
36,69000,RENT,,HOMEIMPROVEMENT,25300,13.19,0,0.37,N,5
61,65800,RENT,11.1,MEDICAL,21500,13.6,0,0.33,N,3
41,40700,RENT,8.8,HOMEIMPROVEMENT,24600,15.78,1,0.6,N,7
40,44700,RENT,9.5,MEDICAL,23200,18.59,1,0.52,N,11
40,66300,MORTGAGE,3.4,MEDICAL,7900,11.75,0,0.12,N,6
46,60200,MORTGAGE,2.3,PERSONAL,6000,8.07,0,0.1,N,6
44,73800,RENT,10.8,EDUCATION,18700,11.06,1,0.25,N,3
64,31900,MORTGAGE,0.4,MEDICAL,10900,11.76,1,0.34,N,7
55,140600,RENT,27.7,MEDICAL,16800,10.44,0,0.12,N,8
64,76700,RENT,4.0,EDUCATION,17000,10.89,0,0.22,N,4
51,81500,RENT,3.9,MEDICAL,23800,,0,0.29,N,5
49,30200,MORTGAGE,1.7,MEDICAL,7600,15.5,0,0.25,N,7
36,29800,MORTGAGE,0.9,EDUCATION,24900,22.07,1,0.84,N,9
30,36900,RENT,5.7,EDUCATION,10600,16.17,0,0.29,Y,5
34,81300,RENT,2.2,VENTURE,25200,11.03,0,0.31,N,6
33,28700,RENT,1.8,EDUCATION,8400,14.55,1,0.29,Y,6
42,69300,MORTGAGE,0.9,MEDICAL,7600,9.95,0,0.11,N,6
53,120800,OWN,3.8,EDUCATION,16600,10.66,0,0.14,N,6
39,36700,MORTGAGE,4.4,EDUCATION,25800,16.65,1,0.7,Y,3
37,32400,RENT,2.9,EDUCATION,13700,13.14,1,0.42,N,14
52,36200,RENT,0.1,EDUCATION,5700,9.11,0,0.16,N,9
37,49500,OTHER,3.4,PERSONAL,24300,16.22,1,0.49,Y,9
60,91400,OWN,1.6,DEBTCONSOLIDATION,13900,10.98,0,0.15,N,4
36,94500,OTHER,0.7,VENTURE,14100,11.03,0,0.15,N,8
53,84100,MORTGAGE,4.3,DEBTCONSOLIDATION,8700,9.86,0,0.1,N,5
46,18600,RENT,5.6,EDUCATION,8300,13.94,1,0.45,Y,3
29,48900,MORTGAGE,3.7,VENTURE,16400,14.95,1,0.34,N,6
38,33300,MORTGAGE,4.8,EDUCATION,12600,14.44,0,0.38,N,9
53,67700,RENT,4.7,HOMEIMPROVEMENT,7300,9.47,0,0.11,N,7
33,88900,MORTGAGE,0.7,EDUCATION,30500,15.07,0,0.34,N,2
41,41200,OWN,1.2,VENTURE,4600,10.04,0,0.11,N,6
33,155900,MORTGAGE,0.0,EDUCATION,4400,8.5,0,0.03,N,15
42,32900,MORTGAGE,20.1,EDUCATION,30700,,1,0.93,N,3
47,72600,MORTGAGE,1.2,PERSONAL,8800,5.96,0,0.12,N,18
45,176200,MORTGAGE,8.4,EDUCATION,3000,9.82,0,0.02,N,2
45,89800,MORTGAGE,7.6,EDUCATION,11900,8.72,0,0.13,N,7
45,75100,RENT,6.1,HOMEIMPROVEMENT,8700,10.57,0,0.12,N,2
42,49300,RENT,3.0,EDUCATION,21900,15.63,0,0.44,N,10
51,75800,MORTGAGE,4.4,DEBTCONSOLIDATION,9300,9.67,0,0.12,N,9
33,40000,RENT,1.0,HOMEIMPROVEMENT,22300,18.43,1,0.56,Y,9
59,100700,MORTGAGE,0.6,PERSONAL,14600,7.84,0,0.14,N,5
45,36400,RENT,2.2,EDUCATION,21900,18.44,1,0.6,N,5
34,47300,MORTGAGE,8.7,EDUCATION,16500,13.07,0,0.35,N,6
57,34100,MORTGAGE,4.2,EDUCATION,20300,19.85,1,0.6,Y,5
42,44900,MORTGAGE,7.2,PERSONAL,13100,14.61,0,0.29,N,7
39,42100,MORTGAGE,11.1,EDUCATION,12400,12.4,0,0.29,N,5
34,17900,MORTGAGE,4.1,EDUCATION,13000,18.68,1,0.73,Y,2
39,55200,RENT,2.3,VENTURE,19900,11.93,0,0.36,N,6
52,41500,RENT,9.7,VENTURE,12800,13.05,0,0.31,N,5
37,26400,RENT,1.3,VENTURE,10000,14.75,0,0.38,N,12
52,37200,MORTGAGE,0.1,VENTURE,22100,,1,0.59,N,7
41,66100,MORTGAGE,0.3,VENTURE,12300,12.72,0,0.19,Y,11
29,20400,RENT,4.4,MEDICAL,12900,18.63,1,0.63,N,6
36,49600,MORTGAGE,11.1,HOMEIMPROVEMENT,5700,10.28,0,0.11,N,6
39,101700,RENT,4.2,DEBTCONSOLIDATION,11300,,0,0.11,N,6
48,42700,RENT,2.6,MEDICAL,22500,17.33,1,0.53,Y,7
45,121100,RENT,4.3,EDUCATION,17900,9.36,0,0.15,N,7
61,97900,RENT,5.6,DEBTCONSOLIDATION,7000,11.36,0,0.07,N,6
41,66200,RENT,7.1,PERSONAL,13300,12.05,0,0.2,N,4
52,53500,OWN,2.1,EDUCATION,26900,16.46,0,0.5,N,3
42,54400,MORTGAGE,2.4,PERSONAL,8900,11.18,1,0.16,N,3
37,70900,MORTGAGE,0.1,VENTURE,22600,8.18,0,0.32,N,10
35,162700,MORTGAGE,5.2,EDUCATION,15400,10.82,0,0.09,N,5
41,71400,RENT,7.5,PERSONAL,11200,11.92,0,0.16,N,7
43,122800,OWN,3.6,MEDICAL,30000,14.19,0,0.24,N,5
57,28600,OWN,2.4,DEBTCONSOLIDATION,19300,18.2,1,0.67,N,6
61,40200,MORTGAGE,2.0,EDUCATION,10400,10.57,0,0.26,N,2
61,54700,RENT,5.2,HOMEIMPROVEMENT,8300,8.07,0,0.15,Y,3
38,113400,MORTGAGE,2.0,EDUCATION,24600,13.08,0,0.22,N,5
37,20200,RENT,4.6,EDUCATION,16000,18.58,1,0.79,Y,7
39,250000,MORTGAGE,13.1,VENTURE,4200,9.71,0,0.02,N,3
42,54200,RENT,2.0,VENTURE,12500,13.23,0,0.23,N,3
32,103600,RENT,0.4,EDUCATION,12800,10.72,0,0.12,N,5
36,53700,OWN,10.4,DEBTCONSOLIDATION,20900,14.38,0,0.39,N,12
56,34600,OWN,1.6,DEBTCONSOLIDATION,9100,12.55,0,0.26,N,12
46,139000,OWN,22.4,MEDICAL,13100,8.35,0,0.09,N,5
39,48700,RENT,9.2,VENTURE,5700,12.33,0,0.12,N,19
32,36400,RENT,2.8,PERSONAL,6800,10.96,1,0.19,N,11
46,66900,OWN,4.9,DEBTCONSOLIDATION,21500,17.35,0,0.32,N,2
44,75200,RENT,1.6,DEBTCONSOLIDATION,14500,10.05,0,0.19,N,6
36,65100,MORTGAGE,0.4,MEDICAL,11700,11.89,0,0.18,N,7
50,68100,RENT,3.7,PERSONAL,9500,10.85,0,0.14,N,5
39,66800,RENT,2.8,PERSONAL,29300,,0,0.44,N,5
45,106700,MORTGAGE,17.5,VENTURE,13300,9.6,0,0.12,N,6
60,55900,RENT,4.5,HOMEIMPROVEMENT,15400,11.99,0,0.28,Y,6
50,37900,MORTGAGE,6.9,VENTURE,31300,21.26,1,0.83,N,5
34,80600,RENT,0.7,DEBTCONSOLIDATION,20200,13.14,0,0.25,N,4
50,14000,RENT,6.4,PERSONAL,11500,18.02,1,0.82,Y,7
38,75400,RENT,0.3,EDUCATION,15200,12.42,0,0.2,N,6
48,124100,MORTGAGE,4.7,MEDICAL,11900,9.49,0,0.1,N,5
52,82400,OTHER,9.1,VENTURE,15100,14.77,0,0.18,N,3
45,22600,MORTGAGE,3.3,MEDICAL,17300,18.48,1,0.77,Y,8
34,119800,MORTGAGE,1.2,HOMEIMPROVEMENT,30300,13.79,0,0.25,N,3
30,40000,MORTGAGE,2.9,VENTURE,19600,17.62,0,0.49,N,12
55,60500,MORTGAGE,9.2,HOMEIMPROVEMENT,18600,14.48,0,0.31,N,3
59,110200,RENT,6.3,EDUCATION,6100,7.69,0,0.06,N,4
38,38600,MORTGAGE,4.6,DEBTCONSOLIDATION,10500,12.79,0,0.27,N,4
29,58500,MORTGAGE,5.9,VENTURE,9800,14.0,0,0.17,N,11
33,26400,MORTGAGE,9.0,EDUCATION,6200,12.24,0,0.23,N,4
40,48900,RENT,0.8,MEDICAL,24400,16.53,1,0.5,Y,3
52,28500,MORTGAGE,9.2,HOMEIMPROVEMENT,22200,16.84,1,0.78,N,3
29,70700,RENT,8.2,HOMEIMPROVEMENT,21400,11.91,0,0.3,N,6
56,24400,MORTGAGE,3.2,EDUCATION,7900,11.54,0,0.32,N,9
55,51600,MORTGAGE,2.6,MEDICAL,16200,14.03,0,0.31,Y,11
56,39700,MORTGAGE,13.5,DEBTCONSOLIDATION,14600,16.22,0,0.37,N,6
36,36500,RENT,8.6,EDUCATION,16500,16.4,1,0.45,Y,3
53,99300,OWN,22.4,HOMEIMPROVEMENT,21300,12.34,0,0.21,Y,4
44,30000,MORTGAGE,5.1,MEDICAL,6100,12.11,0,0.2,N,11
35,40200,MORTGAGE,0.2,EDUCATION,8200,13.35,0,0.2,N,8
45,60200,MORTGAGE,0.8,MEDICAL,9800,10.28,0,0.16,N,5
43,77100,RENT,8.6,DEBTCONSOLIDATION,13400,12.61,0,0.17,N,15
33,20100,RENT,5.1,HOMEIMPROVEMENT,15900,19.82,1,0.79,Y,7
49,49100,RENT,1.1,EDUCATION,10200,12.51,1,0.21,N,11
43,82100,MORTGAGE,0.1,PERSONAL,6500,9.92,0,0.08,N,13
40,135300,RENT,1.5,HOMEIMPROVEMENT,14100,,0,0.1,N,6
40,55100,MORTGAGE,0.7,DEBTCONSOLIDATION,5000,8.77,0,0.09,N,8
46,25100,MORTGAGE,,MEDICAL,11300,14.42,0,0.45,N,6
39,53800,RENT,10.7,DEBTCONSOLIDATION,4500,10.28,0,0.08,N,2
30,41600,RENT,9.2,EDUCATION,8700,11.31,0,0.21,N,6
35,65300,RENT,0.5,PERSONAL,6500,9.78,0,0.1,N,12
43,149100,MORTGAGE,0.7,VENTURE,12900,9.66,0,0.09,N,3
39,28400,RENT,0.7,PERSONAL,9000,15.44,0,0.32,N,6
40,99000,RENT,1.5,EDUCATION,4900,8.73,0,0.05,N,5
36,89000,MORTGAGE,0.4,PERSONAL,10100,5.87,0,0.11,N,5
36,77600,MORTGAGE,18.0,VENTURE,25300,13.89,0,0.33,N,8
48,62600,RENT,9.7,EDUCATION,23200,13.54,1,0.37,N,2
45,169600,RENT,0.4,MEDICAL,24800,10.75,0,0.15,N,4
37,110200,RENT,0.8,EDUCATION,11800,9.53,0,0.11,N,7
40,39300,RENT,1.5,HOMEIMPROVEMENT,24700,19.21,1,0.63,N,3
51,55700,RENT,7.5,HOMEIMPROVEMENT,28500,18.96,1,0.51,Y,10
35,29800,RENT,6.3,MEDICAL,28900,19.76,0,0.97,N,3
52,116200,RENT,5.0,DEBTCONSOLIDATION,6800,16.11,0,0.06,Y,14
42,55600,RENT,12.2,DEBTCONSOLIDATION,22500,17.9,0,0.4,N,9
40,18800,MORTGAGE,0.2,HOMEIMPROVEMENT,10800,17.72,1,0.57,N,13
33,14000,MORTGAGE,0.9,EDUCATION,12900,20.01,0,0.92,N,7
70,39900,MORTGAGE,1.1,PERSONAL,17600,,1,0.44,Y,9
47,34100,OWN,0.3,EDUCATION,20400,15.52,0,0.6,Y,4
30,42500,OWN,4.8,PERSONAL,25600,20.02,0,0.6,N,4
45,48300,RENT,1.2,DEBTCONSOLIDATION,28900,22.1,1,0.6,N,2
55,110500,RENT,3.3,EDUCATION,20700,9.48,0,0.19,N,5
46,118600,MORTGAGE,5.8,PERSONAL,9100,7.97,0,0.08,N,10
51,185000,MORTGAGE,4.5,VENTURE,14200,9.08,0,0.08,N,3
39,138600,MORTGAGE,1.7,EDUCATION,10900,12.0,0,0.08,N,5
38,76600,RENT,2.7,EDUCATION,24100,13.32,0,0.31,N,6
41,25100,MORTGAGE,2.1,VENTURE,13900,17.06,1,0.55,Y,6
44,84200,RENT,9.6,DEBTCONSOLIDATION,23700,10.98,0,0.28,N,5
39,22700,MORTGAGE,2.7,PERSONAL,30200,20.97,0,1.33,N,6
42,65000,MORTGAGE,0.3,EDUCATION,9900,10.43,0,0.15,N,5
35,23900,MORTGAGE,4.8,EDUCATION,3800,12.19,0,0.16,N,3
32,157700,RENT,1.1,DEBTCONSOLIDATION,8600,10.54,0,0.05,N,8
37,66900,MORTGAGE,2.1,PERSONAL,17200,,0,0.26,N,13
63,48400,MORTGAGE,2.0,EDUCATION,22000,12.42,0,0.45,N,3
56,42300,MORTGAGE,0.4,VENTURE,20100,18.34,0,0.48,N,11
45,53100,MORTGAGE,15.1,EDUCATION,21800,15.32,1,0.41,N,5
33,36300,MORTGAGE,4.0,DEBTCONSOLIDATION,26800,20.0,1,0.74,Y,10
42,45200,MORTGAGE,0.8,EDUCATION,8800,11.52,0,0.19,N,6
44,18000,MORTGAGE,4.1,EDUCATION,4700,11.5,0,0.26,N,5
38,32600,RENT,3.0,PERSONAL,10600,13.7,0,0.33,N,10
56,28600,RENT,2.1,DEBTCONSOLIDATION,23600,18.84,1,0.83,Y,6
32,72200,MORTGAGE,3.2,MEDICAL,19500,13.36,0,0.27,N,2
35,55200,RENT,,MEDICAL,4000,10.02,0,0.07,N,9
48,87300,RENT,1.1,MEDICAL,7500,10.94,0,0.09,N,12
35,43000,RENT,3.9,PERSONAL,27100,16.52,1,0.63,Y,4
35,57700,MORTGAGE,8.4,MEDICAL,13900,9.34,0,0.24,N,6
42,17700,RENT,1.3,EDUCATION,17200,17.3,1,0.97,N,3
29,89400,RENT,3.6,MEDICAL,6100,11.37,0,0.07,N,4
45,108700,RENT,,HOMEIMPROVEMENT,15700,9.77,0,0.14,N,4
39,77500,MORTGAGE,8.1,MEDICAL,23300,13.53,0,0.3,N,9
42,33400,RENT,,VENTURE,25700,21.8,1,0.77,Y,6
38,73500,OWN,6.9,PERSONAL,13000,9.31,0,0.18,N,2
56,59700,MORTGAGE,3.7,VENTURE,15900,13.63,0,0.27,N,4
52,18400,RENT,21.6,PERSONAL,19500,17.53,1,1.06,N,11
48,107200,MORTGAGE,0.9,DEBTCONSOLIDATION,12000,8.3,0,0.11,N,7
36,30100,RENT,6.4,MEDICAL,10000,15.16,1,0.33,N,12
49,74300,MORTGAGE,0.0,EDUCATION,5900,8.75,0,0.08,N,7
46,55000,RENT,0.7,EDUCATION,8300,11.24,0,0.15,N,8
70,113700,RENT,6.4,PERSONAL,31100,14.08,0,0.27,N,5
33,33700,MORTGAGE,7.1,PERSONAL,24300,17.14,1,0.72,N,5
41,41000,RENT,0.2,VENTURE,11000,12.37,1,0.27,N,6
38,79100,MORTGAGE,2.0,HOMEIMPROVEMENT,22800,15.71,0,0.29,N,16
46,39000,MORTGAGE,,PERSONAL,20600,17.88,0,0.53,N,3
32,118500,MORTGAGE,11.0,EDUCATION,29600,9.97,0,0.25,N,10
50,35700,RENT,3.0,VENTURE,4300,9.22,0,0.12,N,7
32,74900,MORTGAGE,2.9,EDUCATION,15700,9.98,0,0.21,N,9
46,54100,RENT,8.7,PERSONAL,18700,14.25,0,0.35,N,17
40,37700,RENT,5.9,EDUCATION,22700,18.37,1,0.6,N,7
36,111800,MORTGAGE,12.8,PERSONAL,21800,12.63,0,0.19,N,7
35,30400,RENT,14.0,DEBTCONSOLIDATION,9700,15.82,0,0.32,Y,6
38,72600,MORTGAGE,1.9,EDUCATION,18800,10.63,0,0.26,N,6
40,13700,MORTGAGE,5.2,MEDICAL,22000,21.78,1,1.61,Y,3
43,64700,MORTGAGE,3.9,PERSONAL,14300,12.2,0,0.22,N,4
44,106100,RENT,4.5,PERSONAL,14000,13.25,1,0.13,N,3
41,49900,RENT,4.9,VENTURE,12800,11.82,0,0.26,N,4
40,60900,RENT,0.3,EDUCATION,8500,6.28,0,0.14,N,3
60,138500,MORTGAGE,11.3,MEDICAL,22900,11.5,0,0.17,N,3
49,96900,MORTGAGE,0.8,DEBTCONSOLIDATION,14000,11.1,0,0.14,N,15
33,15900,RENT,2.8,DEBTCONSOLIDATION,7100,17.93,1,0.45,N,7
38,40200,RENT,1.7,HOMEIMPROVEMENT,26300,18.87,1,0.65,Y,6
42,46300,RENT,4.0,MEDICAL,23300,18.69,1,0.5,N,7
37,64300,MORTGAGE,16.3,MEDICAL,12400,10.55,0,0.19,N,2
40,52300,MORTGAGE,2.7,MEDICAL,21100,15.25,0,0.4,N,4
33,40600,RENT,4.6,VENTURE,7700,13.03,0,0.19,N,6
44,39200,MORTGAGE,0.8,DEBTCONSOLIDATION,30000,21.07,1,0.77,Y,9
65,24500,MORTGAGE,3.1,MEDICAL,5800,13.09,1,0.24,N,6
44,31100,RENT,12.4,EDUCATION,24800,19.96,1,0.8,N,9
44,86000,RENT,13.5,PERSONAL,33600,14.47,0,0.39,Y,8
41,30400,MORTGAGE,4.0,PERSONAL,9900,14.16,0,0.33,N,9
34,34800,RENT,7.3,DEBTCONSOLIDATION,22100,20.36,1,0.64,Y,13
61,24300,OWN,0.0,PERSONAL,26300,18.6,1,1.08,Y,3
45,66900,MORTGAGE,3.8,MEDICAL,28500,,0,0.43,N,2
48,91900,RENT,6.6,EDUCATION,19300,15.48,0,0.21,N,9
40,102700,OWN,2.0,PERSONAL,16700,10.94,0,0.16,N,16
48,43700,RENT,11.6,DEBTCONSOLIDATION,6300,11.9,0,0.14,N,8
61,52300,MORTGAGE,7.6,EDUCATION,13300,10.92,0,0.25,N,2
56,55000,MORTGAGE,7.3,VENTURE,11900,,0,0.22,N,4
24,43000,MORTGAGE,0.1,MEDICAL,3400,8.35,0,0.08,N,6
55,65000,MORTGAGE,,VENTURE,9900,12.39,0,0.15,N,2
36,100900,RENT,6.3,EDUCATION,19900,11.37,0,0.2,N,8
36,93700,RENT,4.1,MEDICAL,10200,12.3,0,0.11,N,14
33,49400,MORTGAGE,4.3,VENTURE,4000,8.24,0,0.08,Y,4
35,40400,MORTGAGE,0.1,EDUCATION,20800,16.23,0,0.51,N,9
46,28700,OWN,2.9,MEDICAL,22000,18.26,1,0.77,Y,3
44,20800,MORTGAGE,7.7,EDUCATION,3700,6.37,0,0.18,N,7
49,73100,RENT,5.4,EDUCATION,23000,10.78,0,0.31,N,11
43,54200,RENT,4.2,HOMEIMPROVEMENT,21600,14.23,0,0.4,N,3
36,54400,MORTGAGE,6.0,VENTURE,16700,,0,0.31,N,4
50,208000,MORTGAGE,9.5,MEDICAL,4500,8.83,0,0.02,N,4
40,129700,MORTGAGE,9.5,VENTURE,28000,13.38,0,0.22,N,2
50,55500,RENT,3.0,MEDICAL,6200,7.5,0,0.11,N,6
45,60800,MORTGAGE,1.8,VENTURE,19300,13.16,0,0.32,N,6
44,29400,RENT,2.3,EDUCATION,20600,20.88,1,0.7,Y,5
64,77300,RENT,3.7,EDUCATION,28200,15.93,1,0.36,N,2
30,61400,RENT,0.5,HOMEIMPROVEMENT,28200,17.54,0,0.46,Y,6
31,33300,RENT,,EDUCATION,9800,13.19,0,0.29,Y,2
38,62100,MORTGAGE,3.0,EDUCATION,8900,7.19,0,0.14,N,5
50,96100,RENT,7.1,VENTURE,12200,13.16,0,0.13,N,5
39,168900,RENT,1.6,MEDICAL,27400,8.8,0,0.16,Y,8
41,23600,RENT,0.3,VENTURE,19400,21.62,1,0.82,Y,2
31,28900,MORTGAGE,11.2,HOMEIMPROVEMENT,26200,18.43,1,0.91,Y,8
50,51300,RENT,0.4,EDUCATION,8700,10.75,0,0.17,Y,3
31,61500,RENT,13.0,MEDICAL,5300,7.69,0,0.09,N,9
40,136600,RENT,3.4,PERSONAL,3600,8.15,0,0.03,N,3
29,106500,RENT,0.3,EDUCATION,5400,6.47,0,0.05,N,5
52,17300,MORTGAGE,0.7,PERSONAL,23100,17.6,1,1.34,Y,3
31,42900,RENT,3.8,MEDICAL,24400,,1,0.57,Y,4
39,23500,RENT,0.1,PERSONAL,26400,15.85,1,1.12,N,2
38,26400,MORTGAGE,12.3,VENTURE,12100,15.45,0,0.46,N,5
48,74700,RENT,8.0,VENTURE,13300,9.2,0,0.18,N,3
44,58500,OWN,3.5,VENTURE,8200,9.21,0,0.14,N,3
63,135000,MORTGAGE,13.0,EDUCATION,12800,7.17,0,0.09,Y,5
33,25000,RENT,1.5,MEDICAL,7500,15.45,0,0.3,N,5
55,53400,RENT,9.6,PERSONAL,16600,10.53,0,0.31,N,6
58,40200,OWN,8.2,DEBTCONSOLIDATION,3100,10.58,0,0.08,N,9
62,128700,MORTGAGE,,PERSONAL,12500,10.04,0,0.1,N,4
43,33100,MORTGAGE,1.9,DEBTCONSOLIDATION,31300,20.36,1,0.95,Y,5
34,61000,MORTGAGE,4.1,VENTURE,32800,19.52,1,0.54,Y,11
47,25200,RENT,15.8,EDUCATION,20800,18.29,1,0.83,N,13
32,120100,RENT,0.4,PERSONAL,10100,9.2,0,0.08,N,11
54,148800,RENT,1.1,PERSONAL,8400,8.43,0,0.06,N,5
42,36900,MORTGAGE,5.2,EDUCATION,4100,8.56,0,0.11,N,5
46,34600,MORTGAGE,5.7,VENTURE,12300,16.04,1,0.36,N,5
62,62600,RENT,0.9,HOMEIMPROVEMENT,13200,11.16,0,0.21,Y,6
44,34600,RENT,8.2,HOMEIMPROVEMENT,5700,10.05,0,0.16,N,3
34,101800,OTHER,13.2,VENTURE,24200,10.52,0,0.24,N,10
42,69600,RENT,0.4,PERSONAL,17400,11.34,0,0.25,N,6
38,108800,RENT,18.3,EDUCATION,11600,,0,0.11,N,5
45,29900,RENT,1.7,MEDICAL,23700,21.72,1,0.79,Y,6
40,25400,RENT,1.8,PERSONAL,12200,15.17,1,0.48,N,2
37,66200,RENT,0.2,PERSONAL,23400,15.33,0,0.35,N,6
42,137200,RENT,3.4,PERSONAL,13900,9.11,0,0.1,N,3
33,32400,RENT,,PERSONAL,17000,15.05,1,0.52,N,13
42,69800,MORTGAGE,0.9,MEDICAL,6400,,0,0.09,N,2
48,37600,MORTGAGE,4.3,HOMEIMPROVEMENT,9400,12.18,0,0.25,N,4
59,97000,MORTGAGE,1.6,MEDICAL,17500,9.33,0,0.18,N,3
38,33300,OWN,0.1,DEBTCONSOLIDATION,12200,,0,0.37,N,9
66,63000,MORTGAGE,21.8,EDUCATION,7000,12.21,0,0.11,N,10
46,100300,RENT,6.3,DEBTCONSOLIDATION,7500,8.06,0,0.07,N,5
40,25900,RENT,6.6,MEDICAL,18900,20.7,1,0.73,N,4
41,75500,RENT,5.4,PERSONAL,18300,9.28,0,0.24,N,14
27,44500,RENT,0.8,EDUCATION,19300,12.13,1,0.43,Y,5
43,86300,RENT,1.2,EDUCATION,19300,8.95,0,0.22,Y,7
39,66400,MORTGAGE,2.4,EDUCATION,29100,15.03,0,0.44,N,4
37,43100,MORTGAGE,19.0,VENTURE,29900,20.89,0,0.69,N,2
45,51500,RENT,5.6,MEDICAL,12600,10.93,0,0.24,N,20
30,19700,MORTGAGE,2.9,MEDICAL,21000,17.27,1,1.07,Y,6
36,87400,RENT,3.3,VENTURE,19800,13.23,0,0.23,N,7
50,154000,RENT,12.8,MEDICAL,7900,8.72,0,0.05,N,2
29,40200,RENT,1.1,DEBTCONSOLIDATION,21100,,1,0.52,Y,5
46,53100,OTHER,1.9,VENTURE,23200,17.99,1,0.44,N,7
44,128600,OWN,2.3,MEDICAL,4200,8.5,0,0.03,N,4
38,20200,RENT,11.4,VENTURE,14500,22.53,1,0.72,N,5
23,71500,OWN,5.0,DEBTCONSOLIDATION,9200,7.61,0,0.13,N,3
39,136000,RENT,4.5,MEDICAL,27300,8.71,0,0.2,N,8
42,38300,MORTGAGE,1.9,MEDICAL,5800,,0,0.15,N,4
47,40200,MORTGAGE,1.1,MEDICAL,17600,11.94,1,0.44,N,6
46,112500,MORTGAGE,2.0,MEDICAL,17400,11.75,0,0.15,N,4
54,29700,RENT,13.3,VENTURE,6700,14.61,0,0.23,N,8
45,87000,RENT,12.1,PERSONAL,20600,11.12,0,0.24,N,3
57,66600,RENT,2.7,MEDICAL,9600,10.81,0,0.14,N,5
30,101200,MORTGAGE,2.0,EDUCATION,18500,10.6,0,0.18,N,6
54,50500,MORTGAGE,10.8,PERSONAL,9200,11.25,0,0.18,N,7
40,126100,MORTGAGE,3.0,DEBTCONSOLIDATION,11800,7.7,0,0.09,N,8
44,43800,RENT,0.2,EDUCATION,10700,13.18,0,0.24,N,18
49,24100,OTHER,2.1,PERSONAL,16300,18.17,0,0.68,Y,12
35,23200,OTHER,4.7,DEBTCONSOLIDATION,16700,18.6,1,0.72,Y,7
41,29700,RENT,14.5,EDUCATION,14400,13.06,0,0.48,N,10
55,78600,RENT,2.8,DEBTCONSOLIDATION,7400,10.21,0,0.09,N,15
59,35800,MORTGAGE,1.4,EDUCATION,17300,15.39,0,0.48,N,8
38,53600,RENT,2.4,HOMEIMPROVEMENT,9100,10.0,0,0.17,N,5
48,57000,RENT,0.3,VENTURE,12500,11.66,0,0.22,N,4
39,35400,RENT,11.5,PERSONAL,31400,,1,0.89,Y,4
32,59000,MORTGAGE,0.2,EDUCATION,23300,17.3,0,0.39,Y,4
58,90900,RENT,0.0,EDUCATION,9700,8.92,1,0.11,Y,12
35,55300,RENT,4.8,HOMEIMPROVEMENT,8700,12.08,0,0.16,N,17
70,89800,MORTGAGE,0.8,HOMEIMPROVEMENT,15500,8.92,0,0.17,N,3
33,44000,OWN,1.8,MEDICAL,5900,14.69,0,0.13,N,2
54,62700,MORTGAGE,3.4,MEDICAL,13600,12.8,0,0.22,N,8
53,57100,RENT,7.9,EDUCATION,13100,14.53,0,0.23,N,7
39,97800,RENT,2.5,HOMEIMPROVEMENT,32700,15.61,0,0.33,N,7
46,68400,RENT,15.7,DEBTCONSOLIDATION,3900,10.93,0,0.06,Y,8
40,38100,MORTGAGE,3.0,EDUCATION,24500,19.56,0,0.64,N,13
36,70900,RENT,12.6,MEDICAL,27400,14.0,0,0.39,N,6
47,32000,MORTGAGE,3.0,HOMEIMPROVEMENT,17300,17.76,0,0.54,N,3
51,67700,MORTGAGE,3.6,EDUCATION,14800,10.16,0,0.22,N,7
37,53300,RENT,15.9,DEBTCONSOLIDATION,7300,12.55,0,0.14,N,2
58,58800,MORTGAGE,5.6,EDUCATION,18300,10.96,1,0.31,N,7
45,53000,MORTGAGE,0.8,EDUCATION,20000,14.97,0,0.38,N,10
43,38800,MORTGAGE,4.6,EDUCATION,18400,14.81,1,0.47,N,10
43,36200,OWN,1.3,PERSONAL,5700,12.46,0,0.16,N,18
57,98200,RENT,1.9,EDUCATION,21300,9.22,0,0.22,N,13
40,152500,RENT,9.1,EDUCATION,8900,5.87,0,0.06,N,6
41,62900,RENT,5.7,PERSONAL,9500,10.67,0,0.15,N,6
57,55100,RENT,1.7,PERSONAL,11800,9.07,0,0.21,N,3
58,27600,RENT,0.0,DEBTCONSOLIDATION,17700,20.72,1,0.64,Y,3
53,20600,MORTGAGE,3.8,VENTURE,15400,21.72,1,0.75,Y,5
34,22400,RENT,1.4,EDUCATION,18800,19.24,1,0.84,Y,9
65,72500,RENT,0.1,EDUCATION,17600,10.0,0,0.24,N,14
44,20400,MORTGAGE,0.3,PERSONAL,18700,17.86,0,0.92,N,8
43,77800,MORTGAGE,5.6,DEBTCONSOLIDATION,10100,12.67,0,0.13,N,6
53,29600,MORTGAGE,2.7,DEBTCONSOLIDATION,18300,20.6,1,0.62,Y,10
46,59100,RENT,1.5,MEDICAL,21600,13.4,0,0.37,N,9
40,43300,RENT,10.6,PERSONAL,4900,10.83,0,0.11,Y,3
60,30200,RENT,8.7,EDUCATION,27800,16.85,1,0.92,N,2
43,25300,OTHER,3.1,PERSONAL,4600,12.36,1,0.18,Y,4
44,21000,OTHER,1.6,MEDICAL,20300,20.53,1,0.97,Y,6
60,29900,RENT,3.5,HOMEIMPROVEMENT,17300,16.16,1,0.58,N,10
52,184100,MORTGAGE,7.0,MEDICAL,10400,8.86,0,0.06,N,6
49,111000,MORTGAGE,0.1,MEDICAL,13500,8.82,0,0.12,N,4
39,59900,RENT,4.7,MEDICAL,26500,,1,0.44,Y,3
47,44300,MORTGAGE,6.2,PERSONAL,23600,20.35,0,0.53,N,4
48,39200,RENT,8.5,EDUCATION,11300,9.77,0,0.29,N,10
47,57500,RENT,1.2,EDUCATION,11700,11.44,0,0.2,N,5
43,39600,OWN,1.1,PERSONAL,8600,,0,0.22,N,7
37,39400,MORTGAGE,1.2,HOMEIMPROVEMENT,12400,11.49,1,0.31,N,3
54,70800,MORTGAGE,13.4,PERSONAL,17500,10.27,0,0.25,N,12
39,31100,MORTGAGE,0.8,MEDICAL,13000,14.54,0,0.42,N,5
44,13800,RENT,7.2,MEDICAL,19400,17.88,1,1.41,Y,9
28,39300,RENT,10.0,EDUCATION,21900,19.42,1,0.56,Y,8
52,120400,MORTGAGE,14.6,PERSONAL,10500,10.49,0,0.09,N,7
36,22100,RENT,2.6,EDUCATION,17600,18.65,1,0.8,N,4
48,27400,RENT,9.1,VENTURE,14900,,1,0.54,Y,4
34,38200,RENT,5.5,DEBTCONSOLIDATION,6300,,0,0.16,N,6
42,22500,RENT,10.1,VENTURE,9900,15.75,0,0.44,Y,4
41,123900,RENT,0.9,VENTURE,6800,8.24,0,0.05,N,8
36,57200,MORTGAGE,7.2,HOMEIMPROVEMENT,21800,11.66,1,0.38,N,5
45,20400,RENT,4.4,MEDICAL,18700,20.12,1,0.92,Y,7
33,50500,MORTGAGE,3.9,DEBTCONSOLIDATION,21800,14.26,1,0.43,N,3
50,53000,RENT,6.5,PERSONAL,17200,13.3,0,0.32,N,9
51,47400,RENT,1.6,EDUCATION,14400,11.89,0,0.3,N,5
37,49500,RENT,0.4,HOMEIMPROVEMENT,13500,15.01,0,0.27,N,11
57,50500,MORTGAGE,3.5,PERSONAL,10800,12.38,0,0.21,N,7
42,64200,MORTGAGE,1.8,EDUCATION,24500,13.26,0,0.38,N,2
36,66500,MORTGAGE,1.5,PERSONAL,13300,11.32,0,0.2,N,9
31,23800,MORTGAGE,13.0,EDUCATION,8600,11.08,0,0.36,N,3
25,56000,RENT,1.1,MEDICAL,20000,13.01,0,0.36,N,7
56,59900,RENT,1.3,MEDICAL,10800,9.44,0,0.18,Y,4
38,38700,MORTGAGE,2.0,MEDICAL,8800,13.53,0,0.23,N,7
40,138500,RENT,3.4,PERSONAL,21400,8.63,0,0.15,N,5
40,51800,MORTGAGE,10.2,PERSONAL,12900,11.44,0,0.25,N,5
53,71500,RENT,,VENTURE,8400,12.13,0,0.12,N,9
48,42300,RENT,4.8,VENTURE,18000,15.39,1,0.43,N,9
44,45800,RENT,2.3,MEDICAL,22300,16.6,1,0.49,Y,13
28,65400,RENT,8.0,EDUCATION,12000,12.29,0,0.18,N,4
33,25300,MORTGAGE,4.6,MEDICAL,9000,13.56,0,0.36,N,6
61,81600,RENT,7.9,EDUCATION,3600,7.27,0,0.04,N,4
48,27500,RENT,9.7,DEBTCONSOLIDATION,24200,22.03,1,0.88,Y,4
49,88000,OWN,12.2,PERSONAL,12900,10.28,0,0.15,N,8
34,46700,MORTGAGE,16.0,HOMEIMPROVEMENT,25100,16.9,1,0.54,Y,11
26,168300,OWN,4.8,EDUCATION,18800,9.74,0,0.11,N,7
35,93000,RENT,5.1,PERSONAL,13900,9.88,0,0.15,N,11
44,93300,MORTGAGE,0.8,EDUCATION,18700,6.87,0,0.2,N,10
44,58700,RENT,0.6,PERSONAL,10300,9.35,0,0.18,N,5
36,94400,RENT,3.3,VENTURE,8300,10.68,0,0.09,N,7
34,82300,MORTGAGE,5.9,PERSONAL,7400,6.24,0,0.09,Y,5
39,18700,MORTGAGE,1.4,PERSONAL,26400,18.99,1,1.41,Y,3
41,33600,RENT,2.0,VENTURE,20000,21.68,1,0.6,Y,4
33,32500,MORTGAGE,6.0,VENTURE,27500,20.43,1,0.85,Y,8
49,35300,MORTGAGE,1.2,EDUCATION,20500,16.32,1,0.58,N,6
49,47000,MORTGAGE,3.7,MEDICAL,11700,12.35,0,0.25,N,5
48,72000,OWN,3.9,MEDICAL,27600,10.66,0,0.38,N,5
34,103400,MORTGAGE,12.4,PERSONAL,15900,10.05,0,0.15,N,4
39,75600,RENT,2.6,MEDICAL,27400,17.1,1,0.36,Y,4
51,107200,RENT,1.2,EDUCATION,8600,9.91,0,0.08,N,4
45,30300,RENT,1.0,DEBTCONSOLIDATION,11400,15.64,0,0.38,N,4
57,41100,RENT,1.7,DEBTCONSOLIDATION,11500,14.25,0,0.28,N,9
55,46900,MORTGAGE,1.6,MEDICAL,2200,10.68,0,0.05,N,10
43,37500,RENT,6.9,EDUCATION,18500,14.44,0,0.49,N,4
39,29200,MORTGAGE,4.5,VENTURE,25500,19.96,1,0.87,Y,2
50,67100,MORTGAGE,5.7,VENTURE,26500,16.77,0,0.39,N,3
51,36800,RENT,5.0,DEBTCONSOLIDATION,21600,15.7,1,0.59,Y,4
53,84400,RENT,3.3,VENTURE,9300,11.66,0,0.11,N,8
45,27700,RENT,13.2,HOMEIMPROVEMENT,11700,14.64,0,0.42,N,2
38,87100,RENT,8.5,VENTURE,10700,10.54,0,0.12,N,8
48,61000,RENT,1.2,PERSONAL,12900,11.0,0,0.21,N,7
48,61000,MORTGAGE,2.8,VENTURE,13100,15.25,0,0.21,N,15
50,62000,RENT,1.7,MEDICAL,25200,14.47,0,0.41,N,5
39,51800,RENT,6.8,EDUCATION,6300,11.57,0,0.12,N,8
30,52300,RENT,2.1,DEBTCONSOLIDATION,20400,15.02,1,0.39,Y,5
47,46700,MORTGAGE,5.1,DEBTCONSOLIDATION,15600,12.49,0,0.33,N,4
33,63900,MORTGAGE,1.7,PERSONAL,18400,14.43,0,0.29,N,5
51,73400,MORTGAGE,0.9,MEDICAL,25300,13.8,0,0.34,N,6
45,42200,RENT,0.0,DEBTCONSOLIDATION,27800,19.35,1,0.66,Y,5
38,116300,OTHER,20.0,VENTURE,2700,6.94,0,0.02,N,9
57,44300,MORTGAGE,1.2,PERSONAL,23600,,1,0.53,Y,3
40,36800,RENT,8.9,EDUCATION,8000,11.14,0,0.22,N,4
45,49800,RENT,,VENTURE,7500,11.99,0,0.15,N,3
39,35600,RENT,1.3,VENTURE,26000,18.92,1,0.73,Y,2
44,70000,RENT,2.7,PERSONAL,27800,14.94,0,0.4,N,3
48,50100,MORTGAGE,9.0,PERSONAL,11900,14.46,1,0.24,N,10
40,81100,RENT,5.9,MEDICAL,5100,8.18,0,0.06,N,6
42,52400,MORTGAGE,2.3,EDUCATION,22200,14.79,0,0.42,N,4
51,51500,RENT,14.9,HOMEIMPROVEMENT,23300,18.6,1,0.45,Y,20
30,43300,OWN,2.1,PERSONAL,8600,7.62,0,0.2,N,9
51,85400,MORTGAGE,1.2,VENTURE,31100,13.45,0,0.36,N,9
54,47400,RENT,0.8,MEDICAL,21200,15.39,1,0.45,Y,5
35,62700,RENT,6.0,HOMEIMPROVEMENT,12900,10.57,1,0.21,N,5
31,96300,MORTGAGE,0.1,EDUCATION,13000,10.56,0,0.13,N,2
34,51600,RENT,9.3,HOMEIMPROVEMENT,10800,11.27,1,0.21,N,7
36,51300,RENT,1.8,MEDICAL,19900,13.54,0,0.39,N,9
35,47700,MORTGAGE,2.3,EDUCATION,16600,15.37,1,0.35,N,5
49,60100,OTHER,8.1,MEDICAL,21100,12.62,0,0.35,N,7
42,84400,MORTGAGE,8.4,PERSONAL,14800,11.88,0,0.18,N,2
46,83100,MORTGAGE,2.6,MEDICAL,4800,7.68,0,0.06,N,4
53,71000,RENT,4.0,VENTURE,24500,14.98,0,0.35,N,10
50,105400,RENT,5.7,DEBTCONSOLIDATION,13000,13.82,0,0.12,N,4
60,56700,MORTGAGE,5.8,VENTURE,19500,13.86,0,0.34,N,5
55,117300,RENT,3.8,PERSONAL,9300,10.74,0,0.08,N,10
26,96500,RENT,8.0,EDUCATION,9400,7.62,0,0.1,N,7
41,37800,MORTGAGE,9.2,MEDICAL,11300,11.95,0,0.3,N,8
48,83500,RENT,9.4,MEDICAL,10900,9.46,0,0.13,N,6
60,19500,MORTGAGE,1.6,EDUCATION,9800,16.19,1,0.5,Y,5
40,104900,RENT,1.5,MEDICAL,10500,10.88,1,0.1,N,3
48,52100,RENT,0.8,DEBTCONSOLIDATION,7200,12.59,0,0.14,N,8
64,35300,MORTGAGE,8.8,EDUCATION,2900,11.67,0,0.08,N,3
50,20700,MORTGAGE,0.3,EDUCATION,30400,19.98,1,1.47,Y,4
36,50300,RENT,0.7,PERSONAL,5500,13.05,0,0.11,N,2
32,105700,MORTGAGE,13.0,MEDICAL,11100,11.43,0,0.11,Y,4
37,61900,RENT,0.7,PERSONAL,22900,14.42,0,0.37,N,2
42,43600,RENT,0.6,HOMEIMPROVEMENT,2100,10.78,0,0.05,Y,2
63,48800,MORTGAGE,12.0,MEDICAL,21100,15.75,0,0.43,N,2
53,112600,RENT,1.9,EDUCATION,12400,10.28,0,0.11,N,8
40,79600,RENT,10.7,VENTURE,8600,,0,0.11,N,8
36,53000,MORTGAGE,2.4,HOMEIMPROVEMENT,7400,9.72,0,0.14,N,10
36,90600,MORTGAGE,2.3,VENTURE,22900,11.93,0,0.25,N,2
68,83800,OWN,0.7,MEDICAL,9900,8.65,0,0.12,N,12
35,33200,MORTGAGE,,VENTURE,13500,,0,0.41,N,8
51,44800,OTHER,7.2,EDUCATION,11200,12.0,1,0.25,N,5
51,118300,MORTGAGE,1.3,PERSONAL,24200,9.2,0,0.2,N,2
41,78600,RENT,6.5,PERSONAL,7200,9.19,1,0.09,N,5
35,143600,RENT,0.5,PERSONAL,31200,11.07,0,0.22,N,2
48,75300,RENT,3.7,MEDICAL,3300,6.16,0,0.04,N,5
62,36700,RENT,1.5,DEBTCONSOLIDATION,8400,14.61,0,0.23,N,6
34,53600,MORTGAGE,9.5,DEBTCONSOLIDATION,13400,,0,0.25,N,5
44,83500,MORTGAGE,3.6,HOMEIMPROVEMENT,7900,8.74,0,0.09,N,9
50,53900,RENT,12.7,PERSONAL,9200,9.21,0,0.17,N,5
61,56000,MORTGAGE,4.4,MEDICAL,31600,17.5,0,0.56,N,3
31,165900,MORTGAGE,3.5,MEDICAL,16500,10.01,0,0.1,N,10
49,47600,RENT,5.9,VENTURE,4500,10.18,0,0.09,N,3
60,64700,RENT,7.7,VENTURE,13500,12.73,0,0.21,N,4
51,62500,RENT,0.1,DEBTCONSOLIDATION,15800,15.95,1,0.25,Y,5
38,89500,RENT,3.7,EDUCATION,10700,7.07,0,0.12,N,13
45,62500,MORTGAGE,7.5,VENTURE,25000,11.15,0,0.4,N,11
53,58200,MORTGAGE,2.6,MEDICAL,22000,13.13,0,0.38,Y,6
54,164100,RENT,0.2,DEBTCONSOLIDATION,12000,6.85,0,0.07,N,2
51,51200,RENT,0.1,MEDICAL,20400,13.75,1,0.4,N,4
30,81100,MORTGAGE,7.9,VENTURE,14600,10.86,0,0.18,N,5
45,26700,MORTGAGE,1.1,EDUCATION,22200,23.22,1,0.83,Y,2
43,54200,RENT,1.0,MEDICAL,13700,12.08,0,0.25,N,4
55,51400,MORTGAGE,1.7,VENTURE,6500,6.68,0,0.13,N,8
48,52100,MORTGAGE,0.5,MEDICAL,10300,9.28,0,0.2,N,10
45,21000,MORTGAGE,0.3,EDUCATION,16800,21.05,1,0.8,Y,6
38,44600,MORTGAGE,10.3,VENTURE,28900,21.78,0,0.65,Y,3
37,33600,RENT,1.8,EDUCATION,24800,19.38,1,0.74,Y,5
43,98500,MORTGAGE,4.4,DEBTCONSOLIDATION,23100,12.8,0,0.23,N,10
49,33700,RENT,9.8,HOMEIMPROVEMENT,15000,16.96,0,0.45,N,4
49,76500,MORTGAGE,19.0,EDUCATION,8100,12.37,0,0.11,N,12
48,78500,RENT,5.8,EDUCATION,3200,5.42,0,0.04,Y,6
44,39000,MORTGAGE,15.0,HOMEIMPROVEMENT,11100,11.06,0,0.28,N,6
54,33900,RENT,2.8,MEDICAL,20700,17.23,1,0.61,N,8
56,46400,MORTGAGE,7.8,EDUCATION,9300,10.39,0,0.2,N,10
35,43500,MORTGAGE,13.9,DEBTCONSOLIDATION,10000,14.61,0,0.23,N,8
39,31500,MORTGAGE,0.3,DEBTCONSOLIDATION,6700,10.31,0,0.21,N,5
67,46000,MORTGAGE,1.9,EDUCATION,19000,11.96,0,0.41,N,8
42,64300,MORTGAGE,6.7,EDUCATION,9900,8.62,0,0.15,N,5
43,28100,MORTGAGE,1.9,DEBTCONSOLIDATION,16900,19.4,1,0.6,Y,8
37,48700,RENT,0.1,MEDICAL,14500,13.91,1,0.3,N,7
54,40600,MORTGAGE,8.2,PERSONAL,32500,19.28,1,0.8,Y,16
70,57000,MORTGAGE,0.9,EDUCATION,28100,18.67,0,0.49,N,6
37,152700,RENT,1.9,DEBTCONSOLIDATION,11900,15.03,0,0.08,Y,13
55,23500,OTHER,12.1,MEDICAL,21800,19.65,1,0.93,Y,12
36,51100,RENT,1.2,VENTURE,12100,14.67,0,0.24,N,5
53,63200,RENT,11.3,DEBTCONSOLIDATION,9600,,0,0.15,N,5
36,40900,RENT,2.7,VENTURE,3000,9.51,0,0.07,N,7
30,66300,RENT,12.0,EDUCATION,19200,12.12,1,0.29,N,7
67,24300,RENT,10.5,VENTURE,9800,,1,0.4,N,8
40,44700,RENT,2.7,VENTURE,13600,13.82,1,0.3,N,2
33,12500,RENT,,VENTURE,7700,19.39,1,0.62,N,7
45,47400,MORTGAGE,5.0,EDUCATION,5200,8.36,0,0.11,N,5
50,27500,RENT,3.2,EDUCATION,20100,22.35,1,0.73,Y,7
55,64400,MORTGAGE,3.8,PERSONAL,10000,10.76,0,0.16,N,3
42,117900,RENT,,VENTURE,9300,9.55,0,0.08,N,15
42,63000,MORTGAGE,8.2,EDUCATION,9400,11.94,0,0.15,N,10
40,52000,OWN,1.7,DEBTCONSOLIDATION,6300,12.71,0,0.12,N,5
45,40700,RENT,1.6,EDUCATION,3900,8.49,0,0.1,N,16
51,46400,MORTGAGE,6.3,PERSONAL,8100,8.28,0,0.17,N,11
47,46800,MORTGAGE,2.3,EDUCATION,21700,15.01,0,0.46,N,4
40,54700,RENT,3.6,HOMEIMPROVEMENT,30900,15.15,0,0.56,N,4
44,70400,RENT,2.7,DEBTCONSOLIDATION,14300,14.66,0,0.2,N,7
34,35500,MORTGAGE,3.5,EDUCATION,21900,14.74,1,0.62,Y,10
42,101800,RENT,1.3,EDUCATION,9300,9.06,0,0.09,N,2
41,48100,OWN,10.8,EDUCATION,18300,13.75,1,0.38,N,4
27,54600,OWN,4.7,DEBTCONSOLIDATION,25200,16.81,1,0.46,Y,2
55,109900,RENT,1.3,EDUCATION,16600,11.79,0,0.15,N,6
45,16800,MORTGAGE,0.5,PERSONAL,18700,19.79,1,1.11,N,5
42,13400,MORTGAGE,3.8,DEBTCONSOLIDATION,6200,14.31,1,0.46,Y,2
43,67100,MORTGAGE,3.2,MEDICAL,11200,12.99,0,0.17,N,8
42,54400,MORTGAGE,,PERSONAL,3900,6.96,0,0.07,N,4
36,122700,MORTGAGE,1.3,DEBTCONSOLIDATION,7700,7.54,0,0.06,N,9
51,29200,MORTGAGE,10.7,PERSONAL,10100,14.13,0,0.35,N,4
29,70800,RENT,7.3,EDUCATION,28600,10.58,0,0.4,N,11
40,44500,OWN,3.2,VENTURE,4300,12.41,0,0.1,N,5
38,91300,RENT,10.3,EDUCATION,13000,6.78,0,0.14,N,10
40,16300,RENT,9.9,VENTURE,20800,19.65,1,1.28,Y,7
29,46800,RENT,6.3,VENTURE,14100,12.94,0,0.3,N,7
50,80900,RENT,0.5,DEBTCONSOLIDATION,15900,14.29,0,0.2,N,6
42,35000,MORTGAGE,0.9,EDUCATION,27300,20.66,1,0.78,N,13
44,52600,RENT,4.5,VENTURE,17400,12.36,0,0.33,N,9
50,55700,RENT,1.4,PERSONAL,20400,16.47,0,0.37,N,4
49,65200,RENT,4.0,VENTURE,4300,7.41,0,0.07,N,8
48,29800,RENT,4.1,EDUCATION,21600,18.8,1,0.72,N,2
44,41500,RENT,4.4,VENTURE,12400,14.09,0,0.3,N,13
55,71100,MORTGAGE,4.2,HOMEIMPROVEMENT,3300,9.59,0,0.05,N,3
37,81600,MORTGAGE,2.4,EDUCATION,23500,14.68,0,0.29,N,5
42,59600,RENT,1.2,EDUCATION,28800,15.96,0,0.48,N,17
40,44900,RENT,3.7,VENTURE,16300,12.19,0,0.36,N,9
41,57000,OWN,,VENTURE,25100,15.32,0,0.44,N,7
37,86100,RENT,1.6,PERSONAL,8300,6.98,0,0.1,N,9
52,60500,RENT,0.3,EDUCATION,16300,12.38,0,0.27,N,5
49,28300,OWN,1.2,EDUCATION,12900,15.19,0,0.46,N,8
42,29200,RENT,4.0,HOMEIMPROVEMENT,4200,12.74,0,0.14,N,16
48,55300,MORTGAGE,3.8,EDUCATION,16900,,0,0.31,N,3
53,21800,RENT,0.7,MEDICAL,15600,22.43,1,0.72,Y,2
60,83800,MORTGAGE,4.7,VENTURE,4500,10.67,0,0.05,N,11
34,32500,RENT,2.7,MEDICAL,8500,12.43,0,0.26,N,6
43,28700,OTHER,5.3,MEDICAL,9900,13.88,1,0.34,N,7
56,137100,MORTGAGE,10.9,MEDICAL,8300,7.55,0,0.06,N,2
68,40900,RENT,1.8,MEDICAL,17400,14.19,0,0.43,N,7
47,63300,MORTGAGE,2.1,MEDICAL,14700,10.98,0,0.23,N,10
52,75300,OWN,5.6,EDUCATION,11300,13.08,0,0.15,N,2
27,120400,RENT,9.0,DEBTCONSOLIDATION,12600,9.33,0,0.1,N,8
47,39100,OWN,3.3,PERSONAL,29500,20.43,1,0.75,Y,15
42,59700,RENT,0.9,EDUCATION,6500,7.14,0,0.11,N,2
51,50700,RENT,13.7,PERSONAL,8100,10.02,0,0.16,N,4
61,202600,RENT,3.2,DEBTCONSOLIDATION,14800,10.1,0,0.07,N,6
44,17800,MORTGAGE,3.1,HOMEIMPROVEMENT,30600,19.69,1,1.72,Y,21
43,49600,OTHER,3.9,VENTURE,19800,16.67,1,0.4,N,8
39,53700,MORTGAGE,1.5,DEBTCONSOLIDATION,22400,15.63,1,0.42,N,16
29,51000,RENT,7.7,PERSONAL,19600,15.71,1,0.38,Y,5
40,24500,OWN,5.1,EDUCATION,5600,10.05,0,0.23,N,8
33,19500,RENT,15.0,DEBTCONSOLIDATION,10000,16.99,1,0.51,N,3
34,23200,RENT,1.1,VENTURE,14800,18.98,1,0.64,Y,15
47,87100,RENT,4.8,PERSONAL,5100,8.01,0,0.06,N,2
35,53700,OTHER,3.6,DEBTCONSOLIDATION,11900,11.92,0,0.22,N,6
44,20600,MORTGAGE,11.3,EDUCATION,8600,12.9,0,0.42,N,3
66,119100,RENT,0.2,EDUCATION,17500,11.32,0,0.15,N,17
41,159500,MORTGAGE,7.2,VENTURE,6200,7.6,0,0.04,N,3
34,63900,RENT,4.9,MEDICAL,21300,14.95,0,0.33,Y,9
62,68500,RENT,4.7,MEDICAL,15500,13.1,0,0.23,N,6
36,56900,RENT,10.4,MEDICAL,11500,8.34,0,0.2,N,4
40,38400,RENT,4.5,DEBTCONSOLIDATION,7200,13.36,0,0.19,N,2
54,19800,RENT,6.3,EDUCATION,18000,19.14,0,0.91,Y,8
35,29900,MORTGAGE,5.2,VENTURE,23100,18.31,1,0.77,N,4
39,52600,RENT,0.4,VENTURE,23400,15.83,0,0.44,N,14
35,74300,MORTGAGE,0.6,VENTURE,6900,11.13,0,0.09,N,3
54,47700,MORTGAGE,2.1,EDUCATION,30800,21.35,1,0.65,Y,7
35,51400,MORTGAGE,5.6,PERSONAL,10500,9.38,0,0.2,N,6
49,55500,RENT,0.1,EDUCATION,9100,,0,0.16,N,5
43,57400,RENT,7.4,VENTURE,11400,11.45,0,0.2,N,7
39,39200,RENT,1.1,MEDICAL,12500,9.73,0,0.32,N,2
43,68000,RENT,,MEDICAL,15900,16.19,0,0.23,Y,6
40,29400,MORTGAGE,1.1,PERSONAL,15100,20.42,0,0.51,N,3
37,64100,MORTGAGE,1.0,HOMEIMPROVEMENT,7800,8.74,0,0.12,N,6
31,23500,RENT,2.0,VENTURE,9800,16.54,0,0.42,N,9
35,28100,MORTGAGE,12.7,PERSONAL,19900,22.11,1,0.71,Y,7
45,36500,RENT,1.4,MEDICAL,8600,10.36,0,0.24,N,9
41,60300,RENT,0.2,VENTURE,18500,15.52,0,0.31,Y,2
48,61700,MORTGAGE,10.7,EDUCATION,20300,15.71,0,0.33,N,8
44,33900,MORTGAGE,2.9,DEBTCONSOLIDATION,20200,22.65,1,0.6,Y,8
27,24800,RENT,4.9,VENTURE,19900,20.29,1,0.8,Y,2
47,105200,MORTGAGE,10.8,MEDICAL,9400,5.42,0,0.09,N,13
34,56200,MORTGAGE,7.0,VENTURE,12400,15.65,0,0.22,N,7
44,50200,RENT,8.0,DEBTCONSOLIDATION,13300,12.83,0,0.26,N,2
32,66200,MORTGAGE,3.3,PERSONAL,28200,12.47,0,0.43,N,14
53,32100,RENT,5.8,EDUCATION,10600,,0,0.33,N,7
51,97600,RENT,16.6,PERSONAL,27600,7.11,0,0.28,N,2
41,74400,MORTGAGE,,MEDICAL,24400,13.68,1,0.33,N,5
50,46400,MORTGAGE,4.7,MEDICAL,20600,14.56,1,0.44,Y,6
36,52400,RENT,0.4,PERSONAL,18400,13.45,0,0.35,N,6
38,47500,MORTGAGE,19.5,VENTURE,13900,14.36,1,0.29,N,11
53,112800,RENT,1.3,EDUCATION,6700,6.69,0,0.06,N,16
26,68700,RENT,2.2,MEDICAL,13700,11.12,0,0.2,N,8
42,73000,RENT,0.8,DEBTCONSOLIDATION,3600,8.87,0,0.05,N,2
47,56300,MORTGAGE,0.9,VENTURE,13700,15.72,0,0.24,N,18
40,54200,RENT,7.9,DEBTCONSOLIDATION,16900,13.3,0,0.31,N,9
56,152300,RENT,0.7,MEDICAL,12000,5.42,0,0.08,N,4
60,44400,RENT,1.0,PERSONAL,6800,14.11,0,0.15,N,2
47,61100,RENT,0.9,PERSONAL,18600,15.55,1,0.3,Y,15
34,168300,RENT,2.3,EDUCATION,23200,11.66,0,0.14,N,3
51,112400,RENT,5.9,EDUCATION,17200,11.69,0,0.15,N,6
65,66700,OWN,5.2,PERSONAL,15700,12.39,0,0.24,N,8
44,23600,MORTGAGE,6.4,VENTURE,12400,16.19,1,0.53,Y,10
42,178600,RENT,6.5,EDUCATION,18000,10.39,0,0.1,N,5
36,47500,RENT,0.0,MEDICAL,10400,8.4,0,0.22,N,14
46,56700,RENT,5.8,VENTURE,15700,12.15,0,0.28,N,2
42,95600,RENT,5.8,EDUCATION,10700,6.86,0,0.11,N,4
28,48400,MORTGAGE,0.3,EDUCATION,16600,10.03,1,0.34,N,4
50,60900,MORTGAGE,2.8,DEBTCONSOLIDATION,13300,12.01,0,0.22,Y,7
34,56100,RENT,0.4,HOMEIMPROVEMENT,8900,8.2,0,0.16,Y,10
68,44400,MORTGAGE,1.1,VENTURE,9600,14.35,0,0.22,N,4
45,65700,MORTGAGE,3.4,EDUCATION,19500,13.61,0,0.3,N,3
42,38200,RENT,0.1,MEDICAL,7800,9.77,0,0.2,N,12
44,29000,RENT,0.5,MEDICAL,10000,12.48,0,0.34,N,6
44,72900,RENT,0.4,VENTURE,19400,16.35,0,0.27,N,2
40,107800,RENT,0.7,EDUCATION,3700,6.17,0,0.03,N,4
32,36000,RENT,0.3,DEBTCONSOLIDATION,1800,7.07,0,0.05,N,7
56,40600,MORTGAGE,4.7,EDUCATION,11900,13.51,0,0.29,N,6
44,54300,MORTGAGE,1.0,MEDICAL,28300,17.05,0,0.52,Y,5
54,54400,RENT,9.9,PERSONAL,4600,9.83,0,0.08,N,23
32,18300,RENT,10.8,PERSONAL,25500,16.68,1,1.39,Y,2
37,42900,RENT,5.9,MEDICAL,15400,13.05,1,0.36,Y,12
39,145400,MORTGAGE,0.3,VENTURE,6200,6.89,0,0.04,N,5
35,116800,MORTGAGE,11.1,VENTURE,22800,14.25,0,0.2,N,7
50,138300,MORTGAGE,,EDUCATION,4500,6.61,0,0.03,N,3
41,76100,MORTGAGE,1.0,MEDICAL,14200,10.35,1,0.19,N,5
46,40400,RENT,7.5,EDUCATION,16600,15.83,1,0.41,N,3
38,62400,MORTGAGE,2.1,EDUCATION,18100,13.81,0,0.29,N,6
54,75300,RENT,3.5,EDUCATION,9000,7.29,0,0.12,N,5
51,45200,RENT,6.8,MEDICAL,9600,14.01,0,0.21,N,3
50,21000,RENT,0.5,PERSONAL,23400,19.06,1,1.11,Y,8
45,89100,RENT,0.9,HOMEIMPROVEMENT,11100,10.14,0,0.12,N,6
56,42300,RENT,17.3,VENTURE,14600,,0,0.35,N,5
51,76500,MORTGAGE,6.3,MEDICAL,12900,11.19,0,0.17,N,2
43,22700,MORTGAGE,1.3,EDUCATION,8000,,0,0.35,N,2
39,38100,RENT,4.3,PERSONAL,12100,13.51,1,0.32,N,13
41,67100,RENT,1.0,EDUCATION,4400,6.28,0,0.07,N,2
48,76700,MORTGAGE,10.0,MEDICAL,7400,6.64,0,0.1,N,2
32,81800,RENT,3.0,PERSONAL,22800,10.1,0,0.28,N,9
37,52200,MORTGAGE,8.2,VENTURE,26800,18.46,1,0.51,Y,4
56,60200,RENT,17.9,VENTURE,3400,10.21,0,0.06,N,13
53,67100,MORTGAGE,19.8,HOMEIMPROVEMENT,10500,13.8,0,0.16,N,2
41,64600,RENT,0.7,MEDICAL,27500,17.3,0,0.43,N,10
70,74200,RENT,14.5,VENTURE,19300,11.94,0,0.26,N,9
51,28800,MORTGAGE,1.6,HOMEIMPROVEMENT,2800,10.84,0,0.1,N,12
44,151000,MORTGAGE,2.2,PERSONAL,6400,8.8,0,0.04,N,10
53,49000,RENT,0.3,VENTURE,19800,12.12,0,0.4,N,4
39,51400,MORTGAGE,5.2,MEDICAL,18200,14.18,0,0.35,N,7
37,46200,RENT,5.2,HOMEIMPROVEMENT,24500,17.06,0,0.53,Y,5
42,61500,RENT,7.5,MEDICAL,20300,13.33,1,0.33,Y,3
44,24500,MORTGAGE,14.6,EDUCATION,28000,19.26,1,1.14,Y,7
37,41400,RENT,2.8,HOMEIMPROVEMENT,14900,14.18,0,0.36,N,6
58,19000,OWN,2.6,MEDICAL,9500,14.87,0,0.5,N,9
40,41900,RENT,5.1,VENTURE,7000,13.31,0,0.17,Y,3
31,59100,MORTGAGE,5.5,PERSONAL,2100,5.42,0,0.04,N,5
45,74100,RENT,2.9,MEDICAL,6800,8.52,0,0.09,Y,6
42,52400,RENT,12.6,MEDICAL,16200,14.64,1,0.31,N,3
52,63400,MORTGAGE,0.3,EDUCATION,12100,12.05,0,0.19,N,7
39,21400,RENT,7.1,DEBTCONSOLIDATION,21400,21.13,1,1.0,Y,6
50,59000,MORTGAGE,1.2,VENTURE,10600,,1,0.18,N,3
46,108200,RENT,3.4,DEBTCONSOLIDATION,11100,10.7,0,0.1,N,5
54,69900,RENT,9.5,MEDICAL,16600,13.02,0,0.24,N,2
44,35900,RENT,2.0,PERSONAL,27600,18.9,1,0.77,N,3
37,59500,MORTGAGE,11.5,EDUCATION,16000,11.4,0,0.27,N,9
46,114800,MORTGAGE,3.0,MEDICAL,8900,9.09,0,0.08,N,8
35,74100,RENT,6.1,MEDICAL,11800,9.29,1,0.16,N,11
29,75200,MORTGAGE,6.4,VENTURE,26800,16.04,0,0.36,N,4
38,35200,MORTGAGE,1.5,VENTURE,21800,18.86,1,0.62,N,2
55,44400,MORTGAGE,11.5,EDUCATION,4000,9.88,0,0.09,N,13
64,52200,RENT,0.7,EDUCATION,9300,9.65,0,0.18,N,14
32,146400,MORTGAGE,4.5,PERSONAL,16300,9.31,0,0.11,N,5
53,32800,RENT,13.2,VENTURE,19800,18.6,1,0.6,N,2
61,62500,RENT,0.2,MEDICAL,6700,8.99,0,0.11,N,10
35,78500,MORTGAGE,3.8,EDUCATION,14300,11.15,0,0.18,N,8
58,81500,MORTGAGE,1.4,EDUCATION,15300,13.02,0,0.19,N,5
34,47300,MORTGAGE,1.1,MEDICAL,6700,10.66,0,0.14,N,3
42,45300,RENT,1.3,VENTURE,12700,14.61,0,0.28,N,2
47,156400,MORTGAGE,11.6,MEDICAL,1900,7.36,0,0.01,Y,5
36,46700,RENT,2.8,VENTURE,18700,14.22,1,0.4,Y,6
57,43000,MORTGAGE,1.3,DEBTCONSOLIDATION,5600,8.4,0,0.13,N,5
43,90300,RENT,13.1,PERSONAL,7300,10.21,0,0.08,N,6
52,58100,RENT,1.9,DEBTCONSOLIDATION,21500,16.65,1,0.37,N,5
36,26500,OWN,6.4,VENTURE,12200,14.97,0,0.46,N,5
65,92800,RENT,3.9,EDUCATION,18500,9.82,0,0.2,N,4
48,43500,MORTGAGE,5.7,EDUCATION,17500,18.34,0,0.4,N,9
48,43300,RENT,1.0,MEDICAL,7400,13.4,0,0.17,N,3
47,234000,MORTGAGE,5.7,MEDICAL,7800,8.65,0,0.03,N,2
48,47600,RENT,11.8,PERSONAL,17600,12.65,1,0.37,N,6
50,56200,RENT,0.5,PERSONAL,9000,,0,0.16,N,4
40,89500,RENT,,VENTURE,12800,11.49,0,0.14,N,2
33,32400,MORTGAGE,15.0,PERSONAL,22400,19.21,1,0.69,N,12
34,73700,RENT,1.3,DEBTCONSOLIDATION,9700,13.77,0,0.13,N,9
44,90100,RENT,0.3,VENTURE,10900,11.49,0,0.12,N,5
61,112400,MORTGAGE,0.3,MEDICAL,10400,13.57,0,0.09,N,6
42,77900,RENT,1.6,VENTURE,20000,9.77,0,0.26,N,6
56,29500,MORTGAGE,3.4,EDUCATION,10500,13.68,1,0.36,N,10
43,68900,RENT,1.6,EDUCATION,11600,13.09,0,0.17,Y,7
59,25900,RENT,1.6,MEDICAL,15200,16.52,1,0.59,Y,13
48,106600,RENT,8.9,HOMEIMPROVEMENT,14200,12.2,0,0.13,N,9
46,97800,MORTGAGE,7.3,DEBTCONSOLIDATION,9700,13.71,0,0.1,N,7
54,61300,MORTGAGE,1.9,PERSONAL,16400,12.67,1,0.27,N,10
48,59900,MORTGAGE,2.1,PERSONAL,11100,13.43,0,0.19,N,15
50,54000,MORTGAGE,,DEBTCONSOLIDATION,13100,14.72,0,0.24,N,2
44,53400,OWN,15.0,DEBTCONSOLIDATION,11500,10.01,0,0.22,N,3
47,92300,MORTGAGE,18.1,PERSONAL,21200,12.33,0,0.23,N,5
34,45600,OWN,14.0,MEDICAL,14800,13.76,0,0.32,N,4
57,180900,RENT,4.9,EDUCATION,31700,6.71,0,0.18,N,5
58,59600,RENT,1.8,EDUCATION,13800,,0,0.23,N,6
41,107200,RENT,17.4,PERSONAL,25200,11.37,1,0.24,Y,2
43,21800,MORTGAGE,6.8,MEDICAL,15600,21.23,1,0.72,N,10
64,39400,MORTGAGE,6.2,EDUCATION,25300,18.89,1,0.64,N,9
41,89700,MORTGAGE,8.0,MEDICAL,17800,11.99,0,0.2,N,2
51,64700,RENT,4.6,VENTURE,6700,7.99,0,0.1,N,4
46,55000,RENT,4.4,PERSONAL,6100,7.87,0,0.11,Y,6
33,97000,MORTGAGE,2.2,MEDICAL,20600,11.9,0,0.21,N,6
48,173900,RENT,0.8,PERSONAL,18300,9.83,0,0.11,N,3
33,28700,MORTGAGE,2.9,EDUCATION,13000,14.89,0,0.45,N,12
57,93900,MORTGAGE,3.6,HOMEIMPROVEMENT,12500,9.59,0,0.13,N,3
42,42500,RENT,10.5,HOMEIMPROVEMENT,17700,17.06,1,0.42,Y,16
35,86700,OWN,2.6,VENTURE,15200,9.95,0,0.18,N,9
52,42200,RENT,10.7,PERSONAL,8400,10.28,0,0.2,N,2
33,72500,MORTGAGE,1.9,PERSONAL,24500,16.78,1,0.34,Y,3
33,76200,MORTGAGE,14.5,HOMEIMPROVEMENT,18800,11.49,0,0.25,Y,8
65,36900,RENT,0.2,VENTURE,17400,16.66,0,0.47,N,3
55,41700,MORTGAGE,3.7,PERSONAL,13500,12.41,1,0.32,N,5
44,48800,MORTGAGE,1.9,EDUCATION,28100,20.03,1,0.58,Y,6
48,22200,MORTGAGE,1.7,EDUCATION,2700,10.93,0,0.12,N,6
36,69500,MORTGAGE,0.4,PERSONAL,18700,16.4,1,0.27,Y,6
45,121800,MORTGAGE,5.7,HOMEIMPROVEMENT,31100,11.65,0,0.26,N,5
35,27100,OWN,2.5,VENTURE,16000,20.18,1,0.59,N,8
35,77800,RENT,14.9,VENTURE,16000,12.78,0,0.21,N,2
53,65400,RENT,6.2,VENTURE,21500,16.49,1,0.33,N,7
40,37100,RENT,2.9,DEBTCONSOLIDATION,3600,8.11,0,0.1,N,7
39,166500,MORTGAGE,4.9,DEBTCONSOLIDATION,6600,,0,0.04,N,3
47,102000,MORTGAGE,0.3,DEBTCONSOLIDATION,23300,10.05,0,0.23,N,10
38,107100,RENT,4.4,EDUCATION,17600,11.01,0,0.16,Y,4
42,55400,RENT,5.5,PERSONAL,31100,17.48,1,0.56,N,5
63,23600,RENT,0.6,PERSONAL,12100,,0,0.51,N,10
33,59500,MORTGAGE,5.7,EDUCATION,12900,11.88,0,0.22,Y,11
60,50600,MORTGAGE,3.2,VENTURE,17800,15.32,0,0.35,N,6
70,95000,MORTGAGE,3.3,EDUCATION,8000,9.4,0,0.08,N,4
34,39100,MORTGAGE,6.4,MEDICAL,9900,13.16,1,0.25,N,8
34,112900,RENT,3.0,PERSONAL,23900,11.19,0,0.21,N,6
49,38500,MORTGAGE,1.3,EDUCATION,21800,16.61,0,0.57,Y,5
29,79900,MORTGAGE,1.8,EDUCATION,15500,10.73,0,0.19,N,11
45,35900,MORTGAGE,,PERSONAL,11200,13.79,0,0.31,N,2
37,53100,RENT,0.4,DEBTCONSOLIDATION,17100,15.59,1,0.32,N,5
57,26000,RENT,9.2,EDUCATION,7900,11.63,1,0.3,Y,5
41,56400,RENT,4.4,DEBTCONSOLIDATION,12600,12.19,0,0.22,N,3
46,31100,OWN,,PERSONAL,14000,14.64,1,0.45,Y,18
51,73500,RENT,2.1,PERSONAL,13200,11.2,0,0.18,N,2
48,79500,MORTGAGE,1.3,EDUCATION,12300,9.26,0,0.15,N,5
44,53800,RENT,8.2,HOMEIMPROVEMENT,11500,12.34,0,0.21,N,11
51,37800,RENT,0.5,VENTURE,15700,15.1,1,0.42,Y,9
32,67700,MORTGAGE,0.9,VENTURE,11200,8.98,0,0.17,N,6
55,91400,RENT,1.7,VENTURE,16000,14.54,0,0.18,N,6
41,49300,RENT,2.2,VENTURE,14400,12.64,0,0.29,Y,2
50,42800,RENT,1.1,DEBTCONSOLIDATION,11100,14.49,1,0.26,N,2
43,27100,MORTGAGE,12.2,EDUCATION,21200,18.41,1,0.78,N,5
39,61100,MORTGAGE,0.1,VENTURE,4400,9.17,0,0.07,N,3
43,97100,RENT,8.1,VENTURE,9600,10.22,0,0.1,N,6
46,119000,MORTGAGE,2.6,EDUCATION,13900,10.99,0,0.12,N,13
48,61700,OWN,9.0,VENTURE,26200,,0,0.42,N,9
47,25100,RENT,7.9,VENTURE,5400,16.43,1,0.22,N,7
38,41800,MORTGAGE,0.6,EDUCATION,15800,14.26,1,0.38,Y,9
36,103100,MORTGAGE,5.5,MEDICAL,7800,10.35,0,0.08,N,3
36,85100,RENT,2.4,EDUCATION,2800,,0,0.03,N,8
42,30700,MORTGAGE,8.6,PERSONAL,24100,20.25,1,0.79,N,10
50,160700,RENT,9.5,EDUCATION,24600,9.71,0,0.15,N,11
51,29900,MORTGAGE,1.0,PERSONAL,9700,13.37,0,0.32,N,2
39,43700,RENT,3.3,DEBTCONSOLIDATION,23900,20.81,1,0.55,N,4
44,71400,MORTGAGE,,MEDICAL,11500,7.31,0,0.16,N,8
33,51900,RENT,3.9,MEDICAL,4600,8.69,0,0.09,N,2
41,45300,MORTGAGE,1.5,EDUCATION,8800,9.24,0,0.19,N,10
39,54600,RENT,1.6,VENTURE,17400,16.11,0,0.32,N,4
37,95200,MORTGAGE,9.8,HOMEIMPROVEMENT,8500,8.88,0,0.09,N,12
45,156000,OWN,0.2,MEDICAL,15700,11.98,0,0.1,N,7
63,64000,RENT,1.5,EDUCATION,8000,,0,0.12,N,6
44,38300,MORTGAGE,1.3,VENTURE,8500,10.07,0,0.22,N,4
55,57400,MORTGAGE,2.3,DEBTCONSOLIDATION,18100,11.99,0,0.32,N,2
53,160500,RENT,,DEBTCONSOLIDATION,24300,9.52,0,0.15,N,6
39,84700,RENT,3.8,MEDICAL,20100,12.23,0,0.24,N,10
51,113200,MORTGAGE,3.9,PERSONAL,5000,9.77,0,0.04,N,5
64,85500,RENT,6.6,VENTURE,26800,8.28,0,0.31,N,3
34,90900,RENT,8.4,PERSONAL,7600,10.46,0,0.08,N,16
53,55600,MORTGAGE,0.9,PERSONAL,19500,16.79,0,0.35,N,6
43,119700,OWN,0.6,EDUCATION,19500,11.02,0,0.16,N,5
38,12000,RENT,1.8,MEDICAL,13000,15.57,1,1.08,Y,4
47,74100,RENT,8.8,PERSONAL,15400,12.39,0,0.21,N,6
48,70500,MORTGAGE,,PERSONAL,6100,8.22,0,0.09,N,4
70,33600,MORTGAGE,0.8,EDUCATION,30100,17.83,1,0.9,Y,2
39,65500,MORTGAGE,0.9,VENTURE,5200,10.84,0,0.08,N,5
44,75100,RENT,11.4,DEBTCONSOLIDATION,26100,17.36,0,0.35,N,4
44,20900,MORTGAGE,2.3,DEBTCONSOLIDATION,9200,15.44,0,0.44,N,2
38,66200,MORTGAGE,1.5,VENTURE,11800,12.36,0,0.18,Y,7
36,110700,RENT,5.9,EDUCATION,20400,14.05,0,0.18,N,8
40,136700,MORTGAGE,9.9,MEDICAL,24700,11.11,0,0.18,N,4
43,76500,RENT,2.9,PERSONAL,18600,8.45,0,0.24,N,9
36,51800,MORTGAGE,7.8,PERSONAL,6800,12.37,0,0.13,N,2
53,92700,RENT,2.8,VENTURE,11100,10.87,0,0.12,N,2
49,34200,RENT,5.9,MEDICAL,16400,16.44,1,0.48,N,7
35,83900,MORTGAGE,4.3,VENTURE,31500,17.46,0,0.38,N,9
40,53200,RENT,11.2,EDUCATION,12100,13.2,1,0.23,Y,7
45,104400,RENT,2.0,PERSONAL,10200,9.43,0,0.1,N,7
51,42000,RENT,7.4,DEBTCONSOLIDATION,9800,14.94,0,0.23,N,7
43,140300,MORTGAGE,5.8,EDUCATION,23600,11.95,0,0.17,N,6
50,106300,RENT,9.1,MEDICAL,7800,7.05,0,0.07,N,3
47,66700,RENT,4.7,DEBTCONSOLIDATION,17300,13.41,0,0.26,N,14
51,63800,OWN,3.1,VENTURE,23400,18.42,0,0.37,N,10
38,139300,RENT,0.3,VENTURE,23600,9.46,0,0.17,N,13
49,178500,RENT,9.2,EDUCATION,7000,11.28,0,0.04,N,4
43,45300,RENT,12.0,PERSONAL,21500,17.56,0,0.47,N,4
28,46300,OWN,3.0,PERSONAL,26600,17.02,1,0.57,N,6
55,112100,RENT,1.3,VENTURE,21100,10.88,0,0.19,N,2
37,15000,RENT,5.2,EDUCATION,18800,17.54,1,1.25,Y,2
47,13400,MORTGAGE,,PERSONAL,14300,20.23,1,1.07,Y,8
44,36400,MORTGAGE,0.2,EDUCATION,20700,18.96,1,0.57,Y,8
42,65600,OWN,1.7,DEBTCONSOLIDATION,15600,11.37,0,0.24,N,8
41,30200,MORTGAGE,5.7,DEBTCONSOLIDATION,12100,14.51,0,0.4,N,3
41,27900,RENT,8.4,VENTURE,13800,19.17,0,0.49,N,7
62,42700,MORTGAGE,0.9,DEBTCONSOLIDATION,17500,18.51,0,0.41,N,5
42,117800,RENT,14.6,MEDICAL,15300,10.49,0,0.13,N,3
61,44900,MORTGAGE,4.0,MEDICAL,17900,14.15,1,0.4,N,2
42,102400,MORTGAGE,13.0,VENTURE,31000,12.2,0,0.3,N,13
45,59000,MORTGAGE,0.8,VENTURE,9400,10.57,0,0.16,N,13
44,130700,RENT,3.1,PERSONAL,33100,12.44,0,0.25,N,3
62,48900,RENT,2.8,VENTURE,4800,9.8,0,0.1,N,2
52,70200,RENT,2.7,DEBTCONSOLIDATION,16400,,0,0.23,N,10
40,63100,OTHER,13.4,HOMEIMPROVEMENT,27400,15.21,1,0.43,N,6
33,51800,RENT,9.5,VENTURE,6300,10.4,0,0.12,N,3
40,86900,MORTGAGE,7.9,PERSONAL,32100,16.95,0,0.37,N,8
57,81800,RENT,1.7,VENTURE,26500,12.82,0,0.32,Y,2
35,63600,RENT,2.1,DEBTCONSOLIDATION,23600,15.44,0,0.37,N,2
33,19500,RENT,1.5,EDUCATION,14600,17.65,1,0.75,Y,6
38,29400,MORTGAGE,7.9,PERSONAL,8600,12.32,0,0.29,N,3
36,33700,MORTGAGE,2.5,VENTURE,5900,11.09,0,0.18,N,7
37,63800,MORTGAGE,19.0,EDUCATION,5200,9.66,0,0.08,N,3
31,54800,MORTGAGE,2.3,PERSONAL,15900,11.74,0,0.29,N,5
45,37100,RENT,0.9,MEDICAL,18800,17.36,0,0.51,N,3
47,35600,MORTGAGE,13.3,VENTURE,8700,14.53,0,0.24,N,7
42,82000,MORTGAGE,7.6,PERSONAL,13800,9.56,0,0.17,N,5
33,37600,MORTGAGE,4.4,MEDICAL,14600,13.88,0,0.39,N,6
38,14400,MORTGAGE,9.8,MEDICAL,25400,17.11,0,1.76,N,4
47,61100,RENT,14.9,MEDICAL,6900,9.75,0,0.11,N,4
48,41600,OWN,9.9,PERSONAL,21600,17.23,0,0.52,N,7
31,85000,OWN,11.7,HOMEIMPROVEMENT,20800,9.64,0,0.24,N,3
44,37000,MORTGAGE,1.6,MEDICAL,18200,17.28,1,0.49,N,5
38,49200,RENT,3.6,VENTURE,9200,11.05,0,0.19,N,2
43,65200,MORTGAGE,7.9,MEDICAL,4700,6.68,0,0.07,N,4
34,16700,RENT,3.7,DEBTCONSOLIDATION,21100,21.15,1,1.26,Y,10
32,40100,RENT,5.1,HOMEIMPROVEMENT,15300,14.38,1,0.38,Y,12
42,36500,OWN,12.8,EDUCATION,16900,16.63,0,0.46,N,2
43,42800,MORTGAGE,1.8,PERSONAL,23600,15.98,0,0.55,N,6
37,41900,MORTGAGE,3.9,DEBTCONSOLIDATION,7000,10.73,0,0.17,N,8
59,55500,OWN,4.1,VENTURE,8500,11.51,0,0.15,N,14
38,61500,MORTGAGE,2.2,MEDICAL,12400,9.2,0,0.2,N,4
37,78500,MORTGAGE,,DEBTCONSOLIDATION,11100,13.75,1,0.14,N,7
44,73500,RENT,7.3,MEDICAL,28300,17.85,1,0.39,Y,4
43,106800,RENT,13.3,EDUCATION,10400,,0,0.1,N,7
38,94600,MORTGAGE,5.0,DEBTCONSOLIDATION,25600,,0,0.27,N,11
47,119300,OWN,,PERSONAL,14700,7.78,0,0.12,N,2
47,109000,RENT,6.9,EDUCATION,6100,9.59,0,0.06,N,2
44,41800,RENT,26.0,PERSONAL,18000,14.44,0,0.43,N,4
45,46900,MORTGAGE,0.4,DEBTCONSOLIDATION,20100,17.71,0,0.43,N,3
43,48900,RENT,5.3,EDUCATION,7700,9.71,0,0.16,N,8
43,106100,RENT,4.1,MEDICAL,12300,9.56,0,0.12,N,15
34,49000,OWN,4.7,VENTURE,7400,7.92,0,0.15,N,3
44,85800,RENT,0.1,EDUCATION,7900,13.82,0,0.09,Y,9
52,19800,MORTGAGE,15.6,DEBTCONSOLIDATION,18400,,0,0.93,N,9
45,17700,RENT,0.4,VENTURE,13900,19.53,1,0.79,Y,7
41,114700,MORTGAGE,1.8,VENTURE,3900,11.16,0,0.03,N,2
52,74400,MORTGAGE,1.8,EDUCATION,27400,17.93,0,0.37,Y,7
45,108900,RENT,6.6,MEDICAL,18500,13.69,0,0.17,N,5
38,24400,RENT,5.6,EDUCATION,4800,7.31,0,0.2,N,7
52,62400,RENT,,DEBTCONSOLIDATION,19300,16.23,0,0.31,N,12
39,25100,MORTGAGE,,MEDICAL,23000,19.89,1,0.92,Y,3
35,93000,MORTGAGE,1.9,MEDICAL,12100,11.16,0,0.13,N,3
37,57800,RENT,6.1,PERSONAL,20300,12.48,0,0.35,N,7
39,53300,RENT,13.2,PERSONAL,9900,11.97,0,0.19,N,13
33,92100,RENT,1.9,PERSONAL,6700,10.11,0,0.07,N,2
56,54100,RENT,3.7,EDUCATION,29900,17.96,1,0.55,Y,2
31,53200,MORTGAGE,2.3,MEDICAL,2100,10.67,0,0.04,N,7
48,25700,MORTGAGE,4.3,EDUCATION,14500,16.83,1,0.56,Y,6
46,119600,RENT,4.9,DEBTCONSOLIDATION,6200,11.05,0,0.05,N,2
45,60600,MORTGAGE,3.7,MEDICAL,16100,11.47,0,0.27,N,4
47,76200,RENT,2.5,EDUCATION,2100,8.96,0,0.03,N,7
42,26900,MORTGAGE,10.6,MEDICAL,5100,10.02,0,0.19,N,4
48,122400,MORTGAGE,8.1,EDUCATION,18900,10.5,0,0.15,N,7
42,62200,MORTGAGE,24.0,DEBTCONSOLIDATION,22000,17.17,1,0.35,Y,7
40,146100,MORTGAGE,2.7,MEDICAL,21500,,0,0.15,N,4
34,98300,MORTGAGE,0.2,MEDICAL,7900,,0,0.08,N,16
46,14700,MORTGAGE,5.3,HOMEIMPROVEMENT,2200,9.38,0,0.15,N,2
46,86700,MORTGAGE,7.6,EDUCATION,20100,13.24,0,0.23,N,6
43,93400,RENT,13.8,EDUCATION,8100,9.95,0,0.09,N,7
51,79700,RENT,0.1,VENTURE,10500,12.0,0,0.13,N,5
55,63000,RENT,10.6,HOMEIMPROVEMENT,9700,7.06,0,0.15,N,4
39,50400,RENT,3.6,DEBTCONSOLIDATION,27200,16.74,1,0.54,Y,6
49,55100,MORTGAGE,2.3,VENTURE,24600,19.49,1,0.45,N,5
34,121000,OWN,1.3,DEBTCONSOLIDATION,13000,13.8,0,0.11,N,11
44,125800,MORTGAGE,8.4,VENTURE,21400,12.63,0,0.17,N,2
42,50700,MORTGAGE,2.3,MEDICAL,20000,16.46,0,0.39,N,5
51,36300,RENT,4.6,MEDICAL,13400,10.97,0,0.37,Y,6
40,112100,MORTGAGE,3.6,VENTURE,6100,10.34,0,0.05,Y,2
55,92700,RENT,1.5,PERSONAL,20900,7.53,0,0.23,N,7
41,62500,MORTGAGE,7.8,DEBTCONSOLIDATION,18100,16.53,1,0.29,N,7
34,32700,MORTGAGE,1.8,VENTURE,7500,14.39,0,0.23,N,6
32,22100,OTHER,7.7,DEBTCONSOLIDATION,13700,18.52,1,0.62,Y,3
50,84200,MORTGAGE,2.6,PERSONAL,21500,11.77,0,0.26,N,5
33,40900,RENT,0.2,DEBTCONSOLIDATION,20700,19.97,1,0.51,N,4
48,40300,RENT,7.3,PERSONAL,30000,18.36,1,0.74,N,5
50,70200,MORTGAGE,11.5,PERSONAL,13200,8.65,0,0.19,N,2
37,41200,MORTGAGE,0.6,EDUCATION,22600,21.3,1,0.55,Y,5
46,42200,MORTGAGE,4.4,DEBTCONSOLIDATION,2400,11.9,0,0.06,N,5
59,37300,RENT,,DEBTCONSOLIDATION,17200,18.25,1,0.46,N,5
42,80000,RENT,8.9,DEBTCONSOLIDATION,9800,11.8,0,0.12,N,5
32,32300,RENT,14.0,PERSONAL,7500,12.74,0,0.23,N,3
38,24100,MORTGAGE,,PERSONAL,19800,18.99,1,0.82,Y,2
61,32100,RENT,1.9,EDUCATION,11400,13.66,0,0.36,N,6
51,119600,MORTGAGE,9.3,EDUCATION,16500,,0,0.14,N,8
35,39400,RENT,3.7,MEDICAL,22800,19.7,0,0.58,Y,2
54,71000,MORTGAGE,3.0,VENTURE,14800,12.07,0,0.21,N,4
55,45700,MORTGAGE,1.3,MEDICAL,12700,13.14,0,0.28,N,2
40,48600,RENT,4.8,DEBTCONSOLIDATION,16700,15.68,0,0.34,N,8
34,115400,RENT,4.7,HOMEIMPROVEMENT,33100,12.59,0,0.29,N,5
53,58100,MORTGAGE,1.5,PERSONAL,6900,9.07,0,0.12,N,9
63,135500,OWN,1.2,VENTURE,9600,9.73,0,0.07,N,12
38,157400,RENT,2.9,EDUCATION,27400,,0,0.17,N,5
50,129500,MORTGAGE,3.0,DEBTCONSOLIDATION,32900,14.11,0,0.25,N,9
38,40700,OWN,0.7,DEBTCONSOLIDATION,15200,19.43,0,0.37,N,4
38,59700,MORTGAGE,1.6,EDUCATION,3200,9.46,0,0.05,N,9
46,122500,MORTGAGE,0.9,EDUCATION,22700,8.14,0,0.19,N,13
37,83900,OWN,11.6,DEBTCONSOLIDATION,16900,12.76,0,0.2,N,4
43,102800,OWN,0.4,DEBTCONSOLIDATION,14500,9.83,0,0.14,N,2
55,107700,MORTGAGE,10.5,HOMEIMPROVEMENT,29500,15.17,0,0.27,N,5
33,111000,MORTGAGE,3.8,MEDICAL,7000,6.72,0,0.06,N,13
51,31600,RENT,5.5,PERSONAL,10900,13.68,1,0.34,Y,3
45,52700,RENT,12.8,DEBTCONSOLIDATION,16800,11.9,0,0.32,N,6
47,38100,RENT,2.3,MEDICAL,2100,9.2,1,0.06,N,5
44,50900,RENT,6.1,VENTURE,24100,17.64,0,0.47,Y,8
57,61000,RENT,5.6,VENTURE,20500,16.84,0,0.34,N,7
47,57500,RENT,22.3,EDUCATION,9000,11.64,0,0.16,Y,2
40,39300,RENT,0.2,DEBTCONSOLIDATION,10300,12.58,0,0.26,N,12
45,27100,RENT,3.0,HOMEIMPROVEMENT,10200,18.34,1,0.38,N,8
40,23500,RENT,22.0,MEDICAL,23900,18.89,1,1.02,Y,22
38,148400,RENT,2.0,VENTURE,10500,5.42,0,0.07,N,7
54,107300,MORTGAGE,16.9,VENTURE,9800,9.49,0,0.09,N,3
40,65500,MORTGAGE,8.5,MEDICAL,19800,13.66,0,0.3,Y,6
32,12000,OWN,2.1,EDUCATION,15700,19.97,1,1.31,Y,3
47,34500,MORTGAGE,0.1,VENTURE,11200,16.47,0,0.32,N,12
40,71400,RENT,1.6,MEDICAL,15600,9.65,0,0.22,N,9
60,86400,MORTGAGE,0.7,PERSONAL,26600,14.42,0,0.31,N,10
49,45700,MORTGAGE,2.8,VENTURE,13000,12.99,0,0.28,N,6
59,73600,MORTGAGE,14.0,VENTURE,2100,5.42,0,0.03,N,7
51,51500,MORTGAGE,3.6,VENTURE,19700,16.25,0,0.38,Y,10
54,101200,RENT,3.0,DEBTCONSOLIDATION,33800,13.32,0,0.33,N,9
47,53100,MORTGAGE,1.2,EDUCATION,4800,8.94,0,0.09,N,3
52,52100,RENT,4.9,DEBTCONSOLIDATION,16500,15.24,0,0.32,N,9
37,41200,MORTGAGE,3.0,HOMEIMPROVEMENT,11900,8.44,0,0.29,N,7
51,82100,RENT,7.4,PERSONAL,15400,12.97,0,0.19,N,7
34,68100,RENT,3.6,EDUCATION,10300,8.92,0,0.15,N,6
43,28700,MORTGAGE,10.9,DEBTCONSOLIDATION,20200,19.71,1,0.7,Y,6
39,67100,OWN,7.6,DEBTCONSOLIDATION,6000,11.23,0,0.09,N,10
46,60000,RENT,0.8,DEBTCONSOLIDATION,5900,5.45,0,0.1,N,5
40,92000,MORTGAGE,0.7,VENTURE,14800,13.2,0,0.16,Y,2
34,51600,RENT,0.1,DEBTCONSOLIDATION,10500,12.44,0,0.2,N,16
33,31700,RENT,2.3,EDUCATION,26800,22.16,1,0.85,Y,5
34,42300,RENT,,VENTURE,8200,11.32,0,0.19,N,13
46,148600,MORTGAGE,3.0,VENTURE,20900,7.48,0,0.14,N,7
46,48200,MORTGAGE,1.4,DEBTCONSOLIDATION,30300,17.93,1,0.63,N,5
40,95600,MORTGAGE,3.4,DEBTCONSOLIDATION,10600,10.79,0,0.11,N,4
48,25500,RENT,,PERSONAL,26500,17.25,1,1.04,Y,4
42,67400,RENT,4.0,EDUCATION,10400,6.97,0,0.15,N,3
47,23300,RENT,17.0,DEBTCONSOLIDATION,15100,20.98,0,0.65,Y,3
43,56300,MORTGAGE,5.1,VENTURE,1300,8.44,0,0.02,N,4
51,36100,RENT,4.2,DEBTCONSOLIDATION,9500,12.56,1,0.26,N,10
37,32600,RENT,7.8,HOMEIMPROVEMENT,4800,8.18,0,0.15,N,5
31,30500,MORTGAGE,0.0,VENTURE,3900,11.86,0,0.13,N,5
42,48200,OWN,1.7,PERSONAL,33000,17.86,1,0.68,Y,3
44,19000,RENT,21.7,HOMEIMPROVEMENT,20600,16.72,1,1.08,Y,8
35,24500,MORTGAGE,7.6,EDUCATION,10800,,0,0.44,N,2
37,57000,RENT,0.5,DEBTCONSOLIDATION,18200,13.67,0,0.32,N,19
49,20700,RENT,2.0,EDUCATION,14600,17.99,1,0.71,N,8
49,23500,MORTGAGE,2.9,EDUCATION,26500,19.14,1,1.13,Y,11
42,144700,RENT,13.6,DEBTCONSOLIDATION,9200,11.13,0,0.06,N,6
32,128600,RENT,4.4,HOMEIMPROVEMENT,14200,7.93,0,0.11,N,6
48,34300,MORTGAGE,0.4,EDUCATION,2300,8.8,0,0.07,N,2
44,64900,MORTGAGE,3.6,DEBTCONSOLIDATION,19500,15.18,0,0.3,N,5
39,34400,MORTGAGE,1.7,PERSONAL,15700,17.97,1,0.46,Y,9
53,35200,RENT,2.1,PERSONAL,16800,16.1,1,0.48,N,2
28,12000,RENT,0.6,VENTURE,19400,18.77,1,1.62,Y,10
43,125600,RENT,3.1,MEDICAL,11600,7.9,0,0.09,N,2
48,73500,RENT,5.5,MEDICAL,7500,12.81,0,0.1,Y,7
34,81500,RENT,7.1,MEDICAL,8100,10.55,0,0.1,N,2
33,72600,MORTGAGE,5.9,HOMEIMPROVEMENT,19600,12.58,0,0.27,N,11
61,48600,RENT,5.4,DEBTCONSOLIDATION,32700,20.61,1,0.67,Y,7
49,41500,RENT,10.2,MEDICAL,12900,11.02,0,0.31,N,2
57,53200,MORTGAGE,,PERSONAL,7800,,0,0.15,N,3
52,121300,MORTGAGE,1.2,PERSONAL,5400,8.07,0,0.04,N,3
46,54900,MORTGAGE,0.5,DEBTCONSOLIDATION,13600,12.34,0,0.25,N,5
63,157600,MORTGAGE,0.9,EDUCATION,19200,8.42,0,0.12,N,8
45,35300,OTHER,0.8,PERSONAL,16200,17.13,0,0.46,N,10
42,23900,OWN,12.2,MEDICAL,10000,13.66,0,0.42,N,3
52,32600,MORTGAGE,1.0,MEDICAL,16100,12.03,1,0.49,N,4
53,49600,MORTGAGE,0.5,PERSONAL,14900,13.19,0,0.3,N,2
47,116300,RENT,2.6,DEBTCONSOLIDATION,8700,9.18,0,0.07,N,8
39,41500,MORTGAGE,0.9,VENTURE,12100,,0,0.29,N,9
52,24300,MORTGAGE,0.7,VENTURE,24500,,1,1.01,N,9
39,54600,RENT,2.3,DEBTCONSOLIDATION,20200,14.28,0,0.37,Y,7
44,106100,RENT,12.6,EDUCATION,27100,12.27,0,0.26,N,9
36,54000,MORTGAGE,,PERSONAL,25200,16.56,0,0.47,N,2
37,60500,OWN,1.2,EDUCATION,9200,11.08,0,0.15,N,8
29,53400,RENT,8.7,MEDICAL,24000,14.76,0,0.45,N,6
42,48300,RENT,1.4,PERSONAL,16600,13.28,0,0.34,N,5
46,202800,MORTGAGE,2.9,MEDICAL,29200,13.65,0,0.14,N,2
62,111600,RENT,0.5,MEDICAL,8300,8.55,0,0.07,N,9
38,151900,MORTGAGE,7.9,VENTURE,10900,12.22,0,0.07,N,9
44,250000,MORTGAGE,6.7,DEBTCONSOLIDATION,12000,8.92,0,0.05,N,3
42,109900,RENT,0.7,MEDICAL,3500,9.5,0,0.03,N,7
47,41800,MORTGAGE,14.8,VENTURE,13600,,0,0.33,N,3
41,88000,RENT,4.5,EDUCATION,28000,15.79,0,0.32,N,2
49,155000,MORTGAGE,8.0,VENTURE,22200,7.68,0,0.14,N,9
36,72700,RENT,7.2,EDUCATION,8400,12.9,0,0.12,N,5
43,44800,RENT,3.7,DEBTCONSOLIDATION,9800,12.11,0,0.22,N,4
46,115300,RENT,6.9,EDUCATION,30400,,0,0.26,N,12
53,26900,MORTGAGE,1.4,DEBTCONSOLIDATION,5000,11.6,0,0.19,Y,9
49,58600,MORTGAGE,0.1,MEDICAL,13000,15.26,0,0.22,N,4
43,82200,MORTGAGE,2.1,DEBTCONSOLIDATION,25000,14.01,0,0.3,N,7
37,51100,MORTGAGE,,MEDICAL,18600,13.72,0,0.36,N,8
64,76400,MORTGAGE,19.8,EDUCATION,31000,15.0,0,0.41,N,8
38,77600,RENT,12.9,VENTURE,30300,15.81,0,0.39,N,6
34,73700,MORTGAGE,0.8,MEDICAL,20200,13.44,0,0.27,N,4
38,48800,RENT,2.1,MEDICAL,13700,11.2,0,0.28,N,9
33,43400,MORTGAGE,3.6,MEDICAL,16800,15.1,0,0.39,N,6
46,50800,MORTGAGE,2.5,MEDICAL,21500,12.92,1,0.42,Y,11
43,25500,MORTGAGE,6.0,VENTURE,10000,13.82,0,0.39,Y,5
41,115500,MORTGAGE,3.5,EDUCATION,13100,9.77,0,0.11,N,10
42,73000,RENT,,MEDICAL,17900,13.22,0,0.25,N,6
39,59400,RENT,5.7,PERSONAL,9600,,0,0.16,N,8
30,37300,MORTGAGE,0.1,PERSONAL,17600,14.11,0,0.47,N,2
52,58200,RENT,0.1,MEDICAL,7300,11.79,0,0.13,N,2
40,57500,RENT,1.0,MEDICAL,12300,9.11,0,0.21,N,3
33,42600,RENT,6.3,VENTURE,6300,9.2,1,0.15,N,6
31,96500,RENT,1.4,HOMEIMPROVEMENT,23200,11.73,1,0.24,Y,4
56,29100,RENT,12.6,VENTURE,10200,16.83,0,0.35,N,2
40,32800,MORTGAGE,0.4,DEBTCONSOLIDATION,26900,20.91,1,0.82,N,2
40,99800,RENT,4.3,DEBTCONSOLIDATION,21300,13.39,0,0.21,N,5
47,123900,RENT,0.1,PERSONAL,10400,10.47,0,0.08,N,9
39,63200,MORTGAGE,17.9,VENTURE,16300,13.58,0,0.26,N,11
33,31500,RENT,1.2,PERSONAL,12800,17.07,1,0.41,Y,6
38,112100,MORTGAGE,4.4,MEDICAL,21900,11.71,0,0.2,N,2
45,60900,RENT,15.3,HOMEIMPROVEMENT,18300,17.49,0,0.3,Y,10
38,58000,RENT,0.2,VENTURE,17500,13.85,0,0.3,N,6
37,126700,RENT,3.6,HOMEIMPROVEMENT,19400,11.22,0,0.15,N,12
35,85700,MORTGAGE,3.7,PERSONAL,12400,,0,0.14,N,10
46,44200,RENT,2.2,EDUCATION,12200,10.49,0,0.28,N,4
45,22800,OWN,5.3,EDUCATION,11100,12.7,1,0.49,N,7
48,45500,MORTGAGE,3.9,MEDICAL,7600,6.23,0,0.17,N,11
41,70300,MORTGAGE,1.4,MEDICAL,11300,10.08,0,0.16,N,7
39,76900,RENT,6.1,EDUCATION,17000,14.82,0,0.22,N,9
37,27600,RENT,3.1,DEBTCONSOLIDATION,10400,17.52,1,0.38,Y,9
40,37900,RENT,3.2,MEDICAL,8300,12.14,0,0.22,Y,13
32,12000,RENT,14.0,DEBTCONSOLIDATION,28900,20.02,1,2.41,Y,4
46,65500,OTHER,3.8,VENTURE,15800,15.02,0,0.24,Y,4
40,21100,RENT,7.7,VENTURE,4000,13.37,0,0.19,N,7
53,42100,RENT,10.1,VENTURE,21100,14.76,0,0.5,N,2
43,33100,MORTGAGE,4.3,HOMEIMPROVEMENT,18000,18.85,1,0.54,Y,8
30,78400,RENT,7.7,MEDICAL,11800,9.07,0,0.15,Y,5
44,66900,RENT,1.9,MEDICAL,18600,12.79,0,0.28,N,6
65,36200,OWN,1.0,VENTURE,26300,18.2,1,0.73,N,4
46,59000,RENT,5.9,MEDICAL,8700,13.75,0,0.15,N,2
50,78600,MORTGAGE,13.0,VENTURE,14600,9.95,0,0.19,N,5
54,64000,RENT,0.2,VENTURE,20800,,0,0.32,N,6
36,12000,MORTGAGE,7.2,PERSONAL,5800,,1,0.48,Y,5
42,192900,RENT,0.1,HOMEIMPROVEMENT,20200,10.2,0,0.1,N,2
37,72800,MORTGAGE,3.1,HOMEIMPROVEMENT,20600,13.09,0,0.28,N,6
49,100500,RENT,5.7,EDUCATION,15100,8.97,0,0.15,N,7
37,36400,RENT,,VENTURE,21200,18.64,1,0.58,Y,2
41,32400,MORTGAGE,1.8,MEDICAL,17900,15.35,1,0.55,N,6
50,40500,RENT,1.0,EDUCATION,10600,13.15,0,0.26,N,12
49,162800,MORTGAGE,19.1,PERSONAL,7300,9.25,0,0.04,N,12
44,45500,MORTGAGE,4.2,HOMEIMPROVEMENT,29200,17.79,1,0.64,Y,7
55,52300,MORTGAGE,0.7,EDUCATION,15600,13.37,0,0.3,N,8
50,150400,RENT,0.2,MEDICAL,19100,10.04,0,0.13,N,3
38,44400,OWN,1.4,DEBTCONSOLIDATION,14900,13.7,0,0.34,N,14
33,54600,MORTGAGE,3.9,MEDICAL,19900,13.96,0,0.36,N,6
36,26100,RENT,,VENTURE,7400,17.7,0,0.28,N,6
50,157900,MORTGAGE,19.8,PERSONAL,8800,7.67,0,0.06,N,6
46,35700,MORTGAGE,,EDUCATION,23600,16.4,1,0.66,Y,10
55,49300,RENT,4.7,VENTURE,4900,8.19,0,0.1,N,13
47,12000,RENT,5.5,EDUCATION,13100,18.91,1,1.09,N,10
50,49300,OWN,3.7,MEDICAL,8200,11.49,0,0.17,N,5
45,51900,RENT,2.9,EDUCATION,15500,11.13,0,0.3,N,5
38,43100,MORTGAGE,7.7,PERSONAL,13300,13.65,0,0.31,N,6
38,20800,RENT,1.0,EDUCATION,19800,18.44,1,0.95,N,5
36,73100,MORTGAGE,2.0,PERSONAL,10300,9.67,0,0.14,N,8
38,19100,RENT,19.2,VENTURE,12400,17.07,1,0.65,Y,3
55,21800,RENT,4.2,PERSONAL,9000,14.37,0,0.41,N,6
49,47000,MORTGAGE,3.5,DEBTCONSOLIDATION,6300,9.27,0,0.13,N,7
41,105500,MORTGAGE,,VENTURE,8900,10.25,0,0.08,N,10
47,52800,MORTGAGE,7.2,PERSONAL,25500,16.09,1,0.48,N,6
46,63800,RENT,2.0,DEBTCONSOLIDATION,13600,16.54,0,0.21,N,3
56,37400,RENT,4.9,PERSONAL,14800,13.55,1,0.4,Y,4
41,37400,RENT,1.0,MEDICAL,19900,18.76,1,0.53,Y,8
45,88000,MORTGAGE,0.3,HOMEIMPROVEMENT,24000,12.52,0,0.27,N,10
50,106700,MORTGAGE,23.0,EDUCATION,3500,10.46,0,0.03,N,7
38,99800,MORTGAGE,6.7,MEDICAL,6800,12.45,0,0.07,N,7
57,76000,MORTGAGE,13.4,DEBTCONSOLIDATION,12500,11.56,0,0.16,N,7
49,64900,RENT,8.9,MEDICAL,8400,9.12,0,0.13,N,8
36,24600,MORTGAGE,2.8,VENTURE,13400,18.33,0,0.54,N,5
62,39600,RENT,9.9,EDUCATION,16500,11.0,1,0.42,Y,7
55,36600,RENT,7.7,DEBTCONSOLIDATION,13800,16.02,0,0.38,N,6
48,56400,RENT,1.5,HOMEIMPROVEMENT,18200,11.37,0,0.32,Y,3
31,83100,MORTGAGE,4.9,HOMEIMPROVEMENT,3300,7.43,0,0.04,N,3
39,45000,RENT,1.8,EDUCATION,14900,12.57,1,0.33,N,5
44,13700,RENT,1.3,EDUCATION,19300,20.64,1,1.41,Y,3
45,108500,RENT,0.4,VENTURE,33300,14.13,0,0.31,N,7
44,33100,RENT,3.9,MEDICAL,6300,10.09,0,0.19,N,3
34,34100,MORTGAGE,2.5,PERSONAL,2800,7.89,0,0.08,N,2
41,77200,MORTGAGE,0.5,DEBTCONSOLIDATION,10000,10.51,0,0.13,N,2
42,40800,MORTGAGE,6.3,EDUCATION,10600,14.95,0,0.26,N,4
30,54900,MORTGAGE,6.4,EDUCATION,22000,13.69,0,0.4,N,9
48,65100,RENT,1.3,HOMEIMPROVEMENT,9300,11.86,0,0.14,N,8
59,58800,MORTGAGE,15.6,VENTURE,9200,10.48,0,0.16,N,2
42,47200,OWN,7.5,EDUCATION,24300,10.75,0,0.51,N,8
48,58000,RENT,8.2,VENTURE,12500,8.23,0,0.22,N,2
36,194600,RENT,0.0,PERSONAL,17600,7.69,0,0.09,N,6
46,110500,RENT,19.2,DEBTCONSOLIDATION,8500,12.19,0,0.08,N,9
46,91900,MORTGAGE,23.2,VENTURE,16200,10.98,0,0.18,N,5
53,70600,MORTGAGE,3.5,PERSONAL,25300,12.15,0,0.36,N,15
55,137400,OTHER,21.0,VENTURE,19600,10.56,0,0.14,N,9
48,92200,MORTGAGE,4.7,VENTURE,7200,11.04,0,0.08,N,3
38,116600,RENT,0.7,HOMEIMPROVEMENT,7000,6.89,0,0.06,N,5
38,118900,MORTGAGE,8.4,HOMEIMPROVEMENT,6300,8.49,0,0.05,N,6
55,82700,OTHER,4.1,PERSONAL,26500,11.71,0,0.32,N,3
32,76300,MORTGAGE,2.1,VENTURE,16400,14.56,0,0.21,N,4
35,47700,RENT,1.3,MEDICAL,3200,12.24,0,0.07,N,7
39,165200,RENT,3.7,MEDICAL,23100,10.87,0,0.14,N,3
47,55100,RENT,5.9,HOMEIMPROVEMENT,10600,9.2,1,0.19,N,2
58,30700,MORTGAGE,10.5,PERSONAL,18100,16.96,1,0.59,Y,7
59,69300,MORTGAGE,4.6,VENTURE,23600,14.29,0,0.34,N,10
29,50800,MORTGAGE,2.7,PERSONAL,20300,11.17,0,0.4,N,5
46,32300,RENT,5.0,EDUCATION,22400,20.76,1,0.69,Y,4
43,33400,OWN,3.4,HOMEIMPROVEMENT,21800,15.39,0,0.65,N,2
37,57400,RENT,5.3,VENTURE,7400,7.56,0,0.13,N,5
28,59300,RENT,4.7,MEDICAL,11700,9.55,0,0.2,N,10
43,25600,RENT,19.2,EDUCATION,26300,16.91,0,1.03,N,13
35,44800,RENT,4.9,PERSONAL,6100,11.67,0,0.14,N,6
47,94000,OWN,5.9,HOMEIMPROVEMENT,30400,13.23,0,0.32,N,3
44,13300,RENT,11.1,VENTURE,8800,20.32,1,0.66,Y,2
31,47400,RENT,12.2,MEDICAL,16600,14.93,0,0.35,N,9
41,55100,OWN,0.8,MEDICAL,10600,14.76,0,0.19,N,4
33,77900,MORTGAGE,3.0,VENTURE,31100,14.17,0,0.4,N,14
45,48300,RENT,14.3,PERSONAL,14500,12.76,0,0.3,N,5
49,43800,RENT,16.1,EDUCATION,7400,12.24,0,0.17,N,2
40,75800,MORTGAGE,1.1,HOMEIMPROVEMENT,23400,10.83,0,0.31,N,2
55,52700,RENT,2.9,MEDICAL,12000,12.81,1,0.23,N,15
45,143200,RENT,1.6,PERSONAL,23600,8.41,0,0.16,N,11
43,76300,RENT,7.8,DEBTCONSOLIDATION,12800,12.34,0,0.17,N,6
43,84800,RENT,9.6,VENTURE,27300,14.34,0,0.32,N,7
41,56500,MORTGAGE,3.2,PERSONAL,4900,8.59,0,0.09,N,11
41,152400,MORTGAGE,5.6,PERSONAL,31200,9.25,0,0.2,N,5
35,39800,MORTGAGE,10.2,MEDICAL,13200,,0,0.33,N,9
57,28800,MORTGAGE,6.2,HOMEIMPROVEMENT,11400,15.82,1,0.4,Y,13
41,51500,MORTGAGE,0.9,VENTURE,4400,8.3,0,0.09,N,6
59,46900,MORTGAGE,6.2,EDUCATION,8900,13.01,0,0.19,N,3
49,50200,MORTGAGE,0.9,HOMEIMPROVEMENT,10300,12.03,0,0.21,N,7
42,160800,MORTGAGE,5.3,PERSONAL,19500,11.33,0,0.12,N,5
44,35100,MORTGAGE,2.0,VENTURE,18600,16.14,1,0.53,N,4
49,52400,MORTGAGE,0.3,DEBTCONSOLIDATION,24900,16.56,1,0.48,Y,7
52,22100,MORTGAGE,1.3,VENTURE,27700,18.88,1,1.25,N,2
43,153500,RENT,3.2,MEDICAL,19500,12.13,1,0.13,N,11
51,15100,MORTGAGE,25.6,EDUCATION,18500,19.24,1,1.23,Y,3
49,58700,OWN,1.5,DEBTCONSOLIDATION,25600,15.27,1,0.44,N,2
49,25900,RENT,19.3,MEDICAL,7000,11.24,0,0.27,N,4
51,25200,MORTGAGE,2.3,VENTURE,5600,9.69,0,0.22,N,5
39,33300,RENT,16.1,VENTURE,18900,20.87,1,0.57,Y,4
56,29500,MORTGAGE,15.6,PERSONAL,10300,16.62,1,0.35,N,5
46,62800,MORTGAGE,0.8,PERSONAL,12400,,0,0.2,N,10
52,26900,MORTGAGE,8.8,MEDICAL,16400,17.99,1,0.61,Y,10
43,96000,RENT,3.6,MEDICAL,28400,11.85,0,0.3,N,3
45,112800,MORTGAGE,5.8,MEDICAL,24400,9.55,0,0.22,N,4
39,134600,RENT,7.5,MEDICAL,19700,10.64,0,0.15,N,10
36,23300,MORTGAGE,0.7,PERSONAL,12600,20.4,1,0.54,Y,11
42,35200,MORTGAGE,8.0,VENTURE,21500,20.12,1,0.61,Y,19
49,41600,MORTGAGE,1.8,EDUCATION,8000,18.72,1,0.19,N,9
39,39700,RENT,6.6,VENTURE,22000,19.2,1,0.55,Y,3
32,84200,MORTGAGE,4.3,HOMEIMPROVEMENT,13500,10.41,0,0.16,N,5
54,64500,MORTGAGE,5.8,EDUCATION,9500,8.78,0,0.15,N,8
35,32500,RENT,4.9,EDUCATION,13200,17.28,0,0.41,N,5
46,46400,RENT,8.3,PERSONAL,21300,15.39,1,0.46,N,2
61,53200,RENT,11.2,HOMEIMPROVEMENT,17600,14.57,0,0.33,N,8
70,49300,OWN,3.0,EDUCATION,7100,9.7,0,0.14,N,7
42,36100,MORTGAGE,2.5,MEDICAL,18500,17.89,1,0.51,N,6
54,29400,MORTGAGE,1.4,EDUCATION,22900,15.69,1,0.78,N,6
46,81900,OWN,8.4,MEDICAL,7400,11.15,0,0.09,N,6
36,28300,RENT,17.1,VENTURE,5100,13.04,0,0.18,N,7
41,80000,MORTGAGE,1.1,VENTURE,4900,8.05,0,0.06,N,8
40,61700,MORTGAGE,3.1,MEDICAL,3500,9.21,0,0.06,N,2
53,33800,OTHER,7.4,EDUCATION,3200,8.63,0,0.09,N,12
60,71700,RENT,5.1,VENTURE,21900,10.33,0,0.31,Y,4
40,36500,RENT,8.4,VENTURE,19800,15.43,1,0.54,N,5
33,73900,RENT,0.1,PERSONAL,27800,13.31,0,0.38,N,4
45,35100,RENT,12.1,DEBTCONSOLIDATION,11100,13.27,0,0.32,N,9
37,57500,MORTGAGE,0.3,PERSONAL,19000,14.07,0,0.33,N,9
35,52700,RENT,2.9,HOMEIMPROVEMENT,12200,13.65,0,0.23,N,14
38,38500,RENT,1.6,EDUCATION,15300,13.86,1,0.4,N,6
38,45600,OWN,13.2,HOMEIMPROVEMENT,12700,11.61,0,0.28,N,2
47,38000,OWN,1.6,EDUCATION,12300,10.7,0,0.32,N,11
49,103200,RENT,2.3,DEBTCONSOLIDATION,9200,10.7,0,0.09,N,9
46,36900,MORTGAGE,11.0,PERSONAL,15800,16.39,0,0.43,Y,4
37,52100,MORTGAGE,3.9,PERSONAL,9400,9.27,0,0.18,N,8
37,17200,RENT,11.4,PERSONAL,7200,15.75,0,0.42,N,9
43,37100,RENT,5.4,PERSONAL,20100,18.69,1,0.54,Y,3
41,76800,RENT,0.4,VENTURE,17300,8.65,0,0.23,N,9
44,70300,RENT,2.9,EDUCATION,10000,11.46,0,0.14,N,5
47,68900,MORTGAGE,1.0,VENTURE,16900,11.04,0,0.25,N,6
43,53300,RENT,0.3,MEDICAL,3700,10.1,0,0.07,N,9
48,62200,MORTGAGE,2.3,MEDICAL,31800,19.73,1,0.51,Y,3
45,119800,MORTGAGE,12.0,VENTURE,7900,6.9,0,0.07,N,11
49,32600,RENT,0.6,DEBTCONSOLIDATION,27800,20.3,1,0.85,N,21
35,106300,RENT,0.0,VENTURE,5300,9.86,0,0.05,N,3
32,33400,RENT,13.7,HOMEIMPROVEMENT,18900,19.9,1,0.57,N,9
37,64000,MORTGAGE,3.8,MEDICAL,8800,8.34,0,0.14,N,6
53,33800,MORTGAGE,4.1,EDUCATION,29500,18.45,1,0.87,Y,5
45,86400,RENT,13.2,MEDICAL,10400,7.71,0,0.12,N,7
39,26700,RENT,6.0,EDUCATION,4300,11.4,0,0.16,N,11
38,31200,MORTGAGE,8.8,PERSONAL,4000,5.42,0,0.13,N,6
49,50900,RENT,7.4,EDUCATION,23700,17.69,1,0.47,N,8
45,35100,MORTGAGE,4.7,VENTURE,5400,12.3,0,0.15,N,11
34,36700,MORTGAGE,5.8,HOMEIMPROVEMENT,22700,17.49,1,0.62,Y,6
34,50800,MORTGAGE,4.1,MEDICAL,7400,9.41,0,0.15,N,7
48,27200,RENT,2.2,MEDICAL,9700,13.91,1,0.36,N,3
39,58100,OWN,1.7,EDUCATION,30900,14.41,0,0.53,N,4
33,66300,RENT,1.0,PERSONAL,19400,12.75,0,0.29,N,12
33,22800,RENT,2.2,MEDICAL,7300,13.28,1,0.32,N,8
47,62000,RENT,4.3,HOMEIMPROVEMENT,9600,8.53,0,0.15,N,10
39,60600,OTHER,4.4,EDUCATION,13500,14.15,0,0.22,N,8
50,68900,RENT,5.8,EDUCATION,24900,,0,0.36,Y,3
44,57700,MORTGAGE,10.6,VENTURE,19000,13.39,1,0.33,N,8
40,65700,RENT,5.3,EDUCATION,18600,16.17,0,0.28,N,5
43,65600,RENT,0.9,MEDICAL,11200,8.08,0,0.17,N,7
62,62000,MORTGAGE,0.1,VENTURE,17500,15.16,0,0.28,N,4
36,66500,MORTGAGE,1.1,MEDICAL,7900,8.91,0,0.12,N,3
54,126500,MORTGAGE,11.9,HOMEIMPROVEMENT,15500,11.33,0,0.12,N,13
49,111300,RENT,4.2,MEDICAL,15300,9.94,0,0.14,N,6
39,50900,MORTGAGE,9.4,EDUCATION,18400,15.21,0,0.36,Y,3
49,38400,RENT,1.3,EDUCATION,9100,11.72,1,0.24,N,11
45,109000,RENT,6.2,MEDICAL,6600,8.68,0,0.06,N,7
43,190700,RENT,6.6,DEBTCONSOLIDATION,29600,11.75,0,0.16,N,6
41,53300,RENT,8.3,MEDICAL,7500,10.31,0,0.14,N,5
52,71300,MORTGAGE,3.8,VENTURE,10800,10.73,0,0.15,N,6
44,45300,MORTGAGE,7.9,HOMEIMPROVEMENT,24300,17.46,0,0.54,N,2
37,72600,OTHER,13.7,MEDICAL,16100,9.69,0,0.22,N,2
43,18200,MORTGAGE,15.8,VENTURE,8700,14.94,0,0.48,Y,11
33,40600,RENT,0.7,VENTURE,13600,12.63,0,0.33,N,3
39,80700,MORTGAGE,4.9,VENTURE,23100,15.84,0,0.29,N,3
48,33500,RENT,0.6,HOMEIMPROVEMENT,31900,19.1,1,0.95,N,7
36,73500,MORTGAGE,12.8,PERSONAL,17200,10.3,0,0.23,N,6
68,72100,RENT,15.5,EDUCATION,9300,11.66,0,0.13,N,2
30,74500,RENT,3.5,EDUCATION,22100,11.56,0,0.3,N,2
41,41000,MORTGAGE,16.1,EDUCATION,22000,13.71,0,0.54,N,4
49,82500,MORTGAGE,7.3,MEDICAL,25100,13.17,1,0.3,N,3
33,149700,RENT,6.0,MEDICAL,7100,7.55,0,0.05,N,5
49,41400,MORTGAGE,4.3,DEBTCONSOLIDATION,11300,12.01,0,0.27,N,7
49,37500,OWN,2.6,PERSONAL,9000,13.66,0,0.24,N,9
41,49300,RENT,16.6,HOMEIMPROVEMENT,8700,12.48,0,0.18,N,5
37,63000,MORTGAGE,1.1,DEBTCONSOLIDATION,11300,12.24,0,0.18,N,13
44,30700,RENT,8.1,DEBTCONSOLIDATION,4600,8.44,0,0.15,N,9
48,42200,MORTGAGE,2.3,EDUCATION,23400,16.44,1,0.55,Y,5
37,120700,MORTGAGE,7.0,PERSONAL,23600,11.87,0,0.2,N,10
42,101200,RENT,0.9,EDUCATION,27900,13.09,1,0.28,Y,5
34,31400,RENT,2.3,PERSONAL,5400,11.7,0,0.17,N,2
51,151200,MORTGAGE,14.6,DEBTCONSOLIDATION,15500,10.34,0,0.1,N,4
60,42800,MORTGAGE,4.1,MEDICAL,2300,7.21,0,0.05,N,4
40,65200,RENT,3.4,EDUCATION,16000,12.56,1,0.25,N,5
38,55400,RENT,,EDUCATION,6100,9.93,0,0.11,N,3
53,89800,MORTGAGE,2.7,DEBTCONSOLIDATION,11700,11.12,0,0.13,N,7
53,28900,RENT,3.4,VENTURE,10600,18.16,1,0.37,Y,2
50,40500,RENT,4.1,VENTURE,10700,13.01,0,0.26,N,7
35,32700,RENT,17.0,VENTURE,8200,11.27,0,0.25,N,5
27,30300,RENT,8.2,VENTURE,6300,9.47,0,0.21,N,6
42,36000,MORTGAGE,0.2,DEBTCONSOLIDATION,3100,9.81,0,0.09,N,2
47,34200,MORTGAGE,7.7,VENTURE,20200,15.8,0,0.59,Y,12
40,77100,RENT,3.5,VENTURE,26400,,0,0.34,N,13
53,43800,RENT,1.3,HOMEIMPROVEMENT,25400,16.25,1,0.58,Y,2
38,47100,RENT,9.6,VENTURE,17000,15.71,0,0.36,N,2
32,19700,MORTGAGE,1.6,EDUCATION,6700,,1,0.34,N,2
40,93300,MORTGAGE,1.9,VENTURE,15500,14.39,0,0.17,N,9
46,21100,MORTGAGE,0.3,PERSONAL,6200,12.58,0,0.29,Y,2
36,57100,RENT,18.0,EDUCATION,14200,14.98,0,0.25,N,9
45,112500,RENT,7.9,EDUCATION,23800,8.86,0,0.21,Y,3
42,126200,RENT,0.8,EDUCATION,8400,7.65,0,0.07,N,5
60,25300,MORTGAGE,3.4,PERSONAL,27300,18.91,1,1.08,N,15
51,49100,RENT,2.1,EDUCATION,11700,13.58,0,0.24,N,7
70,82700,MORTGAGE,0.2,DEBTCONSOLIDATION,8700,15.3,0,0.11,Y,9
34,43400,RENT,13.1,VENTURE,14000,10.35,0,0.32,N,14
55,98200,RENT,9.1,HOMEIMPROVEMENT,24200,16.61,0,0.25,N,4
30,17700,OWN,12.0,MEDICAL,9600,18.26,1,0.54,N,7
52,58900,RENT,1.4,HOMEIMPROVEMENT,7800,10.09,0,0.13,N,3
32,69300,RENT,6.0,HOMEIMPROVEMENT,17200,11.73,0,0.25,N,6
49,28800,RENT,0.6,EDUCATION,18500,17.31,1,0.64,N,11
45,84200,RENT,2.8,EDUCATION,5400,7.81,0,0.06,N,6
46,30800,MORTGAGE,9.4,MEDICAL,9300,12.09,0,0.3,N,12
30,132300,OWN,0.0,MEDICAL,6700,6.47,0,0.05,N,12
49,45400,MORTGAGE,3.3,PERSONAL,19000,16.34,1,0.42,Y,7
32,49600,RENT,2.9,EDUCATION,14600,11.8,0,0.29,N,5
60,30700,MORTGAGE,5.9,PERSONAL,25400,19.86,0,0.83,N,6
38,44700,RENT,1.4,EDUCATION,18100,15.88,0,0.4,N,3
27,36700,MORTGAGE,1.0,EDUCATION,9600,13.45,1,0.26,Y,5
40,64000,RENT,5.3,DEBTCONSOLIDATION,10800,11.97,0,0.17,N,6
55,62500,RENT,5.1,EDUCATION,12300,10.33,0,0.2,N,3
44,51600,MORTGAGE,7.0,PERSONAL,6200,11.33,0,0.12,N,9
44,59500,RENT,1.4,EDUCATION,26700,16.94,0,0.45,N,6
47,29700,MORTGAGE,0.1,PERSONAL,18700,18.21,1,0.63,N,5
36,30700,MORTGAGE,10.5,DEBTCONSOLIDATION,19400,17.37,0,0.63,N,10
38,105100,RENT,1.2,VENTURE,17700,,0,0.17,N,3
44,35900,RENT,2.7,MEDICAL,12800,16.79,1,0.36,Y,10
61,63800,MORTGAGE,3.2,EDUCATION,11600,11.11,0,0.18,N,2
50,15300,MORTGAGE,1.0,DEBTCONSOLIDATION,15100,18.73,1,0.99,Y,7
51,68500,RENT,3.7,EDUCATION,19800,9.42,0,0.29,N,4
56,102700,RENT,12.3,HOMEIMPROVEMENT,11100,11.67,1,0.11,N,3
53,57900,MORTGAGE,,PERSONAL,13800,11.49,0,0.24,N,2
50,59500,RENT,3.7,PERSONAL,17500,14.87,0,0.29,N,8
42,128300,MORTGAGE,1.8,HOMEIMPROVEMENT,9700,8.41,0,0.08,N,6
29,63300,RENT,11.0,PERSONAL,22900,17.84,1,0.36,N,6
36,37200,RENT,1.2,EDUCATION,8600,13.71,0,0.23,N,6
37,42600,MORTGAGE,0.6,MEDICAL,24000,15.24,1,0.56,N,7
54,38800,RENT,0.8,VENTURE,2100,12.17,0,0.05,N,7
48,92600,RENT,2.3,VENTURE,17300,9.79,0,0.19,N,13
27,110100,RENT,4.0,EDUCATION,13400,10.37,0,0.12,N,6
44,97400,RENT,5.5,MEDICAL,9200,10.65,0,0.09,N,5
29,36300,RENT,4.1,PERSONAL,28300,18.4,1,0.78,Y,4
42,56400,RENT,11.8,PERSONAL,8600,,0,0.15,N,5
53,79700,RENT,,DEBTCONSOLIDATION,13800,9.21,0,0.17,N,7
48,28500,OWN,6.2,HOMEIMPROVEMENT,15200,16.52,1,0.53,N,4
40,89300,MORTGAGE,1.6,DEBTCONSOLIDATION,28700,16.06,0,0.32,N,10
45,86500,OWN,5.7,VENTURE,17100,12.97,0,0.2,N,2
38,75400,RENT,13.0,VENTURE,5400,10.05,0,0.07,N,7
34,85100,MORTGAGE,16.0,MEDICAL,12300,,0,0.14,N,9
38,51800,RENT,6.5,DEBTCONSOLIDATION,24100,17.56,0,0.47,N,10
52,34200,RENT,14.3,DEBTCONSOLIDATION,20500,17.65,1,0.6,Y,5
55,103100,RENT,5.7,PERSONAL,4700,12.01,0,0.05,N,9
52,55600,MORTGAGE,16.5,PERSONAL,15800,14.06,0,0.28,N,19
51,40700,RENT,11.4,DEBTCONSOLIDATION,6600,13.61,0,0.16,Y,15
35,58100,RENT,0.6,DEBTCONSOLIDATION,6200,9.97,0,0.11,N,5
41,57900,RENT,3.2,DEBTCONSOLIDATION,29200,17.73,0,0.5,N,7
42,42000,RENT,2.1,DEBTCONSOLIDATION,18700,16.45,1,0.45,N,15
39,73100,RENT,0.1,PERSONAL,6400,9.29,0,0.09,N,4
36,155400,RENT,3.1,VENTURE,10800,11.78,0,0.07,N,4
45,27300,MORTGAGE,0.8,VENTURE,18200,21.09,1,0.67,N,6
45,27700,MORTGAGE,0.2,VENTURE,25900,16.92,1,0.94,N,10
41,106900,RENT,,DEBTCONSOLIDATION,5300,11.4,0,0.05,N,16
58,83600,RENT,1.3,MEDICAL,5800,5.42,0,0.07,N,3
40,135800,RENT,13.7,MEDICAL,6500,8.5,0,0.05,N,7
42,153200,RENT,8.4,VENTURE,14900,,0,0.1,N,4
33,82900,MORTGAGE,15.0,HOMEIMPROVEMENT,13200,9.11,0,0.16,N,10
50,28800,RENT,10.7,VENTURE,7700,9.51,0,0.27,N,2
55,65900,MORTGAGE,6.5,EDUCATION,14700,11.15,0,0.22,N,4
32,44700,RENT,4.6,PERSONAL,10900,11.42,1,0.24,Y,3
47,71400,MORTGAGE,0.3,VENTURE,7800,8.7,0,0.11,N,3
40,36300,MORTGAGE,1.5,DEBTCONSOLIDATION,4000,10.94,0,0.11,N,2
50,73400,MORTGAGE,6.2,DEBTCONSOLIDATION,6200,9.48,0,0.08,N,10
46,81200,RENT,2.6,MEDICAL,11700,10.53,0,0.14,N,7
46,63900,RENT,2.0,EDUCATION,14300,11.82,0,0.22,N,3
45,68900,MORTGAGE,0.5,PERSONAL,8800,10.19,0,0.13,N,7
62,81900,RENT,0.4,PERSONAL,21100,14.3,0,0.26,N,2
34,36100,MORTGAGE,1.2,EDUCATION,15500,11.74,1,0.43,Y,3
29,64800,MORTGAGE,9.0,HOMEIMPROVEMENT,20700,12.32,0,0.32,N,7
50,52400,MORTGAGE,5.4,HOMEIMPROVEMENT,11900,,0,0.23,N,5
35,101400,RENT,2.1,PERSONAL,25200,12.03,0,0.25,N,4
51,84500,MORTGAGE,0.3,EDUCATION,21700,,0,0.26,N,3
49,40000,RENT,1.0,EDUCATION,15100,16.91,0,0.38,N,10
37,80700,MORTGAGE,3.0,MEDICAL,18300,10.35,0,0.23,N,4
70,117100,RENT,0.8,EDUCATION,7300,8.86,0,0.06,N,8
57,68400,RENT,7.2,DEBTCONSOLIDATION,20800,16.53,0,0.3,N,3
43,45800,MORTGAGE,7.8,EDUCATION,16400,11.37,0,0.36,N,3
45,30200,MORTGAGE,0.7,EDUCATION,8400,8.66,0,0.28,N,10
54,18400,MORTGAGE,6.5,MEDICAL,9600,17.68,1,0.52,Y,6
34,100200,RENT,3.6,MEDICAL,26400,13.4,1,0.26,N,11
48,25800,RENT,16.4,MEDICAL,8300,12.19,0,0.32,N,11
43,31000,RENT,7.7,HOMEIMPROVEMENT,12700,16.64,1,0.41,N,7
58,57400,RENT,4.4,HOMEIMPROVEMENT,23100,17.12,0,0.4,N,3
31,64400,MORTGAGE,4.6,PERSONAL,10400,10.5,0,0.16,N,3
46,121700,MORTGAGE,1.0,EDUCATION,7700,8.96,0,0.06,N,8
34,66400,OWN,11.2,PERSONAL,13800,9.62,0,0.21,Y,3
48,46700,RENT,4.1,HOMEIMPROVEMENT,8200,12.32,0,0.18,N,5
44,46800,OTHER,4.3,HOMEIMPROVEMENT,31200,19.7,0,0.67,N,2
45,23500,RENT,4.3,VENTURE,17500,23.01,1,0.74,Y,10
51,119700,MORTGAGE,1.6,EDUCATION,14100,7.68,1,0.12,N,9
49,88200,OTHER,8.4,DEBTCONSOLIDATION,12700,11.88,0,0.14,N,4
38,63100,MORTGAGE,9.9,PERSONAL,16600,13.72,0,0.26,N,9
30,119100,RENT,1.7,VENTURE,11200,12.3,0,0.09,N,2
32,97900,MORTGAGE,2.9,EDUCATION,8700,,0,0.09,N,5
38,72900,MORTGAGE,1.0,EDUCATION,9400,9.23,0,0.13,N,10
45,53200,OWN,1.4,VENTURE,6400,11.24,0,0.12,N,8
43,55300,RENT,2.0,MEDICAL,25400,17.55,0,0.46,N,11
45,24000,MORTGAGE,11.6,VENTURE,28300,19.45,1,1.18,N,4
55,97800,OWN,,PERSONAL,9100,8.21,1,0.09,N,11
39,48600,RENT,4.4,HOMEIMPROVEMENT,30600,20.51,1,0.63,N,2
51,97400,RENT,14.7,EDUCATION,15100,10.25,0,0.16,N,5
45,81100,OTHER,7.8,DEBTCONSOLIDATION,9100,8.57,0,0.11,N,4
56,57300,RENT,0.1,EDUCATION,14100,12.04,0,0.25,N,4
46,86000,MORTGAGE,0.7,HOMEIMPROVEMENT,5600,8.28,0,0.07,N,3
60,35300,MORTGAGE,1.4,PERSONAL,7200,,0,0.2,N,3
50,24100,RENT,1.8,MEDICAL,8800,12.78,0,0.37,N,6
53,49800,MORTGAGE,,VENTURE,26200,18.77,1,0.53,Y,4
39,68900,RENT,7.3,PERSONAL,28300,15.17,1,0.41,N,9
55,86900,RENT,0.8,VENTURE,12100,11.2,0,0.14,N,6
60,57000,MORTGAGE,3.8,HOMEIMPROVEMENT,9100,13.27,0,0.16,N,2
48,33000,RENT,0.6,HOMEIMPROVEMENT,10600,16.5,1,0.32,N,6
41,111000,RENT,0.9,EDUCATION,10700,10.56,0,0.1,N,7
53,44500,MORTGAGE,1.4,PERSONAL,15100,13.35,0,0.34,N,4
50,67000,RENT,11.8,PERSONAL,7800,10.13,0,0.12,N,9
64,71500,RENT,2.3,DEBTCONSOLIDATION,15700,14.3,0,0.22,N,2
48,56300,RENT,12.4,DEBTCONSOLIDATION,11400,13.03,0,0.2,N,7
43,18600,MORTGAGE,6.9,VENTURE,16800,20.93,1,0.9,N,9
45,37400,RENT,6.9,MEDICAL,15400,12.22,0,0.41,Y,10
37,70000,RENT,8.1,PERSONAL,13100,12.71,0,0.19,N,3
41,128700,MORTGAGE,0.5,MEDICAL,6700,11.77,0,0.05,N,4
31,78700,RENT,8.4,MEDICAL,7500,10.39,0,0.1,N,10
42,70800,MORTGAGE,1.5,VENTURE,11000,11.78,0,0.16,N,9
54,18100,MORTGAGE,20.7,MEDICAL,19800,23.22,1,1.09,N,7
66,96900,RENT,9.4,PERSONAL,10800,7.81,0,0.11,N,5
41,90000,RENT,23.0,DEBTCONSOLIDATION,9800,13.28,0,0.11,N,5
49,74100,RENT,13.8,HOMEIMPROVEMENT,21500,11.53,0,0.29,N,5
43,62800,OTHER,2.2,EDUCATION,24400,17.13,0,0.39,Y,11
40,71500,MORTGAGE,14.2,VENTURE,19400,10.46,0,0.27,N,4
36,106400,RENT,2.0,PERSONAL,12900,12.29,0,0.12,N,9
59,52600,RENT,5.4,VENTURE,8600,12.29,0,0.16,N,8
32,66700,MORTGAGE,8.5,EDUCATION,32900,15.24,1,0.49,Y,4
23,45800,RENT,2.4,MEDICAL,10800,9.9,0,0.24,N,5
47,54600,RENT,1.1,DEBTCONSOLIDATION,12600,15.08,1,0.23,Y,4
34,57700,RENT,11.3,VENTURE,14400,17.58,0,0.25,Y,3
39,75900,MORTGAGE,0.5,PERSONAL,15400,11.6,1,0.2,N,2
58,41200,MORTGAGE,2.3,PERSONAL,3400,8.4,0,0.08,N,12
35,50700,RENT,3.9,HOMEIMPROVEMENT,25500,18.2,1,0.5,N,9
46,65000,RENT,8.2,DEBTCONSOLIDATION,24700,11.06,1,0.38,Y,6
56,50500,RENT,10.2,MEDICAL,6800,12.91,0,0.13,N,13
47,59000,RENT,3.6,VENTURE,23400,16.83,0,0.4,N,13
47,28100,RENT,4.3,VENTURE,7500,15.37,1,0.27,Y,4
47,73300,RENT,9.6,MEDICAL,9100,10.96,0,0.12,N,6
34,38800,RENT,3.1,PERSONAL,14400,,0,0.37,N,10
53,25400,RENT,4.1,MEDICAL,30500,18.54,1,1.2,Y,6
55,63500,RENT,,EDUCATION,13600,9.64,0,0.21,Y,13
46,65200,MORTGAGE,15.1,EDUCATION,11700,7.82,0,0.18,Y,3
44,68800,MORTGAGE,4.2,MEDICAL,14400,12.63,0,0.21,N,3
33,69400,MORTGAGE,6.5,VENTURE,9000,8.56,0,0.13,N,6
37,68400,RENT,1.4,EDUCATION,27200,16.18,0,0.4,N,2
47,121500,RENT,5.3,PERSONAL,27400,11.76,0,0.23,N,6
31,85800,RENT,3.1,DEBTCONSOLIDATION,18100,9.95,0,0.21,N,9
37,90800,MORTGAGE,0.6,MEDICAL,7500,7.35,0,0.08,N,5
41,74200,RENT,8.9,DEBTCONSOLIDATION,13700,15.9,0,0.18,N,6
35,87200,RENT,9.1,EDUCATION,11600,11.24,0,0.13,N,8
37,42800,RENT,0.3,EDUCATION,33100,15.76,1,0.77,Y,2
47,77400,OTHER,2.5,DEBTCONSOLIDATION,4800,9.88,0,0.06,N,13
43,102700,OWN,1.7,HOMEIMPROVEMENT,9400,8.73,0,0.09,N,12
50,48300,MORTGAGE,3.6,MEDICAL,13800,,0,0.29,N,4
40,115400,RENT,3.4,PERSONAL,22600,6.81,0,0.2,N,7
42,45000,MORTGAGE,5.3,PERSONAL,19500,16.33,0,0.43,N,13
46,70300,MORTGAGE,1.4,PERSONAL,28800,16.2,1,0.41,N,7
37,31000,MORTGAGE,1.3,VENTURE,8600,,0,0.28,N,6
48,84200,MORTGAGE,6.4,MEDICAL,6300,5.42,0,0.07,N,12
36,106300,RENT,18.0,EDUCATION,16000,10.23,0,0.15,N,6
38,53400,OWN,14.6,EDUCATION,12600,15.24,0,0.24,N,5
39,26100,MORTGAGE,7.9,EDUCATION,10700,14.67,1,0.41,N,4
38,55300,MORTGAGE,0.3,EDUCATION,20900,12.37,0,0.38,Y,8
44,33300,MORTGAGE,1.4,EDUCATION,15000,18.26,0,0.45,Y,3
38,57000,RENT,5.8,EDUCATION,10500,13.91,0,0.18,N,2
42,85800,MORTGAGE,1.8,EDUCATION,14800,9.55,0,0.17,N,3
54,70200,MORTGAGE,2.5,VENTURE,27300,16.76,0,0.39,Y,11
55,23100,RENT,15.4,EDUCATION,9500,14.73,0,0.41,Y,9
25,45300,RENT,0.5,HOMEIMPROVEMENT,13000,12.95,0,0.29,N,7
47,60700,MORTGAGE,9.9,VENTURE,9900,10.97,0,0.16,N,6
30,116100,OWN,0.3,DEBTCONSOLIDATION,15600,9.41,0,0.13,N,9
48,49900,RENT,2.1,VENTURE,25700,15.71,1,0.52,N,5
52,71200,RENT,4.1,EDUCATION,17500,10.15,0,0.25,N,5
40,59700,MORTGAGE,2.2,DEBTCONSOLIDATION,8300,11.27,1,0.14,Y,5
56,39200,RENT,15.8,EDUCATION,6900,12.11,1,0.18,N,2
37,42200,OTHER,3.5,EDUCATION,4100,12.51,0,0.1,N,13
54,48800,MORTGAGE,6.6,EDUCATION,23100,16.42,1,0.47,Y,5
52,109100,OWN,6.1,VENTURE,13400,9.18,0,0.12,N,4
33,35300,MORTGAGE,9.0,MEDICAL,12400,13.0,1,0.35,N,2
40,49100,MORTGAGE,10.0,EDUCATION,9500,13.28,0,0.19,N,13
32,39000,RENT,3.1,VENTURE,12600,17.55,1,0.32,Y,12
35,111100,RENT,9.9,HOMEIMPROVEMENT,11100,7.12,0,0.1,N,3
56,66900,RENT,5.3,PERSONAL,19900,11.41,0,0.3,N,5
48,115100,MORTGAGE,5.8,EDUCATION,18900,10.39,0,0.16,N,7
38,12500,MORTGAGE,1.0,MEDICAL,12900,22.65,1,1.03,Y,3
30,90200,RENT,1.4,PERSONAL,17500,12.59,0,0.19,N,12
32,33000,RENT,5.8,EDUCATION,15900,15.98,1,0.48,N,2
42,39200,RENT,1.5,VENTURE,17200,17.75,1,0.44,Y,6
57,48800,MORTGAGE,3.4,VENTURE,20400,17.93,0,0.42,Y,5
51,53600,RENT,3.4,EDUCATION,6000,8.36,0,0.11,N,9
42,53700,RENT,1.3,VENTURE,22800,,1,0.42,N,7
42,36600,MORTGAGE,4.2,DEBTCONSOLIDATION,9800,15.22,0,0.27,N,8
46,51100,RENT,4.1,PERSONAL,11600,10.28,0,0.23,N,2
55,51400,RENT,0.7,DEBTCONSOLIDATION,9700,13.68,0,0.19,N,6
36,21800,RENT,2.4,VENTURE,22600,22.09,1,1.04,Y,10
46,65500,OWN,,PERSONAL,24300,13.6,0,0.37,N,3
34,54600,RENT,4.1,DEBTCONSOLIDATION,7200,10.71,0,0.13,N,9
45,60200,MORTGAGE,6.9,VENTURE,14400,11.94,1,0.24,N,6
42,41200,RENT,0.1,EDUCATION,11600,,1,0.28,Y,10
32,54900,MORTGAGE,0.7,EDUCATION,8000,12.63,0,0.15,N,5
46,16400,RENT,1.8,HOMEIMPROVEMENT,15200,19.63,1,0.93,Y,6
39,40300,RENT,8.3,VENTURE,11300,,0,0.28,N,5
40,42300,RENT,3.3,PERSONAL,19100,14.6,0,0.45,N,5
37,52700,RENT,3.6,VENTURE,23000,17.04,1,0.44,N,4
45,53300,RENT,2.6,VENTURE,2900,5.47,0,0.05,N,4
44,91500,RENT,2.7,VENTURE,15000,8.33,0,0.16,N,8
50,29400,RENT,19.0,VENTURE,15800,17.4,1,0.54,N,2
47,80500,RENT,11.4,DEBTCONSOLIDATION,10400,13.97,0,0.13,N,6
37,163100,MORTGAGE,6.5,EDUCATION,21800,8.78,0,0.13,N,7
51,41400,MORTGAGE,2.0,PERSONAL,26100,15.51,1,0.63,N,3
53,81100,RENT,3.6,PERSONAL,20600,13.01,1,0.25,Y,5
38,119200,RENT,5.8,EDUCATION,14600,12.52,0,0.12,N,4
41,117400,RENT,2.5,EDUCATION,2700,8.48,0,0.02,N,3
39,46200,RENT,3.7,PERSONAL,12400,10.76,0,0.27,N,7
44,98200,RENT,0.8,EDUCATION,18500,9.86,0,0.19,N,7
37,86900,RENT,0.5,VENTURE,7600,8.14,0,0.09,N,3
50,105200,OWN,0.9,EDUCATION,20900,,0,0.2,N,11
36,79200,MORTGAGE,,EDUCATION,16500,9.62,0,0.21,N,5
40,103100,OWN,,DEBTCONSOLIDATION,10700,11.18,0,0.1,N,5
46,47800,RENT,12.9,MEDICAL,23400,15.7,1,0.49,N,6
44,42100,MORTGAGE,2.3,DEBTCONSOLIDATION,17200,18.41,0,0.41,N,7
44,16300,MORTGAGE,0.9,VENTURE,10200,19.67,1,0.63,Y,4
35,42900,MORTGAGE,8.7,MEDICAL,8300,9.71,0,0.19,N,4
42,45700,RENT,3.0,VENTURE,7500,14.91,0,0.16,N,10
53,20100,MORTGAGE,2.5,VENTURE,31600,18.71,1,1.57,Y,7
49,55500,MORTGAGE,2.0,HOMEIMPROVEMENT,24200,16.26,0,0.44,N,2
41,97700,MORTGAGE,2.0,MEDICAL,18400,10.11,0,0.19,N,7
43,32800,RENT,5.4,PERSONAL,13400,13.8,0,0.41,Y,6
45,151700,MORTGAGE,3.9,PERSONAL,23400,7.93,0,0.15,N,6
56,66400,OWN,3.2,PERSONAL,18800,11.51,0,0.28,N,6
40,86200,MORTGAGE,3.0,VENTURE,15200,12.1,0,0.18,N,8
49,52700,MORTGAGE,0.8,PERSONAL,21100,12.58,1,0.4,N,4
44,33200,RENT,8.8,PERSONAL,6700,12.72,0,0.2,N,14
53,73000,MORTGAGE,13.1,HOMEIMPROVEMENT,24500,13.95,0,0.34,N,2
54,82300,RENT,8.1,HOMEIMPROVEMENT,6900,6.8,0,0.08,N,2
44,49300,RENT,3.0,EDUCATION,25800,17.18,1,0.52,N,5
38,62300,MORTGAGE,17.9,PERSONAL,8700,10.79,0,0.14,N,8
52,54000,OWN,4.8,DEBTCONSOLIDATION,11700,13.82,0,0.22,N,5
43,37900,MORTGAGE,7.4,HOMEIMPROVEMENT,20400,17.13,1,0.54,Y,8
34,64900,MORTGAGE,6.8,EDUCATION,6600,10.5,0,0.1,N,4
32,36800,RENT,6.2,HOMEIMPROVEMENT,30300,18.24,1,0.82,N,7
43,82500,RENT,,EDUCATION,20100,10.98,0,0.24,N,11
27,193900,MORTGAGE,1.2,VENTURE,9400,8.37,0,0.05,N,9
39,99200,RENT,1.7,PERSONAL,25000,10.28,0,0.25,N,6
53,48900,RENT,10.9,DEBTCONSOLIDATION,4400,,0,0.09,N,8
56,65700,RENT,1.0,DEBTCONSOLIDATION,2700,11.68,1,0.04,N,5
53,101000,RENT,0.8,HOMEIMPROVEMENT,10500,7.11,0,0.1,N,10
43,51400,RENT,1.7,PERSONAL,6300,13.96,0,0.12,N,6
37,73700,RENT,2.3,MEDICAL,22400,10.39,0,0.3,N,5
55,80400,OWN,4.0,EDUCATION,11700,10.94,0,0.15,N,7
45,62600,MORTGAGE,4.7,EDUCATION,16700,15.03,0,0.27,N,4
34,60100,RENT,7.8,EDUCATION,22500,18.6,1,0.37,Y,2
44,96600,MORTGAGE,0.4,HOMEIMPROVEMENT,7500,10.26,0,0.08,N,5
53,140500,RENT,1.2,VENTURE,30200,13.98,0,0.21,N,11
30,51600,MORTGAGE,3.5,HOMEIMPROVEMENT,17400,,0,0.34,N,8
42,107200,RENT,1.4,PERSONAL,5200,9.81,0,0.05,N,2
57,23900,MORTGAGE,10.3,HOMEIMPROVEMENT,14800,18.73,0,0.62,Y,7
43,70700,MORTGAGE,5.1,DEBTCONSOLIDATION,24300,14.73,0,0.34,N,8
35,16300,RENT,3.4,VENTURE,25500,19.93,1,1.56,Y,3
51,35400,MORTGAGE,0.0,EDUCATION,20100,17.75,0,0.57,N,16
48,30600,MORTGAGE,9.8,MEDICAL,30000,19.77,1,0.98,N,4
45,133300,MORTGAGE,3.1,MEDICAL,14000,6.65,0,0.11,N,7
35,46400,RENT,3.8,EDUCATION,12000,,0,0.26,N,15
46,52700,MORTGAGE,6.0,PERSONAL,8800,10.57,0,0.17,N,13
49,48000,RENT,13.9,VENTURE,13100,,0,0.27,N,4
34,24500,MORTGAGE,0.9,EDUCATION,23800,20.07,1,0.97,Y,2
46,63400,OWN,0.4,DEBTCONSOLIDATION,4800,12.24,0,0.08,N,9
41,56500,RENT,0.7,DEBTCONSOLIDATION,8800,9.87,0,0.16,N,15
31,34700,MORTGAGE,6.7,EDUCATION,30000,20.5,1,0.86,Y,2
41,115700,RENT,0.7,EDUCATION,21400,9.69,0,0.18,N,13
40,113700,MORTGAGE,3.5,MEDICAL,9700,9.18,0,0.09,N,8
42,27100,RENT,6.1,VENTURE,23000,20.39,1,0.85,N,12
39,37100,RENT,6.2,HOMEIMPROVEMENT,7300,10.72,0,0.2,Y,10
32,70200,RENT,2.6,PERSONAL,17800,11.19,0,0.25,N,7
56,42000,MORTGAGE,6.0,PERSONAL,8400,11.74,0,0.2,N,6
70,48100,RENT,15.0,MEDICAL,14600,10.52,0,0.3,N,11
40,31000,MORTGAGE,0.1,PERSONAL,17000,16.77,1,0.55,Y,5
43,31100,MORTGAGE,5.6,EDUCATION,19700,15.42,1,0.63,N,5
70,40700,RENT,3.7,PERSONAL,25900,17.79,1,0.64,Y,6
35,58200,MORTGAGE,1.2,EDUCATION,21500,12.22,0,0.37,N,4
38,60400,RENT,1.8,EDUCATION,10100,9.42,0,0.17,N,8
47,34600,MORTGAGE,9.1,VENTURE,23200,,1,0.67,N,9
45,28800,RENT,4.4,MEDICAL,5100,11.65,0,0.18,N,4
53,27400,MORTGAGE,0.1,PERSONAL,19700,22.49,1,0.72,N,2
49,93300,MORTGAGE,16.8,PERSONAL,13600,10.67,0,0.15,N,14
29,174400,MORTGAGE,5.5,DEBTCONSOLIDATION,12700,7.41,0,0.07,N,9
58,68600,RENT,2.9,HOMEIMPROVEMENT,18700,,1,0.27,N,6
46,13200,RENT,6.2,VENTURE,5100,13.78,1,0.39,N,12
34,74100,RENT,1.1,VENTURE,24400,12.07,0,0.33,N,13
40,104000,RENT,1.5,MEDICAL,9400,11.3,0,0.09,N,3
51,37900,RENT,0.8,PERSONAL,22200,18.63,0,0.59,Y,8
29,87900,RENT,2.5,VENTURE,10500,11.54,0,0.12,Y,8
42,97700,RENT,11.8,MEDICAL,19700,8.42,0,0.2,N,3
46,110100,RENT,2.5,MEDICAL,26600,12.28,0,0.24,N,2
46,39300,OWN,1.7,MEDICAL,18500,17.24,1,0.47,N,7
38,56500,MORTGAGE,6.1,HOMEIMPROVEMENT,9000,10.61,0,0.16,N,11
40,59900,MORTGAGE,10.2,EDUCATION,18700,12.39,0,0.31,N,6
45,111900,RENT,1.4,MEDICAL,18700,12.95,0,0.17,Y,3
51,43200,RENT,8.2,MEDICAL,26800,20.71,1,0.62,N,10
34,90900,MORTGAGE,1.8,EDUCATION,9400,9.05,0,0.1,Y,8
44,62900,MORTGAGE,1.4,MEDICAL,29800,16.48,0,0.47,N,3
55,91900,MORTGAGE,3.2,VENTURE,18300,11.88,0,0.2,N,4
43,82200,MORTGAGE,0.3,PERSONAL,10500,6.98,0,0.13,N,6
47,37800,RENT,9.9,VENTURE,14200,13.41,1,0.38,N,8
58,62800,OWN,10.4,PERSONAL,20500,,0,0.33,N,5
45,37100,MORTGAGE,5.7,EDUCATION,4600,11.08,0,0.12,N,8
57,53500,RENT,1.8,MEDICAL,10800,9.0,0,0.2,N,7
40,141700,RENT,0.9,MEDICAL,25000,9.89,0,0.18,N,3
54,42900,RENT,6.0,PERSONAL,6400,10.69,0,0.15,N,6
46,38700,RENT,0.5,EDUCATION,14600,,1,0.38,N,3
46,48900,MORTGAGE,2.6,EDUCATION,15600,14.76,0,0.32,N,5
48,78500,RENT,0.5,EDUCATION,9900,9.61,0,0.13,N,12
46,78200,RENT,2.8,VENTURE,12100,9.24,0,0.15,N,6
46,66000,MORTGAGE,0.7,PERSONAL,26100,17.37,1,0.4,N,6
62,34900,RENT,0.2,PERSONAL,5100,11.57,0,0.15,N,6
48,47300,RENT,3.0,PERSONAL,7600,11.53,0,0.16,N,2
54,117500,MORTGAGE,4.2,EDUCATION,25700,11.72,0,0.22,N,11
38,23500,RENT,2.9,VENTURE,8000,14.95,0,0.34,N,5
32,62500,RENT,1.0,EDUCATION,7900,10.02,0,0.13,N,7
33,48000,OTHER,0.4,HOMEIMPROVEMENT,15800,12.11,1,0.33,N,7
34,70100,MORTGAGE,0.7,EDUCATION,31300,14.52,1,0.45,N,8
58,58400,RENT,6.5,DEBTCONSOLIDATION,12900,,1,0.22,Y,16
33,23700,MORTGAGE,0.1,EDUCATION,14500,18.56,0,0.61,N,3
42,74900,RENT,,VENTURE,22600,,0,0.3,N,3
66,31700,RENT,9.2,DEBTCONSOLIDATION,18600,18.41,1,0.59,N,9
50,28300,MORTGAGE,10.6,PERSONAL,33100,23.22,1,1.17,Y,8
39,55700,RENT,10.5,VENTURE,16500,15.14,0,0.3,N,13
37,43200,MORTGAGE,5.5,EDUCATION,12400,13.0,0,0.29,N,6
40,34900,RENT,9.4,PERSONAL,10700,,0,0.31,N,4
46,43800,MORTGAGE,6.6,VENTURE,31700,18.78,1,0.72,N,11
41,36200,RENT,1.8,VENTURE,22000,20.23,1,0.61,Y,4
50,126800,MORTGAGE,7.0,EDUCATION,22400,10.43,0,0.18,N,3
62,64400,RENT,4.8,EDUCATION,8300,10.02,0,0.13,N,15
38,49700,RENT,0.1,HOMEIMPROVEMENT,13200,12.79,0,0.27,N,3
62,82200,MORTGAGE,7.7,HOMEIMPROVEMENT,3500,7.02,0,0.04,Y,5
45,48800,MORTGAGE,10.2,HOMEIMPROVEMENT,14700,12.75,0,0.3,N,4
41,47000,MORTGAGE,3.6,VENTURE,5500,11.83,0,0.12,N,6
37,90500,RENT,3.3,HOMEIMPROVEMENT,8300,10.01,0,0.09,N,2
48,37000,MORTGAGE,2.8,MEDICAL,9800,10.95,0,0.26,N,10
39,30900,MORTGAGE,6.3,MEDICAL,22300,19.88,1,0.72,N,9
49,77700,RENT,1.2,EDUCATION,6300,9.07,0,0.08,N,11
44,59300,RENT,7.4,VENTURE,26000,17.12,1,0.44,Y,2
40,59000,RENT,1.7,EDUCATION,15400,,0,0.26,N,6
43,44700,RENT,1.5,EDUCATION,6400,10.71,0,0.14,N,7
48,75200,MORTGAGE,8.3,EDUCATION,31600,14.66,1,0.42,N,2
42,25500,RENT,1.0,MEDICAL,1700,8.37,0,0.07,N,10
39,18700,RENT,9.9,DEBTCONSOLIDATION,7700,18.99,0,0.41,N,6
38,43500,RENT,19.1,MEDICAL,8100,11.1,0,0.19,N,11
50,76600,MORTGAGE,1.9,PERSONAL,24200,12.81,1,0.32,Y,6
35,107400,RENT,13.1,DEBTCONSOLIDATION,11000,13.35,0,0.1,N,8
38,73200,RENT,4.2,VENTURE,22900,13.75,0,0.31,N,14
32,32600,MORTGAGE,1.5,VENTURE,4400,12.41,0,0.13,N,5
43,32800,MORTGAGE,3.0,VENTURE,29000,21.72,1,0.88,N,14
36,105400,RENT,8.0,EDUCATION,23600,,0,0.22,N,6
42,89100,OWN,5.5,PERSONAL,13500,,0,0.15,N,9
43,73300,MORTGAGE,3.4,PERSONAL,7400,11.97,0,0.1,N,3
43,89900,MORTGAGE,1.5,EDUCATION,8800,9.02,0,0.1,N,8
39,59400,MORTGAGE,6.5,EDUCATION,8900,12.05,0,0.15,N,4
50,48300,RENT,1.9,VENTURE,18800,15.04,0,0.39,Y,6
41,49600,RENT,,DEBTCONSOLIDATION,11500,13.13,0,0.23,N,3
38,76900,MORTGAGE,6.9,VENTURE,1900,7.81,0,0.02,N,6
33,61700,RENT,4.1,MEDICAL,11700,8.48,0,0.19,N,6
52,18400,MORTGAGE,1.0,HOMEIMPROVEMENT,15500,22.97,1,0.84,Y,4
39,88000,RENT,5.8,EDUCATION,4800,11.08,0,0.05,N,7
50,74800,RENT,1.5,EDUCATION,15100,11.56,0,0.2,N,15
41,64800,RENT,7.1,PERSONAL,21000,16.12,0,0.32,N,3
63,117600,MORTGAGE,3.3,EDUCATION,15400,7.32,0,0.13,N,6
63,34700,MORTGAGE,4.5,EDUCATION,10700,,0,0.31,N,2
46,30100,RENT,4.6,DEBTCONSOLIDATION,11200,13.45,0,0.37,N,9
46,71400,MORTGAGE,0.8,EDUCATION,12600,10.84,0,0.18,N,18
45,35700,RENT,5.3,PERSONAL,23400,,1,0.66,Y,6
41,135500,MORTGAGE,10.1,MEDICAL,3900,7.82,0,0.03,N,7
51,37000,MORTGAGE,11.1,EDUCATION,11100,11.54,0,0.3,N,5
43,36500,RENT,5.8,MEDICAL,29000,19.75,1,0.79,Y,7
35,43400,MORTGAGE,17.0,MEDICAL,22800,19.44,1,0.53,N,4
41,46000,RENT,4.6,PERSONAL,7100,10.99,0,0.15,N,11
35,44200,OWN,1.5,EDUCATION,11100,12.53,0,0.25,N,2
35,46900,RENT,5.4,EDUCATION,3200,5.42,0,0.07,N,5
37,44400,RENT,12.0,VENTURE,19500,14.94,0,0.44,N,5
61,23000,MORTGAGE,2.2,EDUCATION,6300,11.77,0,0.27,N,6
47,71500,MORTGAGE,1.5,EDUCATION,11700,9.39,0,0.16,N,15
41,42600,OWN,17.0,HOMEIMPROVEMENT,25700,16.42,0,0.6,N,5
41,49800,RENT,7.3,EDUCATION,7100,9.62,0,0.14,N,14
44,27800,MORTGAGE,0.3,PERSONAL,10600,14.09,0,0.38,N,7
39,23400,RENT,,EDUCATION,22200,17.43,1,0.95,N,2
48,51400,RENT,1.3,DEBTCONSOLIDATION,17000,16.8,1,0.33,Y,17
45,127400,MORTGAGE,1.7,VENTURE,20400,10.7,0,0.16,N,9
47,125000,MORTGAGE,0.5,VENTURE,29000,13.24,0,0.23,N,8
41,32900,MORTGAGE,1.3,VENTURE,26200,19.74,1,0.8,N,11
67,36100,MORTGAGE,3.5,PERSONAL,9900,,0,0.27,N,3
35,59500,MORTGAGE,0.4,DEBTCONSOLIDATION,10100,8.9,0,0.17,N,9
48,12500,MORTGAGE,11.0,EDUCATION,5800,14.8,1,0.46,Y,10
39,39200,MORTGAGE,7.5,EDUCATION,11500,9.99,0,0.29,N,17
45,61200,MORTGAGE,2.4,MEDICAL,20900,12.46,1,0.34,N,3
46,47700,RENT,0.7,PERSONAL,9400,8.72,0,0.2,N,8
63,19100,RENT,25.6,EDUCATION,22700,19.94,1,1.19,N,9
46,19800,MORTGAGE,4.1,MEDICAL,15600,20.58,1,0.79,N,8
41,24700,MORTGAGE,2.7,VENTURE,11200,18.22,0,0.45,N,9
26,51900,MORTGAGE,1.1,MEDICAL,12300,11.07,0,0.24,N,7
39,34200,RENT,1.1,VENTURE,20800,19.65,1,0.61,N,5
70,127600,RENT,8.0,DEBTCONSOLIDATION,10400,,0,0.08,N,4
49,26000,OWN,3.7,EDUCATION,19200,16.62,1,0.74,N,6
51,106400,RENT,20.7,MEDICAL,12300,12.26,0,0.12,N,5
31,28000,RENT,,VENTURE,22200,16.99,1,0.79,Y,13
39,216200,RENT,1.2,DEBTCONSOLIDATION,8600,7.58,0,0.04,N,6
48,78000,OWN,30.0,EDUCATION,10300,7.56,0,0.13,N,13
33,16000,RENT,15.0,VENTURE,13900,21.43,1,0.87,Y,10
44,105800,MORTGAGE,8.0,DEBTCONSOLIDATION,20100,9.64,0,0.19,N,7
57,42000,MORTGAGE,2.5,EDUCATION,7500,10.39,0,0.18,N,4
37,90300,MORTGAGE,1.3,PERSONAL,25800,14.38,0,0.29,Y,4
38,53900,RENT,0.5,EDUCATION,3200,7.92,0,0.06,N,10
54,44600,RENT,0.3,EDUCATION,3700,6.79,0,0.08,N,5
39,47100,MORTGAGE,8.6,EDUCATION,12900,11.28,0,0.27,N,3
37,28400,MORTGAGE,14.6,VENTURE,22700,17.61,1,0.8,N,3
59,42500,RENT,7.4,VENTURE,7000,9.46,0,0.16,N,3
43,26600,RENT,7.1,EDUCATION,13700,18.56,1,0.52,Y,3
36,41800,RENT,,EDUCATION,12500,12.93,1,0.3,N,7
55,60300,RENT,5.1,VENTURE,20000,15.91,0,0.33,N,5
35,96900,MORTGAGE,5.6,EDUCATION,8600,9.95,0,0.09,Y,5
44,122700,RENT,1.5,VENTURE,16100,13.34,0,0.13,N,6
46,53800,MORTGAGE,6.7,PERSONAL,26600,14.65,0,0.49,N,7
39,29200,RENT,0.8,HOMEIMPROVEMENT,4900,8.84,0,0.17,N,2
50,52700,RENT,1.7,EDUCATION,24900,14.24,1,0.47,Y,10
37,49600,RENT,4.5,MEDICAL,8500,10.66,0,0.17,N,8
51,111800,RENT,3.9,MEDICAL,5700,11.54,0,0.05,N,3
42,87700,MORTGAGE,6.1,EDUCATION,10500,7.56,0,0.12,N,4
36,61600,RENT,4.4,VENTURE,14200,13.05,1,0.23,N,8
44,125000,MORTGAGE,0.3,EDUCATION,11200,9.26,0,0.09,N,3
47,41000,MORTGAGE,19.0,EDUCATION,7000,9.47,0,0.17,N,11
31,76500,RENT,7.2,EDUCATION,13500,9.22,0,0.18,N,10
57,41000,RENT,10.6,MEDICAL,1700,6.89,0,0.04,Y,3
43,41800,RENT,8.1,EDUCATION,2600,5.42,0,0.06,N,7
40,17400,MORTGAGE,1.2,DEBTCONSOLIDATION,22800,19.91,1,1.31,Y,8
46,57300,RENT,13.5,VENTURE,15500,15.4,0,0.27,Y,10
44,58200,MORTGAGE,20.7,EDUCATION,11300,9.99,0,0.19,N,2
40,50200,RENT,0.4,EDUCATION,12000,9.8,0,0.24,N,9
46,69500,RENT,0.9,PERSONAL,13100,7.01,0,0.19,N,3
51,93900,MORTGAGE,23.2,EDUCATION,9000,11.87,0,0.1,N,4
41,53700,OWN,1.7,MEDICAL,19500,15.52,0,0.36,N,7
28,75500,RENT,8.6,EDUCATION,10300,10.68,0,0.14,N,8
49,66500,RENT,0.4,MEDICAL,15700,7.69,0,0.24,N,4
43,97900,MORTGAGE,6.6,HOMEIMPROVEMENT,7000,10.65,0,0.07,N,8
36,72600,OTHER,6.0,VENTURE,3700,9.41,0,0.05,N,4
47,147600,MORTGAGE,13.9,VENTURE,7400,7.38,0,0.05,N,2
36,62700,RENT,6.5,MEDICAL,11100,6.51,0,0.18,N,5
49,32400,MORTGAGE,0.2,MEDICAL,7100,14.75,0,0.22,N,10
35,108400,MORTGAGE,3.0,VENTURE,17600,12.89,0,0.16,N,2
39,77100,MORTGAGE,2.1,PERSONAL,7700,8.79,0,0.1,N,6
32,70400,MORTGAGE,4.2,VENTURE,22100,10.09,0,0.31,N,6
39,23200,RENT,2.8,EDUCATION,21600,17.73,1,0.93,Y,5
40,122900,MORTGAGE,1.6,PERSONAL,9800,7.02,0,0.08,N,7
43,94000,MORTGAGE,5.4,PERSONAL,13300,10.03,0,0.14,N,2
41,64400,MORTGAGE,1.9,EDUCATION,18300,13.03,0,0.28,N,5
35,12000,RENT,9.5,EDUCATION,12400,19.8,1,1.03,Y,4
42,45000,RENT,2.0,VENTURE,5600,11.87,0,0.12,N,6
39,155100,MORTGAGE,3.6,MEDICAL,9700,9.22,0,0.06,N,9
44,70400,RENT,8.7,VENTURE,14300,15.08,0,0.2,Y,5
37,27800,RENT,8.7,PERSONAL,22300,19.89,1,0.8,Y,8
39,39900,MORTGAGE,4.4,VENTURE,5300,12.28,0,0.13,N,7
46,43500,MORTGAGE,2.4,VENTURE,7900,15.28,0,0.18,N,4
41,100800,MORTGAGE,4.1,MEDICAL,27200,13.36,0,0.27,N,5
33,23600,OWN,9.5,VENTURE,10400,15.33,0,0.44,N,12
58,96900,RENT,1.2,DEBTCONSOLIDATION,11500,12.14,0,0.12,N,3
50,83600,RENT,0.7,MEDICAL,17800,10.0,0,0.21,Y,14
50,186000,RENT,4.4,PERSONAL,11400,,0,0.06,N,13
32,72600,RENT,4.3,MEDICAL,8900,11.15,0,0.12,N,3
30,27400,MORTGAGE,1.7,EDUCATION,29700,15.74,1,1.08,N,8
52,52800,MORTGAGE,2.8,DEBTCONSOLIDATION,14400,13.48,0,0.27,N,8
35,31400,RENT,0.5,PERSONAL,11400,14.62,0,0.36,N,2
45,67100,RENT,0.7,DEBTCONSOLIDATION,20500,15.31,1,0.31,N,9
39,141300,RENT,8.8,PERSONAL,6300,,0,0.04,N,6
30,33800,RENT,3.1,EDUCATION,25700,17.88,1,0.76,Y,5
38,90400,MORTGAGE,0.5,VENTURE,22100,16.1,1,0.24,N,8
46,38500,RENT,16.3,PERSONAL,11500,12.51,0,0.3,N,6
42,23100,MORTGAGE,1.2,MEDICAL,8100,12.85,0,0.35,N,5
61,130500,RENT,1.9,PERSONAL,23900,12.84,0,0.18,N,7
49,61600,RENT,18.0,VENTURE,28800,14.81,1,0.47,N,6
47,71000,RENT,1.0,EDUCATION,4600,8.53,0,0.06,N,5
45,87000,RENT,17.3,DEBTCONSOLIDATION,31700,13.15,1,0.36,N,11
36,21300,MORTGAGE,6.4,VENTURE,11700,16.53,0,0.55,N,16
36,46800,RENT,2.8,VENTURE,21900,16.44,1,0.47,Y,12
43,22000,OWN,4.5,EDUCATION,13100,18.79,0,0.6,Y,8
38,40600,MORTGAGE,3.5,DEBTCONSOLIDATION,14400,16.86,1,0.35,N,5
58,101900,RENT,8.2,VENTURE,14700,9.25,0,0.14,N,7
49,69400,RENT,0.3,EDUCATION,29300,17.99,0,0.42,N,5
54,38600,RENT,8.4,PERSONAL,16900,,1,0.44,N,3
28,54900,RENT,10.0,VENTURE,10100,10.98,0,0.18,N,3
47,50000,MORTGAGE,2.8,MEDICAL,16800,15.32,0,0.34,Y,12
33,64300,RENT,1.1,HOMEIMPROVEMENT,6000,,0,0.09,N,3
56,38400,MORTGAGE,0.6,DEBTCONSOLIDATION,10700,13.13,0,0.28,N,7
48,50600,MORTGAGE,2.1,EDUCATION,7900,11.01,0,0.16,N,7
49,58900,MORTGAGE,0.7,PERSONAL,16300,12.42,0,0.28,N,3
50,68500,MORTGAGE,1.3,EDUCATION,14700,10.82,0,0.21,Y,6
38,61100,MORTGAGE,5.3,EDUCATION,19400,10.38,0,0.32,N,6
62,22000,MORTGAGE,2.7,EDUCATION,10800,,0,0.49,Y,6
49,27100,OWN,11.6,EDUCATION,31400,20.56,1,1.16,Y,8
45,76400,MORTGAGE,3.1,PERSONAL,10500,10.96,0,0.14,N,6
39,47100,RENT,0.8,PERSONAL,4800,10.33,0,0.1,Y,4
42,42400,RENT,,EDUCATION,9600,11.39,0,0.23,N,9
55,47200,RENT,5.9,EDUCATION,16800,16.27,0,0.36,Y,5
41,47100,RENT,5.0,EDUCATION,20400,15.14,0,0.43,N,8
38,20500,RENT,6.2,VENTURE,9100,15.23,1,0.44,Y,10
47,140200,RENT,2.1,VENTURE,21100,12.44,0,0.15,N,6
43,50900,MORTGAGE,12.3,EDUCATION,10800,12.06,0,0.21,N,10
38,54600,RENT,0.6,MEDICAL,7700,10.14,0,0.14,N,6
53,56600,RENT,0.2,EDUCATION,7200,13.63,0,0.13,N,4
36,92000,RENT,,VENTURE,22300,17.31,0,0.24,N,6
41,78900,MORTGAGE,5.7,VENTURE,9000,11.63,0,0.11,Y,4
37,52000,MORTGAGE,3.4,VENTURE,8700,11.9,0,0.17,N,5
62,33500,MORTGAGE,0.2,PERSONAL,24800,18.41,1,0.74,Y,8
48,107000,RENT,0.6,VENTURE,11300,10.29,0,0.11,N,6
46,55900,RENT,1.1,VENTURE,32100,20.35,1,0.57,N,2
37,75100,RENT,5.1,PERSONAL,9600,8.28,0,0.13,N,6
62,29800,RENT,5.4,MEDICAL,17700,17.36,0,0.59,N,3
33,77400,RENT,5.6,HOMEIMPROVEMENT,8300,9.29,0,0.11,N,5
41,24700,MORTGAGE,8.1,MEDICAL,8200,11.82,0,0.33,N,11
42,43500,RENT,0.1,DEBTCONSOLIDATION,22000,15.03,0,0.51,N,12
33,58300,RENT,5.2,DEBTCONSOLIDATION,26900,12.59,0,0.46,N,9
44,140900,MORTGAGE,1.4,DEBTCONSOLIDATION,25300,11.64,0,0.18,N,5
38,77800,RENT,4.2,EDUCATION,22900,11.78,0,0.29,N,3
57,119400,OWN,6.7,EDUCATION,15800,,0,0.13,N,6
34,69800,MORTGAGE,6.4,DEBTCONSOLIDATION,6500,7.88,0,0.09,N,6
49,29400,MORTGAGE,1.7,HOMEIMPROVEMENT,10800,11.32,0,0.37,Y,6
44,29500,RENT,2.2,PERSONAL,9800,14.78,1,0.33,N,9
52,82400,RENT,12.5,PERSONAL,9300,8.58,0,0.11,N,2
42,31200,RENT,9.4,DEBTCONSOLIDATION,30100,,1,0.96,Y,5
36,23200,RENT,1.5,EDUCATION,7400,15.69,0,0.32,N,2
59,31700,RENT,4.4,DEBTCONSOLIDATION,13300,13.88,0,0.42,N,5
59,62800,RENT,0.6,MEDICAL,26900,16.16,1,0.43,N,12
50,35000,MORTGAGE,,EDUCATION,5100,9.45,0,0.15,N,14
48,108000,RENT,4.9,PERSONAL,20000,9.33,0,0.19,N,6
46,68500,MORTGAGE,1.5,PERSONAL,16400,12.41,0,0.24,N,6
48,60100,MORTGAGE,2.7,PERSONAL,11200,11.33,0,0.19,N,5
68,67100,OWN,7.6,MEDICAL,27600,16.49,1,0.41,Y,7
34,75500,MORTGAGE,1.5,EDUCATION,10800,9.68,0,0.14,Y,3
43,76100,RENT,7.3,PERSONAL,8200,7.92,0,0.11,N,3
39,34600,MORTGAGE,1.9,EDUCATION,19400,14.89,0,0.56,N,7
44,108400,MORTGAGE,9.1,PERSONAL,10700,7.31,0,0.1,N,3
34,76500,MORTGAGE,0.2,HOMEIMPROVEMENT,9900,8.44,0,0.13,N,3
36,43600,MORTGAGE,1.5,HOMEIMPROVEMENT,27200,15.64,1,0.62,Y,3
35,82900,RENT,1.0,MEDICAL,10300,7.82,0,0.12,N,16
48,26000,RENT,11.1,EDUCATION,15600,18.57,1,0.6,Y,3
43,86700,MORTGAGE,2.8,EDUCATION,17500,8.42,0,0.2,N,17
32,63500,OWN,3.9,VENTURE,13700,14.74,0,0.22,N,3
32,16700,MORTGAGE,1.4,DEBTCONSOLIDATION,10300,21.63,1,0.62,Y,5
30,162600,RENT,0.7,EDUCATION,14900,9.19,0,0.09,N,2
41,26400,MORTGAGE,4.6,EDUCATION,12000,18.25,1,0.45,Y,2
42,74300,MORTGAGE,1.7,VENTURE,4100,7.16,0,0.06,N,3
42,117900,RENT,13.2,EDUCATION,10300,7.73,0,0.09,N,5
37,12900,RENT,3.2,DEBTCONSOLIDATION,15900,17.61,0,1.23,N,5
40,61600,MORTGAGE,0.7,VENTURE,2900,8.18,0,0.05,N,7
41,88200,MORTGAGE,0.1,MEDICAL,17400,10.6,0,0.2,N,5
43,100100,RENT,1.3,EDUCATION,3900,8.45,0,0.04,N,10
46,105800,MORTGAGE,1.9,EDUCATION,15300,13.07,0,0.14,N,7
53,90200,RENT,1.2,DEBTCONSOLIDATION,5100,9.74,0,0.06,N,5
37,45000,MORTGAGE,2.3,PERSONAL,23400,18.04,0,0.52,N,3
50,69700,RENT,10.6,EDUCATION,26100,13.46,0,0.37,N,6
38,163800,RENT,0.2,HOMEIMPROVEMENT,16500,10.24,0,0.1,N,4
48,108600,RENT,8.1,MEDICAL,6900,7.55,0,0.06,N,6
43,37500,MORTGAGE,2.8,VENTURE,25800,,1,0.69,Y,6
68,97300,MORTGAGE,11.8,PERSONAL,19500,13.74,0,0.2,N,5
45,114200,RENT,5.5,HOMEIMPROVEMENT,24700,12.83,0,0.22,N,10
51,33400,RENT,0.9,DEBTCONSOLIDATION,13200,16.36,0,0.4,N,4
27,53600,RENT,9.0,VENTURE,12400,15.42,0,0.23,N,9
52,46300,MORTGAGE,0.8,EDUCATION,16000,13.21,1,0.35,N,6
37,90100,RENT,2.0,DEBTCONSOLIDATION,13100,12.43,0,0.15,N,2
42,43200,RENT,19.3,DEBTCONSOLIDATION,7800,11.41,0,0.18,N,6
40,38300,MORTGAGE,1.2,PERSONAL,22600,17.07,1,0.59,N,4
35,98800,RENT,5.0,HOMEIMPROVEMENT,8200,,0,0.08,Y,3
60,27900,MORTGAGE,19.0,VENTURE,20000,21.18,1,0.72,Y,11
54,60000,RENT,5.8,EDUCATION,25200,9.1,1,0.42,Y,7
36,36300,MORTGAGE,5.4,MEDICAL,14600,13.3,0,0.4,Y,2
35,98700,MORTGAGE,4.9,MEDICAL,9300,13.54,0,0.09,N,6
48,38700,RENT,4.1,MEDICAL,3400,12.48,0,0.09,N,2
51,55300,MORTGAGE,14.9,DEBTCONSOLIDATION,17500,12.86,0,0.32,N,11
43,14500,RENT,3.9,DEBTCONSOLIDATION,15100,19.57,1,1.04,N,9
37,54200,OWN,5.4,MEDICAL,18500,16.46,0,0.34,N,7
41,49200,RENT,6.7,HOMEIMPROVEMENT,28400,17.11,1,0.58,N,8
31,56400,MORTGAGE,3.8,HOMEIMPROVEMENT,13000,13.62,0,0.23,N,6
33,110900,RENT,10.9,MEDICAL,18000,11.78,0,0.16,N,15
52,75300,RENT,0.1,DEBTCONSOLIDATION,7200,11.08,0,0.1,N,6
39,67300,MORTGAGE,2.5,EDUCATION,7200,8.77,0,0.11,N,2
42,36100,MORTGAGE,4.8,VENTURE,13800,17.63,0,0.38,N,7
45,175500,MORTGAGE,0.1,PERSONAL,15900,7.51,0,0.09,N,2
42,19700,RENT,13.8,MEDICAL,31300,19.16,1,1.59,Y,2
46,28100,MORTGAGE,8.8,EDUCATION,15500,17.82,1,0.55,Y,5
52,35600,RENT,1.2,EDUCATION,26500,19.15,1,0.74,Y,2
37,60100,MORTGAGE,2.0,DEBTCONSOLIDATION,21300,16.83,0,0.35,N,2
53,55500,MORTGAGE,5.7,VENTURE,25600,17.01,0,0.46,N,5
45,35800,RENT,2.1,EDUCATION,23800,19.23,1,0.66,Y,3
48,59700,MORTGAGE,9.7,DEBTCONSOLIDATION,14900,13.81,0,0.25,N,6
52,102400,MORTGAGE,1.4,HOMEIMPROVEMENT,1100,7.02,0,0.01,N,4
44,55900,RENT,8.5,MEDICAL,13100,,0,0.23,N,6
70,27100,RENT,3.1,VENTURE,8700,12.85,1,0.32,N,6
34,51200,RENT,3.0,MEDICAL,19100,,0,0.37,N,3
52,34600,MORTGAGE,0.9,PERSONAL,8300,13.54,0,0.24,N,3
38,25100,RENT,20.0,HOMEIMPROVEMENT,13400,17.05,0,0.53,N,6
46,55300,MORTGAGE,2.1,EDUCATION,3600,8.47,0,0.07,N,5
42,32900,MORTGAGE,1.1,VENTURE,6000,13.27,0,0.18,N,4
41,45200,RENT,0.2,DEBTCONSOLIDATION,11800,,0,0.26,N,7
41,68300,MORTGAGE,3.4,PERSONAL,19600,13.18,0,0.29,N,11
67,64600,MORTGAGE,0.2,EDUCATION,18000,14.83,0,0.28,N,5
48,105100,MORTGAGE,3.0,MEDICAL,12500,13.08,0,0.12,N,4
36,21000,RENT,11.6,VENTURE,8200,,1,0.39,N,7
38,48400,RENT,3.4,PERSONAL,10200,10.97,0,0.21,N,2
35,94500,RENT,0.2,VENTURE,13800,11.5,0,0.15,N,5
59,21500,RENT,1.5,MEDICAL,28300,17.13,1,1.32,Y,3
51,49300,MORTGAGE,0.2,MEDICAL,17200,14.72,0,0.35,N,5
38,60500,MORTGAGE,10.7,HOMEIMPROVEMENT,6900,10.19,0,0.11,N,7
47,29600,OWN,1.4,EDUCATION,21800,19.45,1,0.74,Y,6
35,37400,MORTGAGE,0.3,MEDICAL,19300,18.63,1,0.52,Y,6
43,28200,OWN,16.7,EDUCATION,25100,17.89,1,0.89,Y,8
41,63200,RENT,3.3,MEDICAL,16500,11.03,1,0.26,Y,8
41,13700,RENT,2.6,VENTURE,10300,23.22,1,0.75,Y,7
39,35600,RENT,13.1,EDUCATION,23400,17.68,0,0.66,N,5
70,36500,RENT,3.8,MEDICAL,15700,15.26,1,0.43,N,6
49,89200,MORTGAGE,1.7,DEBTCONSOLIDATION,18800,14.83,1,0.21,N,13
66,22900,RENT,7.9,PERSONAL,13300,19.84,1,0.58,Y,8
39,110500,RENT,1.6,PERSONAL,21900,13.11,0,0.2,N,2
36,81700,MORTGAGE,2.9,HOMEIMPROVEMENT,16800,11.51,0,0.21,N,4
45,96300,OTHER,8.1,MEDICAL,25200,11.9,0,0.26,N,5
43,42800,RENT,13.4,HOMEIMPROVEMENT,11000,11.01,1,0.26,N,8
49,43000,RENT,4.7,MEDICAL,23400,17.04,1,0.54,Y,7
53,35100,RENT,3.5,EDUCATION,21300,20.03,1,0.61,N,12
31,74600,RENT,0.4,DEBTCONSOLIDATION,11400,11.96,0,0.15,N,5
67,44600,MORTGAGE,4.8,VENTURE,24500,17.54,1,0.55,N,4
46,34700,MORTGAGE,2.0,MEDICAL,16000,16.37,1,0.46,N,3
49,44600,RENT,3.6,MEDICAL,11400,10.44,0,0.26,Y,3
59,66400,MORTGAGE,6.8,DEBTCONSOLIDATION,9700,12.04,0,0.15,N,9
37,27000,RENT,5.1,VENTURE,5900,10.5,0,0.22,Y,5
42,32100,OWN,0.5,PERSONAL,6000,11.5,0,0.19,N,12
35,113800,RENT,,VENTURE,21200,12.45,0,0.19,N,7
36,32900,OWN,1.1,EDUCATION,11700,15.36,0,0.36,N,3
53,120100,RENT,0.8,MEDICAL,14500,11.23,0,0.12,N,7
58,40500,RENT,1.2,EDUCATION,22900,,1,0.57,N,5
32,25700,RENT,12.7,MEDICAL,17500,19.69,1,0.68,Y,6
46,115100,MORTGAGE,6.2,DEBTCONSOLIDATION,27900,12.62,0,0.24,N,8
55,141500,MORTGAGE,11.9,VENTURE,14500,10.12,0,0.1,N,5
52,39400,MORTGAGE,,EDUCATION,6500,10.2,0,0.16,N,5
44,98800,RENT,0.0,PERSONAL,11000,9.19,0,0.11,Y,3
46,57300,RENT,0.2,PERSONAL,7100,11.66,0,0.12,N,10
47,59100,RENT,0.8,PERSONAL,20100,15.05,0,0.34,N,4
46,64400,MORTGAGE,7.6,VENTURE,13300,10.06,0,0.21,N,8
48,54800,MORTGAGE,1.1,EDUCATION,5000,8.67,0,0.09,N,6
41,57300,RENT,0.5,MEDICAL,3100,10.31,0,0.05,N,8
65,54400,RENT,9.9,MEDICAL,4900,,0,0.09,N,3
37,39500,MORTGAGE,1.3,EDUCATION,18000,14.05,1,0.46,N,6
55,36700,RENT,3.5,EDUCATION,8400,13.72,0,0.23,N,3
38,28800,MORTGAGE,2.1,MEDICAL,21000,21.04,1,0.73,N,5
48,19200,RENT,11.3,DEBTCONSOLIDATION,14300,21.17,1,0.74,Y,5
38,51500,MORTGAGE,6.1,HOMEIMPROVEMENT,15700,11.01,0,0.3,N,11
48,34100,MORTGAGE,,PERSONAL,7800,10.86,0,0.23,N,3
43,22000,MORTGAGE,9.9,EDUCATION,24600,15.96,1,1.12,Y,2
50,34500,RENT,6.5,HOMEIMPROVEMENT,13400,16.54,1,0.39,Y,8
37,40400,RENT,8.3,HOMEIMPROVEMENT,12200,,0,0.3,N,9
37,40000,RENT,19.0,MEDICAL,21500,17.81,1,0.54,N,2
58,116500,MORTGAGE,1.1,VENTURE,4000,7.88,0,0.03,N,3
61,39100,RENT,1.1,MEDICAL,14400,13.33,0,0.37,N,2
42,120000,MORTGAGE,4.1,DEBTCONSOLIDATION,19300,12.82,0,0.16,N,6
47,35800,MORTGAGE,3.8,MEDICAL,21600,17.23,1,0.6,Y,4
32,70600,RENT,,EDUCATION,7500,12.33,0,0.11,N,9
44,31200,MORTGAGE,0.8,VENTURE,11800,,0,0.38,Y,4
40,139200,MORTGAGE,2.8,EDUCATION,10500,8.94,0,0.08,N,5
64,106300,RENT,3.8,MEDICAL,32400,13.51,0,0.3,N,5
40,81800,RENT,3.1,VENTURE,19700,11.47,0,0.24,N,5
64,160800,RENT,,DEBTCONSOLIDATION,12500,12.51,0,0.08,N,8
39,87400,MORTGAGE,0.8,PERSONAL,8600,8.77,0,0.1,N,3
49,69000,RENT,0.8,PERSONAL,7900,10.65,0,0.11,N,3
61,25700,MORTGAGE,,VENTURE,32900,21.37,1,1.28,Y,5
42,14800,MORTGAGE,2.8,EDUCATION,15800,15.98,1,1.07,Y,4
61,26600,MORTGAGE,1.0,DEBTCONSOLIDATION,19400,21.35,0,0.73,N,9
52,21400,OWN,6.7,PERSONAL,7500,,0,0.35,N,6
44,34900,MORTGAGE,8.1,PERSONAL,20100,18.6,1,0.58,N,7
47,98900,RENT,1.2,HOMEIMPROVEMENT,9100,9.17,1,0.09,N,9
58,30100,MORTGAGE,6.4,HOMEIMPROVEMENT,20500,16.7,1,0.68,Y,13
47,42000,RENT,0.3,HOMEIMPROVEMENT,26300,17.3,1,0.63,N,4
34,55900,OWN,9.7,MEDICAL,11700,15.14,0,0.21,N,9
52,57000,RENT,16.4,DEBTCONSOLIDATION,25800,17.74,1,0.45,N,6
52,39100,OWN,0.8,HOMEIMPROVEMENT,13200,15.96,0,0.34,N,10
47,104200,RENT,7.7,PERSONAL,22000,10.44,0,0.21,N,5
39,54900,RENT,0.5,PERSONAL,13000,11.45,0,0.24,N,19
51,59500,RENT,16.3,DEBTCONSOLIDATION,7300,9.99,0,0.12,N,5
35,211400,RENT,3.0,MEDICAL,17900,8.94,0,0.08,N,5
47,140800,MORTGAGE,3.8,EDUCATION,10600,6.68,0,0.08,N,2
47,54700,RENT,7.2,MEDICAL,5500,10.66,0,0.1,N,9
44,73200,MORTGAGE,1.4,HOMEIMPROVEMENT,17500,12.78,0,0.24,N,8
55,32600,MORTGAGE,2.5,EDUCATION,15700,15.78,0,0.48,N,5
41,17200,MORTGAGE,0.4,VENTURE,27100,19.77,1,1.58,N,7
37,78800,MORTGAGE,4.8,PERSONAL,5900,8.6,0,0.07,Y,11
38,30300,RENT,8.0,PERSONAL,12600,14.77,0,0.42,N,7
55,73900,RENT,9.5,DEBTCONSOLIDATION,8900,12.77,1,0.12,N,4
49,176500,RENT,3.8,MEDICAL,13700,12.2,0,0.08,N,7
48,19300,RENT,7.3,EDUCATION,23200,18.07,1,1.2,Y,8
47,15500,RENT,0.8,DEBTCONSOLIDATION,27800,23.22,1,1.79,Y,10
42,32700,OWN,6.8,DEBTCONSOLIDATION,11600,14.99,1,0.35,N,8
36,84600,RENT,0.0,MEDICAL,16600,7.82,0,0.2,N,2
36,107800,RENT,1.1,VENTURE,9000,11.16,0,0.08,N,10
48,84500,MORTGAGE,5.0,VENTURE,20500,11.55,0,0.24,N,6
40,63500,OWN,1.9,VENTURE,25900,16.31,0,0.41,Y,7
38,54700,OWN,2.6,DEBTCONSOLIDATION,13500,9.66,0,0.25,N,2
43,58000,MORTGAGE,8.7,VENTURE,24400,15.87,0,0.42,N,10
56,103900,RENT,4.2,VENTURE,31200,16.91,0,0.3,N,4
45,38000,RENT,2.5,MEDICAL,16400,13.56,1,0.43,Y,7
64,55400,MORTGAGE,3.1,EDUCATION,15300,12.95,0,0.28,N,8
48,28700,RENT,9.4,DEBTCONSOLIDATION,11600,17.02,1,0.4,N,3
70,66000,RENT,3.3,PERSONAL,21300,12.64,0,0.32,N,12
47,54700,OWN,10.4,EDUCATION,22200,16.22,0,0.41,N,6
46,224700,RENT,1.4,MEDICAL,2700,,0,0.01,N,3
45,24000,RENT,3.8,PERSONAL,9300,13.04,1,0.39,Y,4
40,90700,MORTGAGE,2.3,EDUCATION,4000,6.04,0,0.04,N,9
42,40900,RENT,4.5,EDUCATION,20900,15.14,1,0.51,Y,2
67,85300,RENT,4.3,VENTURE,7900,8.18,0,0.09,N,4
40,81800,OWN,4.2,MEDICAL,6400,,0,0.08,N,7
45,46200,MORTGAGE,3.8,DEBTCONSOLIDATION,21600,,1,0.47,N,7
45,30700,RENT,3.0,HOMEIMPROVEMENT,15600,17.12,1,0.51,N,9
41,30300,RENT,12.1,VENTURE,7500,13.19,0,0.25,N,2
41,57400,MORTGAGE,1.6,PERSONAL,23300,,0,0.41,N,9
43,36400,MORTGAGE,2.8,HOMEIMPROVEMENT,12100,9.83,0,0.33,N,8
52,47700,MORTGAGE,1.2,EDUCATION,11500,11.55,0,0.24,Y,2
58,27400,MORTGAGE,2.0,DEBTCONSOLIDATION,17500,,1,0.64,N,8
35,71600,MORTGAGE,1.4,VENTURE,4200,9.46,0,0.06,N,10
63,33200,MORTGAGE,5.5,EDUCATION,10800,13.53,0,0.33,N,8
50,43100,MORTGAGE,,MEDICAL,5600,8.67,0,0.13,N,3
51,111700,RENT,1.6,PERSONAL,19700,,0,0.18,N,5
38,58800,MORTGAGE,20.0,HOMEIMPROVEMENT,9700,9.55,0,0.16,N,3
70,82100,RENT,1.7,EDUCATION,23000,14.34,1,0.28,N,6
38,32000,OWN,8.8,PERSONAL,12300,17.09,1,0.38,N,8
46,63100,MORTGAGE,1.7,MEDICAL,24900,13.84,1,0.39,N,15
47,68700,RENT,2.7,MEDICAL,8800,8.69,0,0.13,N,2
62,31900,MORTGAGE,5.5,EDUCATION,17500,15.85,0,0.55,N,8
38,56000,RENT,4.1,DEBTCONSOLIDATION,28000,19.17,0,0.5,N,2
46,43000,OWN,3.5,MEDICAL,11900,13.61,0,0.28,N,4
33,62900,RENT,7.9,VENTURE,7600,11.19,0,0.12,N,7
44,26200,RENT,6.2,EDUCATION,15100,17.29,1,0.58,Y,8
48,30400,RENT,12.3,VENTURE,12600,17.07,0,0.41,N,3
40,25200,RENT,1.3,VENTURE,14100,20.72,1,0.56,Y,9
34,28800,MORTGAGE,0.1,EDUCATION,13500,11.42,0,0.47,N,5
64,38400,RENT,44.3,MEDICAL,9500,15.18,0,0.25,N,8
36,71800,MORTGAGE,1.7,MEDICAL,14300,8.89,0,0.2,N,2
37,57000,RENT,0.2,EDUCATION,7300,10.76,1,0.13,Y,3
38,56900,MORTGAGE,1.4,EDUCATION,15800,14.1,0,0.28,N,2
57,31700,RENT,5.5,HOMEIMPROVEMENT,12700,15.05,0,0.4,N,7
43,53500,RENT,4.4,HOMEIMPROVEMENT,30100,17.36,1,0.56,N,3
33,108100,RENT,1.2,VENTURE,6100,8.19,0,0.06,N,11
39,63700,MORTGAGE,1.0,MEDICAL,20200,14.01,1,0.32,Y,5
57,84600,MORTGAGE,,EDUCATION,11000,11.05,0,0.13,N,6
34,41000,MORTGAGE,0.1,VENTURE,18600,16.95,0,0.45,N,3
36,41600,RENT,0.0,MEDICAL,28900,16.05,1,0.69,N,2
36,72200,MORTGAGE,4.8,PERSONAL,25500,15.02,0,0.35,N,4
44,32300,RENT,2.0,MEDICAL,6600,10.84,0,0.2,N,5
45,50700,RENT,0.1,HOMEIMPROVEMENT,24500,,0,0.48,N,6
42,60000,RENT,3.1,MEDICAL,11800,11.36,0,0.2,N,4
43,43700,RENT,13.7,EDUCATION,5400,9.51,0,0.12,N,8
35,34000,RENT,1.5,VENTURE,8500,10.34,0,0.25,N,7
42,37900,MORTGAGE,1.4,HOMEIMPROVEMENT,3800,8.51,0,0.1,N,9
42,25400,OWN,3.2,DEBTCONSOLIDATION,7200,14.37,0,0.28,N,7
36,63100,RENT,0.8,EDUCATION,13300,9.92,0,0.21,N,9
59,85700,RENT,5.1,VENTURE,28000,16.26,0,0.33,N,6
56,41000,RENT,,VENTURE,22000,20.67,1,0.54,N,3
34,244200,RENT,1.1,PERSONAL,14600,11.48,0,0.06,N,7
48,35700,OWN,5.4,MEDICAL,10500,15.24,0,0.29,N,4
47,36000,OTHER,10.9,MEDICAL,3800,6.79,0,0.11,N,2
46,82700,RENT,,MEDICAL,4900,8.7,0,0.06,N,10
42,76200,RENT,4.0,MEDICAL,19600,13.8,0,0.26,N,7
46,78300,MORTGAGE,0.8,EDUCATION,14900,11.36,0,0.19,N,4
42,97700,RENT,5.4,PERSONAL,6800,11.73,0,0.07,N,2
38,32500,MORTGAGE,6.6,VENTURE,24000,16.73,1,0.74,Y,16
48,66500,MORTGAGE,7.0,DEBTCONSOLIDATION,14400,14.19,0,0.22,N,12
31,25100,MORTGAGE,13.0,PERSONAL,23000,17.1,1,0.92,Y,12
51,97300,MORTGAGE,4.8,PERSONAL,21000,12.04,0,0.22,N,7
44,93700,RENT,3.1,EDUCATION,10700,5.42,0,0.11,N,6
40,96200,RENT,3.5,PERSONAL,18800,12.16,0,0.2,N,7
51,52600,OWN,1.9,DEBTCONSOLIDATION,32400,23.22,1,0.62,N,4
46,95300,RENT,0.3,VENTURE,20100,13.12,0,0.21,N,21
59,59400,RENT,6.3,VENTURE,9500,12.35,0,0.16,N,2
54,115900,RENT,0.1,PERSONAL,16000,9.32,0,0.14,N,11
36,45700,RENT,0.3,VENTURE,12600,15.31,0,0.28,N,5
40,45400,RENT,2.0,PERSONAL,10100,12.56,1,0.22,N,10
39,68500,RENT,13.4,EDUCATION,9800,9.79,0,0.14,N,7
25,27100,MORTGAGE,3.3,VENTURE,13200,16.9,1,0.49,N,5
39,47600,RENT,1.2,EDUCATION,10300,12.99,0,0.22,N,3
61,52700,MORTGAGE,11.4,EDUCATION,7300,9.63,0,0.14,N,4
34,26000,OWN,4.2,HOMEIMPROVEMENT,20300,21.72,1,0.78,N,5
55,57200,OWN,2.3,VENTURE,10000,10.95,0,0.17,N,8
62,71100,MORTGAGE,6.3,VENTURE,11500,11.29,0,0.16,N,12
53,85800,RENT,2.9,VENTURE,25700,14.95,0,0.3,Y,4
49,23800,RENT,6.5,EDUCATION,17700,20.2,1,0.74,Y,7
34,94600,MORTGAGE,1.2,VENTURE,27100,13.82,0,0.29,Y,8
33,17300,OTHER,0.8,EDUCATION,16200,19.08,1,0.94,Y,9
47,32900,RENT,3.1,DEBTCONSOLIDATION,11100,17.62,0,0.34,N,9
42,166500,MORTGAGE,1.9,MEDICAL,8800,5.73,0,0.05,N,5
35,59000,RENT,4.6,EDUCATION,22600,16.69,0,0.38,N,9
51,30500,RENT,7.8,VENTURE,12900,12.58,0,0.42,N,7
49,25600,MORTGAGE,11.6,MEDICAL,17400,20.16,1,0.68,N,3
51,27000,RENT,7.1,VENTURE,19900,19.67,1,0.74,N,11
51,32200,MORTGAGE,2.1,PERSONAL,9200,11.52,0,0.29,Y,2
55,92600,RENT,6.5,VENTURE,30400,18.53,0,0.33,N,9
40,73200,RENT,3.8,DEBTCONSOLIDATION,9000,9.44,0,0.12,N,12
35,97400,MORTGAGE,11.8,MEDICAL,20400,9.39,0,0.21,N,10
60,30300,RENT,6.1,MEDICAL,7400,10.44,0,0.24,N,5
33,18100,MORTGAGE,0.8,PERSONAL,30300,22.2,1,1.67,Y,8
34,77000,MORTGAGE,0.4,PERSONAL,9300,10.12,0,0.12,Y,4
39,52300,OWN,3.9,HOMEIMPROVEMENT,14300,12.42,1,0.27,N,15
58,35000,RENT,2.3,PERSONAL,11400,11.94,0,0.33,N,8
40,93700,MORTGAGE,0.9,VENTURE,25800,10.49,0,0.28,N,2
34,110700,RENT,8.0,VENTURE,14400,9.74,0,0.13,N,3
37,139800,RENT,2.4,MEDICAL,18000,9.36,0,0.13,Y,9
36,30700,RENT,0.4,MEDICAL,8700,12.03,0,0.28,Y,3
45,106500,RENT,1.5,MEDICAL,28100,12.3,0,0.26,N,12
38,67100,RENT,5.6,VENTURE,11100,12.25,1,0.17,N,4
26,38500,RENT,5.2,DEBTCONSOLIDATION,6200,10.12,0,0.16,N,8
70,105400,MORTGAGE,1.5,PERSONAL,8700,9.33,0,0.08,N,9
30,33300,MORTGAGE,2.1,VENTURE,8300,11.77,0,0.25,N,3
32,38400,RENT,0.3,EDUCATION,6400,,0,0.17,N,3
51,89000,MORTGAGE,15.3,MEDICAL,13800,13.09,0,0.16,N,2
35,38600,RENT,2.0,DEBTCONSOLIDATION,10300,11.37,1,0.27,N,8
50,67700,MORTGAGE,13.3,MEDICAL,13900,13.64,0,0.21,N,18
48,41200,MORTGAGE,8.4,DEBTCONSOLIDATION,5600,13.5,0,0.14,N,7
39,59600,RENT,2.0,MEDICAL,15900,9.46,0,0.27,N,7
50,62000,MORTGAGE,5.9,VENTURE,17000,11.97,0,0.27,N,7
42,32000,RENT,3.2,HOMEIMPROVEMENT,9300,11.82,0,0.29,N,6
51,60700,MORTGAGE,18.8,VENTURE,15500,11.06,0,0.26,N,6
58,40600,RENT,5.1,EDUCATION,10200,,0,0.25,N,10
35,32000,MORTGAGE,,EDUCATION,7500,10.48,0,0.23,N,11
45,29400,RENT,5.1,EDUCATION,18200,15.39,1,0.62,N,6
46,29500,RENT,1.2,EDUCATION,22900,18.99,1,0.78,Y,8
45,38800,MORTGAGE,1.8,PERSONAL,7500,10.46,0,0.19,N,6
50,74300,MORTGAGE,6.2,PERSONAL,25100,12.95,0,0.34,N,7
48,25600,RENT,0.4,DEBTCONSOLIDATION,16200,17.71,0,0.63,N,10
34,56700,RENT,1.8,EDUCATION,20800,15.21,1,0.37,N,5
35,66600,RENT,4.8,HOMEIMPROVEMENT,18500,11.01,0,0.28,N,3
41,93900,RENT,23.0,VENTURE,24800,13.27,0,0.26,N,3
45,40100,RENT,13.0,EDUCATION,5000,11.43,0,0.12,N,8
46,59200,MORTGAGE,8.9,EDUCATION,31600,16.05,1,0.53,N,7
47,28700,RENT,3.5,VENTURE,24700,22.99,1,0.86,Y,2
48,26500,RENT,8.2,MEDICAL,4400,8.93,0,0.17,N,3
48,66100,MORTGAGE,4.1,EDUCATION,9300,14.19,1,0.14,N,8
43,169000,MORTGAGE,3.1,EDUCATION,14700,,0,0.09,N,4
59,77900,MORTGAGE,1.3,VENTURE,23700,13.09,0,0.3,N,9
33,27800,RENT,15.0,EDUCATION,10300,15.35,0,0.37,N,7
30,29100,MORTGAGE,4.6,EDUCATION,4700,9.73,0,0.16,N,4
45,76000,RENT,5.6,EDUCATION,21100,13.62,1,0.28,Y,5
47,80500,RENT,0.8,EDUCATION,12600,9.81,0,0.16,N,15
45,55800,RENT,2.8,EDUCATION,20500,14.45,0,0.37,N,5
39,48200,RENT,16.7,VENTURE,10600,12.19,0,0.22,N,20
48,72200,RENT,7.1,MEDICAL,22300,14.66,1,0.31,N,11
36,30700,RENT,10.7,EDUCATION,11200,11.66,0,0.36,N,4
33,95300,MORTGAGE,2.5,EDUCATION,13500,9.63,0,0.14,N,15
54,65800,RENT,0.3,EDUCATION,27600,15.29,0,0.42,N,7
39,34800,RENT,2.2,PERSONAL,7300,12.85,0,0.21,N,4
44,51700,MORTGAGE,2.4,VENTURE,15800,11.5,0,0.31,N,4
38,250000,RENT,1.8,VENTURE,22200,11.77,0,0.09,N,7
39,46100,MORTGAGE,3.7,DEBTCONSOLIDATION,18500,16.63,0,0.4,N,4
52,73800,RENT,1.1,EDUCATION,12500,8.5,0,0.17,N,13
44,85700,RENT,13.9,EDUCATION,21800,13.04,0,0.25,N,4
44,60200,MORTGAGE,11.9,MEDICAL,13500,10.6,0,0.22,N,5
33,43400,MORTGAGE,1.5,MEDICAL,17300,18.51,0,0.4,N,9
43,36300,MORTGAGE,5.3,VENTURE,10800,13.56,0,0.3,N,9
37,49200,RENT,3.5,DEBTCONSOLIDATION,5000,13.25,0,0.1,N,11
69,50100,MORTGAGE,1.4,VENTURE,8500,14.38,0,0.17,N,3
37,109200,MORTGAGE,11.4,EDUCATION,13300,8.28,0,0.12,N,9
58,130600,MORTGAGE,1.3,DEBTCONSOLIDATION,25300,12.98,0,0.19,N,9
45,146700,MORTGAGE,4.9,MEDICAL,7000,11.82,0,0.05,N,10
35,44700,OWN,2.0,PERSONAL,10400,15.1,0,0.23,N,3
52,96500,RENT,8.7,EDUCATION,10700,8.14,0,0.11,N,8
57,63200,RENT,4.8,MEDICAL,21000,,1,0.33,N,8
63,29900,RENT,8.9,EDUCATION,14900,16.87,1,0.5,Y,7
46,24000,MORTGAGE,2.1,EDUCATION,12300,15.1,0,0.51,N,2
37,45400,MORTGAGE,0.1,PERSONAL,5100,7.9,0,0.11,N,14
37,50100,RENT,1.3,MEDICAL,29900,20.23,1,0.6,Y,8
47,33100,RENT,8.4,EDUCATION,21900,21.67,1,0.66,Y,12
32,106900,MORTGAGE,1.9,EDUCATION,4900,11.11,0,0.05,N,2
35,122800,MORTGAGE,1.9,VENTURE,4600,9.66,0,0.04,N,2
44,48900,RENT,3.0,EDUCATION,9300,10.74,0,0.19,N,6
51,125700,OWN,1.6,DEBTCONSOLIDATION,4700,10.61,0,0.04,Y,6
41,68500,RENT,8.2,MEDICAL,19900,10.36,1,0.29,N,15
63,18400,OWN,1.9,MEDICAL,8500,15.83,1,0.46,Y,5
48,17700,RENT,4.6,PERSONAL,24800,22.11,1,1.4,Y,11
40,65400,RENT,3.0,VENTURE,16400,13.2,0,0.25,N,7
38,49800,RENT,1.7,HOMEIMPROVEMENT,13700,14.36,0,0.28,Y,7
35,32400,MORTGAGE,1.5,EDUCATION,6500,12.15,0,0.2,N,8
50,68900,RENT,3.5,DEBTCONSOLIDATION,7000,8.31,0,0.1,N,10
37,180500,RENT,1.2,VENTURE,6700,10.66,0,0.04,Y,10
47,56300,OWN,,DEBTCONSOLIDATION,8600,12.83,0,0.15,N,3
34,42900,MORTGAGE,0.2,PERSONAL,6300,10.7,0,0.15,N,2
35,36800,RENT,,PERSONAL,10500,13.05,0,0.29,N,4
43,28200,MORTGAGE,0.2,PERSONAL,22100,19.88,1,0.78,Y,2
35,84800,RENT,10.3,EDUCATION,7300,7.84,0,0.09,N,3
55,42800,MORTGAGE,0.2,DEBTCONSOLIDATION,10100,12.07,0,0.24,N,5
31,50200,RENT,9.4,PERSONAL,12900,,0,0.26,N,5
34,43300,RENT,5.2,HOMEIMPROVEMENT,16500,13.44,0,0.38,N,8
56,130900,MORTGAGE,3.5,EDUCATION,9000,7.42,0,0.07,N,3
54,24800,RENT,0.8,HOMEIMPROVEMENT,16500,17.93,1,0.67,N,3
56,79000,RENT,1.5,DEBTCONSOLIDATION,8100,10.92,0,0.1,N,7
36,87400,OWN,5.9,EDUCATION,16900,9.22,0,0.19,N,6
43,36100,MORTGAGE,3.6,EDUCATION,21300,21.44,1,0.59,Y,10
45,75600,RENT,3.6,PERSONAL,3500,6.43,0,0.05,N,5
41,49300,RENT,0.7,PERSONAL,27500,17.56,1,0.56,Y,8
49,84800,MORTGAGE,3.2,PERSONAL,19100,13.23,0,0.23,N,5
53,31800,MORTGAGE,4.5,DEBTCONSOLIDATION,28300,21.27,1,0.89,N,9
42,62800,MORTGAGE,0.7,VENTURE,9500,10.61,0,0.15,Y,5
34,56400,MORTGAGE,16.0,MEDICAL,27600,16.81,0,0.49,N,6
48,73000,MORTGAGE,8.9,DEBTCONSOLIDATION,13000,14.32,0,0.18,N,6
44,14600,MORTGAGE,1.9,MEDICAL,7400,16.8,1,0.51,Y,3
52,36500,RENT,4.1,MEDICAL,19800,17.3,0,0.54,N,4
49,74800,MORTGAGE,4.1,VENTURE,18600,16.69,0,0.25,N,6
57,142000,RENT,0.6,DEBTCONSOLIDATION,26700,16.66,0,0.19,N,7
44,96400,MORTGAGE,2.9,HOMEIMPROVEMENT,10200,9.66,0,0.11,N,9
60,67600,MORTGAGE,1.2,EDUCATION,16900,13.62,0,0.25,N,8
59,34000,RENT,2.0,EDUCATION,29100,19.96,1,0.86,Y,5
50,63800,RENT,14.4,MEDICAL,24400,15.07,1,0.38,Y,4
53,74800,MORTGAGE,4.0,DEBTCONSOLIDATION,22500,15.3,0,0.3,N,6
57,144300,RENT,0.3,VENTURE,24600,12.86,1,0.17,N,9
41,33300,RENT,5.6,EDUCATION,23300,17.18,1,0.7,N,6
57,44000,MORTGAGE,33.0,VENTURE,11600,12.49,0,0.26,N,5
47,163700,OWN,0.9,VENTURE,3100,8.2,0,0.02,N,7
51,48600,RENT,5.7,EDUCATION,31700,18.74,1,0.65,Y,7
52,71000,MORTGAGE,8.7,EDUCATION,20900,13.39,0,0.29,N,2
50,30300,RENT,9.3,EDUCATION,8800,13.65,0,0.29,N,2
45,44900,MORTGAGE,6.1,VENTURE,20100,15.28,0,0.45,Y,18
54,64800,OWN,12.0,VENTURE,11300,10.41,0,0.17,N,12
70,43900,RENT,0.2,VENTURE,9200,11.38,0,0.21,N,7
70,59900,OWN,0.3,VENTURE,15400,10.45,0,0.26,N,8
47,62300,MORTGAGE,0.7,VENTURE,2700,7.87,0,0.04,N,7
56,56300,MORTGAGE,0.2,PERSONAL,30400,17.18,1,0.54,N,13
70,35900,MORTGAGE,0.6,HOMEIMPROVEMENT,27900,18.81,1,0.78,N,2
41,85400,MORTGAGE,8.5,VENTURE,21400,,0,0.25,N,16
51,59900,MORTGAGE,11.3,MEDICAL,4800,11.56,0,0.08,N,6
51,37600,RENT,2.0,HOMEIMPROVEMENT,5500,12.06,0,0.15,N,5
70,34800,MORTGAGE,15.8,EDUCATION,17400,,0,0.5,N,7
59,30700,RENT,2.7,MEDICAL,21700,22.81,1,0.71,Y,5
45,105100,MORTGAGE,0.9,DEBTCONSOLIDATION,4800,5.42,0,0.05,N,2
46,36600,RENT,5.7,HOMEIMPROVEMENT,15400,13.0,0,0.42,N,3
38,32800,MORTGAGE,2.7,PERSONAL,18700,14.07,0,0.57,N,12
35,31400,MORTGAGE,0.1,EDUCATION,7700,12.94,0,0.25,N,9
50,18100,RENT,17.0,VENTURE,7900,16.5,1,0.44,Y,5
48,182100,MORTGAGE,4.6,HOMEIMPROVEMENT,27200,11.91,0,0.15,N,6
43,56900,OWN,4.8,DEBTCONSOLIDATION,12000,10.63,0,0.21,N,8
38,33300,RENT,20.0,DEBTCONSOLIDATION,9700,15.34,0,0.29,N,5
41,44800,RENT,9.0,MEDICAL,4500,9.74,0,0.1,N,2
67,27100,MORTGAGE,2.3,DEBTCONSOLIDATION,4200,11.46,0,0.15,N,10
37,60000,MORTGAGE,0.2,PERSONAL,9400,10.1,0,0.16,N,3
33,49800,RENT,1.3,DEBTCONSOLIDATION,16700,14.34,1,0.34,N,7
50,100000,MORTGAGE,2.2,PERSONAL,16300,6.61,0,0.16,N,3
40,36900,MORTGAGE,16.1,MEDICAL,8800,11.72,0,0.24,N,4
52,66100,RENT,11.0,PERSONAL,19900,13.98,1,0.3,N,4
51,54700,MORTGAGE,0.1,MEDICAL,13200,16.51,0,0.24,N,4
34,33800,MORTGAGE,16.0,EDUCATION,21700,21.6,1,0.64,N,7
50,66000,RENT,1.5,DEBTCONSOLIDATION,26800,15.66,0,0.41,Y,7
41,51800,OWN,7.5,DEBTCONSOLIDATION,9000,13.62,0,0.17,N,3
55,93700,RENT,0.6,PERSONAL,12900,12.43,0,0.14,N,8
55,67600,MORTGAGE,1.2,EDUCATION,4800,11.34,0,0.07,N,6
36,41600,RENT,3.5,EDUCATION,20500,16.24,0,0.49,N,6
33,88300,RENT,6.1,EDUCATION,10500,8.96,0,0.12,N,8
54,63500,RENT,2.1,VENTURE,17400,14.19,0,0.27,N,10
53,40700,RENT,10.3,MEDICAL,11600,11.54,0,0.29,N,15
36,91200,MORTGAGE,14.1,DEBTCONSOLIDATION,7200,10.2,0,0.08,N,2
54,87300,RENT,0.7,VENTURE,2400,9.22,0,0.03,N,3
43,33000,MORTGAGE,6.3,VENTURE,17200,16.86,1,0.52,N,16
30,36300,OWN,,DEBTCONSOLIDATION,27400,22.56,1,0.75,Y,3
40,58000,RENT,2.1,EDUCATION,25800,14.37,1,0.44,N,16
40,44600,MORTGAGE,,DEBTCONSOLIDATION,27800,21.75,1,0.62,Y,4
28,45400,RENT,2.1,DEBTCONSOLIDATION,18400,15.09,0,0.41,N,6
57,35000,RENT,11.9,PERSONAL,12500,,1,0.36,N,2
58,59600,MORTGAGE,2.7,EDUCATION,14500,8.51,0,0.24,N,13
60,61200,MORTGAGE,1.9,EDUCATION,19400,12.88,0,0.32,N,4
35,24600,RENT,17.0,EDUCATION,10100,15.28,0,0.41,N,4
40,43800,MORTGAGE,2.9,MEDICAL,8200,13.26,1,0.19,N,4
42,39700,RENT,,VENTURE,5300,9.27,0,0.13,N,9
34,63100,MORTGAGE,4.6,EDUCATION,13500,10.75,0,0.21,N,5
47,74200,MORTGAGE,1.1,EDUCATION,6000,9.65,0,0.08,N,5
36,80700,MORTGAGE,3.5,EDUCATION,13200,12.36,0,0.16,N,4
44,44200,OWN,0.4,PERSONAL,22100,16.66,0,0.5,N,2
38,72700,OWN,6.2,MEDICAL,7500,8.66,0,0.1,N,9
49,23700,RENT,3.7,MEDICAL,6700,11.67,0,0.28,N,5
53,112700,RENT,0.7,EDUCATION,9200,6.5,0,0.08,N,3
43,37000,MORTGAGE,7.3,EDUCATION,5800,8.65,0,0.16,N,11
42,25800,MORTGAGE,8.2,VENTURE,11300,19.06,0,0.44,N,2
48,37100,RENT,6.6,PERSONAL,16400,13.71,0,0.44,Y,2
30,120000,RENT,2.0,PERSONAL,13400,10.59,0,0.11,N,12
40,76800,MORTGAGE,6.4,VENTURE,19300,10.49,0,0.25,N,7
36,145000,RENT,4.3,MEDICAL,6700,5.79,0,0.05,N,10
58,63900,RENT,3.9,MEDICAL,10900,11.52,0,0.17,N,2
70,114300,RENT,5.2,PERSONAL,12300,9.2,0,0.11,N,11
34,44500,MORTGAGE,5.0,MEDICAL,13100,12.25,0,0.29,N,8
45,26400,RENT,8.0,EDUCATION,5300,8.82,0,0.2,N,5
35,66300,MORTGAGE,17.0,EDUCATION,5200,10.34,0,0.08,Y,5
36,56400,RENT,6.5,MEDICAL,5800,9.11,0,0.1,N,3
45,71300,MORTGAGE,2.9,PERSONAL,7200,10.18,0,0.1,N,7
41,85600,RENT,3.1,PERSONAL,1300,7.91,0,0.02,N,12
45,67600,RENT,0.1,EDUCATION,10200,,0,0.15,N,2
36,51400,MORTGAGE,0.9,VENTURE,12200,14.09,0,0.24,N,5
45,52700,RENT,1.3,EDUCATION,15000,14.7,0,0.28,N,24
57,70600,MORTGAGE,23.2,VENTURE,3700,8.08,0,0.05,N,5
51,24200,OWN,7.2,EDUCATION,12900,16.74,0,0.53,N,3
33,36800,RENT,0.8,PERSONAL,27600,17.99,1,0.75,Y,15
62,171800,RENT,3.4,VENTURE,20200,10.99,0,0.12,N,3
35,41700,RENT,1.2,MEDICAL,10500,11.85,0,0.25,N,5
36,78600,RENT,1.8,HOMEIMPROVEMENT,14500,11.7,0,0.18,N,7
53,43600,MORTGAGE,4.6,VENTURE,18700,14.55,1,0.43,Y,14
45,48400,RENT,4.6,MEDICAL,7500,8.99,0,0.15,Y,10
43,16400,RENT,10.3,MEDICAL,5400,13.81,0,0.33,N,3
41,76300,RENT,0.9,DEBTCONSOLIDATION,16600,12.21,1,0.22,Y,7
41,40300,MORTGAGE,3.4,EDUCATION,19800,16.28,1,0.49,N,8
41,17700,MORTGAGE,4.6,EDUCATION,14300,19.65,1,0.81,N,2
49,25000,RENT,13.3,VENTURE,18600,19.94,1,0.74,Y,4
50,57500,MORTGAGE,3.6,MEDICAL,19200,16.83,1,0.33,Y,7
41,37100,MORTGAGE,2.1,MEDICAL,17300,12.86,1,0.47,Y,13
59,34700,RENT,1.7,MEDICAL,27500,17.05,1,0.79,N,2
45,42700,MORTGAGE,1.2,DEBTCONSOLIDATION,14700,15.59,0,0.34,N,5
47,12000,OWN,16.4,DEBTCONSOLIDATION,4900,17.09,0,0.41,N,3
56,22300,MORTGAGE,4.6,PERSONAL,15400,17.04,0,0.69,Y,11
38,77000,RENT,1.8,VENTURE,17100,11.44,1,0.22,N,4
49,71900,RENT,6.8,EDUCATION,10900,10.52,0,0.15,N,8
37,73700,MORTGAGE,1.7,VENTURE,13400,13.45,0,0.18,N,4
36,75700,RENT,3.5,HOMEIMPROVEMENT,20800,12.8,1,0.27,Y,12
60,68900,MORTGAGE,0.1,DEBTCONSOLIDATION,19200,13.42,0,0.28,N,6
65,119500,MORTGAGE,9.4,EDUCATION,8000,7.04,0,0.07,N,7
47,75400,MORTGAGE,15.7,HOMEIMPROVEMENT,9000,6.64,0,0.12,N,3
39,55300,RENT,10.0,EDUCATION,15500,,0,0.28,N,5
49,126400,MORTGAGE,0.9,EDUCATION,11800,7.6,1,0.09,Y,3
45,72700,RENT,8.7,MEDICAL,20100,7.41,0,0.28,N,5
52,74300,RENT,,EDUCATION,6200,8.74,0,0.08,N,8
44,41100,RENT,13.8,EDUCATION,10600,14.15,0,0.26,Y,2
44,55100,RENT,1.8,MEDICAL,11400,12.82,0,0.21,Y,3
37,28900,RENT,0.5,VENTURE,12600,14.82,1,0.44,N,7
40,23600,RENT,9.6,VENTURE,20600,18.27,1,0.87,N,12
42,21100,MORTGAGE,0.6,VENTURE,3200,13.65,0,0.15,Y,10
49,48000,RENT,3.9,MEDICAL,7300,9.76,0,0.15,N,4
39,115000,RENT,2.4,HOMEIMPROVEMENT,15100,9.48,0,0.13,N,8
63,68800,MORTGAGE,7.1,MEDICAL,13700,10.28,0,0.2,N,3
44,87300,MORTGAGE,6.9,MEDICAL,28500,13.41,0,0.33,N,7
34,33600,RENT,7.5,MEDICAL,4900,8.79,1,0.15,Y,12
41,64000,MORTGAGE,0.3,EDUCATION,10100,,0,0.16,N,5
51,165700,MORTGAGE,9.8,MEDICAL,21000,8.88,0,0.13,N,8
42,84100,RENT,3.1,MEDICAL,29200,12.11,1,0.35,N,11
36,44100,RENT,1.2,EDUCATION,32700,18.85,1,0.74,Y,18
40,21300,MORTGAGE,1.8,DEBTCONSOLIDATION,10000,,0,0.47,N,4
39,26300,MORTGAGE,11.7,PERSONAL,16100,16.77,1,0.61,Y,7
49,77700,MORTGAGE,0.0,MEDICAL,28900,12.05,0,0.37,N,10
39,61200,RENT,8.1,MEDICAL,30500,13.93,1,0.5,N,4
31,145500,MORTGAGE,12.9,DEBTCONSOLIDATION,6700,9.14,0,0.05,N,3
38,56100,MORTGAGE,1.4,EDUCATION,11100,13.12,0,0.2,N,8
54,23900,MORTGAGE,8.6,DEBTCONSOLIDATION,19700,20.07,1,0.82,Y,5
48,47800,RENT,0.9,EDUCATION,15300,18.52,0,0.32,N,6
32,55500,RENT,0.1,DEBTCONSOLIDATION,15600,12.82,0,0.28,Y,2
53,43800,RENT,4.6,VENTURE,12600,12.43,1,0.29,N,6
57,54100,OTHER,5.2,PERSONAL,23300,10.31,0,0.43,N,9
50,66500,RENT,0.8,EDUCATION,5200,8.9,0,0.08,N,3
37,17800,RENT,3.6,MEDICAL,8900,18.57,1,0.5,Y,4
55,37500,RENT,2.4,VENTURE,18800,16.92,1,0.5,N,7
42,108500,OWN,0.4,VENTURE,22400,12.67,0,0.21,N,3
39,131500,MORTGAGE,3.5,PERSONAL,29900,11.93,0,0.23,N,7
42,26800,RENT,4.4,MEDICAL,10100,11.95,0,0.38,N,3
48,26900,OWN,1.2,VENTURE,8700,15.9,0,0.32,N,6
50,82400,OWN,6.7,MEDICAL,9400,5.42,0,0.11,N,6
46,165200,RENT,0.4,PERSONAL,9200,10.54,0,0.06,N,5
43,61100,RENT,4.0,DEBTCONSOLIDATION,13500,12.82,0,0.22,N,9
36,57500,OWN,1.8,EDUCATION,9800,10.5,0,0.17,N,4
48,36700,MORTGAGE,2.9,MEDICAL,7200,9.33,0,0.2,N,2
46,94600,RENT,11.2,EDUCATION,4800,8.35,0,0.05,N,3
49,45900,RENT,5.5,HOMEIMPROVEMENT,9400,11.42,0,0.2,N,6
43,128500,RENT,0.8,VENTURE,22300,9.69,0,0.17,N,4
50,66100,MORTGAGE,10.9,EDUCATION,23300,12.26,0,0.35,N,11
49,62500,RENT,2.3,MEDICAL,16000,10.33,0,0.26,N,9
41,34500,RENT,2.1,VENTURE,11900,17.76,0,0.34,N,4
44,35100,RENT,3.5,PERSONAL,9500,10.57,0,0.27,N,3
51,38600,RENT,1.1,EDUCATION,4300,11.55,0,0.11,Y,8
52,51500,RENT,12.3,VENTURE,32100,20.87,1,0.62,N,7
56,99500,MORTGAGE,3.2,DEBTCONSOLIDATION,11600,13.74,0,0.12,N,12
38,85100,RENT,2.5,PERSONAL,11500,10.37,0,0.14,N,7
41,41800,MORTGAGE,0.9,EDUCATION,11900,13.38,0,0.28,N,13
61,17100,RENT,8.1,DEBTCONSOLIDATION,21000,,1,1.23,Y,6
68,36400,MORTGAGE,15.3,MEDICAL,17600,16.8,0,0.48,N,8
47,59000,RENT,10.2,MEDICAL,27900,18.56,1,0.47,N,7
44,61500,RENT,0.9,PERSONAL,5500,7.87,0,0.09,N,7
68,148500,MORTGAGE,,VENTURE,29100,12.88,0,0.2,N,14
63,119000,RENT,1.1,VENTURE,16000,12.91,0,0.13,N,5
52,83900,MORTGAGE,0.2,VENTURE,27100,13.92,0,0.32,N,3
43,37900,MORTGAGE,3.3,MEDICAL,20600,18.41,1,0.54,Y,6
47,63300,MORTGAGE,5.5,VENTURE,31500,16.96,0,0.5,N,6
33,71800,OTHER,0.7,MEDICAL,8600,9.01,1,0.12,Y,6
54,111800,RENT,4.7,VENTURE,14400,9.01,1,0.13,Y,3
39,31400,MORTGAGE,9.3,EDUCATION,27600,21.95,1,0.88,Y,3
60,88400,MORTGAGE,1.2,EDUCATION,7100,9.6,0,0.08,N,2
31,75200,RENT,2.8,PERSONAL,21100,11.24,0,0.28,N,2
39,41000,RENT,3.5,EDUCATION,26300,19.34,1,0.64,Y,7
45,111000,MORTGAGE,8.9,DEBTCONSOLIDATION,11500,11.13,0,0.1,N,5
45,19100,RENT,7.4,MEDICAL,12800,17.99,1,0.67,Y,4
38,179000,MORTGAGE,7.3,MEDICAL,22800,10.73,0,0.13,N,2
45,111800,RENT,5.7,MEDICAL,15400,10.44,0,0.14,N,9
43,48700,MORTGAGE,4.8,EDUCATION,13500,12.49,0,0.28,N,3
45,42900,MORTGAGE,3.6,DEBTCONSOLIDATION,9700,14.2,0,0.23,N,2
40,53200,RENT,2.3,EDUCATION,14700,14.73,0,0.28,N,8
56,35800,RENT,3.6,VENTURE,11500,15.39,1,0.32,N,6
48,47800,MORTGAGE,9.6,EDUCATION,13400,12.77,0,0.28,N,8
41,85100,RENT,4.2,EDUCATION,23500,9.83,0,0.28,N,6
50,36700,RENT,21.2,DEBTCONSOLIDATION,23300,20.52,1,0.63,Y,6
39,90900,MORTGAGE,0.8,VENTURE,3400,6.57,0,0.04,N,12
39,47300,RENT,2.9,EDUCATION,15000,15.24,0,0.32,N,10
32,98800,RENT,1.1,DEBTCONSOLIDATION,28400,15.53,0,0.29,N,10
48,114600,MORTGAGE,2.3,MEDICAL,12900,8.88,0,0.11,N,4
46,31300,RENT,7.8,MEDICAL,6500,,0,0.21,N,6
37,17000,RENT,8.7,VENTURE,2800,9.55,0,0.16,N,4
37,59300,MORTGAGE,0.2,EDUCATION,12100,,0,0.2,N,6
48,62400,OWN,15.3,VENTURE,24600,,0,0.39,N,11
41,27600,MORTGAGE,10.3,MEDICAL,25300,,1,0.92,Y,10
49,135600,MORTGAGE,11.8,DEBTCONSOLIDATION,17700,11.01,0,0.13,N,11
32,44400,RENT,2.4,DEBTCONSOLIDATION,28600,23.22,1,0.64,Y,6
35,77000,OWN,3.4,VENTURE,5400,12.23,0,0.07,Y,5
54,36200,MORTGAGE,0.9,VENTURE,11400,13.33,0,0.31,N,8
30,23800,MORTGAGE,2.5,HOMEIMPROVEMENT,21500,18.01,1,0.9,Y,2
47,103000,MORTGAGE,0.7,DEBTCONSOLIDATION,23100,8.57,0,0.22,N,4
51,32600,MORTGAGE,9.9,EDUCATION,6000,15.68,0,0.18,N,9
41,83500,OWN,4.4,EDUCATION,15900,5.64,0,0.19,Y,5
38,34400,MORTGAGE,,VENTURE,17800,17.98,1,0.52,Y,3
53,48000,MORTGAGE,10.6,MEDICAL,8800,9.04,0,0.18,N,2
27,49600,OWN,,DEBTCONSOLIDATION,4000,11.93,0,0.08,N,4
44,53400,RENT,13.1,PERSONAL,3400,8.16,0,0.06,N,9
51,38000,MORTGAGE,0.6,HOMEIMPROVEMENT,11200,12.74,0,0.29,N,9
41,80500,RENT,6.3,EDUCATION,6900,8.55,0,0.09,N,6
70,91000,MORTGAGE,5.2,MEDICAL,15500,10.01,0,0.17,N,6
44,106100,RENT,7.6,MEDICAL,9300,9.77,1,0.09,N,7
49,42400,OWN,4.2,MEDICAL,10800,11.36,0,0.25,N,8
37,29300,RENT,2.2,DEBTCONSOLIDATION,10900,16.33,1,0.37,N,11
63,60900,MORTGAGE,1.6,MEDICAL,27200,16.73,1,0.45,Y,4
45,66400,RENT,14.5,DEBTCONSOLIDATION,23900,13.58,0,0.36,N,4
41,66600,MORTGAGE,2.9,PERSONAL,17400,15.01,0,0.26,N,8
45,125900,RENT,9.2,VENTURE,7500,9.28,0,0.06,N,18
34,57600,OWN,6.4,PERSONAL,5600,9.2,0,0.1,N,11
50,171800,MORTGAGE,,EDUCATION,11100,5.71,0,0.06,N,5
39,87900,MORTGAGE,17.6,EDUCATION,15500,10.62,0,0.18,N,6
48,89400,RENT,4.2,HOMEIMPROVEMENT,19400,9.72,0,0.22,Y,7
32,56800,RENT,6.6,MEDICAL,3600,10.17,0,0.06,N,5
34,45600,MORTGAGE,9.5,MEDICAL,8300,10.74,0,0.18,N,5
45,38700,RENT,0.2,MEDICAL,12700,11.97,0,0.33,N,6
61,59900,MORTGAGE,28.0,PERSONAL,11200,11.17,0,0.19,N,5
31,87700,RENT,1.5,HOMEIMPROVEMENT,13100,11.26,0,0.15,N,4
39,48600,RENT,6.1,DEBTCONSOLIDATION,10600,8.79,0,0.22,N,2
35,44200,OWN,15.4,MEDICAL,15900,14.05,0,0.36,N,5
41,30700,MORTGAGE,7.2,DEBTCONSOLIDATION,24100,17.52,1,0.79,Y,8
44,71800,RENT,1.3,VENTURE,5700,10.44,1,0.08,N,3
42,30100,RENT,2.2,EDUCATION,10000,15.14,0,0.33,N,7
30,67400,OWN,2.7,EDUCATION,9500,10.67,0,0.14,N,5
32,63300,RENT,4.4,MEDICAL,14900,11.89,0,0.24,N,3
35,50200,RENT,4.6,DEBTCONSOLIDATION,25200,19.66,1,0.5,Y,9
40,105100,MORTGAGE,7.8,HOMEIMPROVEMENT,22400,,0,0.21,N,12
38,129900,RENT,9.8,EDUCATION,25700,13.28,0,0.2,N,8
40,17000,RENT,0.5,MEDICAL,8600,17.84,0,0.51,Y,6
43,23900,RENT,1.6,HOMEIMPROVEMENT,10900,17.44,0,0.46,N,10
41,74700,MORTGAGE,2.1,DEBTCONSOLIDATION,9700,8.51,0,0.13,N,14
64,137500,OWN,0.1,VENTURE,15000,11.15,0,0.11,N,11
65,25600,MORTGAGE,2.7,VENTURE,18000,22.05,1,0.7,Y,8
45,68300,MORTGAGE,2.2,DEBTCONSOLIDATION,12300,12.47,0,0.18,N,7
38,20700,MORTGAGE,3.7,EDUCATION,10300,20.17,1,0.5,Y,4
41,19600,RENT,0.5,HOMEIMPROVEMENT,17000,19.86,1,0.87,Y,7
46,169000,OWN,2.7,EDUCATION,13900,7.95,0,0.08,N,8
36,67100,RENT,4.5,DEBTCONSOLIDATION,22700,15.05,1,0.34,Y,2
46,23300,RENT,8.1,EDUCATION,4800,14.77,0,0.21,N,4
42,48100,MORTGAGE,7.3,HOMEIMPROVEMENT,19700,17.92,0,0.41,N,10
62,35300,RENT,2.6,EDUCATION,18500,15.1,0,0.52,N,2
36,42800,RENT,2.5,HOMEIMPROVEMENT,24100,15.98,1,0.56,N,5
58,45600,RENT,0.2,EDUCATION,23300,19.4,0,0.51,N,6
46,60800,RENT,0.4,EDUCATION,7400,9.55,0,0.12,N,7
38,69400,MORTGAGE,10.3,HOMEIMPROVEMENT,17200,12.43,1,0.25,N,2
51,37100,MORTGAGE,8.2,DEBTCONSOLIDATION,16300,17.09,0,0.44,N,4
27,36100,RENT,0.1,DEBTCONSOLIDATION,18600,19.26,1,0.52,N,5
40,67700,RENT,10.7,MEDICAL,30900,16.9,0,0.46,N,8
42,37900,RENT,4.8,EDUCATION,6500,9.56,0,0.17,Y,3
38,37700,MORTGAGE,8.1,EDUCATION,16900,16.98,0,0.45,N,5
54,57400,MORTGAGE,,HOMEIMPROVEMENT,16100,13.53,0,0.28,N,3
68,55100,MORTGAGE,0.8,MEDICAL,2400,13.29,1,0.04,Y,3
36,42400,RENT,2.2,PERSONAL,17600,16.65,0,0.42,Y,6
53,96600,MORTGAGE,3.0,PERSONAL,13900,12.56,0,0.14,N,2
44,71100,MORTGAGE,7.0,VENTURE,20800,13.38,0,0.29,N,12
52,164400,OWN,8.4,DEBTCONSOLIDATION,20300,13.43,0,0.12,N,2
46,47300,RENT,6.8,PERSONAL,4400,11.84,0,0.09,Y,7
42,79900,RENT,3.2,PERSONAL,21100,12.59,0,0.26,N,2
70,120800,RENT,5.4,DEBTCONSOLIDATION,25500,14.37,0,0.21,N,3
45,33200,MORTGAGE,1.8,EDUCATION,17000,16.5,0,0.51,N,4
53,44500,RENT,22.0,MEDICAL,24200,14.02,1,0.54,Y,4
38,106300,MORTGAGE,0.9,PERSONAL,8500,10.41,0,0.08,N,4
61,78500,OWN,6.4,DEBTCONSOLIDATION,25600,15.89,0,0.33,N,5
44,53500,RENT,0.8,VENTURE,27500,20.14,1,0.51,Y,4
34,25300,MORTGAGE,1.6,HOMEIMPROVEMENT,9900,14.77,0,0.39,N,8
41,26500,RENT,6.9,DEBTCONSOLIDATION,10900,16.93,0,0.41,N,8
45,42200,MORTGAGE,6.5,DEBTCONSOLIDATION,19000,17.39,0,0.45,N,4
45,34800,RENT,0.7,MEDICAL,10800,8.77,0,0.31,N,5
43,35300,OTHER,5.7,MEDICAL,32000,19.21,1,0.91,Y,7
44,19800,RENT,1.1,MEDICAL,9900,18.08,1,0.5,Y,3
36,25700,RENT,18.0,EDUCATION,3800,10.4,0,0.15,N,9
44,33400,MORTGAGE,,PERSONAL,22300,,1,0.67,Y,10
40,57800,RENT,0.0,MEDICAL,4400,10.87,0,0.08,N,11
49,44800,RENT,1.2,PERSONAL,30200,19.47,1,0.67,Y,3
45,55900,MORTGAGE,1.3,PERSONAL,16200,13.25,0,0.29,N,3
39,54600,MORTGAGE,1.4,EDUCATION,12700,9.24,0,0.23,N,2
49,21300,OWN,4.1,EDUCATION,19600,18.06,1,0.92,Y,7
54,97300,RENT,1.2,MEDICAL,19200,13.45,0,0.2,N,4
47,81100,MORTGAGE,2.7,PERSONAL,11800,11.38,0,0.15,N,7
37,55500,MORTGAGE,1.0,VENTURE,8600,13.15,0,0.15,N,3
66,40500,MORTGAGE,5.5,HOMEIMPROVEMENT,23300,20.76,1,0.58,Y,6
43,114500,RENT,4.2,MEDICAL,26700,11.99,0,0.23,N,8
46,31000,RENT,5.0,EDUCATION,32900,17.75,1,1.06,Y,2
31,92800,RENT,13.0,EDUCATION,11300,8.7,0,0.12,N,8
44,33600,MORTGAGE,2.5,EDUCATION,15700,15.32,1,0.47,Y,8
52,111700,MORTGAGE,1.2,EDUCATION,30900,12.82,0,0.28,Y,10
41,69900,MORTGAGE,23.0,MEDICAL,12200,9.12,0,0.17,N,5
48,88600,MORTGAGE,0.3,VENTURE,21400,11.3,0,0.24,N,7
48,60900,RENT,8.3,MEDICAL,27700,18.57,1,0.45,Y,5
52,69300,RENT,0.9,VENTURE,8100,12.09,0,0.12,N,5
44,55100,RENT,5.5,VENTURE,19400,17.64,0,0.35,Y,3
40,31000,MORTGAGE,3.2,MEDICAL,18800,16.92,1,0.61,N,6
35,98900,RENT,9.1,MEDICAL,11800,11.08,0,0.12,N,6
48,46800,RENT,6.6,MEDICAL,30900,22.42,1,0.66,Y,4
65,57200,RENT,0.9,HOMEIMPROVEMENT,24200,14.75,0,0.42,N,20
38,22600,RENT,5.5,EDUCATION,32700,18.22,1,1.45,Y,6
51,49100,RENT,1.2,PERSONAL,15100,14.2,1,0.31,Y,2
62,67400,OWN,0.9,MEDICAL,8800,11.08,0,0.13,N,7
38,140000,RENT,0.4,EDUCATION,9800,8.93,0,0.07,N,2
54,52300,MORTGAGE,,DEBTCONSOLIDATION,21400,17.24,1,0.41,Y,2
34,44900,OTHER,6.1,VENTURE,11200,16.58,0,0.25,N,13
54,37700,RENT,,VENTURE,8600,13.65,0,0.23,N,3
31,38200,OWN,5.6,MEDICAL,26700,22.42,1,0.7,N,5
30,144700,RENT,6.2,MEDICAL,10900,7.65,0,0.08,N,2
36,30200,OTHER,7.6,PERSONAL,5700,8.01,0,0.19,N,2
49,43100,MORTGAGE,,PERSONAL,15400,14.55,0,0.36,N,14
45,118500,MORTGAGE,1.6,PERSONAL,15100,11.97,0,0.13,N,8
55,102100,RENT,4.6,VENTURE,12400,8.93,1,0.12,N,5
43,193700,MORTGAGE,1.2,PERSONAL,12900,8.44,0,0.07,N,5
36,97700,OWN,3.7,PERSONAL,8700,12.08,0,0.09,N,5
46,62000,MORTGAGE,1.2,PERSONAL,10100,12.82,0,0.16,N,8
50,76200,RENT,0.3,EDUCATION,13700,10.42,0,0.18,N,2
48,31100,RENT,0.5,PERSONAL,30000,20.15,0,0.96,N,3
48,51300,RENT,18.7,PERSONAL,30800,20.14,1,0.6,Y,5
51,31900,MORTGAGE,0.0,EDUCATION,5900,11.69,0,0.18,N,6
44,119000,RENT,5.9,PERSONAL,25900,14.51,0,0.22,N,5
55,24200,OWN,10.9,DEBTCONSOLIDATION,12800,17.64,0,0.53,N,6
33,47300,MORTGAGE,2.5,MEDICAL,13100,,0,0.28,N,4
55,30400,RENT,6.2,EDUCATION,11200,15.85,0,0.37,N,5
55,94300,MORTGAGE,2.1,VENTURE,24700,11.02,0,0.26,Y,7
43,59500,MORTGAGE,3.8,EDUCATION,13100,9.85,0,0.22,N,3
47,53300,RENT,13.7,VENTURE,2200,9.7,0,0.04,N,7
49,28300,RENT,0.2,PERSONAL,27400,21.48,0,0.97,N,8
70,118700,RENT,1.6,VENTURE,30200,14.05,0,0.25,N,7
43,32500,MORTGAGE,0.6,MEDICAL,12600,13.82,0,0.39,N,8
43,43400,MORTGAGE,3.4,DEBTCONSOLIDATION,12700,14.17,0,0.29,N,8
35,54000,RENT,7.4,EDUCATION,3200,11.01,0,0.06,N,5
60,72800,RENT,18.8,EDUCATION,8400,10.75,0,0.12,N,9
48,46200,RENT,0.8,DEBTCONSOLIDATION,6700,12.47,0,0.15,N,5
41,119400,MORTGAGE,0.2,EDUCATION,21600,10.93,0,0.18,N,9
44,55900,MORTGAGE,0.7,VENTURE,14300,13.1,0,0.26,N,7
52,135500,MORTGAGE,17.3,VENTURE,9900,9.2,0,0.07,N,2
45,32700,RENT,1.9,MEDICAL,26800,21.33,1,0.82,N,8
48,72400,RENT,1.6,MEDICAL,17300,11.18,0,0.24,N,5
36,36100,RENT,6.6,PERSONAL,27500,21.71,1,0.76,Y,6
37,49700,MORTGAGE,0.6,MEDICAL,9300,9.33,0,0.19,N,8
57,26000,RENT,,EDUCATION,24100,18.43,1,0.93,Y,8
39,115400,RENT,0.8,VENTURE,23700,17.88,0,0.21,N,13
51,115400,RENT,18.3,PERSONAL,25500,13.66,0,0.22,N,11
37,106300,RENT,1.7,MEDICAL,22300,9.3,0,0.21,N,2
31,91900,MORTGAGE,1.6,EDUCATION,21900,,0,0.24,N,6
54,245300,RENT,5.0,MEDICAL,23400,11.39,0,0.1,N,2
40,60900,MORTGAGE,0.1,VENTURE,25400,17.52,0,0.42,N,8
62,137000,OWN,5.3,EDUCATION,12400,8.94,0,0.09,N,7
38,53900,RENT,3.0,EDUCATION,8700,9.17,0,0.16,Y,16
34,75800,RENT,1.0,HOMEIMPROVEMENT,5400,10.94,1,0.07,N,12
37,85200,MORTGAGE,3.3,EDUCATION,9700,9.52,0,0.11,N,7
44,20000,MORTGAGE,26.0,EDUCATION,24000,17.09,1,1.2,Y,11
70,50900,OTHER,9.1,MEDICAL,33400,18.52,1,0.66,N,13
60,48000,MORTGAGE,18.3,EDUCATION,12400,9.64,0,0.26,N,7
54,53400,MORTGAGE,13.0,EDUCATION,13300,10.51,0,0.25,N,5
62,36500,OWN,8.6,EDUCATION,11800,15.05,0,0.32,N,3
43,59300,MORTGAGE,2.0,MEDICAL,15100,,0,0.25,N,12
40,65900,MORTGAGE,6.5,EDUCATION,13500,13.48,0,0.2,N,7
55,31200,RENT,2.5,EDUCATION,18300,16.68,1,0.59,N,3
44,55300,MORTGAGE,2.8,PERSONAL,9700,8.52,0,0.18,N,5
37,47300,MORTGAGE,10.3,MEDICAL,12000,13.11,0,0.25,N,7
25,105100,RENT,1.1,VENTURE,12000,8.62,0,0.11,N,6
36,74500,MORTGAGE,1.8,MEDICAL,10500,8.86,0,0.14,N,4
49,35500,RENT,,DEBTCONSOLIDATION,21600,,1,0.61,N,11
37,92800,MORTGAGE,6.0,PERSONAL,14800,11.03,0,0.16,N,5
52,52700,MORTGAGE,0.3,DEBTCONSOLIDATION,15300,12.03,0,0.29,N,2
34,56100,RENT,0.6,VENTURE,9100,11.9,0,0.16,N,4
37,32600,MORTGAGE,4.3,PERSONAL,12400,16.74,1,0.38,Y,9
62,60500,MORTGAGE,8.0,VENTURE,10900,11.28,0,0.18,N,9
54,91100,MORTGAGE,7.9,PERSONAL,26000,11.9,0,0.29,Y,5
45,47500,MORTGAGE,2.8,PERSONAL,4200,10.17,0,0.09,N,10
44,129200,RENT,1.5,MEDICAL,7900,8.79,0,0.06,N,8
38,89000,MORTGAGE,7.7,EDUCATION,17700,11.35,0,0.2,N,5
57,34200,RENT,14.4,DEBTCONSOLIDATION,16300,19.47,1,0.48,N,10
57,62600,MORTGAGE,2.9,EDUCATION,19100,13.93,0,0.31,N,10
43,25400,RENT,0.7,VENTURE,4500,,0,0.18,N,4
43,31800,MORTGAGE,,HOMEIMPROVEMENT,24800,18.28,1,0.78,N,7
39,20800,OWN,0.4,EDUCATION,27200,,0,1.31,N,7
47,22400,RENT,4.7,PERSONAL,21100,17.92,1,0.94,N,11
31,46000,RENT,0.9,HOMEIMPROVEMENT,7900,11.38,1,0.17,N,3
44,48800,MORTGAGE,3.6,VENTURE,21300,16.94,0,0.44,N,6
54,61400,RENT,4.9,VENTURE,10400,11.15,0,0.17,N,9
46,33100,MORTGAGE,3.0,MEDICAL,7400,8.16,0,0.22,N,8
51,85700,RENT,8.8,VENTURE,5700,12.21,0,0.07,N,3
48,48200,RENT,2.3,PERSONAL,4600,5.54,0,0.1,N,2
46,64300,MORTGAGE,0.8,DEBTCONSOLIDATION,23200,11.3,0,0.36,N,2
44,12000,MORTGAGE,3.1,HOMEIMPROVEMENT,23200,20.43,1,1.93,N,8
52,54300,MORTGAGE,16.6,VENTURE,4000,11.14,0,0.07,N,8
42,83500,MORTGAGE,10.6,PERSONAL,19100,10.14,0,0.23,N,4
36,15500,MORTGAGE,1.9,PERSONAL,9300,21.01,1,0.6,Y,5
58,55200,MORTGAGE,1.4,MEDICAL,8800,8.44,0,0.16,N,16
51,35100,OTHER,3.3,VENTURE,15300,18.09,0,0.44,N,5
30,126400,RENT,5.3,PERSONAL,13100,11.0,0,0.1,N,4
47,26700,RENT,13.1,EDUCATION,8200,14.05,1,0.31,Y,3
30,177800,RENT,4.8,DEBTCONSOLIDATION,2200,12.49,0,0.01,N,4
34,110300,RENT,9.0,MEDICAL,10500,7.91,0,0.1,N,2
48,57700,RENT,6.0,VENTURE,12100,11.44,0,0.21,N,9
58,24600,MORTGAGE,0.5,DEBTCONSOLIDATION,13500,18.07,1,0.55,Y,7
68,42100,RENT,11.1,EDUCATION,12100,15.04,1,0.29,N,4
62,79000,RENT,1.1,EDUCATION,11600,10.4,0,0.15,N,8
32,57600,RENT,2.3,MEDICAL,29300,15.55,0,0.51,N,10
64,29600,RENT,9.2,EDUCATION,26600,,1,0.9,Y,5
52,99600,RENT,19.4,HOMEIMPROVEMENT,11800,6.54,0,0.12,N,2
53,51400,RENT,1.9,VENTURE,27800,20.59,1,0.54,Y,2
39,63300,RENT,2.4,VENTURE,5900,11.11,0,0.09,N,9
49,93600,RENT,3.3,DEBTCONSOLIDATION,2900,12.75,0,0.03,N,5
48,88000,MORTGAGE,3.4,MEDICAL,10700,10.21,1,0.12,N,2
49,98100,MORTGAGE,6.9,VENTURE,8100,9.78,0,0.08,N,11
51,79600,RENT,8.5,EDUCATION,18800,12.64,0,0.24,N,11
44,37500,MORTGAGE,23.6,EDUCATION,16800,19.05,0,0.45,N,7
42,52900,OTHER,,MEDICAL,30300,16.66,0,0.57,N,4
45,113800,RENT,1.8,DEBTCONSOLIDATION,20300,12.69,0,0.18,N,5
56,25800,RENT,2.2,VENTURE,11900,14.75,0,0.46,N,2
53,29100,OTHER,4.8,VENTURE,9600,11.07,0,0.33,Y,7
56,73000,RENT,5.8,DEBTCONSOLIDATION,4900,11.03,0,0.07,N,12
48,51600,RENT,0.5,MEDICAL,9500,11.62,0,0.18,N,3
37,21600,MORTGAGE,2.1,VENTURE,8000,,0,0.37,N,7
39,79600,RENT,1.1,EDUCATION,23100,12.06,0,0.29,N,9
53,69500,RENT,3.5,DEBTCONSOLIDATION,10600,13.39,1,0.15,N,5
57,230700,RENT,0.9,EDUCATION,18300,8.69,0,0.08,N,5
55,60300,RENT,4.3,MEDICAL,17400,13.51,0,0.29,N,10
45,173900,MORTGAGE,3.1,MEDICAL,5000,11.6,0,0.03,N,8
46,93100,MORTGAGE,2.6,MEDICAL,3500,,0,0.04,N,4
31,19200,OWN,5.2,MEDICAL,12900,21.15,1,0.67,Y,11
45,55100,RENT,2.7,MEDICAL,26900,16.94,1,0.49,Y,2
33,52300,RENT,2.5,DEBTCONSOLIDATION,17100,11.35,1,0.33,N,5
36,51600,RENT,5.3,PERSONAL,23800,17.65,1,0.46,Y,4
50,33700,RENT,0.3,DEBTCONSOLIDATION,4500,,0,0.13,Y,13
42,84200,RENT,2.8,EDUCATION,11600,10.16,0,0.14,N,2
30,44800,RENT,1.1,DEBTCONSOLIDATION,5000,9.15,0,0.11,Y,12
46,103400,RENT,0.2,MEDICAL,10900,11.23,0,0.11,N,4
36,95400,RENT,,HOMEIMPROVEMENT,9800,9.4,0,0.1,N,6
36,47500,OWN,0.9,VENTURE,26700,18.12,0,0.56,N,5
33,38800,RENT,2.8,VENTURE,22300,18.78,1,0.57,Y,2
60,39900,MORTGAGE,4.2,HOMEIMPROVEMENT,21900,15.27,1,0.55,Y,6
38,55000,MORTGAGE,7.9,MEDICAL,3600,9.49,0,0.07,N,12
28,64700,RENT,4.7,PERSONAL,14100,,0,0.22,N,4
36,42300,OWN,3.7,VENTURE,6100,11.46,0,0.14,N,18
50,43100,MORTGAGE,0.2,PERSONAL,24100,15.97,0,0.56,N,3
48,63400,RENT,1.8,MEDICAL,13000,14.48,0,0.21,N,2
55,95600,OWN,5.9,MEDICAL,6100,8.85,0,0.06,N,4
49,61900,MORTGAGE,1.6,MEDICAL,31200,15.82,1,0.5,N,6
27,53400,RENT,,DEBTCONSOLIDATION,9900,9.8,0,0.19,N,9
41,61700,MORTGAGE,4.6,HOMEIMPROVEMENT,8400,,0,0.14,N,2
41,20200,MORTGAGE,1.8,PERSONAL,15400,,1,0.76,N,6
36,47700,MORTGAGE,4.2,DEBTCONSOLIDATION,13700,17.61,1,0.29,Y,14
33,27100,MORTGAGE,0.6,MEDICAL,9700,13.26,1,0.36,Y,5
50,40100,RENT,6.5,EDUCATION,19800,17.15,1,0.49,Y,3
44,32800,MORTGAGE,0.1,PERSONAL,9900,,0,0.3,N,4
35,32500,MORTGAGE,0.2,PERSONAL,10900,12.76,0,0.34,N,2
32,31500,MORTGAGE,10.2,MEDICAL,18700,20.61,0,0.59,N,8
53,194600,MORTGAGE,4.3,DEBTCONSOLIDATION,15500,10.19,0,0.08,N,5
51,52500,MORTGAGE,0.9,MEDICAL,9900,9.9,0,0.19,N,3
51,105100,OTHER,4.6,DEBTCONSOLIDATION,26700,13.29,0,0.25,N,2
50,82300,MORTGAGE,2.3,EDUCATION,19200,,0,0.23,N,6
50,79100,OWN,1.6,MEDICAL,10200,8.77,0,0.13,N,9
49,73100,RENT,8.3,VENTURE,24000,16.7,0,0.33,Y,11
39,170600,RENT,3.2,MEDICAL,10400,8.09,0,0.06,N,2
50,68500,RENT,1.7,HOMEIMPROVEMENT,30400,18.04,1,0.44,Y,7
45,20300,RENT,14.4,VENTURE,26000,20.77,1,1.28,N,7
37,49200,OWN,0.9,PERSONAL,12000,14.71,0,0.24,N,7
44,30500,RENT,0.8,VENTURE,17700,19.1,1,0.58,Y,15
57,25100,RENT,0.5,MEDICAL,14700,21.15,1,0.59,N,3
47,68700,RENT,0.7,DEBTCONSOLIDATION,22300,13.92,0,0.32,N,4
48,17300,MORTGAGE,1.5,EDUCATION,24000,22.79,1,1.39,N,2
35,57500,RENT,6.0,MEDICAL,16900,14.1,0,0.29,N,9
37,21900,RENT,5.6,DEBTCONSOLIDATION,15200,19.28,1,0.69,N,2
45,49200,RENT,7.2,EDUCATION,10800,7.01,0,0.22,N,6
42,83000,RENT,4.3,EDUCATION,25600,13.03,0,0.31,N,15
41,37800,RENT,3.4,HOMEIMPROVEMENT,16300,14.15,1,0.43,N,3
35,28300,MORTGAGE,2.8,HOMEIMPROVEMENT,5300,13.79,0,0.19,N,11
37,44900,RENT,10.4,MEDICAL,17900,16.0,1,0.4,N,7
33,76200,OTHER,2.1,PERSONAL,8600,8.93,0,0.11,N,9
39,64000,RENT,11.1,PERSONAL,7200,9.39,0,0.11,N,4
42,52100,RENT,1.6,VENTURE,31500,19.72,1,0.6,Y,8
43,34200,MORTGAGE,0.9,DEBTCONSOLIDATION,25400,,1,0.74,N,4
56,43300,RENT,,PERSONAL,19500,16.24,1,0.45,N,7
29,79200,RENT,3.5,EDUCATION,15900,11.22,0,0.2,Y,8
64,50300,RENT,13.0,DEBTCONSOLIDATION,11700,13.07,0,0.23,N,2
50,61900,MORTGAGE,1.0,MEDICAL,10400,12.44,1,0.17,N,9
44,44400,RENT,4.3,PERSONAL,10800,11.63,0,0.24,N,16
36,29100,MORTGAGE,1.2,PERSONAL,13000,17.19,0,0.45,N,5
40,163000,MORTGAGE,5.7,DEBTCONSOLIDATION,10900,10.07,0,0.07,Y,14
50,83400,MORTGAGE,3.1,HOMEIMPROVEMENT,8800,8.78,0,0.11,N,6
38,63100,OWN,6.6,HOMEIMPROVEMENT,26200,16.68,0,0.42,N,6
51,49500,MORTGAGE,9.7,PERSONAL,20400,13.85,0,0.41,N,7
44,118400,MORTGAGE,2.0,PERSONAL,17200,10.13,0,0.15,N,12
43,35000,MORTGAGE,13.9,EDUCATION,12800,16.31,1,0.37,Y,7
50,78300,RENT,3.2,EDUCATION,21800,13.39,1,0.28,N,5
35,55300,MORTGAGE,13.8,MEDICAL,7600,12.78,1,0.14,N,5
41,46900,RENT,1.3,DEBTCONSOLIDATION,7200,10.68,0,0.15,N,2
42,46500,RENT,11.4,VENTURE,28600,20.73,1,0.62,N,6
49,111100,RENT,2.0,EDUCATION,27900,15.47,0,0.25,N,9
55,19400,MORTGAGE,6.9,EDUCATION,17900,19.69,1,0.92,Y,9
34,135400,MORTGAGE,16.0,VENTURE,13300,11.41,0,0.1,Y,7
44,95100,RENT,12.2,DEBTCONSOLIDATION,25100,16.21,0,0.26,N,3
